compare_metric,compare_metric_param,compare_atol,compare_tie_policy,mismatch_kind,metric_decision,metric_tie,metric_min_mismatch,decision_mismatch,metric_exp1_error_dec,metric_exp2_error_dec,metric_min_error_dec,pseudo_selected_metric_error_dec,metric_error_delta_dec,value_index,value_mode,bit_width,sgn,exp1_format,exp2_format,m1,m2,e2_win_divisor,chunk_idx,value_idx,expected_decision,expected_e1_wins,expected_e2_wins,expected_e2_wins_shifted,expected_e2_wins_shift2,err_exp1_dec,err_exp2_dec,chunk_diff_exp2_minus_exp1_dec,expected_error_fp32_hex,expected_error_fp32_dec,chunk_scale_fp32_hex,chunk_scale_fp32_dec,raw_fp32_hex,raw_fp32_dec,scaled_fp32_hex,scaled_fp32_dec,q_exp1_bits,q_exp1_exp_field,q_exp1_mant_field,q_exp1_mant_bits,q_exp2_bits,q_exp2_exp_field,q_exp2_mant_field,q_exp2_mant_bits,err_exp1_pre_square_fp32_hex,err_exp1_pre_square_fp32_dec,err_exp2_pre_square_fp32_hex,err_exp2_pre_square_fp32_dec,pseudo_diff_exp2_minus_exp1_fp32_hex,pseudo_diff_exp2_minus_exp1_fp32_dec
l2,0.0625,0,min-error,metric_min,exp1,0,1,1,0.00733028119,0.0083365161,0.00733028119,0.0083365161,0.0010062349,0,raw-and-scaled,8,1,fp8_e1m6,fp8_e2m5,6,5,4,26,0,exp2,9,37,9,9,0.00733028119,0.0083365161,-28,0x3c0895e2,0.0083365161,0x3f800000,1,0xbe83fc00,-0.257781982,0xbe83fc00,-0.257781982,10010000,0,16,010000,10100000,1,0,00000,0xbbff0000,-0.00778198242,0xbbff0000,-0.00778198242,0x80000000,-0
l2,0.0625,0,min-error,metric_min,exp1,0,1,1,0.00733028119,0.0083365161,0.00733028119,0.0083365161,0.0010062349,1,raw-and-scaled,8,1,fp8_e1m6,fp8_e2m5,6,5,4,26,1,exp2,9,37,9,9,0.00733028119,0.0083365161,-28,0x3c0895e2,0.0083365161,0x3f800000,1,0x3a85fe00,0.00102227926,0x3a85fe00,0.00102227926,00000000,0,0,000000,00000000,0,0,00000,0x3a85fe00,0.00102227926,0x3a85fe00,0.00102227926,0x00000000,0
l2,0.0625,0,min-error,metric_min,exp1,0,1,1,0.00733028119,0.0083365161,0.00733028119,0.0083365161,0.0010062349,2,raw-and-scaled,8,1,fp8_e1m6,fp8_e2m5,6,5,4,26,2,exp2,9,37,9,9,0.00733028119,0.0083365161,-28,0x3c0895e2,0.0083365161,0x3f800000,1,0x3d814040,0.0631108284,0x3d814040,0.0631108284,00000100,0,4,000100,00001000,0,8,01000,0x3a202000,0.0006108284,0x3a202000,0.0006108284,0x80000000,-0
l2,0.0625,0,min-error,metric_min,exp1,0,1,1,0.00733028119,0.0083365161,0.00733028119,0.0083365161,0.0010062349,3,raw-and-scaled,8,1,fp8_e1m6,fp8_e2m5,6,5,4,26,3,exp2,9,37,9,9,0.00733028119,0.0083365161,-28,0x3c0895e2,0.0083365161,0x3f800000,1,0xbb81c040,-0.00395968556,0xbb81c040,-0.00395968556,10000000,0,0,000000,10000000,0,0,00000,0xbb81c040,-0.00395968556,0xbb81c040,-0.00395968556,0x00000000,0
l2,0.0625,0,min-error,metric_min,exp1,0,1,1,0.00733028119,0.0083365161,0.00733028119,0.0083365161,0.0010062349,4,raw-and-scaled,8,1,fp8_e1m6,fp8_e2m5,6,5,4,26,4,exp2,9,37,9,9,0.00733028119,0.0083365161,-28,0x3c0895e2,0.0083365161,0x3f800000,1,0x3e88ff00,0.267570496,0x3e88ff00,0.267570496,00010001,0,17,010001,00100010,1,2,00010,0x3aff0000,0.00194549561,0x3aff0000,0.00194549561,0x80000000,-0
l2,0.0625,0,min-error,metric_min,exp1,0,1,1,0.00733028119,0.0083365161,0.00733028119,0.0083365161,0.0010062349,5,raw-and-scaled,8,1,fp8_e1m6,fp8_e2m5,6,5,4,26,5,exp2,9,37,9,9,0.00733028119,0.0083365161,-28,0x3c0895e2,0.0083365161,0x3f800000,1,0xba960200,-0.00114446878,0xba960200,-0.00114446878,10000000,0,0,000000,10000000,0,0,00000,0xba960200,-0.00114446878,0xba960200,-0.00114446878,0x00000000,0
l2,0.0625,0,min-error,metric_min,exp1,0,1,1,0.00733028119,0.0083365161,0.00733028119,0.0083365161,0.0010062349,6,raw-and-scaled,8,1,fp8_e1m6,fp8_e2m5,6,5,4,26,6,exp2,9,37,9,9,0.00733028119,0.0083365161,-28,0x3c0895e2,0.0083365161,0x3f800000,1,0x3f868080,1.05079651,0x3f868080,1.05079651,01000011,1,3,000011,01100001,3,1,00001,0x3b808000,0.00392150879,0x3ca02000,0.0195465088,0x3f800000,1
l2,0.0625,0,min-error,metric_min,exp1,0,1,1,0.00733028119,0.0083365161,0.00733028119,0.0083365161,0.0010062349,7,raw-and-scaled,8,1,fp8_e1m6,fp8_e2m5,6,5,4,26,7,exp2,9,37,9,9,0.00733028119,0.0083365161,-28,0x3c0895e2,0.0083365161,0x3f800000,1,0xbb03c040,-0.00201036036,0xbb03c040,-0.00201036036,10000000,0,0,000000,10000000,0,0,00000,0xbb03c040,-0.00201036036,0xbb03c040,-0.00201036036,0x00000000,0
l2,0.0625,0,min-error,metric_min,exp1,0,1,1,0.00733028119,0.0083365161,0.00733028119,0.0083365161,0.0010062349,8,raw-and-scaled,8,1,fp8_e1m6,fp8_e2m5,6,5,4,26,8,exp2,9,37,9,9,0.00733028119,0.0083365161,-28,0x3c0895e2,0.0083365161,0x3f800000,1,0xba843fc0,-0.00100897998,0xba843fc0,-0.00100897998,10000000,0,0,000000,10000000,0,0,00000,0xba843fc0,-0.00100897998,0xba843fc0,-0.00100897998,0x00000000,0
l2,0.0625,0,min-error,metric_min,exp1,0,1,1,0.00733028119,0.0083365161,0.00733028119,0.0083365161,0.0010062349,9,raw-and-scaled,8,1,fp8_e1m6,fp8_e2m5,6,5,4,26,9,exp2,9,37,9,9,0.00733028119,0.0083365161,-28,0x3c0895e2,0.0083365161,0x3f800000,1,0xbd04bfc0,-0.0324094296,0xbd04bfc0,-0.0324094296,10000010,0,2,000010,10000100,0,4,00100,0xba97f800,-0.00115942955,0xba97f800,-0.00115942955,0x80000000,-0
l2,0.0625,0,min-error,metric_min,exp1,0,1,1,0.00733028119,0.0083365161,0.00733028119,0.0083365161,0.0010062349,10,raw-and-scaled,8,1,fp8_e1m6,fp8_e2m5,6,5,4,26,10,exp2,9,37,9,9,0.00733028119,0.0083365161,-28,0x3c0895e2,0.0083365161,0x3f800000,1,0x3b854040,0.00406649709,0x3b854040,0.00406649709,00000000,0,0,000000,00000000,0,0,00000,0x3b854040,0.00406649709,0x3b854040,0.00406649709,0x00000000,0
l2,0.0625,0,min-error,metric_min,exp1,0,1,1,0.00733028119,0.0083365161,0.00733028119,0.0083365161,0.0010062349,11,raw-and-scaled,8,1,fp8_e1m6,fp8_e2m5,6,5,4,26,11,exp2,9,37,9,9,0.00733028119,0.0083365161,-28,0x3c0895e2,0.0083365161,0x3f800000,1,0xbb380800,-0.00280809402,0xbb380800,-0.00280809402,10000000,0,0,000000,10000000,0,0,00000,0xbb380800,-0.00280809402,0xbb380800,-0.00280809402,0x00000000,0
l2,0.0625,0,min-error,metric_min,exp1,0,1,1,0.00733028119,0.0083365161,0.00733028119,0.0083365161,0.0010062349,12,raw-and-scaled,8,1,fp8_e1m6,fp8_e2m5,6,5,4,26,12,exp2,9,37,9,9,0.00733028119,0.0083365161,-28,0x3c0895e2,0.0083365161,0x3f800000,1,0x3d863fc0,0.065551281,0x3d863fc0,0.065551281,00000100,0,4,000100,00001000,0,8,01000,0x3b47f800,0.00305128098,0x3b47f800,0.00305128098,0x80000000,-0
l2,0.0625,0,min-error,metric_min,exp1,0,1,1,0.00733028119,0.0083365161,0.00733028119,0.0083365161,0.0010062349,13,raw-and-scaled,8,1,fp8_e1m6,fp8_e2m5,6,5,4,26,13,exp2,9,37,9,9,0.00733028119,0.0083365161,-28,0x3c0895e2,0.0083365161,0x3f800000,1,0x3c06c040,0.00822454691,0x3c06c040,0.00822454691,00000000,0,0,000000,00000001,0,1,00001,0x3c06c040,0.00822454691,0x39d80800,0.000412046909,0xbf800000,-1
l2,0.0625,0,min-error,metric_min,exp1,0,1,1,0.00733028119,0.0083365161,0.00733028119,0.0083365161,0.0010062349,14,raw-and-scaled,8,1,fp8_e1m6,fp8_e2m5,6,5,4,26,14,exp2,9,37,9,9,0.00733028119,0.0083365161,-28,0x3c0895e2,0.0083365161,0x3f800000,1,0xbf074040,-0.528324127,0xbf074040,-0.528324127,10100001,0,33,100001,11000001,2,1,00001,0xbc501000,-0.0126991272,0xbc501000,-0.0126991272,0x00000000,0
l2,0.0625,0,min-error,metric_min,exp1,0,1,1,0.00733028119,0.0083365161,0.00733028119,0.0083365161,0.0010062349,15,raw-and-scaled,8,1,fp8_e1m6,fp8_e2m5,6,5,4,26,15,exp2,9,37,9,9,0.00733028119,0.0083365161,-28,0x3c0895e2,0.0083365161,0x3f800000,1,0x3b8f7f80,0.00437921286,0x3b8f7f80,0.00437921286,00000000,0,0,000000,00000000,0,0,00000,0x3b8f7f80,0.00437921286,0x3b8f7f80,0.00437921286,0x00000000,0
l2,0.0625,0,min-error,metric_min,exp1,0,1,1,0.00733028119,0.0083365161,0.00733028119,0.0083365161,0.0010062349,16,raw-and-scaled,8,1,fp8_e1m6,fp8_e2m5,6,5,4,26,16,exp2,9,37,9,9,0.00733028119,0.0083365161,-28,0x3c0895e2,0.0083365161,0x3f800000,1,0xbd907f80,-0.070555687,0xbd907f80,-0.070555687,10000100,0,4,000100,10001001,0,9,01001,0xbc03fc00,-0.00805568695,0xb97f0000,-0.000243186951,0xbf800000,-1
l2,0.0625,0,min-error,metric_min,exp1,0,1,1,0.00733028119,0.0083365161,0.00733028119,0.0083365161,0.0010062349,17,raw-and-scaled,8,1,fp8_e1m6,fp8_e2m5,6,5,4,26,17,exp2,9,37,9,9,0.00733028119,0.0083365161,-28,0x3c0895e2,0.0083365161,0x3f800000,1,0x3f8bfc00,1.09362793,0x3f8bfc00,1.09362793,01000101,1,5,000101,01100010,3,2,00010,0x3c7e0000,0.0155029297,0x3cff0000,0.0311279297,0x3f800000,1
l2,0.0625,0,min-error,metric_min,exp1,0,1,1,0.00733028119,0.0083365161,0.00733028119,0.0083365161,0.0010062349,18,raw-and-scaled,8,1,fp8_e1m6,fp8_e2m5,6,5,4,26,18,exp2,9,37,9,9,0.00733028119,0.0083365161,-28,0x3c0895e2,0.0083365161,0x3f800000,1,0x3b13fc00,0.00225806236,0x3b13fc00,0.00225806236,00000000,0,0,000000,00000000,0,0,00000,0x3b13fc00,0.00225806236,0x3b13fc00,0.00225806236,0x00000000,0
l2,0.0625,0,min-error,metric_min,exp1,0,1,1,0.00733028119,0.0083365161,0.00733028119,0.0083365161,0.0010062349,19,raw-and-scaled,8,1,fp8_e1m6,fp8_e2m5,6,5,4,26,19,exp2,9,37,9,9,0.00733028119,0.0083365161,-28,0x3c0895e2,0.0083365161,0x3f800000,1,0xbb9bfc00,-0.00476026535,0xbb9bfc00,-0.00476026535,10000000,0,0,000000,10000000,0,0,00000,0xbb9bfc00,-0.00476026535,0xbb9bfc00,-0.00476026535,0x00000000,0
l2,0.0625,0,min-error,metric_min,exp1,0,1,1,0.00733028119,0.0083365161,0.00733028119,0.0083365161,0.0010062349,20,raw-and-scaled,8,1,fp8_e1m6,fp8_e2m5,6,5,4,26,20,exp2,9,37,9,9,0.00733028119,0.0083365161,-28,0x3c0895e2,0.0083365161,0x3f800000,1,0xba8a3fc0,-0.00105475634,0xba8a3fc0,-0.00105475634,10000000,0,0,000000,10000000,0,0,00000,0xba8a3fc0,-0.00105475634,0xba8a3fc0,-0.00105475634,0x00000000,0
l2,0.0625,0,min-error,metric_min,exp1,0,1,1,0.00733028119,0.0083365161,0.00733028119,0.0083365161,0.0010062349,21,raw-and-scaled,8,1,fp8_e1m6,fp8_e2m5,6,5,4,26,21,exp2,9,37,9,9,0.00733028119,0.0083365161,-28,0x3c0895e2,0.0083365161,0x3f800000,1,0xbaaaff00,-0.00130459666,0xbaaaff00,-0.00130459666,10000000,0,0,000000,10000000,0,0,00000,0xbaaaff00,-0.00130459666,0xbaaaff00,-0.00130459666,0x00000000,0
l2,0.0625,0,min-error,metric_min,exp1,0,1,1,0.00733028119,0.0083365161,0.00733028119,0.0083365161,0.0010062349,22,raw-and-scaled,8,1,fp8_e1m6,fp8_e2m5,6,5,4,26,22,exp2,9,37,9,9,0.00733028119,0.0083365161,-28,0x3c0895e2,0.0083365161,0x3f800000,1,0xbb680800,-0.0035405159,0xbb680800,-0.0035405159,10000000,0,0,000000,10000000,0,0,00000,0xbb680800,-0.0035405159,0xbb680800,-0.0035405159,0x00000000,0
l2,0.0625,0,min-error,metric_min,exp1,0,1,1,0.00733028119,0.0083365161,0.00733028119,0.0083365161,0.0010062349,23,raw-and-scaled,8,1,fp8_e1m6,fp8_e2m5,6,5,4,26,23,exp2,9,37,9,9,0.00733028119,0.0083365161,-28,0x3c0895e2,0.0083365161,0x3f800000,1,0xbbf80800,-0.00756931305,0xbbf80800,-0.00756931305,10000000,0,0,000000,10000000,0,0,00000,0xbbf80800,-0.00756931305,0xbbf80800,-0.00756931305,0x00000000,0
l2,0.0625,0,min-error,metric_min,exp1,0,1,1,0.00733028119,0.0083365161,0.00733028119,0.0083365161,0.0010062349,24,raw-and-scaled,8,1,fp8_e1m6,fp8_e2m5,6,5,4,26,24,exp2,9,37,9,9,0.00733028119,0.0083365161,-28,0x3c0895e2,0.0083365161,0x3f800000,1,0x3f188080,0.595710754,0x3f188080,0.595710754,00100110,0,38,100110,01000110,2,6,00110,0x3b008000,0.00196075439,0x3b008000,0.00196075439,0x00000000,0
l2,0.0625,0,min-error,metric_min,exp1,0,1,1,0.00733028119,0.0083365161,0.00733028119,0.0083365161,0.0010062349,25,raw-and-scaled,8,1,fp8_e1m6,fp8_e2m5,6,5,4,26,25,exp2,9,37,9,9,0.00733028119,0.0083365161,-28,0x3c0895e2,0.0083365161,0x3f800000,1,0xbecc0400,-0.398468018,0xbecc0400,-0.398468018,10011001,0,25,011001,10110011,1,19,10011,0xbc008000,-0.00784301758,0xb8000000,-3.05175781e-05,0xbf800000,-1
l2,0.0625,0,min-error,metric_min,exp1,0,1,1,0.00733028119,0.0083365161,0.00733028119,0.0083365161,0.0010062349,26,raw-and-scaled,8,1,fp8_e1m6,fp8_e2m5,6,5,4,26,26,exp2,9,37,9,9,0.00733028119,0.0083365161,-28,0x3c0895e2,0.0083365161,0x3f800000,1,0x3da80800,0.0820465088,0x3da80800,0.0820465088,00000101,0,5,000101,00001010,0,10,01010,0x3b808000,0.00392150879,0x3b808000,0.00392150879,0x80000000,-0
l2,0.0625,0,min-error,metric_min,exp1,0,1,1,0.00733028119,0.0083365161,0.00733028119,0.0083365161,0.0010062349,27,raw-and-scaled,8,1,fp8_e1m6,fp8_e2m5,6,5,4,26,27,exp2,9,37,9,9,0.00733028119,0.0083365161,-28,0x3c0895e2,0.0083365161,0x3f800000,1,0xbdedfe00,-0.116207123,0xbdedfe00,-0.116207123,10000111,0,7,000111,10001110,0,14,01110,0xbbdfe000,-0.0068321228,0xbbdfe000,-0.0068321228,0x80000000,-0
l2,0.0625,0,min-error,metric_min,exp1,0,1,1,0.00733028119,0.0083365161,0.00733028119,0.0083365161,0.0010062349,28,raw-and-scaled,8,1,fp8_e1m6,fp8_e2m5,6,5,4,26,28,exp2,9,37,9,9,0.00733028119,0.0083365161,-28,0x3c0895e2,0.0083365161,0x3f800000,1,0x3c9c7f80,0.0191037655,0x3c9c7f80,0.0191037655,00000001,0,1,000001,00000010,0,2,00010,0x3b63fc00,0.00347876549,0x3b63fc00,0.00347876549,0x80000000,-0
l2,0.0625,0,min-error,metric_min,exp1,0,1,1,0.00733028119,0.0083365161,0.00733028119,0.0083365161,0.0010062349,29,raw-and-scaled,8,1,fp8_e1m6,fp8_e2m5,6,5,4,26,29,exp2,9,37,9,9,0.00733028119,0.0083365161,-28,0x3c0895e2,0.0083365161,0x3f800000,1,0xbf3aff00,-0.730453491,0xbf3aff00,-0.730453491,10101110,0,46,101110,11001110,2,14,01110,0xbc3fc000,-0.0117034912,0xbc3fc000,-0.0117034912,0x00000000,0
l2,0.0625,0,min-error,metric_min,exp1,0,1,1,0.00733028119,0.0083365161,0.00733028119,0.0083365161,0.0010062349,30,raw-and-scaled,8,1,fp8_e1m6,fp8_e2m5,6,5,4,26,30,exp2,9,37,9,9,0.00733028119,0.0083365161,-28,0x3c0895e2,0.0083365161,0x3f800000,1,0xbe740400,-0.238296509,0xbe740400,-0.238296509,10001111,0,15,001111,10011110,0,30,11110,0xbb808000,-0.00392150879,0xbb808000,-0.00392150879,0x80000000,-0
l2,0.0625,0,min-error,metric_min,exp1,0,1,1,0.00733028119,0.0083365161,0.00733028119,0.0083365161,0.0010062349,31,raw-and-scaled,8,1,fp8_e1m6,fp8_e2m5,6,5,4,26,31,exp2,9,37,9,9,0.00733028119,0.0083365161,-28,0x3c0895e2,0.0083365161,0x3f800000,1,0x3c1f8080,0.00973522663,0x3c1f8080,0.00973522663,00000000,0,0,000000,00000001,0,1,00001,0x3c1f8080,0.00973522663,0x3afc0400,0.00192272663,0xbf800000,-1
l2,0.0625,0,min-error,metric_min,exp1,0,1,1,0.00733028119,0.0083365161,0.00733028119,0.0083365161,0.0010062349,32,raw-and-scaled,8,1,fp8_e1m6,fp8_e2m5,6,5,4,26,32,exp2,9,37,9,9,0.00733028119,0.0083365161,-28,0x3c0895e2,0.0083365161,0x3f800000,1,0x3e840400,0.257843018,0x3e840400,0.257843018,00010000,0,16,010000,00100001,1,1,00001,0x3c008000,0.00784301758,0x38000000,3.05175781e-05,0xbf800000,-1
l2,0.0625,0,min-error,metric_min,exp1,0,1,1,0.00733028119,0.0083365161,0.00733028119,0.0083365161,0.0010062349,33,raw-and-scaled,8,1,fp8_e1m6,fp8_e2m5,6,5,4,26,33,exp2,9,37,9,9,0.00733028119,0.0083365161,-28,0x3c0895e2,0.0083365161,0x3f800000,1,0xba97f800,-0.00115942955,0xba97f800,-0.00115942955,10000000,0,0,000000,10000000,0,0,00000,0xba97f800,-0.00115942955,0xba97f800,-0.00115942955,0x00000000,0
l2,0.0625,0,min-error,metric_min,exp1,0,1,1,0.00733028119,0.0083365161,0.00733028119,0.0083365161,0.0010062349,34,raw-and-scaled,8,1,fp8_e1m6,fp8_e2m5,6,5,4,26,34,exp2,9,37,9,9,0.00733028119,0.0083365161,-28,0x3c0895e2,0.0083365161,0x3f800000,1,0x3fa27f80,1.26951599,0x3fa27f80,1.26951599,01010001,1,17,010001,01101000,3,8,01000,0x3b7f0000,0.00389099121,0x3c9fe000,0.0195159912,0x3f800000,1
l2,0.0625,0,min-error,metric_min,exp1,0,1,1,0.00733028119,0.0083365161,0.00733028119,0.0083365161,0.0010062349,35,raw-and-scaled,8,1,fp8_e1m6,fp8_e2m5,6,5,4,26,35,exp2,9,37,9,9,0.00733028119,0.0083365161,-28,0x3c0895e2,0.0083365161,0x3f800000,1,0x3c37f800,0.0112285614,0x3c37f800,0.0112285614,00000000,0,0,000000,00000001,0,1,00001,0x3c37f800,0.0112285614,0x3b5fe000,0.0034160614,0xbf800000,-1
l2,0.0625,0,min-error,metric_min,exp1,0,1,1,0.00733028119,0.0083365161,0.00733028119,0.0083365161,0.0010062349,36,raw-and-scaled,8,1,fp8_e1m6,fp8_e2m5,6,5,4,26,36,exp2,9,37,9,9,0.00733028119,0.0083365161,-28,0x3c0895e2,0.0083365161,0x3f800000,1,0x3c11fe00,0.00891065598,0x3c11fe00,0.00891065598,00000000,0,0,000000,00000001,0,1,00001,0x3c11fe00,0.00891065598,0x3a8ff000,0.00109815598,0xbf800000,-1
l2,0.0625,0,min-error,metric_min,exp1,0,1,1,0.00733028119,0.0083365161,0.00733028119,0.0083365161,0.0010062349,37,raw-and-scaled,8,1,fp8_e1m6,fp8_e2m5,6,5,4,26,37,exp2,9,37,9,9,0.00733028119,0.0083365161,-28,0x3c0895e2,0.0083365161,0x3f800000,1,0xbecaff00,-0.396476746,0xbecaff00,-0.396476746,10011001,0,25,011001,10110010,1,18,10010,0xbbbfc000,-0.00585174561,0xbbbfc000,-0.00585174561,0x80000000,-0
l2,0.0625,0,min-error,metric_min,exp1,0,1,1,0.00733028119,0.0083365161,0.00733028119,0.0083365161,0.0010062349,38,raw-and-scaled,8,1,fp8_e1m6,fp8_e2m5,6,5,4,26,38,exp2,9,37,9,9,0.00733028119,0.0083365161,-28,0x3c0895e2,0.0083365161,0x3f800000,1,0xbc134040,-0.00898748636,0xbc134040,-0.00898748636,10000000,0,0,000000,10000001,0,1,00001,0xbc134040,-0.00898748636,0xba9a0200,-0.00117498636,0xbf800000,-1
l2,0.0625,0,min-error,metric_min,exp1,0,1,1,0.00733028119,0.0083365161,0.00733028119,0.0083365161,0.0010062349,39,raw-and-scaled,8,1,fp8_e1m6,fp8_e2m5,6,5,4,26,39,exp2,9,37,9,9,0.00733028119,0.0083365161,-28,0x3c0895e2,0.0083365161,0x3f800000,1,0xbb3bfc00,-0.00286841393,0xbb3bfc00,-0.00286841393,10000000,0,0,000000,10000000,0,0,00000,0xbb3bfc00,-0.00286841393,0xbb3bfc00,-0.00286841393,0x00000000,0
l2,0.0625,0,min-error,metric_min,exp1,0,1,1,0.00733028119,0.0083365161,0.00733028119,0.0083365161,0.0010062349,40,raw-and-scaled,8,1,fp8_e1m6,fp8_e2m5,6,5,4,26,40,exp2,9,37,9,9,0.00733028119,0.0083365161,-28,0x3c0895e2,0.0083365161,0x3f800000,1,0xbf143fc0,-0.579097748,0xbf143fc0,-0.579097748,10100101,0,37,100101,11000101,2,5,00101,0xba7f0000,-0.000972747803,0xba7f0000,-0.000972747803,0x00000000,0
l2,0.0625,0,min-error,metric_min,exp1,0,1,1,0.00733028119,0.0083365161,0.00733028119,0.0083365161,0.0010062349,41,raw-and-scaled,8,1,fp8_e1m6,fp8_e2m5,6,5,4,26,41,exp2,9,37,9,9,0.00733028119,0.0083365161,-28,0x3c0895e2,0.0083365161,0x3f800000,1,0x3b17f800,0.0023188591,0x3b17f800,0.0023188591,00000000,0,0,000000,00000000,0,0,00000,0x3b17f800,0.0023188591,0x3b17f800,0.0023188591,0x00000000,0
l2,0.0625,0,min-error,metric_min,exp1,0,1,1,0.00733028119,0.0083365161,0.00733028119,0.0083365161,0.0010062349,42,raw-and-scaled,8,1,fp8_e1m6,fp8_e2m5,6,5,4,26,42,exp2,9,37,9,9,0.00733028119,0.0083365161,-28,0x3c0895e2,0.0083365161,0x3f800000,1,0x3b154040,0.00227738917,0x3b154040,0.00227738917,00000000,0,0,000000,00000000,0,0,00000,0x3b154040,0.00227738917,0x3b154040,0.00227738917,0x00000000,0
l2,0.0625,0,min-error,metric_min,exp1,0,1,1,0.00733028119,0.0083365161,0.00733028119,0.0083365161,0.0010062349,43,raw-and-scaled,8,1,fp8_e1m6,fp8_e2m5,6,5,4,26,43,exp2,9,37,9,9,0.00733028119,0.0083365161,-28,0x3c0895e2,0.0083365161,0x3f800000,1,0x3bb7f800,0.0056142807,0x3bb7f800,0.0056142807,00000000,0,0,000000,00000000,0,0,00000,0x3bb7f800,0.0056142807,0x3bb7f800,0.0056142807,0x00000000,0
l2,0.0625,0,min-error,metric_min,exp1,0,1,1,0.00733028119,0.0083365161,0.00733028119,0.0083365161,0.0010062349,44,raw-and-scaled,8,1,fp8_e1m6,fp8_e2m5,6,5,4,26,44,exp2,9,37,9,9,0.00733028119,0.0083365161,-28,0x3c0895e2,0.0083365161,0x3f800000,1,0xbee40400,-0.445343018,0xbee40400,-0.445343018,10011100,0,28,011100,10111001,1,25,11001,0xbc008000,-0.00784301758,0xb8000000,-3.05175781e-05,0xbf800000,-1
l2,0.0625,0,min-error,metric_min,exp1,0,1,1,0.00733028119,0.0083365161,0.00733028119,0.0083365161,0.0010062349,45,raw-and-scaled,8,1,fp8_e1m6,fp8_e2m5,6,5,4,26,45,exp2,9,37,9,9,0.00733028119,0.0083365161,-28,0x3c0895e2,0.0083365161,0x3f800000,1,0x3edaff00,0.427726746,0x3edaff00,0.427726746,00011011,0,27,011011,00110110,1,22,10110,0x3bbfc000,0.00585174561,0x3bbfc000,0.00585174561,0x80000000,-0
l2,0.0625,0,min-error,metric_min,exp1,0,1,1,0.00733028119,0.0083365161,0.00733028119,0.0083365161,0.0010062349,46,raw-and-scaled,8,1,fp8_e1m6,fp8_e2m5,6,5,4,26,46,exp2,9,37,9,9,0.00733028119,0.0083365161,-28,0x3c0895e2,0.0083365161,0x3f800000,1,0x3d173fc0,0.0369260311,0x3d173fc0,0.0369260311,00000010,0,2,000010,00000100,0,4,00100,0x3bb9fe00,0.00567603111,0x3bb9fe00,0.00567603111,0x80000000,-0
l2,0.0625,0,min-error,metric_min,exp1,0,1,1,0.00733028119,0.0083365161,0.00733028119,0.0083365161,0.0010062349,47,raw-and-scaled,8,1,fp8_e1m6,fp8_e2m5,6,5,4,26,47,exp2,9,37,9,9,0.00733028119,0.0083365161,-28,0x3c0895e2,0.0083365161,0x3f800000,1,0x3faf8080,1.37110901,0x3faf8080,1.37110901,01010111,1,23,010111,01101011,3,11,01011,0x3c404000,0.0117340088,0x3ce02000,0.0273590088,0x3f800000,1
l2,0.0625,0,min-error,metric_min,exp1,0,1,1,0.00733028119,0.0083365161,0.00733028119,0.0083365161,0.0010062349,48,raw-and-scaled,8,1,fp8_e1m6,fp8_e2m5,6,5,4,26,48,exp2,9,37,9,9,0.00733028119,0.0083365161,-28,0x3c0895e2,0.0083365161,0x3f800000,1,0xbb87f800,-0.00414943695,0xbb87f800,-0.00414943695,10000000,0,0,000000,10000000,0,0,00000,0xbb87f800,-0.00414943695,0xbb87f800,-0.00414943695,0x00000000,0
l2,0.0625,0,min-error,metric_min,exp1,0,1,1,0.00733028119,0.0083365161,0.00733028119,0.0083365161,0.0010062349,49,raw-and-scaled,8,1,fp8_e1m6,fp8_e2m5,6,5,4,26,49,exp2,9,37,9,9,0.00733028119,0.0083365161,-28,0x3c0895e2,0.0083365161,0x3f800000,1,0x3db17f80,0.0866689682,0x3db17f80,0.0866689682,00000101,0,5,000101,00001011,0,11,01011,0x3c0bfc00,0.0085439682,0x3a3fc000,0.000731468201,0xbf800000,-1
l2,0.0625,0,min-error,metric_min,exp1,0,1,1,0.00733028119,0.0083365161,0.00733028119,0.0083365161,0.0010062349,50,raw-and-scaled,8,1,fp8_e1m6,fp8_e2m5,6,5,4,26,50,exp2,9,37,9,9,0.00733028119,0.0083365161,-28,0x3c0895e2,0.0083365161,0x3f800000,1,0x3cca0200,0.0246591568,0x3cca0200,0.0246591568,00000001,0,1,000001,00000011,0,3,00011,0x3c140400,0.0090341568,0x3aa02000,0.0012216568,0xbf800000,-1
l2,0.0625,0,min-error,metric_min,exp1,0,1,1,0.00733028119,0.0083365161,0.00733028119,0.0083365161,0.0010062349,51,raw-and-scaled,8,1,fp8_e1m6,fp8_e2m5,6,5,4,26,51,exp2,9,37,9,9,0.00733028119,0.0083365161,-28,0x3c0895e2,0.0083365161,0x3f800000,1,0x3f66ff00,0.902328491,0x3f66ff00,0.902328491,00111001,0,57,111001,01011001,2,25,11001,0x3c3fc000,0.0117034912,0x3c3fc000,0.0117034912,0x00000000,0
l2,0.0625,0,min-error,metric_min,exp1,0,1,1,0.00733028119,0.0083365161,0.00733028119,0.0083365161,0.0010062349,52,raw-and-scaled,8,1,fp8_e1m6,fp8_e2m5,6,5,4,26,52,exp2,9,37,9,9,0.00733028119,0.0083365161,-28,0x3c0895e2,0.0083365161,0x3f800000,1,0xbc51fe00,-0.012816906,0xbc51fe00,-0.012816906,10000000,0,0,000000,10000001,0,1,00001,0xbc51fe00,-0.012816906,0xbba3fc00,-0.00500440598,0xbf800000,-1
l2,0.0625,0,min-error,metric_min,exp1,0,1,1,0.00733028119,0.0083365161,0.00733028119,0.0083365161,0.0010062349,53,raw-and-scaled,8,1,fp8_e1m6,fp8_e2m5,6,5,4,26,53,exp2,9,37,9,9,0.00733028119,0.0083365161,-28,0x3c0895e2,0.0083365161,0x3f800000,1,0x3db57f80,0.0886220932,0x3db57f80,0.0886220932,00000101,0,5,000101,00001011,0,11,01011,0x3c2bfc00,0.0104970932,0x3b2ff000,0.0026845932,0xbf800000,-1
l2,0.0625,0,min-error,metric_min,exp1,0,1,1,0.00733028119,0.0083365161,0.00733028119,0.0083365161,0.0010062349,54,raw-and-scaled,8,1,fp8_e1m6,fp8_e2m5,6,5,4,26,54,exp2,9,37,9,9,0.00733028119,0.0083365161,-28,0x3c0895e2,0.0083365161,0x3f800000,1,0x3f340400,0.703186035,0x3f340400,0.703186035,00101101,0,45,101101,01001101,2,13,01101,0x38800000,6.10351562e-05,0x38800000,6.10351562e-05,0x00000000,0
l2,0.0625,0,min-error,metric_min,exp1,0,1,1,0.00733028119,0.0083365161,0.00733028119,0.0083365161,0.0010062349,55,raw-and-scaled,8,1,fp8_e1m6,fp8_e2m5,6,5,4,26,55,exp2,9,37,9,9,0.00733028119,0.0083365161,-28,0x3c0895e2,0.0083365161,0x3f800000,1,0xbdeeff00,-0.116697311,0xbdeeff00,-0.116697311,10000111,0,7,000111,10001110,0,14,01110,0xbbeff000,-0.0073223114,0xbbeff000,-0.0073223114,0x80000000,-0
l2,0.0625,0,min-error,metric_min,exp1,0,1,1,0.00733028119,0.0083365161,0.00733028119,0.0083365161,0.0010062349,56,raw-and-scaled,8,1,fp8_e1m6,fp8_e2m5,6,5,4,26,56,exp2,9,37,9,9,0.00733028119,0.0083365161,-28,0x3c0895e2,0.0083365161,0x3f800000,1,0x3c387f80,0.0112608671,0x3c387f80,0.0112608671,00000000,0,0,000000,00000001,0,1,00001,0x3c387f80,0.0112608671,0x3b61fe00,0.00344836712,0xbf800000,-1
l2,0.0625,0,min-error,metric_min,exp1,0,1,1,0.00733028119,0.0083365161,0.00733028119,0.0083365161,0.0010062349,57,raw-and-scaled,8,1,fp8_e1m6,fp8_e2m5,6,5,4,26,57,exp2,9,37,9,9,0.00733028119,0.0083365161,-28,0x3c0895e2,0.0083365161,0x3f800000,1,0x3ff2ff00,1.89840698,0x3ff2ff00,1.89840698,01111001,1,57,111001,01111100,3,28,11100,0x3bff0000,0.00778198242,0x3cbfc000,0.0234069824,0x3f800000,1
l2,0.0625,0,min-error,metric_min,exp1,0,1,1,0.00733028119,0.0083365161,0.00733028119,0.0083365161,0.0010062349,58,raw-and-scaled,8,1,fp8_e1m6,fp8_e2m5,6,5,4,26,58,exp2,9,37,9,9,0.00733028119,0.0083365161,-28,0x3c0895e2,0.0083365161,0x3f800000,1,0xbd280800,-0.0410232544,0xbd280800,-0.0410232544,10000010,0,2,000010,10000101,0,5,00101,0xbc202000,-0.00977325439,0xbb008000,-0.00196075439,0xbf800000,-1
l2,0.0625,0,min-error,metric_min,exp1,0,1,1,0.00733028119,0.0083365161,0.00733028119,0.0083365161,0.0010062349,59,raw-and-scaled,8,1,fp8_e1m6,fp8_e2m5,6,5,4,26,59,exp2,9,37,9,9,0.00733028119,0.0083365161,-28,0x3c0895e2,0.0083365161,0x3f800000,1,0xbb5c0400,-0.00335717201,0xbb5c0400,-0.00335717201,10000000,0,0,000000,10000000,0,0,00000,0xbb5c0400,-0.00335717201,0xbb5c0400,-0.00335717201,0x00000000,0
l2,0.0625,0,min-error,metric_min,exp1,0,1,1,0.00733028119,0.0083365161,0.00733028119,0.0083365161,0.0010062349,60,raw-and-scaled,8,1,fp8_e1m6,fp8_e2m5,6,5,4,26,60,exp2,9,37,9,9,0.00733028119,0.0083365161,-28,0x3c0895e2,0.0083365161,0x3f800000,1,0x3cbc7f80,0.0230100155,0x3cbc7f80,0.0230100155,00000001,0,1,000001,00000010,0,2,00010,0x3bf1fe00,0.00738501549,0x3bf1fe00,0.00738501549,0x80000000,-0
l2,0.0625,0,min-error,metric_min,exp1,0,1,1,0.00733028119,0.0083365161,0.00733028119,0.0083365161,0.0010062349,61,raw-and-scaled,8,1,fp8_e1m6,fp8_e2m5,6,5,4,26,61,exp2,9,37,9,9,0.00733028119,0.0083365161,-28,0x3c0895e2,0.0083365161,0x3f800000,1,0x3e760200,0.240242004,0x3e760200,0.240242004,00001111,0,15,001111,00011110,0,30,11110,0x3bc04000,0.00586700439,0x3bc04000,0.00586700439,0x80000000,-0
l2,0.0625,0,min-error,metric_min,exp1,0,1,1,0.00733028119,0.0083365161,0.00733028119,0.0083365161,0.0010062349,62,raw-and-scaled,8,1,fp8_e1m6,fp8_e2m5,6,5,4,26,62,exp2,9,37,9,9,0.00733028119,0.0083365161,-28,0x3c0895e2,0.0083365161,0x3f800000,1,0x3f680800,0.90637207,0x3f680800,0.90637207,00111010,0,58,111010,01011010,2,26,11010,0x39000000,0.000122070312,0x39000000,0.000122070312,0x00000000,0
l2,0.0625,0,min-error,metric_min,exp1,0,1,1,0.00733028119,0.0083365161,0.00733028119,0.0083365161,0.0010062349,63,raw-and-scaled,8,1,fp8_e1m6,fp8_e2m5,6,5,4,26,63,exp2,9,37,9,9,0.00733028119,0.0083365161,-28,0x3c0895e2,0.0083365161,0x3f800000,1,0x3c3f7f80,0.0116881132,0x3c3f7f80,0.0116881132,00000000,0,0,000000,00000001,0,1,00001,0x3c3f7f80,0.0116881132,0x3b7dfe00,0.00387561321,0xbf800000,-1
l2,0.0625,0,min-error,metric_min,exp1,0,1,1,0.00733028119,0.0083365161,0.00733028119,0.0083365161,0.0010062349,64,raw-and-scaled,8,1,fp8_e1m6,fp8_e2m5,6,5,4,26,64,exp2,9,37,9,9,0.00733028119,0.0083365161,-28,0x3c0895e2,0.0083365161,0x3f800000,1,0xbf020200,-0.507843018,0xbf020200,-0.507843018,10100000,0,32,100000,11000000,2,0,00000,0xbc008000,-0.00784301758,0xbc008000,-0.00784301758,0x00000000,0
l2,0.0625,0,min-error,metric_min,exp1,0,1,1,0.00733028119,0.0083365161,0.00733028119,0.0083365161,0.0010062349,65,raw-and-scaled,8,1,fp8_e1m6,fp8_e2m5,6,5,4,26,65,exp2,9,37,9,9,0.00733028119,0.0083365161,-28,0x3c0895e2,0.0083365161,0x3f800000,1,0xbd20c040,-0.0392458439,0xbd20c040,-0.0392458439,10000010,0,2,000010,10000101,0,5,00101,0xbc030100,-0.00799584389,0xb9404000,-0.000183343887,0xbf800000,-1
l2,0.0625,0,min-error,metric_min,exp1,0,1,1,0.00733028119,0.0083365161,0.00733028119,0.0083365161,0.0010062349,66,raw-and-scaled,8,1,fp8_e1m6,fp8_e2m5,6,5,4,26,66,exp2,9,37,9,9,0.00733028119,0.0083365161,-28,0x3c0895e2,0.0083365161,0x3f800000,1,0x3a89fe00,0.00105279684,0x3a89fe00,0.00105279684,00000000,0,0,000000,00000000,0,0,00000,0x3a89fe00,0.00105279684,0x3a89fe00,0.00105279684,0x00000000,0
l2,0.0625,0,min-error,metric_min,exp1,0,1,1,0.00733028119,0.0083365161,0.00733028119,0.0083365161,0.0010062349,67,raw-and-scaled,8,1,fp8_e1m6,fp8_e2m5,6,5,4,26,67,exp2,9,37,9,9,0.00733028119,0.0083365161,-28,0x3c0895e2,0.0083365161,0x3f800000,1,0x3eb80800,0.359436035,0x3eb80800,0.359436035,00010111,0,23,010111,00101110,1,14,01110,0x38800000,6.10351562e-05,0x38800000,6.10351562e-05,0x80000000,-0
l2,0.0625,0,min-error,metric_min,exp1,0,1,1,0.00733028119,0.0083365161,0.00733028119,0.0083365161,0.0010062349,68,raw-and-scaled,8,1,fp8_e1m6,fp8_e2m5,6,5,4,26,68,exp2,9,37,9,9,0.00733028119,0.0083365161,-28,0x3c0895e2,0.0083365161,0x3f800000,1,0xbe920200,-0.285171509,0xbe920200,-0.285171509,10010010,0,18,010010,10100100,1,4,00100,0xbb808000,-0.00392150879,0xbb808000,-0.00392150879,0x80000000,-0
l2,0.0625,0,min-error,metric_min,exp1,0,1,1,0.00733028119,0.0083365161,0.00733028119,0.0083365161,0.0010062349,69,raw-and-scaled,8,1,fp8_e1m6,fp8_e2m5,6,5,4,26,69,exp2,9,37,9,9,0.00733028119,0.0083365161,-28,0x3c0895e2,0.0083365161,0x3f800000,1,0xbd960200,-0.0732460022,0xbd960200,-0.0732460022,10000100,0,4,000100,10001001,0,9,01001,0xbc301000,-0.0107460022,0xbb404000,-0.0029335022,0xbf800000,-1
l2,0.0625,0,min-error,metric_min,exp1,0,1,1,0.00733028119,0.0083365161,0.00733028119,0.0083365161,0.0010062349,70,raw-and-scaled,8,1,fp8_e1m6,fp8_e2m5,6,5,4,26,70,exp2,9,37,9,9,0.00733028119,0.0083365161,-28,0x3c0895e2,0.0083365161,0x3f800000,1,0x3fe80800,1.81274414,0x3fe80800,1.81274414,01110100,1,52,110100,01111010,3,26,11010,0x39800000,0.000244140625,0x39800000,0.000244140625,0x00000000,0
l2,0.0625,0,min-error,metric_min,exp1,0,1,1,0.00733028119,0.0083365161,0.00733028119,0.0083365161,0.0010062349,71,raw-and-scaled,8,1,fp8_e1m6,fp8_e2m5,6,5,4,26,71,exp2,9,37,9,9,0.00733028119,0.0083365161,-28,0x3c0895e2,0.0083365161,0x3f800000,1,0xbfbc0400,-1.46887207,0xbfbc0400,-1.46887207,11011110,1,30,011110,11101111,3,15,01111,0xb9000000,-0.000122070312,0xb9000000,-0.000122070312,0x00000000,0
l2,0.0625,0,min-error,metric_min,exp1,0,1,1,0.00733028119,0.0083365161,0.00733028119,0.0083365161,0.0010062349,72,raw-and-scaled,8,1,fp8_e1m6,fp8_e2m5,6,5,4,26,72,exp2,9,37,9,9,0.00733028119,0.0083365161,-28,0x3c0895e2,0.0083365161,0x3f800000,1,0xbb440400,-0.00299096107,0xbb440400,-0.00299096107,10000000,0,0,000000,10000000,0,0,00000,0xbb440400,-0.00299096107,0xbb440400,-0.00299096107,0x00000000,0
l2,0.0625,0,min-error,metric_min,exp1,0,1,1,0.00733028119,0.0083365161,0.00733028119,0.0083365161,0.0010062349,73,raw-and-scaled,8,1,fp8_e1m6,fp8_e2m5,6,5,4,26,73,exp2,9,37,9,9,0.00733028119,0.0083365161,-28,0x3c0895e2,0.0083365161,0x3f800000,1,0x3ea5fe00,0.324203491,0x3ea5fe00,0.324203491,00010100,0,20,010100,00101001,1,9,01001,0x3c3fc000,0.0117034912,0x3b7f0000,0.00389099121,0xbf800000,-1
l2,0.0625,0,min-error,metric_min,exp1,0,1,1,0.00733028119,0.0083365161,0.00733028119,0.0083365161,0.0010062349,74,raw-and-scaled,8,1,fp8_e1m6,fp8_e2m5,6,5,4,26,74,exp2,9,37,9,9,0.00733028119,0.0083365161,-28,0x3c0895e2,0.0083365161,0x3f800000,1,0x3e540400,0.207046509,0x3e540400,0.207046509,00001101,0,13,001101,00011010,0,26,11010,0x3b808000,0.00392150879,0x3b808000,0.00392150879,0x80000000,-0
l2,0.0625,0,min-error,metric_min,exp1,0,1,1,0.00733028119,0.0083365161,0.00733028119,0.0083365161,0.0010062349,75,raw-and-scaled,8,1,fp8_e1m6,fp8_e2m5,6,5,4,26,75,exp2,9,37,9,9,0.00733028119,0.0083365161,-28,0x3c0895e2,0.0083365161,0x3f800000,1,0x3c380800,0.0112323761,0x3c380800,0.0112323761,00000000,0,0,000000,00000001,0,1,00001,0x3c380800,0.0112323761,0x3b602000,0.0034198761,0xbf800000,-1
l2,0.0625,0,min-error,metric_min,exp1,0,1,1,0.00733028119,0.0083365161,0.00733028119,0.0083365161,0.0010062349,76,raw-and-scaled,8,1,fp8_e1m6,fp8_e2m5,6,5,4,26,76,exp2,9,37,9,9,0.00733028119,0.0083365161,-28,0x3c0895e2,0.0083365161,0x3f800000,1,0xbd98ff00,-0.0747051239,0xbd98ff00,-0.0747051239,10000100,0,4,000100,10001001,0,9,01001,0xbc47f800,-0.0122051239,0xbb8ff000,-0.0043926239,0xbf800000,-1
l2,0.0625,0,min-error,metric_min,exp1,0,1,1,0.00733028119,0.0083365161,0.00733028119,0.0083365161,0.0010062349,77,raw-and-scaled,8,1,fp8_e1m6,fp8_e2m5,6,5,4,26,77,exp2,9,37,9,9,0.00733028119,0.0083365161,-28,0x3c0895e2,0.0083365161,0x3f800000,1,0x3e26c040,0.162842751,0x3e26c040,0.162842751,00001010,0,10,001010,00010100,0,20,10100,0x3bd80800,0.00659275055,0x3bd80800,0.00659275055,0x80000000,-0
l2,0.0625,0,min-error,metric_min,exp1,0,1,1,0.00733028119,0.0083365161,0.00733028119,0.0083365161,0.0010062349,78,raw-and-scaled,8,1,fp8_e1m6,fp8_e2m5,6,5,4,26,78,exp2,9,37,9,9,0.00733028119,0.0083365161,-28,0x3c0895e2,0.0083365161,0x3f800000,1,0x3fe7f800,1.81225586,0x3fe7f800,1.81225586,01110011,1,51,110011,01111001,3,25,11001,0x3c7c0000,0.0153808594,0x3cfe0000,0.0310058594,0x3f800000,1
l2,0.0625,0,min-error,metric_min,exp1,0,1,1,0.00733028119,0.0083365161,0.00733028119,0.0083365161,0.0010062349,79,raw-and-scaled,8,1,fp8_e1m6,fp8_e2m5,6,5,4,26,79,exp2,9,37,9,9,0.00733028119,0.0083365161,-28,0x3c0895e2,0.0083365161,0x3f800000,1,0x3ca7c040,0.0204774141,0x3ca7c040,0.0204774141,00000001,0,1,000001,00000010,0,2,00010,0x3b9f0100,0.00485241413,0x3b9f0100,0.00485241413,0x80000000,-0
l2,0.0625,0,min-error,metric_min,exp1,0,1,1,0.00733028119,0.0083365161,0.00733028119,0.0083365161,0.0010062349,80,raw-and-scaled,8,1,fp8_e1m6,fp8_e2m5,6,5,4,26,80,exp2,9,37,9,9,0.00733028119,0.0083365161,-28,0x3c0895e2,0.0083365161,0x3f800000,1,0x3aa10100,0.00122836232,0x3aa10100,0.00122836232,00000000,0,0,000000,00000000,0,0,00000,0x3aa10100,0.00122836232,0x3aa10100,0.00122836232,0x00000000,0
l2,0.0625,0,min-error,metric_min,exp1,0,1,1,0.00733028119,0.0083365161,0.00733028119,0.0083365161,0.0010062349,81,raw-and-scaled,8,1,fp8_e1m6,fp8_e2m5,6,5,4,26,81,exp2,9,37,9,9,0.00733028119,0.0083365161,-28,0x3c0895e2,0.0083365161,0x3f800000,1,0x3e180800,0.148468018,0x3e180800,0.148468018,00001001,0,9,001001,00010011,0,19,10011,0x3c008000,0.00784301758,0x38000000,3.05175781e-05,0xbf800000,-1
l2,0.0625,0,min-error,metric_min,exp1,0,1,1,0.00733028119,0.0083365161,0.00733028119,0.0083365161,0.0010062349,82,raw-and-scaled,8,1,fp8_e1m6,fp8_e2m5,6,5,4,26,82,exp2,9,37,9,9,0.00733028119,0.0083365161,-28,0x3c0895e2,0.0083365161,0x3f800000,1,0xbbd28080,-0.0064240098,0xbbd28080,-0.0064240098,10000000,0,0,000000,10000000,0,0,00000,0xbbd28080,-0.0064240098,0xbbd28080,-0.0064240098,0x00000000,0
l2,0.0625,0,min-error,metric_min,exp1,0,1,1,0.00733028119,0.0083365161,0.00733028119,0.0083365161,0.0010062349,83,raw-and-scaled,8,1,fp8_e1m6,fp8_e2m5,6,5,4,26,83,exp2,9,37,9,9,0.00733028119,0.0083365161,-28,0x3c0895e2,0.0083365161,0x3f800000,1,0xbb29c040,-0.00259019434,0xbb29c040,-0.00259019434,10000000,0,0,000000,10000000,0,0,00000,0xbb29c040,-0.00259019434,0xbb29c040,-0.00259019434,0x00000000,0
l2,0.0625,0,min-error,metric_min,exp1,0,1,1,0.00733028119,0.0083365161,0.00733028119,0.0083365161,0.0010062349,84,raw-and-scaled,8,1,fp8_e1m6,fp8_e2m5,6,5,4,26,84,exp2,9,37,9,9,0.00733028119,0.0083365161,-28,0x3c0895e2,0.0083365161,0x3f800000,1,0xbfa40400,-1.28137207,0xbfa40400,-1.28137207,11010010,1,18,010010,11101001,3,9,01001,0xb9000000,-0.000122070312,0xb9000000,-0.000122070312,0x00000000,0
l2,0.0625,0,min-error,metric_min,exp1,0,1,1,0.00733028119,0.0083365161,0.00733028119,0.0083365161,0.0010062349,85,raw-and-scaled,8,1,fp8_e1m6,fp8_e2m5,6,5,4,26,85,exp2,9,37,9,9,0.00733028119,0.0083365161,-28,0x3c0895e2,0.0083365161,0x3f800000,1,0x3dac0400,0.0839920044,0x3dac0400,0.0839920044,00000101,0,5,000101,00001010,0,10,01010,0x3bc04000,0.00586700439,0x3bc04000,0.00586700439,0x80000000,-0
l2,0.0625,0,min-error,metric_min,exp1,0,1,1,0.00733028119,0.0083365161,0.00733028119,0.0083365161,0.0010062349,86,raw-and-scaled,8,1,fp8_e1m6,fp8_e2m5,6,5,4,26,86,exp2,9,37,9,9,0.00733028119,0.0083365161,-28,0x3c0895e2,0.0083365161,0x3f800000,1,0x3bd67f80,0.0065459609,0x3bd67f80,0.0065459609,00000000,0,0,000000,00000000,0,0,00000,0x3bd67f80,0.0065459609,0x3bd67f80,0.0065459609,0x00000000,0
l2,0.0625,0,min-error,metric_min,exp1,0,1,1,0.00733028119,0.0083365161,0.00733028119,0.0083365161,0.0010062349,87,raw-and-scaled,8,1,fp8_e1m6,fp8_e2m5,6,5,4,26,87,exp2,9,37,9,9,0.00733028119,0.0083365161,-28,0x3c0895e2,0.0083365161,0x3f800000,1,0xbc3c0400,-0.011475563,0xbc3c0400,-0.011475563,10000000,0,0,000000,10000001,0,1,00001,0xbc3c0400,-0.011475563,0xbb701000,-0.00366306305,0xbf800000,-1
l2,0.0625,0,min-error,metric_min,exp1,0,1,1,0.00733028119,0.0083365161,0.00733028119,0.0083365161,0.0010062349,88,raw-and-scaled,8,1,fp8_e1m6,fp8_e2m5,6,5,4,26,88,exp2,9,37,9,9,0.00733028119,0.0083365161,-28,0x3c0895e2,0.0083365161,0x3f800000,1,0xbcc3fc00,-0.0239238739,0xbcc3fc00,-0.0239238739,10000001,0,1,000001,10000011,0,3,00011,0xbc07f800,-0.0082988739,0xb9ff0000,-0.000486373901,0xbf800000,-1
l2,0.0625,0,min-error,metric_min,exp1,0,1,1,0.00733028119,0.0083365161,0.00733028119,0.0083365161,0.0010062349,89,raw-and-scaled,8,1,fp8_e1m6,fp8_e2m5,6,5,4,26,89,exp2,9,37,9,9,0.00733028119,0.0083365161,-28,0x3c0895e2,0.0083365161,0x3f800000,1,0x3d2cc040,0.0421755314,0x3d2cc040,0.0421755314,00000010,0,2,000010,00000101,0,5,00101,0x3c330100,0.0109255314,0x3b4c0400,0.00311303139,0xbf800000,-1
l2,0.0625,0,min-error,metric_min,exp1,0,1,1,0.00733028119,0.0083365161,0.00733028119,0.0083365161,0.0010062349,90,raw-and-scaled,8,1,fp8_e1m6,fp8_e2m5,6,5,4,26,90,exp2,9,37,9,9,0.00733028119,0.0083365161,-28,0x3c0895e2,0.0083365161,0x3f800000,1,0x3aa7f800,0.00128149986,0x3aa7f800,0.00128149986,00000000,0,0,000000,00000000,0,0,00000,0x3aa7f800,0.00128149986,0x3aa7f800,0.00128149986,0x00000000,0
l2,0.0625,0,min-error,metric_min,exp1,0,1,1,0.00733028119,0.0083365161,0.00733028119,0.0083365161,0.0010062349,91,raw-and-scaled,8,1,fp8_e1m6,fp8_e2m5,6,5,4,26,91,exp2,9,37,9,9,0.00733028119,0.0083365161,-28,0x3c0895e2,0.0083365161,0x3f800000,1,0xbfdb8080,-1.71485901,0xbfdb8080,-1.71485901,11101101,1,45,101101,11110110,3,22,10110,0xbc404000,-0.0117340088,0xbce02000,-0.0273590088,0x3f800000,1
l2,0.0625,0,min-error,metric_min,exp1,0,1,1,0.00733028119,0.0083365161,0.00733028119,0.0083365161,0.0010062349,92,raw-and-scaled,8,1,fp8_e1m6,fp8_e2m5,6,5,4,26,92,exp2,9,37,9,9,0.00733028119,0.0083365161,-28,0x3c0895e2,0.0083365161,0x3f800000,1,0x3b71fe00,0.00369250774,0x3b71fe00,0.00369250774,00000000,0,0,000000,00000000,0,0,00000,0x3b71fe00,0.00369250774,0x3b71fe00,0.00369250774,0x00000000,0
l2,0.0625,0,min-error,metric_min,exp1,0,1,1,0.00733028119,0.0083365161,0.00733028119,0.0083365161,0.0010062349,93,raw-and-scaled,8,1,fp8_e1m6,fp8_e2m5,6,5,4,26,93,exp2,9,37,9,9,0.00733028119,0.0083365161,-28,0x3c0895e2,0.0083365161,0x3f800000,1,0xbcdd7f80,-0.0270383358,0xbcdd7f80,-0.0270383358,10000001,0,1,000001,10000011,0,3,00011,0xbc3aff00,-0.0114133358,0xbb6bfc00,-0.0036008358,0xbf800000,-1
l2,0.0625,0,min-error,metric_min,exp1,0,1,1,0.00733028119,0.0083365161,0.00733028119,0.0083365161,0.0010062349,94,raw-and-scaled,8,1,fp8_e1m6,fp8_e2m5,6,5,4,26,94,exp2,9,37,9,9,0.00733028119,0.0083365161,-28,0x3c0895e2,0.0083365161,0x3f800000,1,0xbd2f4040,-0.0427858829,0xbd2f4040,-0.0427858829,10000010,0,2,000010,10000101,0,5,00101,0xbc3d0100,-0.0115358829,0xbb740400,-0.00372338295,0xbf800000,-1
l2,0.0625,0,min-error,metric_min,exp1,0,1,1,0.00733028119,0.0083365161,0.00733028119,0.0083365161,0.0010062349,95,raw-and-scaled,8,1,fp8_e1m6,fp8_e2m5,6,5,4,26,95,exp2,9,37,9,9,0.00733028119,0.0083365161,-28,0x3c0895e2,0.0083365161,0x3f800000,1,0xbb7dfe00,-0.00387561321,0xbb7dfe00,-0.00387561321,10000000,0,0,000000,10000000,0,0,00000,0xbb7dfe00,-0.00387561321,0xbb7dfe00,-0.00387561321,0x00000000,0
l2,0.0625,0,min-error,metric_min,exp1,0,1,1,0.00733028119,0.0083365161,0.00733028119,0.0083365161,0.0010062349,96,raw-and-scaled,8,1,fp8_e1m6,fp8_e2m5,6,5,4,26,96,exp2,9,37,9,9,0.00733028119,0.0083365161,-28,0x3c0895e2,0.0083365161,0x3f800000,1,0xbc303fc0,-0.0107573867,0xbc303fc0,-0.0107573867,10000000,0,0,000000,10000001,0,1,00001,0xbc303fc0,-0.0107573867,0xbb40ff00,-0.00294488668,0xbf800000,-1
l2,0.0625,0,min-error,metric_min,exp1,0,1,1,0.00733028119,0.0083365161,0.00733028119,0.0083365161,0.0010062349,97,raw-and-scaled,8,1,fp8_e1m6,fp8_e2m5,6,5,4,26,97,exp2,9,37,9,9,0.00733028119,0.0083365161,-28,0x3c0895e2,0.0083365161,0x3f800000,1,0x3c42ff00,0.0119016171,0x3c42ff00,0.0119016171,00000000,0,0,000000,00000001,0,1,00001,0x3c42ff00,0.0119016171,0x3b85fe00,0.00408911705,0xbf800000,-1
l2,0.0625,0,min-error,metric_min,exp1,0,1,1,0.00733028119,0.0083365161,0.00733028119,0.0083365161,0.0010062349,98,raw-and-scaled,8,1,fp8_e1m6,fp8_e2m5,6,5,4,26,98,exp2,9,37,9,9,0.00733028119,0.0083365161,-28,0x3c0895e2,0.0083365161,0x3f800000,1,0x3d314040,0.0432741642,0x3d314040,0.0432741642,00000010,0,2,000010,00000101,0,5,00101,0x3c450100,0.0120241642,0x3b8a0200,0.0042116642,0xbf800000,-1
l2,0.0625,0,min-error,metric_min,exp1,0,1,1,0.00733028119,0.0083365161,0.00733028119,0.0083365161,0.0010062349,99,raw-and-scaled,8,1,fp8_e1m6,fp8_e2m5,6,5,4,26,99,exp2,9,37,9,9,0.00733028119,0.0083365161,-28,0x3c0895e2,0.0083365161,0x3f800000,1,0xbd1c0400,-0.0380897522,0xbd1c0400,-0.0380897522,10000010,0,2,000010,10000100,0,4,00100,0xbbe02000,-0.0068397522,0xbbe02000,-0.0068397522,0x80000000,-0
l2,0.0625,0,min-error,metric_min,exp1,0,1,1,0.00733028119,0.0083365161,0.00733028119,0.0083365161,0.0010062349,100,raw-and-scaled,8,1,fp8_e1m6,fp8_e2m5,6,5,4,26,100,exp2,9,37,9,9,0.00733028119,0.0083365161,-28,0x3c0895e2,0.0083365161,0x3f800000,1,0xbe920200,-0.285171509,0xbe920200,-0.285171509,10010010,0,18,010010,10100100,1,4,00100,0xbb808000,-0.00392150879,0xbb808000,-0.00392150879,0x80000000,-0
l2,0.0625,0,min-error,metric_min,exp1,0,1,1,0.00733028119,0.0083365161,0.00733028119,0.0083365161,0.0010062349,101,raw-and-scaled,8,1,fp8_e1m6,fp8_e2m5,6,5,4,26,101,exp2,9,37,9,9,0.00733028119,0.0083365161,-28,0x3c0895e2,0.0083365161,0x3f800000,1,0xbb658080,-0.00350192189,0xbb658080,-0.00350192189,10000000,0,0,000000,10000000,0,0,00000,0xbb658080,-0.00350192189,0xbb658080,-0.00350192189,0x00000000,0
l2,0.0625,0,min-error,metric_min,exp1,0,1,1,0.00733028119,0.0083365161,0.00733028119,0.0083365161,0.0010062349,102,raw-and-scaled,8,1,fp8_e1m6,fp8_e2m5,6,5,4,26,102,exp2,9,37,9,9,0.00733028119,0.0083365161,-28,0x3c0895e2,0.0083365161,0x3f800000,1,0xbe9a0200,-0.300796509,0xbe9a0200,-0.300796509,10010011,0,19,010011,10100110,1,6,00110,0xbb808000,-0.00392150879,0xbb808000,-0.00392150879,0x80000000,-0
l2,0.0625,0,min-error,metric_min,exp1,0,1,1,0.00733028119,0.0083365161,0.00733028119,0.0083365161,0.0010062349,103,raw-and-scaled,8,1,fp8_e1m6,fp8_e2m5,6,5,4,26,103,exp2,9,37,9,9,0.00733028119,0.0083365161,-28,0x3c0895e2,0.0083365161,0x3f800000,1,0x3f9e0200,1.23443604,0x3f9e0200,1.23443604,01001111,1,15,001111,01100111,3,7,00111,0x38800000,6.10351562e-05,0x3c808000,0.0156860352,0x3f800000,1
l2,0.0625,0,min-error,metric_min,exp1,0,1,1,0.00733028119,0.0083365161,0.00733028119,0.0083365161,0.0010062349,104,raw-and-scaled,8,1,fp8_e1m6,fp8_e2m5,6,5,4,26,104,exp2,9,37,9,9,0.00733028119,0.0083365161,-28,0x3c0895e2,0.0083365161,0x3f800000,1,0x3ce88080,0.0283815861,0x3ce88080,0.0283815861,00000001,0,1,000001,00000011,0,3,00011,0x3c510100,0.0127565861,0x3ba20200,0.00494408607,0xbf800000,-1
l2,0.0625,0,min-error,metric_min,exp1,0,1,1,0.00733028119,0.0083365161,0.00733028119,0.0083365161,0.0010062349,105,raw-and-scaled,8,1,fp8_e1m6,fp8_e2m5,6,5,4,26,105,exp2,9,37,9,9,0.00733028119,0.0083365161,-28,0x3c0895e2,0.0083365161,0x3f800000,1,0x3b34c040,0.00275804102,0x3b34c040,0.00275804102,00000000,0,0,000000,00000000,0,0,00000,0x3b34c040,0.00275804102,0x3b34c040,0.00275804102,0x00000000,0
l2,0.0625,0,min-error,metric_min,exp1,0,1,1,0.00733028119,0.0083365161,0.00733028119,0.0083365161,0.0010062349,106,raw-and-scaled,8,1,fp8_e1m6,fp8_e2m5,6,5,4,26,106,exp2,9,37,9,9,0.00733028119,0.0083365161,-28,0x3c0895e2,0.0083365161,0x3f800000,1,0xbda7f800,-0.0820159912,0xbda7f800,-0.0820159912,10000101,0,5,000101,10001010,0,10,01010,0xbb7f0000,-0.00389099121,0xbb7f0000,-0.00389099121,0x80000000,-0
l2,0.0625,0,min-error,metric_min,exp1,0,1,1,0.00733028119,0.0083365161,0.00733028119,0.0083365161,0.0010062349,107,raw-and-scaled,8,1,fp8_e1m6,fp8_e2m5,6,5,4,26,107,exp2,9,37,9,9,0.00733028119,0.0083365161,-28,0x3c0895e2,0.0083365161,0x3f800000,1,0x3ceb7f80,0.0287473202,0x3ceb7f80,0.0287473202,00000001,0,1,000001,00000011,0,3,00011,0x3c56ff00,0.0131223202,0x3badfe00,0.00530982018,0xbf800000,-1
l2,0.0625,0,min-error,metric_min,exp1,0,1,1,0.00733028119,0.0083365161,0.00733028119,0.0083365161,0.0010062349,108,raw-and-scaled,8,1,fp8_e1m6,fp8_e2m5,6,5,4,26,108,exp2,9,37,9,9,0.00733028119,0.0083365161,-28,0x3c0895e2,0.0083365161,0x3f800000,1,0xbaec8080,-0.00180436671,0xbaec8080,-0.00180436671,10000000,0,0,000000,10000000,0,0,00000,0xbaec8080,-0.00180436671,0xbaec8080,-0.00180436671,0x00000000,0
l2,0.0625,0,min-error,metric_min,exp1,0,1,1,0.00733028119,0.0083365161,0.00733028119,0.0083365161,0.0010062349,109,raw-and-scaled,8,1,fp8_e1m6,fp8_e2m5,6,5,4,26,109,exp2,9,37,9,9,0.00733028119,0.0083365161,-28,0x3c0895e2,0.0083365161,0x3f800000,1,0xbdb60200,-0.0888710022,0xbdb60200,-0.0888710022,10000101,0,5,000101,10001011,0,11,01011,0xbc301000,-0.0107460022,0xbb404000,-0.0029335022,0xbf800000,-1
l2,0.0625,0,min-error,metric_min,exp1,0,1,1,0.00733028119,0.0083365161,0.00733028119,0.0083365161,0.0010062349,110,raw-and-scaled,8,1,fp8_e1m6,fp8_e2m5,6,5,4,26,110,exp2,9,37,9,9,0.00733028119,0.0083365161,-28,0x3c0895e2,0.0083365161,0x3f800000,1,0xbe373fc0,-0.178954124,0xbe373fc0,-0.178954124,10001011,0,11,001011,10010110,0,22,10110,0xbbe7f800,-0.00707912445,0xbbe7f800,-0.00707912445,0x80000000,-0
l2,0.0625,0,min-error,metric_min,exp1,0,1,1,0.00733028119,0.0083365161,0.00733028119,0.0083365161,0.0010062349,111,raw-and-scaled,8,1,fp8_e1m6,fp8_e2m5,6,5,4,26,111,exp2,9,37,9,9,0.00733028119,0.0083365161,-28,0x3c0895e2,0.0083365161,0x3f800000,1,0x3d37bfc0,0.0448606014,0x3d37bfc0,0.0448606014,00000010,0,2,000010,00000101,0,5,00101,0x3c5eff00,0.0136106014,0x3bbdfe00,0.00579810143,0xbf800000,-1
l2,0.0625,0,min-error,metric_min,exp1,0,1,1,0.00733028119,0.0083365161,0.00733028119,0.0083365161,0.0010062349,112,raw-and-scaled,8,1,fp8_e1m6,fp8_e2m5,6,5,4,26,112,exp2,9,37,9,9,0.00733028119,0.0083365161,-28,0x3c0895e2,0.0083365161,0x3f800000,1,0x3f60ff00,0.878890991,0x3f60ff00,0.878890991,00111000,0,56,111000,01011000,2,24,11000,0x3b7f0000,0.00389099121,0x3b7f0000,0.00389099121,0x00000000,0
l2,0.0625,0,min-error,metric_min,exp1,0,1,1,0.00733028119,0.0083365161,0.00733028119,0.0083365161,0.0010062349,113,raw-and-scaled,8,1,fp8_e1m6,fp8_e2m5,6,5,4,26,113,exp2,9,37,9,9,0.00733028119,0.0083365161,-28,0x3c0895e2,0.0083365161,0x3f800000,1,0xbde30100,-0.110841751,0xbde30100,-0.110841751,10000111,0,7,000111,10001110,0,14,01110,0xbac04000,-0.0014667511,0xbac04000,-0.0014667511,0x80000000,-0
l2,0.0625,0,min-error,metric_min,exp1,0,1,1,0.00733028119,0.0083365161,0.00733028119,0.0083365161,0.0010062349,114,raw-and-scaled,8,1,fp8_e1m6,fp8_e2m5,6,5,4,26,114,exp2,9,37,9,9,0.00733028119,0.0083365161,-28,0x3c0895e2,0.0083365161,0x3f800000,1,0x3de50100,0.111818314,0x3de50100,0.111818314,00000111,0,7,000111,00001110,0,14,01110,0x3b202000,0.0024433136,0x3b202000,0.0024433136,0x80000000,-0
l2,0.0625,0,min-error,metric_min,exp1,0,1,1,0.00733028119,0.0083365161,0.00733028119,0.0083365161,0.0010062349,115,raw-and-scaled,8,1,fp8_e1m6,fp8_e2m5,6,5,4,26,115,exp2,9,37,9,9,0.00733028119,0.0083365161,-28,0x3c0895e2,0.0083365161,0x3f800000,1,0x3cb7f800,0.0224571228,0x3cb7f800,0.0224571228,00000001,0,1,000001,00000010,0,2,00010,0x3bdfe000,0.0068321228,0x3bdfe000,0.0068321228,0x80000000,-0
l2,0.0625,0,min-error,metric_min,exp1,0,1,1,0.00733028119,0.0083365161,0.00733028119,0.0083365161,0.0010062349,116,raw-and-scaled,8,1,fp8_e1m6,fp8_e2m5,6,5,4,26,116,exp2,9,37,9,9,0.00733028119,0.0083365161,-28,0x3c0895e2,0.0083365161,0x3f800000,1,0x3ce8ff00,0.028441906,0x3ce8ff00,0.028441906,00000001,0,1,000001,00000011,0,3,00011,0x3c51fe00,0.012816906,0x3ba3fc00,0.00500440598,0xbf800000,-1
l2,0.0625,0,min-error,metric_min,exp1,0,1,1,0.00733028119,0.0083365161,0.00733028119,0.0083365161,0.0010062349,117,raw-and-scaled,8,1,fp8_e1m6,fp8_e2m5,6,5,4,26,117,exp2,9,37,9,9,0.00733028119,0.0083365161,-28,0x3c0895e2,0.0083365161,0x3f800000,1,0xbe2c0400,-0.167984009,0xbe2c0400,-0.167984009,10001010,0,10,001010,10010101,0,21,10101,0xbc404000,-0.0117340088,0xbb808000,-0.00392150879,0xbf800000,-1
l2,0.0625,0,min-error,metric_min,exp1,0,1,1,0.00733028119,0.0083365161,0.00733028119,0.0083365161,0.0010062349,118,raw-and-scaled,8,1,fp8_e1m6,fp8_e2m5,6,5,4,26,118,exp2,9,37,9,9,0.00733028119,0.0083365161,-28,0x3c0895e2,0.0083365161,0x3f800000,1,0xbb6d0100,-0.00361639261,0xbb6d0100,-0.00361639261,10000000,0,0,000000,10000000,0,0,00000,0xbb6d0100,-0.00361639261,0xbb6d0100,-0.00361639261,0x00000000,0
l2,0.0625,0,min-error,metric_min,exp1,0,1,1,0.00733028119,0.0083365161,0.00733028119,0.0083365161,0.0010062349,119,raw-and-scaled,8,1,fp8_e1m6,fp8_e2m5,6,5,4,26,119,exp2,9,37,9,9,0.00733028119,0.0083365161,-28,0x3c0895e2,0.0083365161,0x3f800000,1,0xbf5dfe00,-0.867156982,0xbf5dfe00,-0.867156982,10110111,0,55,110111,11010111,2,23,10111,0xbbff0000,-0.00778198242,0xbbff0000,-0.00778198242,0x00000000,0
l2,0.0625,0,min-error,metric_min,exp1,0,1,1,0.00733028119,0.0083365161,0.00733028119,0.0083365161,0.0010062349,120,raw-and-scaled,8,1,fp8_e1m6,fp8_e2m5,6,5,4,26,120,exp2,9,37,9,9,0.00733028119,0.0083365161,-28,0x3c0895e2,0.0083365161,0x3f800000,1,0xbbe1fe00,-0.00689673424,0xbbe1fe00,-0.00689673424,10000000,0,0,000000,10000000,0,0,00000,0xbbe1fe00,-0.00689673424,0xbbe1fe00,-0.00689673424,0x00000000,0
l2,0.0625,0,min-error,metric_min,exp1,0,1,1,0.00733028119,0.0083365161,0.00733028119,0.0083365161,0.0010062349,121,raw-and-scaled,8,1,fp8_e1m6,fp8_e2m5,6,5,4,26,121,exp2,9,37,9,9,0.00733028119,0.0083365161,-28,0x3c0895e2,0.0083365161,0x3f800000,1,0xbbf2ff00,-0.00741565228,0xbbf2ff00,-0.00741565228,10000000,0,0,000000,10000000,0,0,00000,0xbbf2ff00,-0.00741565228,0xbbf2ff00,-0.00741565228,0x00000000,0
l2,0.0625,0,min-error,metric_min,exp1,0,1,1,0.00733028119,0.0083365161,0.00733028119,0.0083365161,0.0010062349,122,raw-and-scaled,8,1,fp8_e1m6,fp8_e2m5,6,5,4,26,122,exp2,9,37,9,9,0.00733028119,0.0083365161,-28,0x3c0895e2,0.0083365161,0x3f800000,1,0xbfa7f800,-1.31225586,0xbfa7f800,-1.31225586,11010011,1,19,010011,11101001,3,9,01001,0xbc7c0000,-0.0153808594,0xbcfe0000,-0.0310058594,0x3f800000,1
l2,0.0625,0,min-error,metric_min,exp1,0,1,1,0.00733028119,0.0083365161,0.00733028119,0.0083365161,0.0010062349,123,raw-and-scaled,8,1,fp8_e1m6,fp8_e2m5,6,5,4,26,123,exp2,9,37,9,9,0.00733028119,0.0083365161,-28,0x3c0895e2,0.0083365161,0x3f800000,1,0x3bfb8080,0.0076752305,0x3bfb8080,0.0076752305,00000000,0,0,000000,00000000,0,0,00000,0x3bfb8080,0.0076752305,0x3bfb8080,0.0076752305,0x00000000,0
l2,0.0625,0,min-error,metric_min,exp1,0,1,1,0.00733028119,0.0083365161,0.00733028119,0.0083365161,0.0010062349,124,raw-and-scaled,8,1,fp8_e1m6,fp8_e2m5,6,5,4,26,124,exp2,9,37,9,9,0.00733028119,0.0083365161,-28,0x3c0895e2,0.0083365161,0x3f800000,1,0xbe640400,-0.222671509,0xbe640400,-0.222671509,10001110,0,14,001110,10011100,0,28,11100,0xbb808000,-0.00392150879,0xbb808000,-0.00392150879,0x80000000,-0
l2,0.0625,0,min-error,metric_min,exp1,0,1,1,0.00733028119,0.0083365161,0.00733028119,0.0083365161,0.0010062349,125,raw-and-scaled,8,1,fp8_e1m6,fp8_e2m5,6,5,4,26,125,exp2,9,37,9,9,0.00733028119,0.0083365161,-28,0x3c0895e2,0.0083365161,0x3f800000,1,0x3cf5fe00,0.0300283432,0x3cf5fe00,0.0300283432,00000001,0,1,000001,00000011,0,3,00011,0x3c6bfc00,0.0144033432,0x3bd7f800,0.0065908432,0xbf800000,-1
l2,0.0625,0,min-error,metric_min,exp1,0,1,1,0.00733028119,0.0083365161,0.00733028119,0.0083365161,0.0010062349,126,raw-and-scaled,8,1,fp8_e1m6,fp8_e2m5,6,5,4,26,126,exp2,9,37,9,9,0.00733028119,0.0083365161,-28,0x3c0895e2,0.0083365161,0x3f800000,1,0xbde80800,-0.113296509,0xbde80800,-0.113296509,10000111,0,7,000111,10001110,0,14,01110,0xbb808000,-0.00392150879,0xbb808000,-0.00392150879,0x80000000,-0
l2,0.0625,0,min-error,metric_min,exp1,0,1,1,0.00733028119,0.0083365161,0.00733028119,0.0083365161,0.0010062349,127,raw-and-scaled,8,1,fp8_e1m6,fp8_e2m5,6,5,4,26,127,exp2,9,37,9,9,0.00733028119,0.0083365161,-28,0x3c0895e2,0.0083365161,0x3f800000,1,0x3bf7f800,0.0075674057,0x3bf7f800,0.0075674057,00000000,0,0,000000,00000000,0,0,00000,0x3bf7f800,0.0075674057,0x3bf7f800,0.0075674057,0x00000000,0
l2,0.0625,0,min-error,metric_min,exp2,0,1,1,0.019294627,0.0192882735,0.0192882735,0.019294627,6.3534826e-06,0,raw-and-scaled,8,1,fp8_e1m6,fp8_e2m5,6,5,4,28,0,exp1,16,57,14,14,0.019294627,0.0192882735,-41,0x3c9e0fc4,0.019294627,0x3f800000,1,0x3b7f81f7,0.00389873772,0x3b7f81f7,0.00389873772,00000000,0,0,000000,00000000,0,0,00000,0x3b7f81f7,0.00389873772,0x3b7f81f7,0.00389873772,0x00000000,0
l2,0.0625,0,min-error,metric_min,exp2,0,1,1,0.019294627,0.0192882735,0.0192882735,0.019294627,6.3534826e-06,1,raw-and-scaled,8,1,fp8_e1m6,fp8_e2m5,6,5,4,28,1,exp1,16,57,14,14,0.019294627,0.0192882735,-41,0x3c9e0fc4,0.019294627,0x3f800000,1,0xbaff9038,-0.00194979366,0xbaff9038,-0.00194979366,10000000,0,0,000000,10000000,0,0,00000,0xbaff9038,-0.00194979366,0xbaff9038,-0.00194979366,0x00000000,0
l2,0.0625,0,min-error,metric_min,exp2,0,1,1,0.019294627,0.0192882735,0.0192882735,0.019294627,6.3534826e-06,2,raw-and-scaled,8,1,fp8_e1m6,fp8_e2m5,6,5,4,28,2,exp1,16,57,14,14,0.019294627,0.0192882735,-41,0x3c9e0fc4,0.019294627,0x3f800000,1,0xbbffbf59,-0.00780479284,0xbbffbf59,-0.00780479284,10000000,0,0,000000,10000000,0,0,00000,0xbbffbf59,-0.00780479284,0xbbffbf59,-0.00780479284,0x00000000,0
l2,0.0625,0,min-error,metric_min,exp2,0,1,1,0.019294627,0.0192882735,0.0192882735,0.019294627,6.3534826e-06,3,raw-and-scaled,8,1,fp8_e1m6,fp8_e2m5,6,5,4,28,3,exp1,16,57,14,14,0.019294627,0.0192882735,-41,0x3c9e0fc4,0.019294627,0x3f800000,1,0xbdff8e20,-0.124782801,0xbdff8e20,-0.124782801,10000111,0,7,000111,10001111,0,15,01111,0xbc7c7100,-0.0154078007,0xbbf8e200,-0.00759530067,0xbf800000,-1
l2,0.0625,0,min-error,metric_min,exp2,0,1,1,0.019294627,0.0192882735,0.0192882735,0.019294627,6.3534826e-06,4,raw-and-scaled,8,1,fp8_e1m6,fp8_e2m5,6,5,4,28,4,exp1,16,57,14,14,0.019294627,0.0192882735,-41,0x3c9e0fc4,0.019294627,0x3f800000,1,0xbc7f96df,-0.0155999353,0xbc7f96df,-0.0155999353,10000000,0,0,000000,10000001,0,1,00001,0xbc7f96df,-0.0155999353,0xbbff2dbe,-0.00778743532,0xbf800000,-1
l2,0.0625,0,min-error,metric_min,exp2,0,1,1,0.019294627,0.0192882735,0.0192882735,0.019294627,6.3534826e-06,5,raw-and-scaled,8,1,fp8_e1m6,fp8_e2m5,6,5,4,28,5,exp1,16,57,14,14,0.019294627,0.0192882735,-41,0x3c9e0fc4,0.019294627,0x3f800000,1,0x3fffa3f5,1.99719107,0x3fffa3f5,1.99719107,01111111,1,63,111111,01111111,3,31,11111,0x3c51fa80,0.0128160715,0x3ce8fd40,0.0284410715,0x3f800000,1
l2,0.0625,0,min-error,metric_min,exp2,0,1,1,0.019294627,0.0192882735,0.0192882735,0.019294627,6.3534826e-06,6,raw-and-scaled,8,1,fp8_e1m6,fp8_e2m5,6,5,4,28,6,exp1,16,57,14,14,0.019294627,0.0192882735,-41,0x3c9e0fc4,0.019294627,0x3f800000,1,0xbc7fbacf,-0.0156085035,0xbc7fbacf,-0.0156085035,10000000,0,0,000000,10000001,0,1,00001,0xbc7fbacf,-0.0156085035,0xbbff759e,-0.00779600348,0xbf800000,-1
l2,0.0625,0,min-error,metric_min,exp2,0,1,1,0.019294627,0.0192882735,0.0192882735,0.019294627,6.3534826e-06,7,raw-and-scaled,8,1,fp8_e1m6,fp8_e2m5,6,5,4,28,7,exp1,16,57,14,14,0.019294627,0.0192882735,-41,0x3c9e0fc4,0.019294627,0x3f800000,1,0xbaff84e4,-0.00194945605,0xbaff84e4,-0.00194945605,10000000,0,0,000000,10000000,0,0,00000,0xbaff84e4,-0.00194945605,0xbaff84e4,-0.00194945605,0x00000000,0
l2,0.0625,0,min-error,metric_min,exp2,0,1,1,0.019294627,0.0192882735,0.0192882735,0.019294627,6.3534826e-06,8,raw-and-scaled,8,1,fp8_e1m6,fp8_e2m5,6,5,4,28,8,exp1,16,57,14,14,0.019294627,0.0192882735,-41,0x3c9e0fc4,0.019294627,0x3f800000,1,0x3fffa991,1.99736226,0x3fffa991,1.99736226,01111111,1,63,111111,01111111,3,31,11111,0x3c54c880,0.0129872561,0x3cea6440,0.0286122561,0x3f800000,1
l2,0.0625,0,min-error,metric_min,exp2,0,1,1,0.019294627,0.0192882735,0.0192882735,0.019294627,6.3534826e-06,9,raw-and-scaled,8,1,fp8_e1m6,fp8_e2m5,6,5,4,28,9,exp1,16,57,14,14,0.019294627,0.0192882735,-41,0x3c9e0fc4,0.019294627,0x3f800000,1,0x3dffb9e2,0.124866262,0x3dffb9e2,0.124866262,00000111,0,7,000111,00001111,0,15,01111,0x3c7dcf10,0.0154912621,0x3bfb9e20,0.00767876208,0xbf800000,-1
l2,0.0625,0,min-error,metric_min,exp2,0,1,1,0.019294627,0.0192882735,0.0192882735,0.019294627,6.3534826e-06,10,raw-and-scaled,8,1,fp8_e1m6,fp8_e2m5,6,5,4,28,10,exp1,16,57,14,14,0.019294627,0.0192882735,-41,0x3c9e0fc4,0.019294627,0x3f800000,1,0x3eff874d,0.499079138,0x3eff874d,0.499079138,00011111,0,31,011111,00111111,1,31,11111,0x3c70e9a0,0.014704138,0x3be1d340,0.00689163804,0xbf800000,-1
l2,0.0625,0,min-error,metric_min,exp2,0,1,1,0.019294627,0.0192882735,0.0192882735,0.019294627,6.3534826e-06,11,raw-and-scaled,8,1,fp8_e1m6,fp8_e2m5,6,5,4,28,11,exp1,16,57,14,14,0.019294627,0.0192882735,-41,0x3c9e0fc4,0.019294627,0x3f800000,1,0xbcff9383,-0.0311982688,0xbcff9383,-0.0311982688,10000001,0,1,000001,10000011,0,3,00011,0xbc7f2706,-0.0155732688,0xbbfe4e0c,-0.00776076876,0xbf800000,-1
l2,0.0625,0,min-error,metric_min,exp2,0,1,1,0.019294627,0.0192882735,0.0192882735,0.019294627,6.3534826e-06,12,raw-and-scaled,8,1,fp8_e1m6,fp8_e2m5,6,5,4,28,12,exp1,16,57,14,14,0.019294627,0.0192882735,-41,0x3c9e0fc4,0.019294627,0x3f800000,1,0x3f7f9694,0.99839139,0x3f7f9694,0.99839139,00111111,0,63,111111,01011111,2,31,11111,0x3c65a500,0.0140163898,0x3c65a500,0.0140163898,0x00000000,0
l2,0.0625,0,min-error,metric_min,exp2,0,1,1,0.019294627,0.0192882735,0.0192882735,0.019294627,6.3534826e-06,13,raw-and-scaled,8,1,fp8_e1m6,fp8_e2m5,6,5,4,28,13,exp1,16,57,14,14,0.019294627,0.0192882735,-41,0x3c9e0fc4,0.019294627,0x3f800000,1,0xbfff8b51,-1.9964391,0xbfff8b51,-1.9964391,11111111,1,63,111111,11111111,3,31,11111,0xbc45a880,-0.0120640993,0xbce2d440,-0.0276890993,0x3f800000,1
l2,0.0625,0,min-error,metric_min,exp2,0,1,1,0.019294627,0.0192882735,0.0192882735,0.019294627,6.3534826e-06,14,raw-and-scaled,8,1,fp8_e1m6,fp8_e2m5,6,5,4,28,14,exp1,16,57,14,14,0.019294627,0.0192882735,-41,0x3c9e0fc4,0.019294627,0x3f800000,1,0x3fff94da,1.99673009,0x3fff94da,1.99673009,01111111,1,63,111111,01111111,3,31,11111,0x3c4a6d00,0.0123550892,0x3ce53680,0.0279800892,0x3f800000,1
l2,0.0625,0,min-error,metric_min,exp2,0,1,1,0.019294627,0.0192882735,0.0192882735,0.019294627,6.3534826e-06,15,raw-and-scaled,8,1,fp8_e1m6,fp8_e2m5,6,5,4,28,15,exp1,16,57,14,14,0.019294627,0.0192882735,-41,0x3c9e0fc4,0.019294627,0x3f800000,1,0x3fffa6f7,1.99728286,0x3fffa6f7,1.99728286,01111111,1,63,111111,01111111,3,31,11111,0x3c537b80,0.0129078627,0x3ce9bdc0,0.0285328627,0x3f800000,1
l2,0.0625,0,min-error,metric_min,exp2,0,1,1,0.019294627,0.0192882735,0.0192882735,0.019294627,6.3534826e-06,16,raw-and-scaled,8,1,fp8_e1m6,fp8_e2m5,6,5,4,28,16,exp1,16,57,14,14,0.019294627,0.0192882735,-41,0x3c9e0fc4,0.019294627,0x3f800000,1,0xbfffa591,-1.99724019,0xbfffa591,-1.99724019,11111111,1,63,111111,11111111,3,31,11111,0xbc52c880,-0.0128651857,0xbce96440,-0.0284901857,0x3f800000,1
l2,0.0625,0,min-error,metric_min,exp2,0,1,1,0.019294627,0.0192882735,0.0192882735,0.019294627,6.3534826e-06,17,raw-and-scaled,8,1,fp8_e1m6,fp8_e2m5,6,5,4,28,17,exp1,16,57,14,14,0.019294627,0.0192882735,-41,0x3c9e0fc4,0.019294627,0x3f800000,1,0xbd7f858b,-0.0623832159,0xbd7f858b,-0.0623832159,10000011,0,3,000011,10000111,0,7,00111,0xbc7e162c,-0.0155082159,0xbbfc2c58,-0.00769571587,0xbf800000,-1
l2,0.0625,0,min-error,metric_min,exp2,0,1,1,0.019294627,0.0192882735,0.0192882735,0.019294627,6.3534826e-06,18,raw-and-scaled,8,1,fp8_e1m6,fp8_e2m5,6,5,4,28,18,exp1,16,57,14,14,0.019294627,0.0192882735,-41,0x3c9e0fc4,0.019294627,0x3f800000,1,0xbf7fa10d,-0.99855119,0xbf7fa10d,-0.99855119,10111111,0,63,111111,11011111,2,31,11111,0xbc684340,-0.0141761899,0xbc684340,-0.0141761899,0x00000000,0
l2,0.0625,0,min-error,metric_min,exp2,0,1,1,0.019294627,0.0192882735,0.0192882735,0.019294627,6.3534826e-06,19,raw-and-scaled,8,1,fp8_e1m6,fp8_e2m5,6,5,4,28,19,exp1,16,57,14,14,0.019294627,0.0192882735,-41,0x3c9e0fc4,0.019294627,0x3f800000,1,0x3bffbabb,0.00780424243,0x3bffbabb,0.00780424243,00000000,0,0,000000,00000000,0,0,00000,0x3bffbabb,0.00780424243,0x3bffbabb,0.00780424243,0x00000000,0
l2,0.0625,0,min-error,metric_min,exp2,0,1,1,0.019294627,0.0192882735,0.0192882735,0.019294627,6.3534826e-06,20,raw-and-scaled,8,1,fp8_e1m6,fp8_e2m5,6,5,4,28,20,exp1,16,57,14,14,0.019294627,0.0192882735,-41,0x3c9e0fc4,0.019294627,0x3f800000,1,0xbdffb61d,-0.124859072,0xbdffb61d,-0.124859072,10000111,0,7,000111,10001111,0,15,01111,0xbc7db0e8,-0.0154840723,0xbbfb61d0,-0.00767157227,0xbf800000,-1
l2,0.0625,0,min-error,metric_min,exp2,0,1,1,0.019294627,0.0192882735,0.0192882735,0.019294627,6.3534826e-06,21,raw-and-scaled,8,1,fp8_e1m6,fp8_e2m5,6,5,4,28,21,exp1,16,57,14,14,0.019294627,0.0192882735,-41,0x3c9e0fc4,0.019294627,0x3f800000,1,0xbfffb826,-1.99780726,0xbfffb826,-1.99780726,11111111,1,63,111111,11111111,3,31,11111,0xbc5c1300,-0.0134322643,0xbcee0980,-0.0290572643,0x3f800000,1
l2,0.0625,0,min-error,metric_min,exp2,0,1,1,0.019294627,0.0192882735,0.0192882735,0.019294627,6.3534826e-06,22,raw-and-scaled,8,1,fp8_e1m6,fp8_e2m5,6,5,4,28,22,exp1,16,57,14,14,0.019294627,0.0192882735,-41,0x3c9e0fc4,0.019294627,0x3f800000,1,0x3dff9cf1,0.124811061,0x3dff9cf1,0.124811061,00000111,0,7,000111,00001111,0,15,01111,0x3c7ce788,0.0154360607,0x3bf9cf10,0.00762356073,0xbf800000,-1
l2,0.0625,0,min-error,metric_min,exp2,0,1,1,0.019294627,0.0192882735,0.0192882735,0.019294627,6.3534826e-06,23,raw-and-scaled,8,1,fp8_e1m6,fp8_e2m5,6,5,4,28,23,exp1,16,57,14,14,0.019294627,0.0192882735,-41,0x3c9e0fc4,0.019294627,0x3f800000,1,0xbc7f889a,-0.0155965332,0xbc7f889a,-0.0155965332,10000000,0,0,000000,10000001,0,1,00001,0xbc7f889a,-0.0155965332,0xbbff1134,-0.00778403319,0xbf800000,-1
l2,0.0625,0,min-error,metric_min,exp2,0,1,1,0.019294627,0.0192882735,0.0192882735,0.019294627,6.3534826e-06,24,raw-and-scaled,8,1,fp8_e1m6,fp8_e2m5,6,5,4,28,24,exp1,16,57,14,14,0.019294627,0.0192882735,-41,0x3c9e0fc4,0.019294627,0x3f800000,1,0x3fff8cdb,1.99648607,0x3fff8cdb,1.99648607,01111111,1,63,111111,01111111,3,31,11111,0x3c466d80,0.0121110678,0x3ce336c0,0.0277360678,0x3f800000,1
l2,0.0625,0,min-error,metric_min,exp2,0,1,1,0.019294627,0.0192882735,0.0192882735,0.019294627,6.3534826e-06,25,raw-and-scaled,8,1,fp8_e1m6,fp8_e2m5,6,5,4,28,25,exp1,16,57,14,14,0.019294627,0.0192882735,-41,0x3c9e0fc4,0.019294627,0x3f800000,1,0x3eff9789,0.499202996,0x3eff9789,0.499202996,00011111,0,31,011111,00111111,1,31,11111,0x3c72f120,0.0148279965,0x3be5e240,0.00701549649,0xbf800000,-1
l2,0.0625,0,min-error,metric_min,exp2,0,1,1,0.019294627,0.0192882735,0.0192882735,0.019294627,6.3534826e-06,26,raw-and-scaled,8,1,fp8_e1m6,fp8_e2m5,6,5,4,28,26,exp1,16,57,14,14,0.019294627,0.0192882735,-41,0x3c9e0fc4,0.019294627,0x3f800000,1,0x3e7f9556,0.249593109,0x3e7f9556,0.249593109,00001111,0,15,001111,00011111,0,31,11111,0x3c795560,0.0152181089,0x3bf2aac0,0.00740560889,0xbf800000,-1
l2,0.0625,0,min-error,metric_min,exp2,0,1,1,0.019294627,0.0192882735,0.0192882735,0.019294627,6.3534826e-06,27,raw-and-scaled,8,1,fp8_e1m6,fp8_e2m5,6,5,4,28,27,exp1,16,57,14,14,0.019294627,0.0192882735,-41,0x3c9e0fc4,0.019294627,0x3f800000,1,0x3b7faf28,0.00390143134,0x3b7faf28,0.00390143134,00000000,0,0,000000,00000000,0,0,00000,0x3b7faf28,0.00390143134,0x3b7faf28,0.00390143134,0x00000000,0
l2,0.0625,0,min-error,metric_min,exp2,0,1,1,0.019294627,0.0192882735,0.0192882735,0.019294627,6.3534826e-06,28,raw-and-scaled,8,1,fp8_e1m6,fp8_e2m5,6,5,4,28,28,exp1,16,57,14,14,0.019294627,0.0192882735,-41,0x3c9e0fc4,0.019294627,0x3f800000,1,0x3c7f820c,0.0155949704,0x3c7f820c,0.0155949704,00000000,0,0,000000,00000001,0,1,00001,0x3c7f820c,0.0155949704,0x3bff0418,0.00778247043,0xbf800000,-1
l2,0.0625,0,min-error,metric_min,exp2,0,1,1,0.019294627,0.0192882735,0.0192882735,0.019294627,6.3534826e-06,29,raw-and-scaled,8,1,fp8_e1m6,fp8_e2m5,6,5,4,28,29,exp1,16,57,14,14,0.019294627,0.0192882735,-41,0x3c9e0fc4,0.019294627,0x3f800000,1,0x3cff93cc,0.0311984047,0x3cff93cc,0.0311984047,00000001,0,1,000001,00000011,0,3,00011,0x3c7f2798,0.0155734047,0x3bfe4f30,0.00776090473,0xbf800000,-1
l2,0.0625,0,min-error,metric_min,exp2,0,1,1,0.019294627,0.0192882735,0.0192882735,0.019294627,6.3534826e-06,30,raw-and-scaled,8,1,fp8_e1m6,fp8_e2m5,6,5,4,28,30,exp1,16,57,14,14,0.019294627,0.0192882735,-41,0x3c9e0fc4,0.019294627,0x3f800000,1,0xbdffb42b,-0.124855362,0xbdffb42b,-0.124855362,10000111,0,7,000111,10001111,0,15,01111,0xbc7da158,-0.0154803619,0xbbfb42b0,-0.00766786188,0xbf800000,-1
l2,0.0625,0,min-error,metric_min,exp2,0,1,1,0.019294627,0.0192882735,0.0192882735,0.019294627,6.3534826e-06,31,raw-and-scaled,8,1,fp8_e1m6,fp8_e2m5,6,5,4,28,31,exp1,16,57,14,14,0.019294627,0.0192882735,-41,0x3c9e0fc4,0.019294627,0x3f800000,1,0x3c7fb551,0.015607194,0x3c7fb551,0.015607194,00000000,0,0,000000,00000001,0,1,00001,0x3c7fb551,0.015607194,0x3bff6aa2,0.00779469404,0xbf800000,-1
l2,0.0625,0,min-error,metric_min,exp2,0,1,1,0.019294627,0.0192882735,0.0192882735,0.019294627,6.3534826e-06,32,raw-and-scaled,8,1,fp8_e1m6,fp8_e2m5,6,5,4,28,32,exp1,16,57,14,14,0.019294627,0.0192882735,-41,0x3c9e0fc4,0.019294627,0x3f800000,1,0xbaffbcab,-0.00195111835,0xbaffbcab,-0.00195111835,10000000,0,0,000000,10000000,0,0,00000,0xbaffbcab,-0.00195111835,0xbaffbcab,-0.00195111835,0x00000000,0
l2,0.0625,0,min-error,metric_min,exp2,0,1,1,0.019294627,0.0192882735,0.0192882735,0.019294627,6.3534826e-06,33,raw-and-scaled,8,1,fp8_e1m6,fp8_e2m5,6,5,4,28,33,exp1,16,57,14,14,0.019294627,0.0192882735,-41,0x3c9e0fc4,0.019294627,0x3f800000,1,0x3bffa91b,0.00780214136,0x3bffa91b,0.00780214136,00000000,0,0,000000,00000000,0,0,00000,0x3bffa91b,0.00780214136,0x3bffa91b,0.00780214136,0x00000000,0
l2,0.0625,0,min-error,metric_min,exp2,0,1,1,0.019294627,0.0192882735,0.0192882735,0.019294627,6.3534826e-06,34,raw-and-scaled,8,1,fp8_e1m6,fp8_e2m5,6,5,4,28,34,exp1,16,57,14,14,0.019294627,0.0192882735,-41,0x3c9e0fc4,0.019294627,0x3f800000,1,0x3cff8898,0.0311930627,0x3cff8898,0.0311930627,00000001,0,1,000001,00000011,0,3,00011,0x3c7f1130,0.0155680627,0x3bfe2260,0.00775556266,0xbf800000,-1
l2,0.0625,0,min-error,metric_min,exp2,0,1,1,0.019294627,0.0192882735,0.0192882735,0.019294627,6.3534826e-06,35,raw-and-scaled,8,1,fp8_e1m6,fp8_e2m5,6,5,4,28,35,exp1,16,57,14,14,0.019294627,0.0192882735,-41,0x3c9e0fc4,0.019294627,0x3f800000,1,0xbd7f9e1f,-0.0624066554,0xbd7f9e1f,-0.0624066554,10000011,0,3,000011,10000111,0,7,00111,0xbc7e787c,-0.0155316554,0xbbfcf0f8,-0.0077191554,0xbf800000,-1
l2,0.0625,0,min-error,metric_min,exp2,0,1,1,0.019294627,0.0192882735,0.0192882735,0.019294627,6.3534826e-06,36,raw-and-scaled,8,1,fp8_e1m6,fp8_e2m5,6,5,4,28,36,exp1,16,57,14,14,0.019294627,0.0192882735,-41,0x3c9e0fc4,0.019294627,0x3f800000,1,0x3affaf2b,0.00195071602,0x3affaf2b,0.00195071602,00000000,0,0,000000,00000000,0,0,00000,0x3affaf2b,0.00195071602,0x3affaf2b,0.00195071602,0x00000000,0
l2,0.0625,0,min-error,metric_min,exp2,0,1,1,0.019294627,0.0192882735,0.0192882735,0.019294627,6.3534826e-06,37,raw-and-scaled,8,1,fp8_e1m6,fp8_e2m5,6,5,4,28,37,exp1,16,57,14,14,0.019294627,0.0192882735,-41,0x3c9e0fc4,0.019294627,0x3f800000,1,0xbbff9718,-0.0077999942,0xbbff9718,-0.0077999942,10000000,0,0,000000,10000000,0,0,00000,0xbbff9718,-0.0077999942,0xbbff9718,-0.0077999942,0x00000000,0
l2,0.0625,0,min-error,metric_min,exp2,0,1,1,0.019294627,0.0192882735,0.0192882735,0.019294627,6.3534826e-06,38,raw-and-scaled,8,1,fp8_e1m6,fp8_e2m5,6,5,4,28,38,exp1,16,57,14,14,0.019294627,0.0192882735,-41,0x3c9e0fc4,0.019294627,0x3f800000,1,0x3affb636,0.00195092591,0x3affb636,0.00195092591,00000000,0,0,000000,00000000,0,0,00000,0x3affb636,0.00195092591,0x3affb636,0.00195092591,0x00000000,0
l2,0.0625,0,min-error,metric_min,exp2,0,1,1,0.019294627,0.0192882735,0.0192882735,0.019294627,6.3534826e-06,39,raw-and-scaled,8,1,fp8_e1m6,fp8_e2m5,6,5,4,28,39,exp1,16,57,14,14,0.019294627,0.0192882735,-41,0x3c9e0fc4,0.019294627,0x3f800000,1,0xbd7f9676,-0.0623993501,0xbd7f9676,-0.0623993501,10000011,0,3,000011,10000111,0,7,00111,0xbc7e59d8,-0.0155243501,0xbbfcb3b0,-0.00771185011,0xbf800000,-1
l2,0.0625,0,min-error,metric_min,exp2,0,1,1,0.019294627,0.0192882735,0.0192882735,0.019294627,6.3534826e-06,40,raw-and-scaled,8,1,fp8_e1m6,fp8_e2m5,6,5,4,28,40,exp1,16,57,14,14,0.019294627,0.0192882735,-41,0x3c9e0fc4,0.019294627,0x3f800000,1,0xbeff8a27,-0.499100894,0xbeff8a27,-0.499100894,10011111,0,31,011111,10111111,1,31,11111,0xbc7144e0,-0.0147258937,0xbbe289c0,-0.00691339374,0xbf800000,-1
l2,0.0625,0,min-error,metric_min,exp2,0,1,1,0.019294627,0.0192882735,0.0192882735,0.019294627,6.3534826e-06,41,raw-and-scaled,8,1,fp8_e1m6,fp8_e2m5,6,5,4,28,41,exp1,16,57,14,14,0.019294627,0.0192882735,-41,0x3c9e0fc4,0.019294627,0x3f800000,1,0x3f7f9071,0.998297751,0x3f7f9071,0.998297751,00111111,0,63,111111,01011111,2,31,11111,0x3c641c40,0.0139227509,0x3c641c40,0.0139227509,0x00000000,0
l2,0.0625,0,min-error,metric_min,exp2,0,1,1,0.019294627,0.0192882735,0.0192882735,0.019294627,6.3534826e-06,42,raw-and-scaled,8,1,fp8_e1m6,fp8_e2m5,6,5,4,28,42,exp1,16,57,14,14,0.019294627,0.0192882735,-41,0x3c9e0fc4,0.019294627,0x3f800000,1,0x3e7fa9be,0.249670953,0x3e7fa9be,0.249670953,00001111,0,15,001111,00011111,0,31,11111,0x3c7a9be0,0.0152959526,0x3bf537c0,0.00748345256,0xbf800000,-1
l2,0.0625,0,min-error,metric_min,exp2,0,1,1,0.019294627,0.0192882735,0.0192882735,0.019294627,6.3534826e-06,43,raw-and-scaled,8,1,fp8_e1m6,fp8_e2m5,6,5,4,28,43,exp1,16,57,14,14,0.019294627,0.0192882735,-41,0x3c9e0fc4,0.019294627,0x3f800000,1,0x3d7faae3,0.0624188296,0x3d7faae3,0.0624188296,00000011,0,3,000011,00000111,0,7,00111,0x3c7eab8c,0.0155438296,0x3bfd5718,0.00773132965,0xbf800000,-1
l2,0.0625,0,min-error,metric_min,exp2,0,1,1,0.019294627,0.0192882735,0.0192882735,0.019294627,6.3534826e-06,44,raw-and-scaled,8,1,fp8_e1m6,fp8_e2m5,6,5,4,28,44,exp1,16,57,14,14,0.019294627,0.0192882735,-41,0x3c9e0fc4,0.019294627,0x3f800000,1,0x3f7f92a9,0.998331606,0x3f7f92a9,0.998331606,00111111,0,63,111111,01011111,2,31,11111,0x3c64aa40,0.0139566064,0x3c64aa40,0.0139566064,0x00000000,0
l2,0.0625,0,min-error,metric_min,exp2,0,1,1,0.019294627,0.0192882735,0.0192882735,0.019294627,6.3534826e-06,45,raw-and-scaled,8,1,fp8_e1m6,fp8_e2m5,6,5,4,28,45,exp1,16,57,14,14,0.019294627,0.0192882735,-41,0x3c9e0fc4,0.019294627,0x3f800000,1,0xbeff8cd7,-0.499121398,0xbeff8cd7,-0.499121398,10011111,0,31,011111,10111111,1,31,11111,0xbc719ae0,-0.0147463977,0xbbe335c0,-0.00693389773,0xbf800000,-1
l2,0.0625,0,min-error,metric_min,exp2,0,1,1,0.019294627,0.0192882735,0.0192882735,0.019294627,6.3534826e-06,46,raw-and-scaled,8,1,fp8_e1m6,fp8_e2m5,6,5,4,28,46,exp1,16,57,14,14,0.019294627,0.0192882735,-41,0x3c9e0fc4,0.019294627,0x3f800000,1,0x3fffa7d7,1.99730957,0x3fffa7d7,1.99730957,01111111,1,63,111111,01111111,3,31,11111,0x3c53eb80,0.0129345655,0x3ce9f5c0,0.0285595655,0x3f800000,1
l2,0.0625,0,min-error,metric_min,exp2,0,1,1,0.019294627,0.0192882735,0.0192882735,0.019294627,6.3534826e-06,47,raw-and-scaled,8,1,fp8_e1m6,fp8_e2m5,6,5,4,28,47,exp1,16,57,14,14,0.019294627,0.0192882735,-41,0x3c9e0fc4,0.019294627,0x3f800000,1,0x3bffa013,0.00780106476,0x3bffa013,0.00780106476,00000000,0,0,000000,00000000,0,0,00000,0x3bffa013,0.00780106476,0x3bffa013,0.00780106476,0x00000000,0
l2,0.0625,0,min-error,metric_min,exp2,0,1,1,0.019294627,0.0192882735,0.0192882735,0.019294627,6.3534826e-06,48,raw-and-scaled,8,1,fp8_e1m6,fp8_e2m5,6,5,4,28,48,exp1,16,57,14,14,0.019294627,0.0192882735,-41,0x3c9e0fc4,0.019294627,0x3f800000,1,0x3bffa39c,0.00780148618,0x3bffa39c,0.00780148618,00000000,0,0,000000,00000000,0,0,00000,0x3bffa39c,0.00780148618,0x3bffa39c,0.00780148618,0x00000000,0
l2,0.0625,0,min-error,metric_min,exp2,0,1,1,0.019294627,0.0192882735,0.0192882735,0.019294627,6.3534826e-06,49,raw-and-scaled,8,1,fp8_e1m6,fp8_e2m5,6,5,4,28,49,exp1,16,57,14,14,0.019294627,0.0192882735,-41,0x3c9e0fc4,0.019294627,0x3f800000,1,0x3b7fa3c3,0.00390075217,0x3b7fa3c3,0.00390075217,00000000,0,0,000000,00000000,0,0,00000,0x3b7fa3c3,0.00390075217,0x3b7fa3c3,0.00390075217,0x00000000,0
l2,0.0625,0,min-error,metric_min,exp2,0,1,1,0.019294627,0.0192882735,0.0192882735,0.019294627,6.3534826e-06,50,raw-and-scaled,8,1,fp8_e1m6,fp8_e2m5,6,5,4,28,50,exp1,16,57,14,14,0.019294627,0.0192882735,-41,0x3c9e0fc4,0.019294627,0x3f800000,1,0x3c7fbc66,0.0156088825,0x3c7fbc66,0.0156088825,00000000,0,0,000000,00000001,0,1,00001,0x3c7fbc66,0.0156088825,0x3bff78cc,0.00779638253,0xbf800000,-1
l2,0.0625,0,min-error,metric_min,exp2,0,1,1,0.019294627,0.0192882735,0.0192882735,0.019294627,6.3534826e-06,51,raw-and-scaled,8,1,fp8_e1m6,fp8_e2m5,6,5,4,28,51,exp1,16,57,14,14,0.019294627,0.0192882735,-41,0x3c9e0fc4,0.019294627,0x3f800000,1,0x3fffba67,1.99787605,0x3fffba67,1.99787605,01111111,1,63,111111,01111111,3,31,11111,0x3c5d3380,0.0135010481,0x3cee99c0,0.0291260481,0x3f800000,1
l2,0.0625,0,min-error,metric_min,exp2,0,1,1,0.019294627,0.0192882735,0.0192882735,0.019294627,6.3534826e-06,52,raw-and-scaled,8,1,fp8_e1m6,fp8_e2m5,6,5,4,28,52,exp1,16,57,14,14,0.019294627,0.0192882735,-41,0x3c9e0fc4,0.019294627,0x3f800000,1,0xbb7f8491,-0.00389889278,0xbb7f8491,-0.00389889278,10000000,0,0,000000,10000000,0,0,00000,0xbb7f8491,-0.00389889278,0xbb7f8491,-0.00389889278,0x00000000,0
l2,0.0625,0,min-error,metric_min,exp2,0,1,1,0.019294627,0.0192882735,0.0192882735,0.019294627,6.3534826e-06,53,raw-and-scaled,8,1,fp8_e1m6,fp8_e2m5,6,5,4,28,53,exp1,16,57,14,14,0.019294627,0.0192882735,-41,0x3c9e0fc4,0.019294627,0x3f800000,1,0xbd7faf69,-0.0624231435,0xbd7faf69,-0.0624231435,10000011,0,3,000011,10000111,0,7,00111,0xbc7ebda4,-0.0155481435,0xbbfd7b48,-0.00773564354,0xbf800000,-1
l2,0.0625,0,min-error,metric_min,exp2,0,1,1,0.019294627,0.0192882735,0.0192882735,0.019294627,6.3534826e-06,54,raw-and-scaled,8,1,fp8_e1m6,fp8_e2m5,6,5,4,28,54,exp1,16,57,14,14,0.019294627,0.0192882735,-41,0x3c9e0fc4,0.019294627,0x3f800000,1,0x3d7f8857,0.0623858832,0x3d7f8857,0.0623858832,00000011,0,3,000011,00000111,0,7,00111,0x3c7e215c,0.0155108832,0x3bfc42b8,0.00769838318,0xbf800000,-1
l2,0.0625,0,min-error,metric_min,exp2,0,1,1,0.019294627,0.0192882735,0.0192882735,0.019294627,6.3534826e-06,55,raw-and-scaled,8,1,fp8_e1m6,fp8_e2m5,6,5,4,28,55,exp1,16,57,14,14,0.019294627,0.0192882735,-41,0x3c9e0fc4,0.019294627,0x3f800000,1,0x3d7f8c26,0.0623895153,0x3d7f8c26,0.0623895153,00000011,0,3,000011,00000111,0,7,00111,0x3c7e3098,0.0155145153,0x3bfc6130,0.00770201534,0xbf800000,-1
l2,0.0625,0,min-error,metric_min,exp2,0,1,1,0.019294627,0.0192882735,0.0192882735,0.019294627,6.3534826e-06,56,raw-and-scaled,8,1,fp8_e1m6,fp8_e2m5,6,5,4,28,56,exp1,16,57,14,14,0.019294627,0.0192882735,-41,0x3c9e0fc4,0.019294627,0x3f800000,1,0x3affa4de,0.00195040903,0x3affa4de,0.00195040903,00000000,0,0,000000,00000000,0,0,00000,0x3affa4de,0.00195040903,0x3affa4de,0.00195040903,0x00000000,0
l2,0.0625,0,min-error,metric_min,exp2,0,1,1,0.019294627,0.0192882735,0.0192882735,0.019294627,6.3534826e-06,57,raw-and-scaled,8,1,fp8_e1m6,fp8_e2m5,6,5,4,28,57,exp1,16,57,14,14,0.019294627,0.0192882735,-41,0x3c9e0fc4,0.019294627,0x3f800000,1,0xbf7faf7b,-0.998771369,0xbf7faf7b,-0.998771369,10111111,0,63,111111,11011111,2,31,11111,0xbc6bdec0,-0.0143963695,0xbc6bdec0,-0.0143963695,0x00000000,0
l2,0.0625,0,min-error,metric_min,exp2,0,1,1,0.019294627,0.0192882735,0.0192882735,0.019294627,6.3534826e-06,58,raw-and-scaled,8,1,fp8_e1m6,fp8_e2m5,6,5,4,28,58,exp1,16,57,14,14,0.019294627,0.0192882735,-41,0x3c9e0fc4,0.019294627,0x3f800000,1,0x3eff9ef0,0.499259472,0x3eff9ef0,0.499259472,00011111,0,31,011111,00111111,1,31,11111,0x3c73de00,0.0148844719,0x3be7bc00,0.00707197189,0xbf800000,-1
l2,0.0625,0,min-error,metric_min,exp2,0,1,1,0.019294627,0.0192882735,0.0192882735,0.019294627,6.3534826e-06,59,raw-and-scaled,8,1,fp8_e1m6,fp8_e2m5,6,5,4,28,59,exp1,16,57,14,14,0.019294627,0.0192882735,-41,0x3c9e0fc4,0.019294627,0x3f800000,1,0x3d7fa58c,0.0624137372,0x3d7fa58c,0.0624137372,00000011,0,3,000011,00000111,0,7,00111,0x3c7e9630,0.0155387372,0x3bfd2c60,0.00772623718,0xbf800000,-1
l2,0.0625,0,min-error,metric_min,exp2,0,1,1,0.019294627,0.0192882735,0.0192882735,0.019294627,6.3534826e-06,60,raw-and-scaled,8,1,fp8_e1m6,fp8_e2m5,6,5,4,28,60,exp1,16,57,14,14,0.019294627,0.0192882735,-41,0x3c9e0fc4,0.019294627,0x3f800000,1,0xbcffb2fc,-0.0312132761,0xbcffb2fc,-0.0312132761,10000001,0,1,000001,10000011,0,3,00011,0xbc7f65f8,-0.0155882761,0xbbfecbf0,-0.00777577609,0xbf800000,-1
l2,0.0625,0,min-error,metric_min,exp2,0,1,1,0.019294627,0.0192882735,0.0192882735,0.019294627,6.3534826e-06,61,raw-and-scaled,8,1,fp8_e1m6,fp8_e2m5,6,5,4,28,61,exp1,16,57,14,14,0.019294627,0.0192882735,-41,0x3c9e0fc4,0.019294627,0x3f800000,1,0x3aff80e5,0.00194933696,0x3aff80e5,0.00194933696,00000000,0,0,000000,00000000,0,0,00000,0x3aff80e5,0.00194933696,0x3aff80e5,0.00194933696,0x00000000,0
l2,0.0625,0,min-error,metric_min,exp2,0,1,1,0.019294627,0.0192882735,0.0192882735,0.019294627,6.3534826e-06,62,raw-and-scaled,8,1,fp8_e1m6,fp8_e2m5,6,5,4,28,62,exp1,16,57,14,14,0.019294627,0.0192882735,-41,0x3c9e0fc4,0.019294627,0x3f800000,1,0x3f7fa287,0.99857372,0x3f7fa287,0.99857372,00111111,0,63,111111,01011111,2,31,11111,0x3c68a1c0,0.0141987205,0x3c68a1c0,0.0141987205,0x00000000,0
l2,0.0625,0,min-error,metric_min,exp2,0,1,1,0.019294627,0.0192882735,0.0192882735,0.019294627,6.3534826e-06,63,raw-and-scaled,8,1,fp8_e1m6,fp8_e2m5,6,5,4,28,63,exp1,16,57,14,14,0.019294627,0.0192882735,-41,0x3c9e0fc4,0.019294627,0x3f800000,1,0xbdffa4eb,-0.124826275,0xbdffa4eb,-0.124826275,10000111,0,7,000111,10001111,0,15,01111,0xbc7d2758,-0.0154512748,0xbbfa4eb0,-0.00763877481,0xbf800000,-1
l2,0.0625,0,min-error,metric_min,exp2,0,1,1,0.019294627,0.0192882735,0.0192882735,0.019294627,6.3534826e-06,64,raw-and-scaled,8,1,fp8_e1m6,fp8_e2m5,6,5,4,28,64,exp1,16,57,14,14,0.019294627,0.0192882735,-41,0x3c9e0fc4,0.019294627,0x3f800000,1,0x3effb5ae,0.499432981,0x3effb5ae,0.499432981,00011111,0,31,011111,00111111,1,31,11111,0x3c76b5c0,0.015057981,0x3bed6b80,0.00724548101,0xbf800000,-1
l2,0.0625,0,min-error,metric_min,exp2,0,1,1,0.019294627,0.0192882735,0.0192882735,0.019294627,6.3534826e-06,65,raw-and-scaled,8,1,fp8_e1m6,fp8_e2m5,6,5,4,28,65,exp1,16,57,14,14,0.019294627,0.0192882735,-41,0x3c9e0fc4,0.019294627,0x3f800000,1,0x3aff9acc,0.00195010891,0x3aff9acc,0.00195010891,00000000,0,0,000000,00000000,0,0,00000,0x3aff9acc,0.00195010891,0x3aff9acc,0.00195010891,0x00000000,0
l2,0.0625,0,min-error,metric_min,exp2,0,1,1,0.019294627,0.0192882735,0.0192882735,0.019294627,6.3534826e-06,66,raw-and-scaled,8,1,fp8_e1m6,fp8_e2m5,6,5,4,28,66,exp1,16,57,14,14,0.019294627,0.0192882735,-41,0x3c9e0fc4,0.019294627,0x3f800000,1,0xbaff9b91,-0.00195013185,0xbaff9b91,-0.00195013185,10000000,0,0,000000,10000000,0,0,00000,0xbaff9b91,-0.00195013185,0xbaff9b91,-0.00195013185,0x00000000,0
l2,0.0625,0,min-error,metric_min,exp2,0,1,1,0.019294627,0.0192882735,0.0192882735,0.019294627,6.3534826e-06,67,raw-and-scaled,8,1,fp8_e1m6,fp8_e2m5,6,5,4,28,67,exp1,16,57,14,14,0.019294627,0.0192882735,-41,0x3c9e0fc4,0.019294627,0x3f800000,1,0x3aff8072,0.00194932357,0x3aff8072,0.00194932357,00000000,0,0,000000,00000000,0,0,00000,0x3aff8072,0.00194932357,0x3aff8072,0.00194932357,0x00000000,0
l2,0.0625,0,min-error,metric_min,exp2,0,1,1,0.019294627,0.0192882735,0.0192882735,0.019294627,6.3534826e-06,68,raw-and-scaled,8,1,fp8_e1m6,fp8_e2m5,6,5,4,28,68,exp1,16,57,14,14,0.019294627,0.0192882735,-41,0x3c9e0fc4,0.019294627,0x3f800000,1,0x3affa9e2,0.00195055851,0x3affa9e2,0.00195055851,00000000,0,0,000000,00000000,0,0,00000,0x3affa9e2,0.00195055851,0x3affa9e2,0.00195055851,0x00000000,0
l2,0.0625,0,min-error,metric_min,exp2,0,1,1,0.019294627,0.0192882735,0.0192882735,0.019294627,6.3534826e-06,69,raw-and-scaled,8,1,fp8_e1m6,fp8_e2m5,6,5,4,28,69,exp1,16,57,14,14,0.019294627,0.0192882735,-41,0x3c9e0fc4,0.019294627,0x3f800000,1,0x3b7f8e01,0.0038994553,0x3b7f8e01,0.0038994553,00000000,0,0,000000,00000000,0,0,00000,0x3b7f8e01,0.0038994553,0x3b7f8e01,0.0038994553,0x00000000,0
l2,0.0625,0,min-error,metric_min,exp2,0,1,1,0.019294627,0.0192882735,0.0192882735,0.019294627,6.3534826e-06,70,raw-and-scaled,8,1,fp8_e1m6,fp8_e2m5,6,5,4,28,70,exp1,16,57,14,14,0.019294627,0.0192882735,-41,0x3c9e0fc4,0.019294627,0x3f800000,1,0xbb7f9e73,-0.00390043552,0xbb7f9e73,-0.00390043552,10000000,0,0,000000,10000000,0,0,00000,0xbb7f9e73,-0.00390043552,0xbb7f9e73,-0.00390043552,0x00000000,0
l2,0.0625,0,min-error,metric_min,exp2,0,1,1,0.019294627,0.0192882735,0.0192882735,0.019294627,6.3534826e-06,71,raw-and-scaled,8,1,fp8_e1m6,fp8_e2m5,6,5,4,28,71,exp1,16,57,14,14,0.019294627,0.0192882735,-41,0x3c9e0fc4,0.019294627,0x3f800000,1,0x3c7f8f03,0.0155980615,0x3c7f8f03,0.0155980615,00000000,0,0,000000,00000001,0,1,00001,0x3c7f8f03,0.0155980615,0x3bff1e06,0.00778556149,0xbf800000,-1
l2,0.0625,0,min-error,metric_min,exp2,0,1,1,0.019294627,0.0192882735,0.0192882735,0.019294627,6.3534826e-06,72,raw-and-scaled,8,1,fp8_e1m6,fp8_e2m5,6,5,4,28,72,exp1,16,57,14,14,0.019294627,0.0192882735,-41,0x3c9e0fc4,0.019294627,0x3f800000,1,0x3bff9f70,0.00780098885,0x3bff9f70,0.00780098885,00000000,0,0,000000,00000000,0,0,00000,0x3bff9f70,0.00780098885,0x3bff9f70,0.00780098885,0x00000000,0
l2,0.0625,0,min-error,metric_min,exp2,0,1,1,0.019294627,0.0192882735,0.0192882735,0.019294627,6.3534826e-06,73,raw-and-scaled,8,1,fp8_e1m6,fp8_e2m5,6,5,4,28,73,exp1,16,57,14,14,0.019294627,0.0192882735,-41,0x3c9e0fc4,0.019294627,0x3f800000,1,0x3b7fa584,0.00390085671,0x3b7fa584,0.00390085671,00000000,0,0,000000,00000000,0,0,00000,0x3b7fa584,0.00390085671,0x3b7fa584,0.00390085671,0x00000000,0
l2,0.0625,0,min-error,metric_min,exp2,0,1,1,0.019294627,0.0192882735,0.0192882735,0.019294627,6.3534826e-06,74,raw-and-scaled,8,1,fp8_e1m6,fp8_e2m5,6,5,4,28,74,exp1,16,57,14,14,0.019294627,0.0192882735,-41,0x3c9e0fc4,0.019294627,0x3f800000,1,0xbeff9375,-0.499171883,0xbeff9375,-0.499171883,10011111,0,31,011111,10111111,1,31,11111,0xbc726ea0,-0.0147968829,0xbbe4dd40,-0.00698438287,0xbf800000,-1
l2,0.0625,0,min-error,metric_min,exp2,0,1,1,0.019294627,0.0192882735,0.0192882735,0.019294627,6.3534826e-06,75,raw-and-scaled,8,1,fp8_e1m6,fp8_e2m5,6,5,4,28,75,exp1,16,57,14,14,0.019294627,0.0192882735,-41,0x3c9e0fc4,0.019294627,0x3f800000,1,0x3bffae41,0.00780275511,0x3bffae41,0.00780275511,00000000,0,0,000000,00000000,0,0,00000,0x3bffae41,0.00780275511,0x3bffae41,0.00780275511,0x00000000,0
l2,0.0625,0,min-error,metric_min,exp2,0,1,1,0.019294627,0.0192882735,0.0192882735,0.019294627,6.3534826e-06,76,raw-and-scaled,8,1,fp8_e1m6,fp8_e2m5,6,5,4,28,76,exp1,16,57,14,14,0.019294627,0.0192882735,-41,0x3c9e0fc4,0.019294627,0x3f800000,1,0x3aff8c9c,0.00194968609,0x3aff8c9c,0.00194968609,00000000,0,0,000000,00000000,0,0,00000,0x3aff8c9c,0.00194968609,0x3aff8c9c,0.00194968609,0x00000000,0
l2,0.0625,0,min-error,metric_min,exp2,0,1,1,0.019294627,0.0192882735,0.0192882735,0.019294627,6.3534826e-06,77,raw-and-scaled,8,1,fp8_e1m6,fp8_e2m5,6,5,4,28,77,exp1,16,57,14,14,0.019294627,0.0192882735,-41,0x3c9e0fc4,0.019294627,0x3f800000,1,0xbb7fbacd,-0.00390212541,0xbb7fbacd,-0.00390212541,10000000,0,0,000000,10000000,0,0,00000,0xbb7fbacd,-0.00390212541,0xbb7fbacd,-0.00390212541,0x00000000,0
l2,0.0625,0,min-error,metric_min,exp2,0,1,1,0.019294627,0.0192882735,0.0192882735,0.019294627,6.3534826e-06,78,raw-and-scaled,8,1,fp8_e1m6,fp8_e2m5,6,5,4,28,78,exp1,16,57,14,14,0.019294627,0.0192882735,-41,0x3c9e0fc4,0.019294627,0x3f800000,1,0x3bffb6f1,0.00780379074,0x3bffb6f1,0.00780379074,00000000,0,0,000000,00000000,0,0,00000,0x3bffb6f1,0.00780379074,0x3bffb6f1,0.00780379074,0x00000000,0
l2,0.0625,0,min-error,metric_min,exp2,0,1,1,0.019294627,0.0192882735,0.0192882735,0.019294627,6.3534826e-06,79,raw-and-scaled,8,1,fp8_e1m6,fp8_e2m5,6,5,4,28,79,exp1,16,57,14,14,0.019294627,0.0192882735,-41,0x3c9e0fc4,0.019294627,0x3f800000,1,0x3b7f8183,0.00389871071,0x3b7f8183,0.00389871071,00000000,0,0,000000,00000000,0,0,00000,0x3b7f8183,0.00389871071,0x3b7f8183,0.00389871071,0x00000000,0
l2,0.0625,0,min-error,metric_min,exp2,0,1,1,0.019294627,0.0192882735,0.0192882735,0.019294627,6.3534826e-06,80,raw-and-scaled,8,1,fp8_e1m6,fp8_e2m5,6,5,4,28,80,exp1,16,57,14,14,0.019294627,0.0192882735,-41,0x3c9e0fc4,0.019294627,0x3f800000,1,0xbbffac0f,-0.0078024934,0xbbffac0f,-0.0078024934,10000000,0,0,000000,10000000,0,0,00000,0xbbffac0f,-0.0078024934,0xbbffac0f,-0.0078024934,0x00000000,0
l2,0.0625,0,min-error,metric_min,exp2,0,1,1,0.019294627,0.0192882735,0.0192882735,0.019294627,6.3534826e-06,81,raw-and-scaled,8,1,fp8_e1m6,fp8_e2m5,6,5,4,28,81,exp1,16,57,14,14,0.019294627,0.0192882735,-41,0x3c9e0fc4,0.019294627,0x3f800000,1,0xbcffb972,-0.0312163569,0xbcffb972,-0.0312163569,10000001,0,1,000001,10000011,0,3,00011,0xbc7f72e4,-0.0155913569,0xbbfee5c8,-0.0077788569,0xbf800000,-1
l2,0.0625,0,min-error,metric_min,exp2,0,1,1,0.019294627,0.0192882735,0.0192882735,0.019294627,6.3534826e-06,82,raw-and-scaled,8,1,fp8_e1m6,fp8_e2m5,6,5,4,28,82,exp1,16,57,14,14,0.019294627,0.0192882735,-41,0x3c9e0fc4,0.019294627,0x3f800000,1,0xbbffb765,-0.00780384475,0xbbffb765,-0.00780384475,10000000,0,0,000000,10000000,0,0,00000,0xbbffb765,-0.00780384475,0xbbffb765,-0.00780384475,0x00000000,0
l2,0.0625,0,min-error,metric_min,exp2,0,1,1,0.019294627,0.0192882735,0.0192882735,0.019294627,6.3534826e-06,83,raw-and-scaled,8,1,fp8_e1m6,fp8_e2m5,6,5,4,28,83,exp1,16,57,14,14,0.019294627,0.0192882735,-41,0x3c9e0fc4,0.019294627,0x3f800000,1,0xbeff80f8,-0.499030828,0xbeff80f8,-0.499030828,10011111,0,31,011111,10111111,1,31,11111,0xbc701f00,-0.0146558285,0xbbe03e00,-0.00684332848,0xbf800000,-1
l2,0.0625,0,min-error,metric_min,exp2,0,1,1,0.019294627,0.0192882735,0.0192882735,0.019294627,6.3534826e-06,84,raw-and-scaled,8,1,fp8_e1m6,fp8_e2m5,6,5,4,28,84,exp1,16,57,14,14,0.019294627,0.0192882735,-41,0x3c9e0fc4,0.019294627,0x3f800000,1,0xbc7fa47a,-0.0156031791,0xbc7fa47a,-0.0156031791,10000000,0,0,000000,10000001,0,1,00001,0xbc7fa47a,-0.0156031791,0xbbff48f4,-0.00779067911,0xbf800000,-1
l2,0.0625,0,min-error,metric_min,exp2,0,1,1,0.019294627,0.0192882735,0.0192882735,0.019294627,6.3534826e-06,85,raw-and-scaled,8,1,fp8_e1m6,fp8_e2m5,6,5,4,28,85,exp1,16,57,14,14,0.019294627,0.0192882735,-41,0x3c9e0fc4,0.019294627,0x3f800000,1,0x3e7fbaed,0.249736503,0x3e7fbaed,0.249736503,00001111,0,15,001111,00011111,0,31,11111,0x3c7baed0,0.0153615028,0x3bf75da0,0.00754900277,0xbf800000,-1
l2,0.0625,0,min-error,metric_min,exp2,0,1,1,0.019294627,0.0192882735,0.0192882735,0.019294627,6.3534826e-06,86,raw-and-scaled,8,1,fp8_e1m6,fp8_e2m5,6,5,4,28,86,exp1,16,57,14,14,0.019294627,0.0192882735,-41,0x3c9e0fc4,0.019294627,0x3f800000,1,0x3e7fa49d,0.249651387,0x3e7fa49d,0.249651387,00001111,0,15,001111,00011111,0,31,11111,0x3c7a49d0,0.0152763873,0x3bf493a0,0.00746388733,0xbf800000,-1
l2,0.0625,0,min-error,metric_min,exp2,0,1,1,0.019294627,0.0192882735,0.0192882735,0.019294627,6.3534826e-06,87,raw-and-scaled,8,1,fp8_e1m6,fp8_e2m5,6,5,4,28,87,exp1,16,57,14,14,0.019294627,0.0192882735,-41,0x3c9e0fc4,0.019294627,0x3f800000,1,0xbcffaf99,-0.0312116612,0xbcffaf99,-0.0312116612,10000001,0,1,000001,10000011,0,3,00011,0xbc7f5f32,-0.0155866612,0xbbfebe64,-0.00777416117,0xbf800000,-1
l2,0.0625,0,min-error,metric_min,exp2,0,1,1,0.019294627,0.0192882735,0.0192882735,0.019294627,6.3534826e-06,88,raw-and-scaled,8,1,fp8_e1m6,fp8_e2m5,6,5,4,28,88,exp1,16,57,14,14,0.019294627,0.0192882735,-41,0x3c9e0fc4,0.019294627,0x3f800000,1,0xbc7fb577,-0.0156072294,0xbc7fb577,-0.0156072294,10000000,0,0,000000,10000001,0,1,00001,0xbc7fb577,-0.0156072294,0xbbff6aee,-0.00779472943,0xbf800000,-1
l2,0.0625,0,min-error,metric_min,exp2,0,1,1,0.019294627,0.0192882735,0.0192882735,0.019294627,6.3534826e-06,89,raw-and-scaled,8,1,fp8_e1m6,fp8_e2m5,6,5,4,28,89,exp1,16,57,14,14,0.019294627,0.0192882735,-41,0x3c9e0fc4,0.019294627,0x3f800000,1,0x3fffafa9,1.99754822,0x3fffafa9,1.99754822,01111111,1,63,111111,01111111,3,31,11111,0x3c57d480,0.0131732225,0x3cebea40,0.0287982225,0x3f800000,1
l2,0.0625,0,min-error,metric_min,exp2,0,1,1,0.019294627,0.0192882735,0.0192882735,0.019294627,6.3534826e-06,90,raw-and-scaled,8,1,fp8_e1m6,fp8_e2m5,6,5,4,28,90,exp1,16,57,14,14,0.019294627,0.0192882735,-41,0x3c9e0fc4,0.019294627,0x3f800000,1,0x3b7f87c3,0.00389908324,0x3b7f87c3,0.00389908324,00000000,0,0,000000,00000000,0,0,00000,0x3b7f87c3,0.00389908324,0x3b7f87c3,0.00389908324,0x00000000,0
l2,0.0625,0,min-error,metric_min,exp2,0,1,1,0.019294627,0.0192882735,0.0192882735,0.019294627,6.3534826e-06,91,raw-and-scaled,8,1,fp8_e1m6,fp8_e2m5,6,5,4,28,91,exp1,16,57,14,14,0.019294627,0.0192882735,-41,0x3c9e0fc4,0.019294627,0x3f800000,1,0xbaff9318,-0.00194987934,0xbaff9318,-0.00194987934,10000000,0,0,000000,10000000,0,0,00000,0xbaff9318,-0.00194987934,0xbaff9318,-0.00194987934,0x00000000,0
l2,0.0625,0,min-error,metric_min,exp2,0,1,1,0.019294627,0.0192882735,0.0192882735,0.019294627,6.3534826e-06,92,raw-and-scaled,8,1,fp8_e1m6,fp8_e2m5,6,5,4,28,92,exp1,16,57,14,14,0.019294627,0.0192882735,-41,0x3c9e0fc4,0.019294627,0x3f800000,1,0x3cff8d4e,0.031195309,0x3cff8d4e,0.031195309,00000001,0,1,000001,00000011,0,3,00011,0x3c7f1a9c,0.015570309,0x3bfe3538,0.00775780901,0xbf800000,-1
l2,0.0625,0,min-error,metric_min,exp2,0,1,1,0.019294627,0.0192882735,0.0192882735,0.019294627,6.3534826e-06,93,raw-and-scaled,8,1,fp8_e1m6,fp8_e2m5,6,5,4,28,93,exp1,16,57,14,14,0.019294627,0.0192882735,-41,0x3c9e0fc4,0.019294627,0x3f800000,1,0x3dff9d5c,0.124811858,0x3dff9d5c,0.124811858,00000111,0,7,000111,00001111,0,15,01111,0x3c7ceae0,0.0154368579,0x3bf9d5c0,0.00762435794,0xbf800000,-1
l2,0.0625,0,min-error,metric_min,exp2,0,1,1,0.019294627,0.0192882735,0.0192882735,0.019294627,6.3534826e-06,94,raw-and-scaled,8,1,fp8_e1m6,fp8_e2m5,6,5,4,28,94,exp1,16,57,14,14,0.019294627,0.0192882735,-41,0x3c9e0fc4,0.019294627,0x3f800000,1,0x3bffad61,0.0078026508,0x3bffad61,0.0078026508,00000000,0,0,000000,00000000,0,0,00000,0x3bffad61,0.0078026508,0x3bffad61,0.0078026508,0x00000000,0
l2,0.0625,0,min-error,metric_min,exp2,0,1,1,0.019294627,0.0192882735,0.0192882735,0.019294627,6.3534826e-06,95,raw-and-scaled,8,1,fp8_e1m6,fp8_e2m5,6,5,4,28,95,exp1,16,57,14,14,0.019294627,0.0192882735,-41,0x3c9e0fc4,0.019294627,0x3f800000,1,0x3f7fad0f,0.998734415,0x3f7fad0f,0.998734415,00111111,0,63,111111,01011111,2,31,11111,0x3c6b43c0,0.0143594146,0x3c6b43c0,0.0143594146,0x00000000,0
l2,0.0625,0,min-error,metric_min,exp2,0,1,1,0.019294627,0.0192882735,0.0192882735,0.019294627,6.3534826e-06,96,raw-and-scaled,8,1,fp8_e1m6,fp8_e2m5,6,5,4,28,96,exp1,16,57,14,14,0.019294627,0.0192882735,-41,0x3c9e0fc4,0.019294627,0x3f800000,1,0xbbffb57a,-0.00780361611,0xbbffb57a,-0.00780361611,10000000,0,0,000000,10000000,0,0,00000,0xbbffb57a,-0.00780361611,0xbbffb57a,-0.00780361611,0x00000000,0
l2,0.0625,0,min-error,metric_min,exp2,0,1,1,0.019294627,0.0192882735,0.0192882735,0.019294627,6.3534826e-06,97,raw-and-scaled,8,1,fp8_e1m6,fp8_e2m5,6,5,4,28,97,exp1,16,57,14,14,0.019294627,0.0192882735,-41,0x3c9e0fc4,0.019294627,0x3f800000,1,0x3c7fb71f,0.0156076243,0x3c7fb71f,0.0156076243,00000000,0,0,000000,00000001,0,1,00001,0x3c7fb71f,0.0156076243,0x3bff6e3e,0.00779512431,0xbf800000,-1
l2,0.0625,0,min-error,metric_min,exp2,0,1,1,0.019294627,0.0192882735,0.0192882735,0.019294627,6.3534826e-06,98,raw-and-scaled,8,1,fp8_e1m6,fp8_e2m5,6,5,4,28,98,exp1,16,57,14,14,0.019294627,0.0192882735,-41,0x3c9e0fc4,0.019294627,0x3f800000,1,0x3b7fbb97,0.00390217244,0x3b7fbb97,0.00390217244,00000000,0,0,000000,00000000,0,0,00000,0x3b7fbb97,0.00390217244,0x3b7fbb97,0.00390217244,0x00000000,0
l2,0.0625,0,min-error,metric_min,exp2,0,1,1,0.019294627,0.0192882735,0.0192882735,0.019294627,6.3534826e-06,99,raw-and-scaled,8,1,fp8_e1m6,fp8_e2m5,6,5,4,28,99,exp1,16,57,14,14,0.019294627,0.0192882735,-41,0x3c9e0fc4,0.019294627,0x3f800000,1,0xbcff9a51,-0.0312015135,0xbcff9a51,-0.0312015135,10000001,0,1,000001,10000011,0,3,00011,0xbc7f34a2,-0.0155765135,0xbbfe6944,-0.00776401348,0xbf800000,-1
l2,0.0625,0,min-error,metric_min,exp2,0,1,1,0.019294627,0.0192882735,0.0192882735,0.019294627,6.3534826e-06,100,raw-and-scaled,8,1,fp8_e1m6,fp8_e2m5,6,5,4,28,100,exp1,16,57,14,14,0.019294627,0.0192882735,-41,0x3c9e0fc4,0.019294627,0x3f800000,1,0xbfff8f35,-1.99655783,0xbfff8f35,-1.99655783,11111111,1,63,111111,11111111,3,31,11111,0xbc479a80,-0.0121828318,0xbce3cd40,-0.0278078318,0x3f800000,1
l2,0.0625,0,min-error,metric_min,exp2,0,1,1,0.019294627,0.0192882735,0.0192882735,0.019294627,6.3534826e-06,101,raw-and-scaled,8,1,fp8_e1m6,fp8_e2m5,6,5,4,28,101,exp1,16,57,14,14,0.019294627,0.0192882735,-41,0x3c9e0fc4,0.019294627,0x3f800000,1,0x3bff85e3,0.00779794296,0x3bff85e3,0.00779794296,00000000,0,0,000000,00000000,0,0,00000,0x3bff85e3,0.00779794296,0x3bff85e3,0.00779794296,0x00000000,0
l2,0.0625,0,min-error,metric_min,exp2,0,1,1,0.019294627,0.0192882735,0.0192882735,0.019294627,6.3534826e-06,102,raw-and-scaled,8,1,fp8_e1m6,fp8_e2m5,6,5,4,28,102,exp1,16,57,14,14,0.019294627,0.0192882735,-41,0x3c9e0fc4,0.019294627,0x3f800000,1,0x3bffa0d0,0.00780115277,0x3bffa0d0,0.00780115277,00000000,0,0,000000,00000000,0,0,00000,0x3bffa0d0,0.00780115277,0x3bffa0d0,0.00780115277,0x00000000,0
l2,0.0625,0,min-error,metric_min,exp2,0,1,1,0.019294627,0.0192882735,0.0192882735,0.019294627,6.3534826e-06,103,raw-and-scaled,8,1,fp8_e1m6,fp8_e2m5,6,5,4,28,103,exp1,16,57,14,14,0.019294627,0.0192882735,-41,0x3c9e0fc4,0.019294627,0x3f800000,1,0xbaffa4aa,-0.00195040298,0xbaffa4aa,-0.00195040298,10000000,0,0,000000,10000000,0,0,00000,0xbaffa4aa,-0.00195040298,0xbaffa4aa,-0.00195040298,0x00000000,0
l2,0.0625,0,min-error,metric_min,exp2,0,1,1,0.019294627,0.0192882735,0.0192882735,0.019294627,6.3534826e-06,104,raw-and-scaled,8,1,fp8_e1m6,fp8_e2m5,6,5,4,28,104,exp1,16,57,14,14,0.019294627,0.0192882735,-41,0x3c9e0fc4,0.019294627,0x3f800000,1,0x3b7fa2a9,0.00390068651,0x3b7fa2a9,0.00390068651,00000000,0,0,000000,00000000,0,0,00000,0x3b7fa2a9,0.00390068651,0x3b7fa2a9,0.00390068651,0x00000000,0
l2,0.0625,0,min-error,metric_min,exp2,0,1,1,0.019294627,0.0192882735,0.0192882735,0.019294627,6.3534826e-06,105,raw-and-scaled,8,1,fp8_e1m6,fp8_e2m5,6,5,4,28,105,exp1,16,57,14,14,0.019294627,0.0192882735,-41,0x3c9e0fc4,0.019294627,0x3f800000,1,0x3f7f9364,0.998342752,0x3f7f9364,0.998342752,00111111,0,63,111111,01011111,2,31,11111,0x3c64d900,0.0139677525,0x3c64d900,0.0139677525,0x00000000,0
l2,0.0625,0,min-error,metric_min,exp2,0,1,1,0.019294627,0.0192882735,0.0192882735,0.019294627,6.3534826e-06,106,raw-and-scaled,8,1,fp8_e1m6,fp8_e2m5,6,5,4,28,106,exp1,16,57,14,14,0.019294627,0.0192882735,-41,0x3c9e0fc4,0.019294627,0x3f800000,1,0xbfffa512,-1.99722505,0xbfffa512,-1.99722505,11111111,1,63,111111,11111111,3,31,11111,0xbc528900,-0.0128500462,0xbce94480,-0.0284750462,0x3f800000,1
l2,0.0625,0,min-error,metric_min,exp2,0,1,1,0.019294627,0.0192882735,0.0192882735,0.019294627,6.3534826e-06,107,raw-and-scaled,8,1,fp8_e1m6,fp8_e2m5,6,5,4,28,107,exp1,16,57,14,14,0.019294627,0.0192882735,-41,0x3c9e0fc4,0.019294627,0x3f800000,1,0x3bffab3e,0.00780239608,0x3bffab3e,0.00780239608,00000000,0,0,000000,00000000,0,0,00000,0x3bffab3e,0.00780239608,0x3bffab3e,0.00780239608,0x00000000,0
l2,0.0625,0,min-error,metric_min,exp2,0,1,1,0.019294627,0.0192882735,0.0192882735,0.019294627,6.3534826e-06,108,raw-and-scaled,8,1,fp8_e1m6,fp8_e2m5,6,5,4,28,108,exp1,16,57,14,14,0.019294627,0.0192882735,-41,0x3c9e0fc4,0.019294627,0x3f800000,1,0x3f7fa8d1,0.998669684,0x3f7fa8d1,0.998669684,00111111,0,63,111111,01011111,2,31,11111,0x3c6a3440,0.0142946839,0x3c6a3440,0.0142946839,0x00000000,0
l2,0.0625,0,min-error,metric_min,exp2,0,1,1,0.019294627,0.0192882735,0.0192882735,0.019294627,6.3534826e-06,109,raw-and-scaled,8,1,fp8_e1m6,fp8_e2m5,6,5,4,28,109,exp1,16,57,14,14,0.019294627,0.0192882735,-41,0x3c9e0fc4,0.019294627,0x3f800000,1,0xbeffbf42,-0.499506056,0xbeffbf42,-0.499506056,10011111,0,31,011111,10111111,1,31,11111,0xbc77e840,-0.0151310563,0xbbefd080,-0.00731855631,0xbf800000,-1
l2,0.0625,0,min-error,metric_min,exp2,0,1,1,0.019294627,0.0192882735,0.0192882735,0.019294627,6.3534826e-06,110,raw-and-scaled,8,1,fp8_e1m6,fp8_e2m5,6,5,4,28,110,exp1,16,57,14,14,0.019294627,0.0192882735,-41,0x3c9e0fc4,0.019294627,0x3f800000,1,0xbcffb8a5,-0.0312159751,0xbcffb8a5,-0.0312159751,10000001,0,1,000001,10000011,0,3,00011,0xbc7f714a,-0.0155909751,0xbbfee294,-0.00777847506,0xbf800000,-1
l2,0.0625,0,min-error,metric_min,exp2,0,1,1,0.019294627,0.0192882735,0.0192882735,0.019294627,6.3534826e-06,111,raw-and-scaled,8,1,fp8_e1m6,fp8_e2m5,6,5,4,28,111,exp1,16,57,14,14,0.019294627,0.0192882735,-41,0x3c9e0fc4,0.019294627,0x3f800000,1,0xbaffadb3,-0.00195067225,0xbaffadb3,-0.00195067225,10000000,0,0,000000,10000000,0,0,00000,0xbaffadb3,-0.00195067225,0xbaffadb3,-0.00195067225,0x00000000,0
l2,0.0625,0,min-error,metric_min,exp2,0,1,1,0.019294627,0.0192882735,0.0192882735,0.019294627,6.3534826e-06,112,raw-and-scaled,8,1,fp8_e1m6,fp8_e2m5,6,5,4,28,112,exp1,16,57,14,14,0.019294627,0.0192882735,-41,0x3c9e0fc4,0.019294627,0x3f800000,1,0xbaff9ce6,-0.00195017154,0xbaff9ce6,-0.00195017154,10000000,0,0,000000,10000000,0,0,00000,0xbaff9ce6,-0.00195017154,0xbaff9ce6,-0.00195017154,0x00000000,0
l2,0.0625,0,min-error,metric_min,exp2,0,1,1,0.019294627,0.0192882735,0.0192882735,0.019294627,6.3534826e-06,113,raw-and-scaled,8,1,fp8_e1m6,fp8_e2m5,6,5,4,28,113,exp1,16,57,14,14,0.019294627,0.0192882735,-41,0x3c9e0fc4,0.019294627,0x3f800000,1,0x3dffb419,0.124855228,0x3dffb419,0.124855228,00000111,0,7,000111,00001111,0,15,01111,0x3c7da0c8,0.0154802278,0x3bfb4190,0.00766772777,0xbf800000,-1
l2,0.0625,0,min-error,metric_min,exp2,0,1,1,0.019294627,0.0192882735,0.0192882735,0.019294627,6.3534826e-06,114,raw-and-scaled,8,1,fp8_e1m6,fp8_e2m5,6,5,4,28,114,exp1,16,57,14,14,0.019294627,0.0192882735,-41,0x3c9e0fc4,0.019294627,0x3f800000,1,0x3fff93bf,1.99669635,0x3fff93bf,1.99669635,01111111,1,63,111111,01111111,3,31,11111,0x3c49df80,0.012321353,0x3ce4efc0,0.027946353,0x3f800000,1
l2,0.0625,0,min-error,metric_min,exp2,0,1,1,0.019294627,0.0192882735,0.0192882735,0.019294627,6.3534826e-06,115,raw-and-scaled,8,1,fp8_e1m6,fp8_e2m5,6,5,4,28,115,exp1,16,57,14,14,0.019294627,0.0192882735,-41,0x3c9e0fc4,0.019294627,0x3f800000,1,0xbe7fb180,-0.249700546,0xbe7fb180,-0.249700546,10001111,0,15,001111,10011111,0,31,11111,0xbc7b1800,-0.0153255463,0xbbf63000,-0.00751304626,0xbf800000,-1
l2,0.0625,0,min-error,metric_min,exp2,0,1,1,0.019294627,0.0192882735,0.0192882735,0.019294627,6.3534826e-06,116,raw-and-scaled,8,1,fp8_e1m6,fp8_e2m5,6,5,4,28,116,exp1,16,57,14,14,0.019294627,0.0192882735,-41,0x3c9e0fc4,0.019294627,0x3f800000,1,0x3fff810a,1.99612546,0x3fff810a,1.99612546,01111111,1,63,111111,01111111,3,31,11111,0x3c408500,0.0117504597,0x3ce04280,0.0273754597,0x3f800000,1
l2,0.0625,0,min-error,metric_min,exp2,0,1,1,0.019294627,0.0192882735,0.0192882735,0.019294627,6.3534826e-06,117,raw-and-scaled,8,1,fp8_e1m6,fp8_e2m5,6,5,4,28,117,exp1,16,57,14,14,0.019294627,0.0192882735,-41,0x3c9e0fc4,0.019294627,0x3f800000,1,0x3d7fbc48,0.0624354184,0x3d7fbc48,0.0624354184,00000011,0,3,000011,00000111,0,7,00111,0x3c7ef120,0.0155604184,0x3bfde240,0.00774791837,0xbf800000,-1
l2,0.0625,0,min-error,metric_min,exp2,0,1,1,0.019294627,0.0192882735,0.0192882735,0.019294627,6.3534826e-06,118,raw-and-scaled,8,1,fp8_e1m6,fp8_e2m5,6,5,4,28,118,exp1,16,57,14,14,0.019294627,0.0192882735,-41,0x3c9e0fc4,0.019294627,0x3f800000,1,0xbd7f8e28,-0.0623914301,0xbd7f8e28,-0.0623914301,10000011,0,3,000011,10000111,0,7,00111,0xbc7e38a0,-0.0155164301,0xbbfc7140,-0.00770393014,0xbf800000,-1
l2,0.0625,0,min-error,metric_min,exp2,0,1,1,0.019294627,0.0192882735,0.0192882735,0.019294627,6.3534826e-06,119,raw-and-scaled,8,1,fp8_e1m6,fp8_e2m5,6,5,4,28,119,exp1,16,57,14,14,0.019294627,0.0192882735,-41,0x3c9e0fc4,0.019294627,0x3f800000,1,0xbeffb09d,-0.499394327,0xbeffb09d,-0.499394327,10011111,0,31,011111,10111111,1,31,11111,0xbc7613a0,-0.0150193274,0xbbec2740,-0.0072068274,0xbf800000,-1
l2,0.0625,0,min-error,metric_min,exp2,0,1,1,0.019294627,0.0192882735,0.0192882735,0.019294627,6.3534826e-06,120,raw-and-scaled,8,1,fp8_e1m6,fp8_e2m5,6,5,4,28,120,exp1,16,57,14,14,0.019294627,0.0192882735,-41,0x3c9e0fc4,0.019294627,0x3f800000,1,0xbcffab59,-0.0312096346,0xbcffab59,-0.0312096346,10000001,0,1,000001,10000011,0,3,00011,0xbc7f56b2,-0.0155846346,0xbbfead64,-0.00777213462,0xbf800000,-1
l2,0.0625,0,min-error,metric_min,exp2,0,1,1,0.019294627,0.0192882735,0.0192882735,0.019294627,6.3534826e-06,121,raw-and-scaled,8,1,fp8_e1m6,fp8_e2m5,6,5,4,28,121,exp1,16,57,14,14,0.019294627,0.0192882735,-41,0x3c9e0fc4,0.019294627,0x3f800000,1,0xbc7fbde1,-0.0156092355,0xbc7fbde1,-0.0156092355,10000000,0,0,000000,10000001,0,1,00001,0xbc7fbde1,-0.0156092355,0xbbff7bc2,-0.0077967355,0xbf800000,-1
l2,0.0625,0,min-error,metric_min,exp2,0,1,1,0.019294627,0.0192882735,0.0192882735,0.019294627,6.3534826e-06,122,raw-and-scaled,8,1,fp8_e1m6,fp8_e2m5,6,5,4,28,122,exp1,16,57,14,14,0.019294627,0.0192882735,-41,0x3c9e0fc4,0.019294627,0x3f800000,1,0x3dffbda8,0.124873459,0x3dffbda8,0.124873459,00000111,0,7,000111,00001111,0,15,01111,0x3c7ded40,0.0154984593,0x3bfbda80,0.00768595934,0xbf800000,-1
l2,0.0625,0,min-error,metric_min,exp2,0,1,1,0.019294627,0.0192882735,0.0192882735,0.019294627,6.3534826e-06,123,raw-and-scaled,8,1,fp8_e1m6,fp8_e2m5,6,5,4,28,123,exp1,16,57,14,14,0.019294627,0.0192882735,-41,0x3c9e0fc4,0.019294627,0x3f800000,1,0xbf7fbe49,-0.998997271,0xbf7fbe49,-0.998997271,10111111,0,63,111111,11011111,2,31,11111,0xbc6f9240,-0.0146222711,0xbc6f9240,-0.0146222711,0x00000000,0
l2,0.0625,0,min-error,metric_min,exp2,0,1,1,0.019294627,0.0192882735,0.0192882735,0.019294627,6.3534826e-06,124,raw-and-scaled,8,1,fp8_e1m6,fp8_e2m5,6,5,4,28,124,exp1,16,57,14,14,0.019294627,0.0192882735,-41,0x3c9e0fc4,0.019294627,0x3f800000,1,0xbdffa09d,-0.124818064,0xbdffa09d,-0.124818064,10000111,0,7,000111,10001111,0,15,01111,0xbc7d04e8,-0.0154430643,0xbbfa09d0,-0.00763056427,0xbf800000,-1
l2,0.0625,0,min-error,metric_min,exp2,0,1,1,0.019294627,0.0192882735,0.0192882735,0.019294627,6.3534826e-06,125,raw-and-scaled,8,1,fp8_e1m6,fp8_e2m5,6,5,4,28,125,exp1,16,57,14,14,0.019294627,0.0192882735,-41,0x3c9e0fc4,0.019294627,0x3f800000,1,0xbfff8287,-1.99617088,0xbfff8287,-1.99617088,11111111,1,63,111111,11111111,3,31,11111,0xbc414380,-0.0117958784,0xbce0a1c0,-0.0274208784,0x3f800000,1
l2,0.0625,0,min-error,metric_min,exp2,0,1,1,0.019294627,0.0192882735,0.0192882735,0.019294627,6.3534826e-06,126,raw-and-scaled,8,1,fp8_e1m6,fp8_e2m5,6,5,4,28,126,exp1,16,57,14,14,0.019294627,0.0192882735,-41,0x3c9e0fc4,0.019294627,0x3f800000,1,0xbeff9154,-0.499155641,0xbeff9154,-0.499155641,10011111,0,31,011111,10111111,1,31,11111,0xbc722a80,-0.0147806406,0xbbe45500,-0.0069681406,0xbf800000,-1
l2,0.0625,0,min-error,metric_min,exp2,0,1,1,0.019294627,0.0192882735,0.0192882735,0.019294627,6.3534826e-06,127,raw-and-scaled,8,1,fp8_e1m6,fp8_e2m5,6,5,4,28,127,exp1,16,57,14,14,0.019294627,0.0192882735,-41,0x3c9e0fc4,0.019294627,0x3f800000,1,0xbaff8bf7,-0.00194966688,0xbaff8bf7,-0.00194966688,10000000,0,0,000000,10000000,0,0,00000,0xbaff8bf7,-0.00194966688,0xbaff8bf7,-0.00194966688,0x00000000,0
l2,0.0625,0,min-error,metric_min,exp1,0,1,1,0.00298062293,0.0032115092,0.00298062293,0.0032115092,0.000230886275,0,raw-and-scaled,8,1,fp8_e1m6,fp8_e2m5,6,5,4,45,0,exp2,3,12,3,3,0.00298062293,0.0032115092,-9,0x3b52782f,0.0032115092,0x3f000000,0.5,0x00000000,0,0x00000000,0,00000000,0,0,000000,00000000,0,0,00000,0x00000000,0,0x00000000,0,0x00000000,0
l2,0.0625,0,min-error,metric_min,exp1,0,1,1,0.00298062293,0.0032115092,0.00298062293,0.0032115092,0.000230886275,1,raw-and-scaled,8,1,fp8_e1m6,fp8_e2m5,6,5,4,45,1,exp2,3,12,3,3,0.00298062293,0.0032115092,-9,0x3b52782f,0.0032115092,0x3f000000,0.5,0xbbaa36e6,-0.00519453268,0xbc2a36e6,-0.0103890654,10000000,0,0,000000,10000001,0,1,00001,0xbc2a36e6,-0.0103890654,0xbb28db98,-0.00257656537,0xbf800000,-1
l2,0.0625,0,min-error,metric_min,exp1,0,1,1,0.00298062293,0.0032115092,0.00298062293,0.0032115092,0.000230886275,2,raw-and-scaled,8,1,fp8_e1m6,fp8_e2m5,6,5,4,45,2,exp2,3,12,3,3,0.00298062293,0.0032115092,-9,0x3b52782f,0.0032115092,0x3f000000,0.5,0x00000000,0,0x00000000,0,00000000,0,0,000000,00000000,0,0,00000,0x00000000,0,0x00000000,0,0x00000000,0
l2,0.0625,0,min-error,metric_min,exp1,0,1,1,0.00298062293,0.0032115092,0.00298062293,0.0032115092,0.000230886275,3,raw-and-scaled,8,1,fp8_e1m6,fp8_e2m5,6,5,4,45,3,exp2,3,12,3,3,0.00298062293,0.0032115092,-9,0x3b52782f,0.0032115092,0x3f000000,0.5,0x00000000,0,0x00000000,0,00000000,0,0,000000,00000000,0,0,00000,0x00000000,0,0x00000000,0,0x00000000,0
l2,0.0625,0,min-error,metric_min,exp1,0,1,1,0.00298062293,0.0032115092,0.00298062293,0.0032115092,0.000230886275,4,raw-and-scaled,8,1,fp8_e1m6,fp8_e2m5,6,5,4,45,4,exp2,3,12,3,3,0.00298062293,0.0032115092,-9,0x3b52782f,0.0032115092,0x3f000000,0.5,0x00000000,0,0x00000000,0,00000000,0,0,000000,00000000,0,0,00000,0x00000000,0,0x00000000,0,0x00000000,0
l2,0.0625,0,min-error,metric_min,exp1,0,1,1,0.00298062293,0.0032115092,0.00298062293,0.0032115092,0.000230886275,5,raw-and-scaled,8,1,fp8_e1m6,fp8_e2m5,6,5,4,45,5,exp2,3,12,3,3,0.00298062293,0.0032115092,-9,0x3b52782f,0.0032115092,0x3f000000,0.5,0x00000000,0,0x00000000,0,00000000,0,0,000000,00000000,0,0,00000,0x00000000,0,0x00000000,0,0x00000000,0
l2,0.0625,0,min-error,metric_min,exp1,0,1,1,0.00298062293,0.0032115092,0.00298062293,0.0032115092,0.000230886275,6,raw-and-scaled,8,1,fp8_e1m6,fp8_e2m5,6,5,4,45,6,exp2,3,12,3,3,0.00298062293,0.0032115092,-9,0x3b52782f,0.0032115092,0x3f000000,0.5,0x00000000,0,0x00000000,0,00000000,0,0,000000,00000000,0,0,00000,0x00000000,0,0x00000000,0,0x00000000,0
l2,0.0625,0,min-error,metric_min,exp1,0,1,1,0.00298062293,0.0032115092,0.00298062293,0.0032115092,0.000230886275,7,raw-and-scaled,8,1,fp8_e1m6,fp8_e2m5,6,5,4,45,7,exp2,3,12,3,3,0.00298062293,0.0032115092,-9,0x3b52782f,0.0032115092,0x3f000000,0.5,0xbaca5091,-0.00154353876,0xbb4a5091,-0.00308707752,10000000,0,0,000000,10000000,0,0,00000,0xbb4a5091,-0.00308707752,0xbb4a5091,-0.00308707752,0x00000000,0
l2,0.0625,0,min-error,metric_min,exp1,0,1,1,0.00298062293,0.0032115092,0.00298062293,0.0032115092,0.000230886275,8,raw-and-scaled,8,1,fp8_e1m6,fp8_e2m5,6,5,4,45,8,exp2,3,12,3,3,0.00298062293,0.0032115092,-9,0x3b52782f,0.0032115092,0x3f000000,0.5,0x00000000,0,0x00000000,0,00000000,0,0,000000,00000000,0,0,00000,0x00000000,0,0x00000000,0,0x00000000,0
l2,0.0625,0,min-error,metric_min,exp1,0,1,1,0.00298062293,0.0032115092,0.00298062293,0.0032115092,0.000230886275,9,raw-and-scaled,8,1,fp8_e1m6,fp8_e2m5,6,5,4,45,9,exp2,3,12,3,3,0.00298062293,0.0032115092,-9,0x3b52782f,0.0032115092,0x3f000000,0.5,0x00000000,0,0x00000000,0,00000000,0,0,000000,00000000,0,0,00000,0x00000000,0,0x00000000,0,0x00000000,0
l2,0.0625,0,min-error,metric_min,exp1,0,1,1,0.00298062293,0.0032115092,0.00298062293,0.0032115092,0.000230886275,10,raw-and-scaled,8,1,fp8_e1m6,fp8_e2m5,6,5,4,45,10,exp2,3,12,3,3,0.00298062293,0.0032115092,-9,0x3b52782f,0.0032115092,0x3f000000,0.5,0x00000000,0,0x00000000,0,00000000,0,0,000000,00000000,0,0,00000,0x00000000,0,0x00000000,0,0x00000000,0
l2,0.0625,0,min-error,metric_min,exp1,0,1,1,0.00298062293,0.0032115092,0.00298062293,0.0032115092,0.000230886275,11,raw-and-scaled,8,1,fp8_e1m6,fp8_e2m5,6,5,4,45,11,exp2,3,12,3,3,0.00298062293,0.0032115092,-9,0x3b52782f,0.0032115092,0x3f000000,0.5,0x00000000,0,0x00000000,0,00000000,0,0,000000,00000000,0,0,00000,0x00000000,0,0x00000000,0,0x00000000,0
l2,0.0625,0,min-error,metric_min,exp1,0,1,1,0.00298062293,0.0032115092,0.00298062293,0.0032115092,0.000230886275,12,raw-and-scaled,8,1,fp8_e1m6,fp8_e2m5,6,5,4,45,12,exp2,3,12,3,3,0.00298062293,0.0032115092,-9,0x3b52782f,0.0032115092,0x3f000000,0.5,0x00000000,0,0x00000000,0,00000000,0,0,000000,00000000,0,0,00000,0x00000000,0,0x00000000,0,0x00000000,0
l2,0.0625,0,min-error,metric_min,exp1,0,1,1,0.00298062293,0.0032115092,0.00298062293,0.0032115092,0.000230886275,13,raw-and-scaled,8,1,fp8_e1m6,fp8_e2m5,6,5,4,45,13,exp2,3,12,3,3,0.00298062293,0.0032115092,-9,0x3b52782f,0.0032115092,0x3f000000,0.5,0x3eb96e12,0.362167895,0x3f396e12,0.72433579,00101110,0,46,101110,01001110,2,14,01110,0x3bb70900,0.00558578968,0x3bb70900,0.00558578968,0x00000000,0
l2,0.0625,0,min-error,metric_min,exp1,0,1,1,0.00298062293,0.0032115092,0.00298062293,0.0032115092,0.000230886275,14,raw-and-scaled,8,1,fp8_e1m6,fp8_e2m5,6,5,4,45,14,exp2,3,12,3,3,0.00298062293,0.0032115092,-9,0x3b52782f,0.0032115092,0x3f000000,0.5,0x3db4ba38,0.0882458091,0x3e34ba38,0.176491618,00001011,0,11,001011,00010110,0,22,10110,0x3b974700,0.00461661816,0x3b974700,0.00461661816,0x80000000,-0
l2,0.0625,0,min-error,metric_min,exp1,0,1,1,0.00298062293,0.0032115092,0.00298062293,0.0032115092,0.000230886275,15,raw-and-scaled,8,1,fp8_e1m6,fp8_e2m5,6,5,4,45,15,exp2,3,12,3,3,0.00298062293,0.0032115092,-9,0x3b52782f,0.0032115092,0x3f000000,0.5,0xbd729132,-0.0592205003,0xbdf29132,-0.118441001,10000111,0,7,000111,10001111,0,15,01111,0xbc148990,-0.00906600058,0xbaa44c80,-0.00125350058,0xbf800000,-1
l2,0.0625,0,min-error,metric_min,exp1,0,1,1,0.00298062293,0.0032115092,0.00298062293,0.0032115092,0.000230886275,16,raw-and-scaled,8,1,fp8_e1m6,fp8_e2m5,6,5,4,45,16,exp2,3,12,3,3,0.00298062293,0.0032115092,-9,0x3b52782f,0.0032115092,0x3f000000,0.5,0x00000000,0,0x00000000,0,00000000,0,0,000000,00000000,0,0,00000,0x00000000,0,0x00000000,0,0x00000000,0
l2,0.0625,0,min-error,metric_min,exp1,0,1,1,0.00298062293,0.0032115092,0.00298062293,0.0032115092,0.000230886275,17,raw-and-scaled,8,1,fp8_e1m6,fp8_e2m5,6,5,4,45,17,exp2,3,12,3,3,0.00298062293,0.0032115092,-9,0x3b52782f,0.0032115092,0x3f000000,0.5,0xbd931a2c,-0.0718272626,0xbe131a2c,-0.143654525,10001001,0,9,001001,10010010,0,18,10010,0xbb468b00,-0.00302952528,0xbb468b00,-0.00302952528,0x80000000,-0
l2,0.0625,0,min-error,metric_min,exp1,0,1,1,0.00298062293,0.0032115092,0.00298062293,0.0032115092,0.000230886275,18,raw-and-scaled,8,1,fp8_e1m6,fp8_e2m5,6,5,4,45,18,exp2,3,12,3,3,0.00298062293,0.0032115092,-9,0x3b52782f,0.0032115092,0x3f000000,0.5,0x3f69030f,0.91020292,0x3fe9030f,1.82040584,01110100,1,52,110100,01111010,3,26,11010,0x3c018780,0.00790584087,0x3c018780,0.00790584087,0x00000000,0
l2,0.0625,0,min-error,metric_min,exp1,0,1,1,0.00298062293,0.0032115092,0.00298062293,0.0032115092,0.000230886275,19,raw-and-scaled,8,1,fp8_e1m6,fp8_e2m5,6,5,4,45,19,exp2,3,12,3,3,0.00298062293,0.0032115092,-9,0x3b52782f,0.0032115092,0x3f000000,0.5,0x00000000,0,0x00000000,0,00000000,0,0,000000,00000000,0,0,00000,0x00000000,0,0x00000000,0,0x00000000,0
l2,0.0625,0,min-error,metric_min,exp1,0,1,1,0.00298062293,0.0032115092,0.00298062293,0.0032115092,0.000230886275,20,raw-and-scaled,8,1,fp8_e1m6,fp8_e2m5,6,5,4,45,20,exp2,3,12,3,3,0.00298062293,0.0032115092,-9,0x3b52782f,0.0032115092,0x3f000000,0.5,0x00000000,0,0x00000000,0,00000000,0,0,000000,00000000,0,0,00000,0x00000000,0,0x00000000,0,0x00000000,0
l2,0.0625,0,min-error,metric_min,exp1,0,1,1,0.00298062293,0.0032115092,0.00298062293,0.0032115092,0.000230886275,21,raw-and-scaled,8,1,fp8_e1m6,fp8_e2m5,6,5,4,45,21,exp2,3,12,3,3,0.00298062293,0.0032115092,-9,0x3b52782f,0.0032115092,0x3f000000,0.5,0x00000000,0,0x00000000,0,00000000,0,0,000000,00000000,0,0,00000,0x00000000,0,0x00000000,0,0x00000000,0
l2,0.0625,0,min-error,metric_min,exp1,0,1,1,0.00298062293,0.0032115092,0.00298062293,0.0032115092,0.000230886275,22,raw-and-scaled,8,1,fp8_e1m6,fp8_e2m5,6,5,4,45,22,exp2,3,12,3,3,0.00298062293,0.0032115092,-9,0x3b52782f,0.0032115092,0x3f000000,0.5,0x00000000,0,0x00000000,0,00000000,0,0,000000,00000000,0,0,00000,0x00000000,0,0x00000000,0,0x00000000,0
l2,0.0625,0,min-error,metric_min,exp1,0,1,1,0.00298062293,0.0032115092,0.00298062293,0.0032115092,0.000230886275,23,raw-and-scaled,8,1,fp8_e1m6,fp8_e2m5,6,5,4,45,23,exp2,3,12,3,3,0.00298062293,0.0032115092,-9,0x3b52782f,0.0032115092,0x3f000000,0.5,0xbba4c116,-0.00502790045,0xbc24c116,-0.0100558009,10000000,0,0,000000,10000001,0,1,00001,0xbc24c116,-0.0100558009,0xbb130458,-0.0022433009,0xbf800000,-1
l2,0.0625,0,min-error,metric_min,exp1,0,1,1,0.00298062293,0.0032115092,0.00298062293,0.0032115092,0.000230886275,24,raw-and-scaled,8,1,fp8_e1m6,fp8_e2m5,6,5,4,45,24,exp2,3,12,3,3,0.00298062293,0.0032115092,-9,0x3b52782f,0.0032115092,0x3f000000,0.5,0x00000000,0,0x00000000,0,00000000,0,0,000000,00000000,0,0,00000,0x00000000,0,0x00000000,0,0x00000000,0
l2,0.0625,0,min-error,metric_min,exp1,0,1,1,0.00298062293,0.0032115092,0.00298062293,0.0032115092,0.000230886275,25,raw-and-scaled,8,1,fp8_e1m6,fp8_e2m5,6,5,4,45,25,exp2,3,12,3,3,0.00298062293,0.0032115092,-9,0x3b52782f,0.0032115092,0x3f000000,0.5,0x00000000,0,0x00000000,0,00000000,0,0,000000,00000000,0,0,00000,0x00000000,0,0x00000000,0,0x00000000,0
l2,0.0625,0,min-error,metric_min,exp1,0,1,1,0.00298062293,0.0032115092,0.00298062293,0.0032115092,0.000230886275,26,raw-and-scaled,8,1,fp8_e1m6,fp8_e2m5,6,5,4,45,26,exp2,3,12,3,3,0.00298062293,0.0032115092,-9,0x3b52782f,0.0032115092,0x3f000000,0.5,0x3c38acd9,0.0112716788,0x3cb8acd9,0.0225433577,00000001,0,1,000001,00000010,0,2,00010,0x3be2b364,0.00691835769,0x3be2b364,0.00691835769,0x80000000,-0
l2,0.0625,0,min-error,metric_min,exp1,0,1,1,0.00298062293,0.0032115092,0.00298062293,0.0032115092,0.000230886275,27,raw-and-scaled,8,1,fp8_e1m6,fp8_e2m5,6,5,4,45,27,exp2,3,12,3,3,0.00298062293,0.0032115092,-9,0x3b52782f,0.0032115092,0x3f000000,0.5,0x00000000,0,0x00000000,0,00000000,0,0,000000,00000000,0,0,00000,0x00000000,0,0x00000000,0,0x00000000,0
l2,0.0625,0,min-error,metric_min,exp1,0,1,1,0.00298062293,0.0032115092,0.00298062293,0.0032115092,0.000230886275,28,raw-and-scaled,8,1,fp8_e1m6,fp8_e2m5,6,5,4,45,28,exp2,3,12,3,3,0.00298062293,0.0032115092,-9,0x3b52782f,0.0032115092,0x3f000000,0.5,0x00000000,0,0x00000000,0,00000000,0,0,000000,00000000,0,0,00000,0x00000000,0,0x00000000,0,0x00000000,0
l2,0.0625,0,min-error,metric_min,exp1,0,1,1,0.00298062293,0.0032115092,0.00298062293,0.0032115092,0.000230886275,29,raw-and-scaled,8,1,fp8_e1m6,fp8_e2m5,6,5,4,45,29,exp2,3,12,3,3,0.00298062293,0.0032115092,-9,0x3b52782f,0.0032115092,0x3f000000,0.5,0x00000000,0,0x00000000,0,00000000,0,0,000000,00000000,0,0,00000,0x00000000,0,0x00000000,0,0x00000000,0
l2,0.0625,0,min-error,metric_min,exp1,0,1,1,0.00298062293,0.0032115092,0.00298062293,0.0032115092,0.000230886275,30,raw-and-scaled,8,1,fp8_e1m6,fp8_e2m5,6,5,4,45,30,exp2,3,12,3,3,0.00298062293,0.0032115092,-9,0x3b52782f,0.0032115092,0x3f000000,0.5,0x00000000,0,0x00000000,0,00000000,0,0,000000,00000000,0,0,00000,0x00000000,0,0x00000000,0,0x00000000,0
l2,0.0625,0,min-error,metric_min,exp1,0,1,1,0.00298062293,0.0032115092,0.00298062293,0.0032115092,0.000230886275,31,raw-and-scaled,8,1,fp8_e1m6,fp8_e2m5,6,5,4,45,31,exp2,3,12,3,3,0.00298062293,0.0032115092,-9,0x3b52782f,0.0032115092,0x3f000000,0.5,0x00000000,0,0x00000000,0,00000000,0,0,000000,00000000,0,0,00000,0x00000000,0,0x00000000,0,0x00000000,0
l2,0.0625,0,min-error,metric_min,exp1,0,1,1,0.00298062293,0.0032115092,0.00298062293,0.0032115092,0.000230886275,32,raw-and-scaled,8,1,fp8_e1m6,fp8_e2m5,6,5,4,45,32,exp2,3,12,3,3,0.00298062293,0.0032115092,-9,0x3b52782f,0.0032115092,0x3f000000,0.5,0x00000000,0,0x00000000,0,00000000,0,0,000000,00000000,0,0,00000,0x00000000,0,0x00000000,0,0x00000000,0
l2,0.0625,0,min-error,metric_min,exp1,0,1,1,0.00298062293,0.0032115092,0.00298062293,0.0032115092,0.000230886275,33,raw-and-scaled,8,1,fp8_e1m6,fp8_e2m5,6,5,4,45,33,exp2,3,12,3,3,0.00298062293,0.0032115092,-9,0x3b52782f,0.0032115092,0x3f000000,0.5,0x00000000,0,0x00000000,0,00000000,0,0,000000,00000000,0,0,00000,0x00000000,0,0x00000000,0,0x00000000,0
l2,0.0625,0,min-error,metric_min,exp1,0,1,1,0.00298062293,0.0032115092,0.00298062293,0.0032115092,0.000230886275,34,raw-and-scaled,8,1,fp8_e1m6,fp8_e2m5,6,5,4,45,34,exp2,3,12,3,3,0.00298062293,0.0032115092,-9,0x3b52782f,0.0032115092,0x3f000000,0.5,0x00000000,0,0x00000000,0,00000000,0,0,000000,00000000,0,0,00000,0x00000000,0,0x00000000,0,0x00000000,0
l2,0.0625,0,min-error,metric_min,exp1,0,1,1,0.00298062293,0.0032115092,0.00298062293,0.0032115092,0.000230886275,35,raw-and-scaled,8,1,fp8_e1m6,fp8_e2m5,6,5,4,45,35,exp2,3,12,3,3,0.00298062293,0.0032115092,-9,0x3b52782f,0.0032115092,0x3f000000,0.5,0x3c9614de,0.0183204971,0x3d1614de,0.0366409943,00000010,0,2,000010,00000100,0,4,00100,0x3bb0a6f0,0.00539099425,0x3bb0a6f0,0.00539099425,0x80000000,-0
l2,0.0625,0,min-error,metric_min,exp1,0,1,1,0.00298062293,0.0032115092,0.00298062293,0.0032115092,0.000230886275,36,raw-and-scaled,8,1,fp8_e1m6,fp8_e2m5,6,5,4,45,36,exp2,3,12,3,3,0.00298062293,0.0032115092,-9,0x3b52782f,0.0032115092,0x3f000000,0.5,0x00000000,0,0x00000000,0,00000000,0,0,000000,00000000,0,0,00000,0x00000000,0,0x00000000,0,0x00000000,0
l2,0.0625,0,min-error,metric_min,exp1,0,1,1,0.00298062293,0.0032115092,0.00298062293,0.0032115092,0.000230886275,37,raw-and-scaled,8,1,fp8_e1m6,fp8_e2m5,6,5,4,45,37,exp2,3,12,3,3,0.00298062293,0.0032115092,-9,0x3b52782f,0.0032115092,0x3f000000,0.5,0xbed24fd7,-0.41076538,0xbf524fd7,-0.821530759,10110100,0,52,110100,11010100,2,20,10100,0xbc13f5c0,-0.00903075933,0xbc13f5c0,-0.00903075933,0x00000000,0
l2,0.0625,0,min-error,metric_min,exp1,0,1,1,0.00298062293,0.0032115092,0.00298062293,0.0032115092,0.000230886275,38,raw-and-scaled,8,1,fp8_e1m6,fp8_e2m5,6,5,4,45,38,exp2,3,12,3,3,0.00298062293,0.0032115092,-9,0x3b52782f,0.0032115092,0x3f000000,0.5,0x00000000,0,0x00000000,0,00000000,0,0,000000,00000000,0,0,00000,0x00000000,0,0x00000000,0,0x00000000,0
l2,0.0625,0,min-error,metric_min,exp1,0,1,1,0.00298062293,0.0032115092,0.00298062293,0.0032115092,0.000230886275,39,raw-and-scaled,8,1,fp8_e1m6,fp8_e2m5,6,5,4,45,39,exp2,3,12,3,3,0.00298062293,0.0032115092,-9,0x3b52782f,0.0032115092,0x3f000000,0.5,0x00000000,0,0x00000000,0,00000000,0,0,000000,00000000,0,0,00000,0x00000000,0,0x00000000,0,0x00000000,0
l2,0.0625,0,min-error,metric_min,exp1,0,1,1,0.00298062293,0.0032115092,0.00298062293,0.0032115092,0.000230886275,40,raw-and-scaled,8,1,fp8_e1m6,fp8_e2m5,6,5,4,45,40,exp2,3,12,3,3,0.00298062293,0.0032115092,-9,0x3b52782f,0.0032115092,0x3f000000,0.5,0x00000000,0,0x00000000,0,00000000,0,0,000000,00000000,0,0,00000,0x00000000,0,0x00000000,0,0x00000000,0
l2,0.0625,0,min-error,metric_min,exp1,0,1,1,0.00298062293,0.0032115092,0.00298062293,0.0032115092,0.000230886275,41,raw-and-scaled,8,1,fp8_e1m6,fp8_e2m5,6,5,4,45,41,exp2,3,12,3,3,0.00298062293,0.0032115092,-9,0x3b52782f,0.0032115092,0x3f000000,0.5,0x00000000,0,0x00000000,0,00000000,0,0,000000,00000000,0,0,00000,0x00000000,0,0x00000000,0,0x00000000,0
l2,0.0625,0,min-error,metric_min,exp1,0,1,1,0.00298062293,0.0032115092,0.00298062293,0.0032115092,0.000230886275,42,raw-and-scaled,8,1,fp8_e1m6,fp8_e2m5,6,5,4,45,42,exp2,3,12,3,3,0.00298062293,0.0032115092,-9,0x3b52782f,0.0032115092,0x3f000000,0.5,0x00000000,0,0x00000000,0,00000000,0,0,000000,00000000,0,0,00000,0x00000000,0,0x00000000,0,0x00000000,0
l2,0.0625,0,min-error,metric_min,exp1,0,1,1,0.00298062293,0.0032115092,0.00298062293,0.0032115092,0.000230886275,43,raw-and-scaled,8,1,fp8_e1m6,fp8_e2m5,6,5,4,45,43,exp2,3,12,3,3,0.00298062293,0.0032115092,-9,0x3b52782f,0.0032115092,0x3f000000,0.5,0x00000000,0,0x00000000,0,00000000,0,0,000000,00000000,0,0,00000,0x00000000,0,0x00000000,0,0x00000000,0
l2,0.0625,0,min-error,metric_min,exp1,0,1,1,0.00298062293,0.0032115092,0.00298062293,0.0032115092,0.000230886275,44,raw-and-scaled,8,1,fp8_e1m6,fp8_e2m5,6,5,4,45,44,exp2,3,12,3,3,0.00298062293,0.0032115092,-9,0x3b52782f,0.0032115092,0x3f000000,0.5,0x00000000,0,0x00000000,0,00000000,0,0,000000,00000000,0,0,00000,0x00000000,0,0x00000000,0,0x00000000,0
l2,0.0625,0,min-error,metric_min,exp1,0,1,1,0.00298062293,0.0032115092,0.00298062293,0.0032115092,0.000230886275,45,raw-and-scaled,8,1,fp8_e1m6,fp8_e2m5,6,5,4,45,45,exp2,3,12,3,3,0.00298062293,0.0032115092,-9,0x3b52782f,0.0032115092,0x3f000000,0.5,0x00000000,0,0x00000000,0,00000000,0,0,000000,00000000,0,0,00000,0x00000000,0,0x00000000,0,0x00000000,0
l2,0.0625,0,min-error,metric_min,exp1,0,1,1,0.00298062293,0.0032115092,0.00298062293,0.0032115092,0.000230886275,46,raw-and-scaled,8,1,fp8_e1m6,fp8_e2m5,6,5,4,45,46,exp2,3,12,3,3,0.00298062293,0.0032115092,-9,0x3b52782f,0.0032115092,0x3f000000,0.5,0x00000000,0,0x00000000,0,00000000,0,0,000000,00000000,0,0,00000,0x00000000,0,0x00000000,0,0x00000000,0
l2,0.0625,0,min-error,metric_min,exp1,0,1,1,0.00298062293,0.0032115092,0.00298062293,0.0032115092,0.000230886275,47,raw-and-scaled,8,1,fp8_e1m6,fp8_e2m5,6,5,4,45,47,exp2,3,12,3,3,0.00298062293,0.0032115092,-9,0x3b52782f,0.0032115092,0x3f000000,0.5,0x00000000,0,0x00000000,0,00000000,0,0,000000,00000000,0,0,00000,0x00000000,0,0x00000000,0,0x00000000,0
l2,0.0625,0,min-error,metric_min,exp1,0,1,1,0.00298062293,0.0032115092,0.00298062293,0.0032115092,0.000230886275,48,raw-and-scaled,8,1,fp8_e1m6,fp8_e2m5,6,5,4,45,48,exp2,3,12,3,3,0.00298062293,0.0032115092,-9,0x3b52782f,0.0032115092,0x3f000000,0.5,0x3b9bea6b,0.00475816941,0x3c1bea6b,0.00951633882,00000000,0,0,000000,00000001,0,1,00001,0x3c1bea6b,0.00951633882,0x3adf5358,0.00170383882,0xbf800000,-1
l2,0.0625,0,min-error,metric_min,exp1,0,1,1,0.00298062293,0.0032115092,0.00298062293,0.0032115092,0.000230886275,49,raw-and-scaled,8,1,fp8_e1m6,fp8_e2m5,6,5,4,45,49,exp2,3,12,3,3,0.00298062293,0.0032115092,-9,0x3b52782f,0.0032115092,0x3f000000,0.5,0x00000000,0,0x00000000,0,00000000,0,0,000000,00000000,0,0,00000,0x00000000,0,0x00000000,0,0x00000000,0
l2,0.0625,0,min-error,metric_min,exp1,0,1,1,0.00298062293,0.0032115092,0.00298062293,0.0032115092,0.000230886275,50,raw-and-scaled,8,1,fp8_e1m6,fp8_e2m5,6,5,4,45,50,exp2,3,12,3,3,0.00298062293,0.0032115092,-9,0x3b52782f,0.0032115092,0x3f000000,0.5,0x00000000,0,0x00000000,0,00000000,0,0,000000,00000000,0,0,00000,0x00000000,0,0x00000000,0,0x00000000,0
l2,0.0625,0,min-error,metric_min,exp1,0,1,1,0.00298062293,0.0032115092,0.00298062293,0.0032115092,0.000230886275,51,raw-and-scaled,8,1,fp8_e1m6,fp8_e2m5,6,5,4,45,51,exp2,3,12,3,3,0.00298062293,0.0032115092,-9,0x3b52782f,0.0032115092,0x3f000000,0.5,0x00000000,0,0x00000000,0,00000000,0,0,000000,00000000,0,0,00000,0x00000000,0,0x00000000,0,0x00000000,0
l2,0.0625,0,min-error,metric_min,exp1,0,1,1,0.00298062293,0.0032115092,0.00298062293,0.0032115092,0.000230886275,52,raw-and-scaled,8,1,fp8_e1m6,fp8_e2m5,6,5,4,45,52,exp2,3,12,3,3,0.00298062293,0.0032115092,-9,0x3b52782f,0.0032115092,0x3f000000,0.5,0x00000000,0,0x00000000,0,00000000,0,0,000000,00000000,0,0,00000,0x00000000,0,0x00000000,0,0x00000000,0
l2,0.0625,0,min-error,metric_min,exp1,0,1,1,0.00298062293,0.0032115092,0.00298062293,0.0032115092,0.000230886275,53,raw-and-scaled,8,1,fp8_e1m6,fp8_e2m5,6,5,4,45,53,exp2,3,12,3,3,0.00298062293,0.0032115092,-9,0x3b52782f,0.0032115092,0x3f000000,0.5,0xbd86615d,-0.0656153932,0xbe06615d,-0.131230786,10001000,0,8,001000,10010000,0,16,10000,0xbbcc2ba0,-0.00623078644,0xbbcc2ba0,-0.00623078644,0x80000000,-0
l2,0.0625,0,min-error,metric_min,exp1,0,1,1,0.00298062293,0.0032115092,0.00298062293,0.0032115092,0.000230886275,54,raw-and-scaled,8,1,fp8_e1m6,fp8_e2m5,6,5,4,45,54,exp2,3,12,3,3,0.00298062293,0.0032115092,-9,0x3b52782f,0.0032115092,0x3f000000,0.5,0x00000000,0,0x00000000,0,00000000,0,0,000000,00000000,0,0,00000,0x00000000,0,0x00000000,0,0x00000000,0
l2,0.0625,0,min-error,metric_min,exp1,0,1,1,0.00298062293,0.0032115092,0.00298062293,0.0032115092,0.000230886275,55,raw-and-scaled,8,1,fp8_e1m6,fp8_e2m5,6,5,4,45,55,exp2,3,12,3,3,0.00298062293,0.0032115092,-9,0x3b52782f,0.0032115092,0x3f000000,0.5,0x3b63db2a,0.00347680831,0x3be3db2a,0.00695361663,00000000,0,0,000000,00000000,0,0,00000,0x3be3db2a,0.00695361663,0x3be3db2a,0.00695361663,0x00000000,0
l2,0.0625,0,min-error,metric_min,exp1,0,1,1,0.00298062293,0.0032115092,0.00298062293,0.0032115092,0.000230886275,56,raw-and-scaled,8,1,fp8_e1m6,fp8_e2m5,6,5,4,45,56,exp2,3,12,3,3,0.00298062293,0.0032115092,-9,0x3b52782f,0.0032115092,0x3f000000,0.5,0x00000000,0,0x00000000,0,00000000,0,0,000000,00000000,0,0,00000,0x00000000,0,0x00000000,0,0x00000000,0
l2,0.0625,0,min-error,metric_min,exp1,0,1,1,0.00298062293,0.0032115092,0.00298062293,0.0032115092,0.000230886275,57,raw-and-scaled,8,1,fp8_e1m6,fp8_e2m5,6,5,4,45,57,exp2,3,12,3,3,0.00298062293,0.0032115092,-9,0x3b52782f,0.0032115092,0x3f000000,0.5,0x00000000,0,0x00000000,0,00000000,0,0,000000,00000000,0,0,00000,0x00000000,0,0x00000000,0,0x00000000,0
l2,0.0625,0,min-error,metric_min,exp1,0,1,1,0.00298062293,0.0032115092,0.00298062293,0.0032115092,0.000230886275,58,raw-and-scaled,8,1,fp8_e1m6,fp8_e2m5,6,5,4,45,58,exp2,3,12,3,3,0.00298062293,0.0032115092,-9,0x3b52782f,0.0032115092,0x3f000000,0.5,0x3c954497,0.0182211827,0x3d154497,0.0364423655,00000010,0,2,000010,00000100,0,4,00100,0x3baa24b8,0.0051923655,0x3baa24b8,0.0051923655,0x80000000,-0
l2,0.0625,0,min-error,metric_min,exp1,0,1,1,0.00298062293,0.0032115092,0.00298062293,0.0032115092,0.000230886275,59,raw-and-scaled,8,1,fp8_e1m6,fp8_e2m5,6,5,4,45,59,exp2,3,12,3,3,0.00298062293,0.0032115092,-9,0x3b52782f,0.0032115092,0x3f000000,0.5,0x00000000,0,0x00000000,0,00000000,0,0,000000,00000000,0,0,00000,0x00000000,0,0x00000000,0,0x00000000,0
l2,0.0625,0,min-error,metric_min,exp1,0,1,1,0.00298062293,0.0032115092,0.00298062293,0.0032115092,0.000230886275,60,raw-and-scaled,8,1,fp8_e1m6,fp8_e2m5,6,5,4,45,60,exp2,3,12,3,3,0.00298062293,0.0032115092,-9,0x3b52782f,0.0032115092,0x3f000000,0.5,0x00000000,0,0x00000000,0,00000000,0,0,000000,00000000,0,0,00000,0x00000000,0,0x00000000,0,0x00000000,0
l2,0.0625,0,min-error,metric_min,exp1,0,1,1,0.00298062293,0.0032115092,0.00298062293,0.0032115092,0.000230886275,61,raw-and-scaled,8,1,fp8_e1m6,fp8_e2m5,6,5,4,45,61,exp2,3,12,3,3,0.00298062293,0.0032115092,-9,0x3b52782f,0.0032115092,0x3f000000,0.5,0xbc662043,-0.0140457777,0xbce62043,-0.0280915555,10000001,0,1,000001,10000011,0,3,00011,0xbc4c4086,-0.0124665555,0xbb98810c,-0.00465405546,0xbf800000,-1
l2,0.0625,0,min-error,metric_min,exp1,0,1,1,0.00298062293,0.0032115092,0.00298062293,0.0032115092,0.000230886275,62,raw-and-scaled,8,1,fp8_e1m6,fp8_e2m5,6,5,4,45,62,exp2,3,12,3,3,0.00298062293,0.0032115092,-9,0x3b52782f,0.0032115092,0x3f000000,0.5,0x00000000,0,0x00000000,0,00000000,0,0,000000,00000000,0,0,00000,0x00000000,0,0x00000000,0,0x00000000,0
l2,0.0625,0,min-error,metric_min,exp1,0,1,1,0.00298062293,0.0032115092,0.00298062293,0.0032115092,0.000230886275,63,raw-and-scaled,8,1,fp8_e1m6,fp8_e2m5,6,5,4,45,63,exp2,3,12,3,3,0.00298062293,0.0032115092,-9,0x3b52782f,0.0032115092,0x3f000000,0.5,0x3ebbb5cb,0.366621345,0x3f3bb5cb,0.733242691,00101110,0,46,101110,01001110,2,14,01110,0x3c6d72c0,0.0144926906,0x3c6d72c0,0.0144926906,0x00000000,0
l2,0.0625,0,min-error,metric_min,exp1,0,1,1,0.00298062293,0.0032115092,0.00298062293,0.0032115092,0.000230886275,64,raw-and-scaled,8,1,fp8_e1m6,fp8_e2m5,6,5,4,45,64,exp2,3,12,3,3,0.00298062293,0.0032115092,-9,0x3b52782f,0.0032115092,0x3f000000,0.5,0x00000000,0,0x00000000,0,00000000,0,0,000000,00000000,0,0,00000,0x00000000,0,0x00000000,0,0x00000000,0
l2,0.0625,0,min-error,metric_min,exp1,0,1,1,0.00298062293,0.0032115092,0.00298062293,0.0032115092,0.000230886275,65,raw-and-scaled,8,1,fp8_e1m6,fp8_e2m5,6,5,4,45,65,exp2,3,12,3,3,0.00298062293,0.0032115092,-9,0x3b52782f,0.0032115092,0x3f000000,0.5,0x00000000,0,0x00000000,0,00000000,0,0,000000,00000000,0,0,00000,0x00000000,0,0x00000000,0,0x00000000,0
l2,0.0625,0,min-error,metric_min,exp1,0,1,1,0.00298062293,0.0032115092,0.00298062293,0.0032115092,0.000230886275,66,raw-and-scaled,8,1,fp8_e1m6,fp8_e2m5,6,5,4,45,66,exp2,3,12,3,3,0.00298062293,0.0032115092,-9,0x3b52782f,0.0032115092,0x3f000000,0.5,0x3d16a138,0.0367748439,0x3d96a138,0.0735496879,00000100,0,4,000100,00001001,0,9,01001,0x3c3509c0,0.0110496879,0x3b542700,0.00323718786,0xbf800000,-1
l2,0.0625,0,min-error,metric_min,exp1,0,1,1,0.00298062293,0.0032115092,0.00298062293,0.0032115092,0.000230886275,67,raw-and-scaled,8,1,fp8_e1m6,fp8_e2m5,6,5,4,45,67,exp2,3,12,3,3,0.00298062293,0.0032115092,-9,0x3b52782f,0.0032115092,0x3f000000,0.5,0x00000000,0,0x00000000,0,00000000,0,0,000000,00000000,0,0,00000,0x00000000,0,0x00000000,0,0x00000000,0
l2,0.0625,0,min-error,metric_min,exp1,0,1,1,0.00298062293,0.0032115092,0.00298062293,0.0032115092,0.000230886275,68,raw-and-scaled,8,1,fp8_e1m6,fp8_e2m5,6,5,4,45,68,exp2,3,12,3,3,0.00298062293,0.0032115092,-9,0x3b52782f,0.0032115092,0x3f000000,0.5,0x00000000,0,0x00000000,0,00000000,0,0,000000,00000000,0,0,00000,0x00000000,0,0x00000000,0,0x00000000,0
l2,0.0625,0,min-error,metric_min,exp1,0,1,1,0.00298062293,0.0032115092,0.00298062293,0.0032115092,0.000230886275,69,raw-and-scaled,8,1,fp8_e1m6,fp8_e2m5,6,5,4,45,69,exp2,3,12,3,3,0.00298062293,0.0032115092,-9,0x3b52782f,0.0032115092,0x3f000000,0.5,0x00000000,0,0x00000000,0,00000000,0,0,000000,00000000,0,0,00000,0x00000000,0,0x00000000,0,0x00000000,0
l2,0.0625,0,min-error,metric_min,exp1,0,1,1,0.00298062293,0.0032115092,0.00298062293,0.0032115092,0.000230886275,70,raw-and-scaled,8,1,fp8_e1m6,fp8_e2m5,6,5,4,45,70,exp2,3,12,3,3,0.00298062293,0.0032115092,-9,0x3b52782f,0.0032115092,0x3f000000,0.5,0xbf66c6f8,-0.901473522,0xbfe6c6f8,-1.80294704,11110011,1,51,110011,11111001,3,25,11001,0xbbc6f800,-0.00607204437,0xbcb1be00,-0.0216970444,0x3f800000,1
l2,0.0625,0,min-error,metric_min,exp1,0,1,1,0.00298062293,0.0032115092,0.00298062293,0.0032115092,0.000230886275,71,raw-and-scaled,8,1,fp8_e1m6,fp8_e2m5,6,5,4,45,71,exp2,3,12,3,3,0.00298062293,0.0032115092,-9,0x3b52782f,0.0032115092,0x3f000000,0.5,0x00000000,0,0x00000000,0,00000000,0,0,000000,00000000,0,0,00000,0x00000000,0,0x00000000,0,0x00000000,0
l2,0.0625,0,min-error,metric_min,exp1,0,1,1,0.00298062293,0.0032115092,0.00298062293,0.0032115092,0.000230886275,72,raw-and-scaled,8,1,fp8_e1m6,fp8_e2m5,6,5,4,45,72,exp2,3,12,3,3,0.00298062293,0.0032115092,-9,0x3b52782f,0.0032115092,0x3f000000,0.5,0x00000000,0,0x00000000,0,00000000,0,0,000000,00000000,0,0,00000,0x00000000,0,0x00000000,0,0x00000000,0
l2,0.0625,0,min-error,metric_min,exp1,0,1,1,0.00298062293,0.0032115092,0.00298062293,0.0032115092,0.000230886275,73,raw-and-scaled,8,1,fp8_e1m6,fp8_e2m5,6,5,4,45,73,exp2,3,12,3,3,0.00298062293,0.0032115092,-9,0x3b52782f,0.0032115092,0x3f000000,0.5,0x3b523065,0.00320723024,0x3bd23065,0.00641446048,00000000,0,0,000000,00000000,0,0,00000,0x3bd23065,0.00641446048,0x3bd23065,0.00641446048,0x00000000,0
l2,0.0625,0,min-error,metric_min,exp1,0,1,1,0.00298062293,0.0032115092,0.00298062293,0.0032115092,0.000230886275,74,raw-and-scaled,8,1,fp8_e1m6,fp8_e2m5,6,5,4,45,74,exp2,3,12,3,3,0.00298062293,0.0032115092,-9,0x3b52782f,0.0032115092,0x3f000000,0.5,0x00000000,0,0x00000000,0,00000000,0,0,000000,00000000,0,0,00000,0x00000000,0,0x00000000,0,0x00000000,0
l2,0.0625,0,min-error,metric_min,exp1,0,1,1,0.00298062293,0.0032115092,0.00298062293,0.0032115092,0.000230886275,75,raw-and-scaled,8,1,fp8_e1m6,fp8_e2m5,6,5,4,45,75,exp2,3,12,3,3,0.00298062293,0.0032115092,-9,0x3b52782f,0.0032115092,0x3f000000,0.5,0x00000000,0,0x00000000,0,00000000,0,0,000000,00000000,0,0,00000,0x00000000,0,0x00000000,0,0x00000000,0
l2,0.0625,0,min-error,metric_min,exp1,0,1,1,0.00298062293,0.0032115092,0.00298062293,0.0032115092,0.000230886275,76,raw-and-scaled,8,1,fp8_e1m6,fp8_e2m5,6,5,4,45,76,exp2,3,12,3,3,0.00298062293,0.0032115092,-9,0x3b52782f,0.0032115092,0x3f000000,0.5,0x00000000,0,0x00000000,0,00000000,0,0,000000,00000000,0,0,00000,0x00000000,0,0x00000000,0,0x00000000,0
l2,0.0625,0,min-error,metric_min,exp1,0,1,1,0.00298062293,0.0032115092,0.00298062293,0.0032115092,0.000230886275,77,raw-and-scaled,8,1,fp8_e1m6,fp8_e2m5,6,5,4,45,77,exp2,3,12,3,3,0.00298062293,0.0032115092,-9,0x3b52782f,0.0032115092,0x3f000000,0.5,0xbce44a18,-0.0278673619,0xbd644a18,-0.0557347238,10000011,0,3,000011,10000111,0,7,00111,0xbc112860,-0.00885972381,0xba894300,-0.00104722381,0xbf800000,-1
l2,0.0625,0,min-error,metric_min,exp1,0,1,1,0.00298062293,0.0032115092,0.00298062293,0.0032115092,0.000230886275,78,raw-and-scaled,8,1,fp8_e1m6,fp8_e2m5,6,5,4,45,78,exp2,3,12,3,3,0.00298062293,0.0032115092,-9,0x3b52782f,0.0032115092,0x3f000000,0.5,0x00000000,0,0x00000000,0,00000000,0,0,000000,00000000,0,0,00000,0x00000000,0,0x00000000,0,0x00000000,0
l2,0.0625,0,min-error,metric_min,exp1,0,1,1,0.00298062293,0.0032115092,0.00298062293,0.0032115092,0.000230886275,79,raw-and-scaled,8,1,fp8_e1m6,fp8_e2m5,6,5,4,45,79,exp2,3,12,3,3,0.00298062293,0.0032115092,-9,0x3b52782f,0.0032115092,0x3f000000,0.5,0x00000000,0,0x00000000,0,00000000,0,0,000000,00000000,0,0,00000,0x00000000,0,0x00000000,0,0x00000000,0
l2,0.0625,0,min-error,metric_min,exp1,0,1,1,0.00298062293,0.0032115092,0.00298062293,0.0032115092,0.000230886275,80,raw-and-scaled,8,1,fp8_e1m6,fp8_e2m5,6,5,4,45,80,exp2,3,12,3,3,0.00298062293,0.0032115092,-9,0x3b52782f,0.0032115092,0x3f000000,0.5,0x3bab0332,0.00521888677,0x3c2b0332,0.0104377735,00000000,0,0,000000,00000001,0,1,00001,0x3c2b0332,0.0104377735,0x3b2c0cc8,0.00262527354,0xbf800000,-1
l2,0.0625,0,min-error,metric_min,exp1,0,1,1,0.00298062293,0.0032115092,0.00298062293,0.0032115092,0.000230886275,81,raw-and-scaled,8,1,fp8_e1m6,fp8_e2m5,6,5,4,45,81,exp2,3,12,3,3,0.00298062293,0.0032115092,-9,0x3b52782f,0.0032115092,0x3f000000,0.5,0x00000000,0,0x00000000,0,00000000,0,0,000000,00000000,0,0,00000,0x00000000,0,0x00000000,0,0x00000000,0
l2,0.0625,0,min-error,metric_min,exp1,0,1,1,0.00298062293,0.0032115092,0.00298062293,0.0032115092,0.000230886275,82,raw-and-scaled,8,1,fp8_e1m6,fp8_e2m5,6,5,4,45,82,exp2,3,12,3,3,0.00298062293,0.0032115092,-9,0x3b52782f,0.0032115092,0x3f000000,0.5,0x3b58470e,0.00330013363,0x3bd8470e,0.00660026725,00000000,0,0,000000,00000000,0,0,00000,0x3bd8470e,0.00660026725,0x3bd8470e,0.00660026725,0x00000000,0
l2,0.0625,0,min-error,metric_min,exp1,0,1,1,0.00298062293,0.0032115092,0.00298062293,0.0032115092,0.000230886275,83,raw-and-scaled,8,1,fp8_e1m6,fp8_e2m5,6,5,4,45,83,exp2,3,12,3,3,0.00298062293,0.0032115092,-9,0x3b52782f,0.0032115092,0x3f000000,0.5,0xbe2b210b,-0.167118236,0xbeab210b,-0.334236473,10010101,0,21,010101,10101010,1,10,01010,0xbbc842c0,-0.00611147285,0xbbc842c0,-0.00611147285,0x80000000,-0
l2,0.0625,0,min-error,metric_min,exp1,0,1,1,0.00298062293,0.0032115092,0.00298062293,0.0032115092,0.000230886275,84,raw-and-scaled,8,1,fp8_e1m6,fp8_e2m5,6,5,4,45,84,exp2,3,12,3,3,0.00298062293,0.0032115092,-9,0x3b52782f,0.0032115092,0x3f000000,0.5,0x3f62fcdb,0.886670768,0x3fe2fcdb,1.77334154,01110001,1,49,110001,01111000,3,24,11000,0x3bfcdb00,0.00771653652,0x3cbf36c0,0.0233415365,0x3f800000,1
l2,0.0625,0,min-error,metric_min,exp1,0,1,1,0.00298062293,0.0032115092,0.00298062293,0.0032115092,0.000230886275,85,raw-and-scaled,8,1,fp8_e1m6,fp8_e2m5,6,5,4,45,85,exp2,3,12,3,3,0.00298062293,0.0032115092,-9,0x3b52782f,0.0032115092,0x3f000000,0.5,0x00000000,0,0x00000000,0,00000000,0,0,000000,00000000,0,0,00000,0x00000000,0,0x00000000,0,0x00000000,0
l2,0.0625,0,min-error,metric_min,exp1,0,1,1,0.00298062293,0.0032115092,0.00298062293,0.0032115092,0.000230886275,86,raw-and-scaled,8,1,fp8_e1m6,fp8_e2m5,6,5,4,45,86,exp2,3,12,3,3,0.00298062293,0.0032115092,-9,0x3b52782f,0.0032115092,0x3f000000,0.5,0x00000000,0,0x00000000,0,00000000,0,0,000000,00000000,0,0,00000,0x00000000,0,0x00000000,0,0x00000000,0
l2,0.0625,0,min-error,metric_min,exp1,0,1,1,0.00298062293,0.0032115092,0.00298062293,0.0032115092,0.000230886275,87,raw-and-scaled,8,1,fp8_e1m6,fp8_e2m5,6,5,4,45,87,exp2,3,12,3,3,0.00298062293,0.0032115092,-9,0x3b52782f,0.0032115092,0x3f000000,0.5,0x00000000,0,0x00000000,0,00000000,0,0,000000,00000000,0,0,00000,0x00000000,0,0x00000000,0,0x00000000,0
l2,0.0625,0,min-error,metric_min,exp1,0,1,1,0.00298062293,0.0032115092,0.00298062293,0.0032115092,0.000230886275,88,raw-and-scaled,8,1,fp8_e1m6,fp8_e2m5,6,5,4,45,88,exp2,3,12,3,3,0.00298062293,0.0032115092,-9,0x3b52782f,0.0032115092,0x3f000000,0.5,0x00000000,0,0x00000000,0,00000000,0,0,000000,00000000,0,0,00000,0x00000000,0,0x00000000,0,0x00000000,0
l2,0.0625,0,min-error,metric_min,exp1,0,1,1,0.00298062293,0.0032115092,0.00298062293,0.0032115092,0.000230886275,89,raw-and-scaled,8,1,fp8_e1m6,fp8_e2m5,6,5,4,45,89,exp2,3,12,3,3,0.00298062293,0.0032115092,-9,0x3b52782f,0.0032115092,0x3f000000,0.5,0x00000000,0,0x00000000,0,00000000,0,0,000000,00000000,0,0,00000,0x00000000,0,0x00000000,0,0x00000000,0
l2,0.0625,0,min-error,metric_min,exp1,0,1,1,0.00298062293,0.0032115092,0.00298062293,0.0032115092,0.000230886275,90,raw-and-scaled,8,1,fp8_e1m6,fp8_e2m5,6,5,4,45,90,exp2,3,12,3,3,0.00298062293,0.0032115092,-9,0x3b52782f,0.0032115092,0x3f000000,0.5,0x00000000,0,0x00000000,0,00000000,0,0,000000,00000000,0,0,00000,0x00000000,0,0x00000000,0,0x00000000,0
l2,0.0625,0,min-error,metric_min,exp1,0,1,1,0.00298062293,0.0032115092,0.00298062293,0.0032115092,0.000230886275,91,raw-and-scaled,8,1,fp8_e1m6,fp8_e2m5,6,5,4,45,91,exp2,3,12,3,3,0.00298062293,0.0032115092,-9,0x3b52782f,0.0032115092,0x3f000000,0.5,0x00000000,0,0x00000000,0,00000000,0,0,000000,00000000,0,0,00000,0x00000000,0,0x00000000,0,0x00000000,0
l2,0.0625,0,min-error,metric_min,exp1,0,1,1,0.00298062293,0.0032115092,0.00298062293,0.0032115092,0.000230886275,92,raw-and-scaled,8,1,fp8_e1m6,fp8_e2m5,6,5,4,45,92,exp2,3,12,3,3,0.00298062293,0.0032115092,-9,0x3b52782f,0.0032115092,0x3f000000,0.5,0x00000000,0,0x00000000,0,00000000,0,0,000000,00000000,0,0,00000,0x00000000,0,0x00000000,0,0x00000000,0
l2,0.0625,0,min-error,metric_min,exp1,0,1,1,0.00298062293,0.0032115092,0.00298062293,0.0032115092,0.000230886275,93,raw-and-scaled,8,1,fp8_e1m6,fp8_e2m5,6,5,4,45,93,exp2,3,12,3,3,0.00298062293,0.0032115092,-9,0x3b52782f,0.0032115092,0x3f000000,0.5,0x00000000,0,0x00000000,0,00000000,0,0,000000,00000000,0,0,00000,0x00000000,0,0x00000000,0,0x00000000,0
l2,0.0625,0,min-error,metric_min,exp1,0,1,1,0.00298062293,0.0032115092,0.00298062293,0.0032115092,0.000230886275,94,raw-and-scaled,8,1,fp8_e1m6,fp8_e2m5,6,5,4,45,94,exp2,3,12,3,3,0.00298062293,0.0032115092,-9,0x3b52782f,0.0032115092,0x3f000000,0.5,0x00000000,0,0x00000000,0,00000000,0,0,000000,00000000,0,0,00000,0x00000000,0,0x00000000,0,0x00000000,0
l2,0.0625,0,min-error,metric_min,exp1,0,1,1,0.00298062293,0.0032115092,0.00298062293,0.0032115092,0.000230886275,95,raw-and-scaled,8,1,fp8_e1m6,fp8_e2m5,6,5,4,45,95,exp2,3,12,3,3,0.00298062293,0.0032115092,-9,0x3b52782f,0.0032115092,0x3f000000,0.5,0x00000000,0,0x00000000,0,00000000,0,0,000000,00000000,0,0,00000,0x00000000,0,0x00000000,0,0x00000000,0
l2,0.0625,0,min-error,metric_min,exp1,0,1,1,0.00298062293,0.0032115092,0.00298062293,0.0032115092,0.000230886275,96,raw-and-scaled,8,1,fp8_e1m6,fp8_e2m5,6,5,4,45,96,exp2,3,12,3,3,0.00298062293,0.0032115092,-9,0x3b52782f,0.0032115092,0x3f000000,0.5,0x00000000,0,0x00000000,0,00000000,0,0,000000,00000000,0,0,00000,0x00000000,0,0x00000000,0,0x00000000,0
l2,0.0625,0,min-error,metric_min,exp1,0,1,1,0.00298062293,0.0032115092,0.00298062293,0.0032115092,0.000230886275,97,raw-and-scaled,8,1,fp8_e1m6,fp8_e2m5,6,5,4,45,97,exp2,3,12,3,3,0.00298062293,0.0032115092,-9,0x3b52782f,0.0032115092,0x3f000000,0.5,0x3f4bf28a,0.796669602,0x3fcbf28a,1.5933392,01100101,1,37,100101,01110010,3,18,10010,0x3c794500,0.0152142048,0x3cfca280,0.0308392048,0x3f800000,1
l2,0.0625,0,min-error,metric_min,exp1,0,1,1,0.00298062293,0.0032115092,0.00298062293,0.0032115092,0.000230886275,98,raw-and-scaled,8,1,fp8_e1m6,fp8_e2m5,6,5,4,45,98,exp2,3,12,3,3,0.00298062293,0.0032115092,-9,0x3b52782f,0.0032115092,0x3f000000,0.5,0x00000000,0,0x00000000,0,00000000,0,0,000000,00000000,0,0,00000,0x00000000,0,0x00000000,0,0x00000000,0
l2,0.0625,0,min-error,metric_min,exp1,0,1,1,0.00298062293,0.0032115092,0.00298062293,0.0032115092,0.000230886275,99,raw-and-scaled,8,1,fp8_e1m6,fp8_e2m5,6,5,4,45,99,exp2,3,12,3,3,0.00298062293,0.0032115092,-9,0x3b52782f,0.0032115092,0x3f000000,0.5,0x00000000,0,0x00000000,0,00000000,0,0,000000,00000000,0,0,00000,0x00000000,0,0x00000000,0,0x00000000,0
l2,0.0625,0,min-error,metric_min,exp1,0,1,1,0.00298062293,0.0032115092,0.00298062293,0.0032115092,0.000230886275,100,raw-and-scaled,8,1,fp8_e1m6,fp8_e2m5,6,5,4,45,100,exp2,3,12,3,3,0.00298062293,0.0032115092,-9,0x3b52782f,0.0032115092,0x3f000000,0.5,0x00000000,0,0x00000000,0,00000000,0,0,000000,00000000,0,0,00000,0x00000000,0,0x00000000,0,0x00000000,0
l2,0.0625,0,min-error,metric_min,exp1,0,1,1,0.00298062293,0.0032115092,0.00298062293,0.0032115092,0.000230886275,101,raw-and-scaled,8,1,fp8_e1m6,fp8_e2m5,6,5,4,45,101,exp2,3,12,3,3,0.00298062293,0.0032115092,-9,0x3b52782f,0.0032115092,0x3f000000,0.5,0x00000000,0,0x00000000,0,00000000,0,0,000000,00000000,0,0,00000,0x00000000,0,0x00000000,0,0x00000000,0
l2,0.0625,0,min-error,metric_min,exp1,0,1,1,0.00298062293,0.0032115092,0.00298062293,0.0032115092,0.000230886275,102,raw-and-scaled,8,1,fp8_e1m6,fp8_e2m5,6,5,4,45,102,exp2,3,12,3,3,0.00298062293,0.0032115092,-9,0x3b52782f,0.0032115092,0x3f000000,0.5,0x00000000,0,0x00000000,0,00000000,0,0,000000,00000000,0,0,00000,0x00000000,0,0x00000000,0,0x00000000,0
l2,0.0625,0,min-error,metric_min,exp1,0,1,1,0.00298062293,0.0032115092,0.00298062293,0.0032115092,0.000230886275,103,raw-and-scaled,8,1,fp8_e1m6,fp8_e2m5,6,5,4,45,103,exp2,3,12,3,3,0.00298062293,0.0032115092,-9,0x3b52782f,0.0032115092,0x3f000000,0.5,0x3e8ff893,0.281193346,0x3f0ff893,0.562386692,00100011,0,35,100011,01000011,2,3,00011,0x3c7e24c0,0.0155116916,0x3c7e24c0,0.0155116916,0x00000000,0
l2,0.0625,0,min-error,metric_min,exp1,0,1,1,0.00298062293,0.0032115092,0.00298062293,0.0032115092,0.000230886275,104,raw-and-scaled,8,1,fp8_e1m6,fp8_e2m5,6,5,4,45,104,exp2,3,12,3,3,0.00298062293,0.0032115092,-9,0x3b52782f,0.0032115092,0x3f000000,0.5,0x3c39282f,0.0113010844,0x3cb9282f,0.0226021688,00000001,0,1,000001,00000010,0,2,00010,0x3be4a0bc,0.00697716884,0x3be4a0bc,0.00697716884,0x80000000,-0
l2,0.0625,0,min-error,metric_min,exp1,0,1,1,0.00298062293,0.0032115092,0.00298062293,0.0032115092,0.000230886275,105,raw-and-scaled,8,1,fp8_e1m6,fp8_e2m5,6,5,4,45,105,exp2,3,12,3,3,0.00298062293,0.0032115092,-9,0x3b52782f,0.0032115092,0x3f000000,0.5,0xbdcd6c33,-0.10030403,0xbe4d6c33,-0.20060806,10001100,0,12,001100,10011001,0,25,11001,0xbc56c330,-0.0131080598,0xbbad8660,-0.00529555976,0xbf800000,-1
l2,0.0625,0,min-error,metric_min,exp1,0,1,1,0.00298062293,0.0032115092,0.00298062293,0.0032115092,0.000230886275,106,raw-and-scaled,8,1,fp8_e1m6,fp8_e2m5,6,5,4,45,106,exp2,3,12,3,3,0.00298062293,0.0032115092,-9,0x3b52782f,0.0032115092,0x3f000000,0.5,0x00000000,0,0x00000000,0,00000000,0,0,000000,00000000,0,0,00000,0x00000000,0,0x00000000,0,0x00000000,0
l2,0.0625,0,min-error,metric_min,exp1,0,1,1,0.00298062293,0.0032115092,0.00298062293,0.0032115092,0.000230886275,107,raw-and-scaled,8,1,fp8_e1m6,fp8_e2m5,6,5,4,45,107,exp2,3,12,3,3,0.00298062293,0.0032115092,-9,0x3b52782f,0.0032115092,0x3f000000,0.5,0x00000000,0,0x00000000,0,00000000,0,0,000000,00000000,0,0,00000,0x00000000,0,0x00000000,0,0x00000000,0
l2,0.0625,0,min-error,metric_min,exp1,0,1,1,0.00298062293,0.0032115092,0.00298062293,0.0032115092,0.000230886275,108,raw-and-scaled,8,1,fp8_e1m6,fp8_e2m5,6,5,4,45,108,exp2,3,12,3,3,0.00298062293,0.0032115092,-9,0x3b52782f,0.0032115092,0x3f000000,0.5,0xbbfc2462,-0.00769476686,0xbc7c2462,-0.0153895337,10000000,0,0,000000,10000001,0,1,00001,0xbc7c2462,-0.0153895337,0xbbf848c4,-0.00757703371,0xbf800000,-1
l2,0.0625,0,min-error,metric_min,exp1,0,1,1,0.00298062293,0.0032115092,0.00298062293,0.0032115092,0.000230886275,109,raw-and-scaled,8,1,fp8_e1m6,fp8_e2m5,6,5,4,45,109,exp2,3,12,3,3,0.00298062293,0.0032115092,-9,0x3b52782f,0.0032115092,0x3f000000,0.5,0x00000000,0,0x00000000,0,00000000,0,0,000000,00000000,0,0,00000,0x00000000,0,0x00000000,0,0x00000000,0
l2,0.0625,0,min-error,metric_min,exp1,0,1,1,0.00298062293,0.0032115092,0.00298062293,0.0032115092,0.000230886275,110,raw-and-scaled,8,1,fp8_e1m6,fp8_e2m5,6,5,4,45,110,exp2,3,12,3,3,0.00298062293,0.0032115092,-9,0x3b52782f,0.0032115092,0x3f000000,0.5,0x00000000,0,0x00000000,0,00000000,0,0,000000,00000000,0,0,00000,0x00000000,0,0x00000000,0,0x00000000,0
l2,0.0625,0,min-error,metric_min,exp1,0,1,1,0.00298062293,0.0032115092,0.00298062293,0.0032115092,0.000230886275,111,raw-and-scaled,8,1,fp8_e1m6,fp8_e2m5,6,5,4,45,111,exp2,3,12,3,3,0.00298062293,0.0032115092,-9,0x3b52782f,0.0032115092,0x3f000000,0.5,0x00000000,0,0x00000000,0,00000000,0,0,000000,00000000,0,0,00000,0x00000000,0,0x00000000,0,0x00000000,0
l2,0.0625,0,min-error,metric_min,exp1,0,1,1,0.00298062293,0.0032115092,0.00298062293,0.0032115092,0.000230886275,112,raw-and-scaled,8,1,fp8_e1m6,fp8_e2m5,6,5,4,45,112,exp2,3,12,3,3,0.00298062293,0.0032115092,-9,0x3b52782f,0.0032115092,0x3f000000,0.5,0x00000000,0,0x00000000,0,00000000,0,0,000000,00000000,0,0,00000,0x00000000,0,0x00000000,0,0x00000000,0
l2,0.0625,0,min-error,metric_min,exp1,0,1,1,0.00298062293,0.0032115092,0.00298062293,0.0032115092,0.000230886275,113,raw-and-scaled,8,1,fp8_e1m6,fp8_e2m5,6,5,4,45,113,exp2,3,12,3,3,0.00298062293,0.0032115092,-9,0x3b52782f,0.0032115092,0x3f000000,0.5,0x00000000,0,0x00000000,0,00000000,0,0,000000,00000000,0,0,00000,0x00000000,0,0x00000000,0,0x00000000,0
l2,0.0625,0,min-error,metric_min,exp1,0,1,1,0.00298062293,0.0032115092,0.00298062293,0.0032115092,0.000230886275,114,raw-and-scaled,8,1,fp8_e1m6,fp8_e2m5,6,5,4,45,114,exp2,3,12,3,3,0.00298062293,0.0032115092,-9,0x3b52782f,0.0032115092,0x3f000000,0.5,0x00000000,0,0x00000000,0,00000000,0,0,000000,00000000,0,0,00000,0x00000000,0,0x00000000,0,0x00000000,0
l2,0.0625,0,min-error,metric_min,exp1,0,1,1,0.00298062293,0.0032115092,0.00298062293,0.0032115092,0.000230886275,115,raw-and-scaled,8,1,fp8_e1m6,fp8_e2m5,6,5,4,45,115,exp2,3,12,3,3,0.00298062293,0.0032115092,-9,0x3b52782f,0.0032115092,0x3f000000,0.5,0xbaafe0c8,-0.00134184305,0xbb2fe0c8,-0.00268368609,10000000,0,0,000000,10000000,0,0,00000,0xbb2fe0c8,-0.00268368609,0xbb2fe0c8,-0.00268368609,0x00000000,0
l2,0.0625,0,min-error,metric_min,exp1,0,1,1,0.00298062293,0.0032115092,0.00298062293,0.0032115092,0.000230886275,116,raw-and-scaled,8,1,fp8_e1m6,fp8_e2m5,6,5,4,45,116,exp2,3,12,3,3,0.00298062293,0.0032115092,-9,0x3b52782f,0.0032115092,0x3f000000,0.5,0x00000000,0,0x00000000,0,00000000,0,0,000000,00000000,0,0,00000,0x00000000,0,0x00000000,0,0x00000000,0
l2,0.0625,0,min-error,metric_min,exp1,0,1,1,0.00298062293,0.0032115092,0.00298062293,0.0032115092,0.000230886275,117,raw-and-scaled,8,1,fp8_e1m6,fp8_e2m5,6,5,4,45,117,exp2,3,12,3,3,0.00298062293,0.0032115092,-9,0x3b52782f,0.0032115092,0x3f000000,0.5,0x00000000,0,0x00000000,0,00000000,0,0,000000,00000000,0,0,00000,0x00000000,0,0x00000000,0,0x00000000,0
l2,0.0625,0,min-error,metric_min,exp1,0,1,1,0.00298062293,0.0032115092,0.00298062293,0.0032115092,0.000230886275,118,raw-and-scaled,8,1,fp8_e1m6,fp8_e2m5,6,5,4,45,118,exp2,3,12,3,3,0.00298062293,0.0032115092,-9,0x3b52782f,0.0032115092,0x3f000000,0.5,0x00000000,0,0x00000000,0,00000000,0,0,000000,00000000,0,0,00000,0x00000000,0,0x00000000,0,0x00000000,0
l2,0.0625,0,min-error,metric_min,exp1,0,1,1,0.00298062293,0.0032115092,0.00298062293,0.0032115092,0.000230886275,119,raw-and-scaled,8,1,fp8_e1m6,fp8_e2m5,6,5,4,45,119,exp2,3,12,3,3,0.00298062293,0.0032115092,-9,0x3b52782f,0.0032115092,0x3f000000,0.5,0x00000000,0,0x00000000,0,00000000,0,0,000000,00000000,0,0,00000,0x00000000,0,0x00000000,0,0x00000000,0
l2,0.0625,0,min-error,metric_min,exp1,0,1,1,0.00298062293,0.0032115092,0.00298062293,0.0032115092,0.000230886275,120,raw-and-scaled,8,1,fp8_e1m6,fp8_e2m5,6,5,4,45,120,exp2,3,12,3,3,0.00298062293,0.0032115092,-9,0x3b52782f,0.0032115092,0x3f000000,0.5,0x3bc77175,0.00608652318,0x3c477175,0.0121730464,00000000,0,0,000000,00000001,0,1,00001,0x3c477175,0.0121730464,0x3b8ee2ea,0.00436054636,0xbf800000,-1
l2,0.0625,0,min-error,metric_min,exp1,0,1,1,0.00298062293,0.0032115092,0.00298062293,0.0032115092,0.000230886275,121,raw-and-scaled,8,1,fp8_e1m6,fp8_e2m5,6,5,4,45,121,exp2,3,12,3,3,0.00298062293,0.0032115092,-9,0x3b52782f,0.0032115092,0x3f000000,0.5,0x00000000,0,0x00000000,0,00000000,0,0,000000,00000000,0,0,00000,0x00000000,0,0x00000000,0,0x00000000,0
l2,0.0625,0,min-error,metric_min,exp1,0,1,1,0.00298062293,0.0032115092,0.00298062293,0.0032115092,0.000230886275,122,raw-and-scaled,8,1,fp8_e1m6,fp8_e2m5,6,5,4,45,122,exp2,3,12,3,3,0.00298062293,0.0032115092,-9,0x3b52782f,0.0032115092,0x3f000000,0.5,0x3c76840f,0.0150461337,0x3cf6840f,0.0300922673,00000001,0,1,000001,00000011,0,3,00011,0x3c6d081e,0.0144672673,0x3bda103c,0.00665476732,0xbf800000,-1
l2,0.0625,0,min-error,metric_min,exp1,0,1,1,0.00298062293,0.0032115092,0.00298062293,0.0032115092,0.000230886275,123,raw-and-scaled,8,1,fp8_e1m6,fp8_e2m5,6,5,4,45,123,exp2,3,12,3,3,0.00298062293,0.0032115092,-9,0x3b52782f,0.0032115092,0x3f000000,0.5,0x00000000,0,0x00000000,0,00000000,0,0,000000,00000000,0,0,00000,0x00000000,0,0x00000000,0,0x00000000,0
l2,0.0625,0,min-error,metric_min,exp1,0,1,1,0.00298062293,0.0032115092,0.00298062293,0.0032115092,0.000230886275,124,raw-and-scaled,8,1,fp8_e1m6,fp8_e2m5,6,5,4,45,124,exp2,3,12,3,3,0.00298062293,0.0032115092,-9,0x3b52782f,0.0032115092,0x3f000000,0.5,0x00000000,0,0x00000000,0,00000000,0,0,000000,00000000,0,0,00000,0x00000000,0,0x00000000,0,0x00000000,0
l2,0.0625,0,min-error,metric_min,exp1,0,1,1,0.00298062293,0.0032115092,0.00298062293,0.0032115092,0.000230886275,125,raw-and-scaled,8,1,fp8_e1m6,fp8_e2m5,6,5,4,45,125,exp2,3,12,3,3,0.00298062293,0.0032115092,-9,0x3b52782f,0.0032115092,0x3f000000,0.5,0x00000000,0,0x00000000,0,00000000,0,0,000000,00000000,0,0,00000,0x00000000,0,0x00000000,0,0x00000000,0
l2,0.0625,0,min-error,metric_min,exp1,0,1,1,0.00298062293,0.0032115092,0.00298062293,0.0032115092,0.000230886275,126,raw-and-scaled,8,1,fp8_e1m6,fp8_e2m5,6,5,4,45,126,exp2,3,12,3,3,0.00298062293,0.0032115092,-9,0x3b52782f,0.0032115092,0x3f000000,0.5,0x3a911493,0.00110687537,0x3b111493,0.00221375073,00000000,0,0,000000,00000000,0,0,00000,0x3b111493,0.00221375073,0x3b111493,0.00221375073,0x00000000,0
l2,0.0625,0,min-error,metric_min,exp1,0,1,1,0.00298062293,0.0032115092,0.00298062293,0.0032115092,0.000230886275,127,raw-and-scaled,8,1,fp8_e1m6,fp8_e2m5,6,5,4,45,127,exp2,3,12,3,3,0.00298062293,0.0032115092,-9,0x3b52782f,0.0032115092,0x3f000000,0.5,0x00000000,0,0x00000000,0,00000000,0,0,000000,00000000,0,0,00000,0x00000000,0,0x00000000,0,0x00000000,0
l2,0.0625,0,min-error,metric_min,exp1,0,1,1,0.00879040174,0.00884457026,0.00879040174,0.00884457026,5.41685149e-05,0,raw-and-scaled,8,1,fp8_e1m6,fp8_e2m5,6,5,4,72,0,exp2,10,40,10,10,0.00879040174,0.00884457026,-30,0x3c10e8d1,0.00884457026,0x3f800000,1,0x3b3b949a,0.0028622509,0x3b3b949a,0.0028622509,00000000,0,0,000000,00000000,0,0,00000,0x3b3b949a,0.0028622509,0x3b3b949a,0.0028622509,0x00000000,0
l2,0.0625,0,min-error,metric_min,exp1,0,1,1,0.00879040174,0.00884457026,0.00879040174,0.00884457026,5.41685149e-05,1,raw-and-scaled,8,1,fp8_e1m6,fp8_e2m5,6,5,4,72,1,exp2,10,40,10,10,0.00879040174,0.00884457026,-30,0x3c10e8d1,0.00884457026,0x3f800000,1,0x3fbb403b,1.46289766,0x3fbb403b,1.46289766,01011101,1,29,011101,01101110,3,14,01110,0x3c201d80,0.00977265835,0x3cd00ec0,0.0253976583,0x3f800000,1
l2,0.0625,0,min-error,metric_min,exp1,0,1,1,0.00879040174,0.00884457026,0.00879040174,0.00884457026,5.41685149e-05,2,raw-and-scaled,8,1,fp8_e1m6,fp8_e2m5,6,5,4,72,2,exp2,10,40,10,10,0.00879040174,0.00884457026,-30,0x3c10e8d1,0.00884457026,0x3f800000,1,0xbfeac303,-1.83407629,0xbfeac303,-1.83407629,11110101,1,53,110101,11111010,3,26,11010,0xbbc30300,-0.00595128536,0xbcb0c0c0,-0.0215762854,0x3f800000,1
l2,0.0625,0,min-error,metric_min,exp1,0,1,1,0.00879040174,0.00884457026,0.00879040174,0.00884457026,5.41685149e-05,3,raw-and-scaled,8,1,fp8_e1m6,fp8_e2m5,6,5,4,72,3,exp2,10,40,10,10,0.00879040174,0.00884457026,-30,0x3c10e8d1,0.00884457026,0x3f800000,1,0x3abee97f,0.00145654369,0x3abee97f,0.00145654369,00000000,0,0,000000,00000000,0,0,00000,0x3abee97f,0.00145654369,0x3abee97f,0.00145654369,0x00000000,0
l2,0.0625,0,min-error,metric_min,exp1,0,1,1,0.00879040174,0.00884457026,0.00879040174,0.00884457026,5.41685149e-05,4,raw-and-scaled,8,1,fp8_e1m6,fp8_e2m5,6,5,4,72,4,exp2,10,40,10,10,0.00879040174,0.00884457026,-30,0x3c10e8d1,0.00884457026,0x3f800000,1,0xbe84a5f2,-0.259078562,0xbe84a5f2,-0.259078562,10010000,0,16,010000,10100001,1,1,00001,0xbc14be40,-0.00907856226,0xbaa5f200,-0.00126606226,0xbf800000,-1
l2,0.0625,0,min-error,metric_min,exp1,0,1,1,0.00879040174,0.00884457026,0.00879040174,0.00884457026,5.41685149e-05,5,raw-and-scaled,8,1,fp8_e1m6,fp8_e2m5,6,5,4,72,5,exp2,10,40,10,10,0.00879040174,0.00884457026,-30,0x3c10e8d1,0.00884457026,0x3f800000,1,0x3cce01e6,0.0251473896,0x3cce01e6,0.0251473896,00000001,0,1,000001,00000011,0,3,00011,0x3c1c03cc,0.00952238962,0x3ae01e60,0.00170988962,0xbf800000,-1
l2,0.0625,0,min-error,metric_min,exp1,0,1,1,0.00879040174,0.00884457026,0.00879040174,0.00884457026,5.41685149e-05,6,raw-and-scaled,8,1,fp8_e1m6,fp8_e2m5,6,5,4,72,6,exp2,10,40,10,10,0.00879040174,0.00884457026,-30,0x3c10e8d1,0.00884457026,0x3f800000,1,0xbb5ac1ca,-0.00333796674,0xbb5ac1ca,-0.00333796674,10000000,0,0,000000,10000000,0,0,00000,0xbb5ac1ca,-0.00333796674,0xbb5ac1ca,-0.00333796674,0x00000000,0
l2,0.0625,0,min-error,metric_min,exp1,0,1,1,0.00879040174,0.00884457026,0.00879040174,0.00884457026,5.41685149e-05,7,raw-and-scaled,8,1,fp8_e1m6,fp8_e2m5,6,5,4,72,7,exp2,10,40,10,10,0.00879040174,0.00884457026,-30,0x3c10e8d1,0.00884457026,0x3f800000,1,0xbda10cee,-0.0786379427,0xbda10cee,-0.0786379427,10000101,0,5,000101,10001010,0,10,01010,0xba067700,-0.000512942672,0xba067700,-0.000512942672,0x80000000,-0
l2,0.0625,0,min-error,metric_min,exp1,0,1,1,0.00879040174,0.00884457026,0.00879040174,0.00884457026,5.41685149e-05,8,raw-and-scaled,8,1,fp8_e1m6,fp8_e2m5,6,5,4,72,8,exp2,10,40,10,10,0.00879040174,0.00884457026,-30,0x3c10e8d1,0.00884457026,0x3f800000,1,0xbca1b2ce,-0.019738581,0xbca1b2ce,-0.019738581,10000001,0,1,000001,10000010,0,2,00010,0xbb86cb38,-0.00411358103,0xbb86cb38,-0.00411358103,0x80000000,-0
l2,0.0625,0,min-error,metric_min,exp1,0,1,1,0.00879040174,0.00884457026,0.00879040174,0.00884457026,5.41685149e-05,9,raw-and-scaled,8,1,fp8_e1m6,fp8_e2m5,6,5,4,72,9,exp2,10,40,10,10,0.00879040174,0.00884457026,-30,0x3c10e8d1,0.00884457026,0x3f800000,1,0xbe786125,-0.242558077,0xbe786125,-0.242558077,10001111,0,15,001111,10011111,0,31,11111,0xbc061250,-0.00818307698,0xb9c24a00,-0.000370576978,0xbf800000,-1
l2,0.0625,0,min-error,metric_min,exp1,0,1,1,0.00879040174,0.00884457026,0.00879040174,0.00884457026,5.41685149e-05,10,raw-and-scaled,8,1,fp8_e1m6,fp8_e2m5,6,5,4,72,10,exp2,10,40,10,10,0.00879040174,0.00884457026,-30,0x3c10e8d1,0.00884457026,0x3f800000,1,0x3b2170af,0.0024633815,0x3b2170af,0.0024633815,00000000,0,0,000000,00000000,0,0,00000,0x3b2170af,0.0024633815,0x3b2170af,0.0024633815,0x00000000,0
l2,0.0625,0,min-error,metric_min,exp1,0,1,1,0.00879040174,0.00884457026,0.00879040174,0.00884457026,5.41685149e-05,11,raw-and-scaled,8,1,fp8_e1m6,fp8_e2m5,6,5,4,72,11,exp2,10,40,10,10,0.00879040174,0.00884457026,-30,0x3c10e8d1,0.00884457026,0x3f800000,1,0xbece6afc,-0.403159976,0xbece6afc,-0.403159976,10011001,0,25,011001,10110011,1,19,10011,0xbc4d5f80,-0.012534976,0xbb9abf00,-0.00472247601,0xbf800000,-1
l2,0.0625,0,min-error,metric_min,exp1,0,1,1,0.00879040174,0.00884457026,0.00879040174,0.00884457026,5.41685149e-05,12,raw-and-scaled,8,1,fp8_e1m6,fp8_e2m5,6,5,4,72,12,exp2,10,40,10,10,0.00879040174,0.00884457026,-30,0x3c10e8d1,0.00884457026,0x3f800000,1,0xbfda1c61,-1.70399106,0xbfda1c61,-1.70399106,11101101,1,45,101101,11110110,3,22,10110,0xba630800,-0.000866055489,0xbc871840,-0.0164910555,0x3f800000,1
l2,0.0625,0,min-error,metric_min,exp1,0,1,1,0.00879040174,0.00884457026,0.00879040174,0.00884457026,5.41685149e-05,13,raw-and-scaled,8,1,fp8_e1m6,fp8_e2m5,6,5,4,72,13,exp2,10,40,10,10,0.00879040174,0.00884457026,-30,0x3c10e8d1,0.00884457026,0x3f800000,1,0x3f610e5d,0.879125416,0x3f610e5d,0.879125416,00111000,0,56,111000,01011000,2,24,11000,0x3b872e80,0.00412541628,0x3b872e80,0.00412541628,0x00000000,0
l2,0.0625,0,min-error,metric_min,exp1,0,1,1,0.00879040174,0.00884457026,0.00879040174,0.00884457026,5.41685149e-05,14,raw-and-scaled,8,1,fp8_e1m6,fp8_e2m5,6,5,4,72,14,exp2,10,40,10,10,0.00879040174,0.00884457026,-30,0x3c10e8d1,0.00884457026,0x3f800000,1,0x3cbe5ae0,0.023236692,0x3cbe5ae0,0.023236692,00000001,0,1,000001,00000010,0,2,00010,0x3bf96b80,0.00761169195,0x3bf96b80,0.00761169195,0x80000000,-0
l2,0.0625,0,min-error,metric_min,exp1,0,1,1,0.00879040174,0.00884457026,0.00879040174,0.00884457026,5.41685149e-05,15,raw-and-scaled,8,1,fp8_e1m6,fp8_e2m5,6,5,4,72,15,exp2,10,40,10,10,0.00879040174,0.00884457026,-30,0x3c10e8d1,0.00884457026,0x3f800000,1,0x3e56c8f8,0.20975101,0x3e56c8f8,0.20975101,00001101,0,13,001101,00011010,0,26,11010,0x3bd91f00,0.00662600994,0x3bd91f00,0.00662600994,0x80000000,-0
l2,0.0625,0,min-error,metric_min,exp1,0,1,1,0.00879040174,0.00884457026,0.00879040174,0.00884457026,5.41685149e-05,16,raw-and-scaled,8,1,fp8_e1m6,fp8_e2m5,6,5,4,72,16,exp2,10,40,10,10,0.00879040174,0.00884457026,-30,0x3c10e8d1,0.00884457026,0x3f800000,1,0x3dfe6501,0.124216087,0x3dfe6501,0.124216087,00000111,0,7,000111,00001111,0,15,01111,0x3c732808,0.0148410872,0x3be65010,0.00702858716,0xbf800000,-1
l2,0.0625,0,min-error,metric_min,exp1,0,1,1,0.00879040174,0.00884457026,0.00879040174,0.00884457026,5.41685149e-05,17,raw-and-scaled,8,1,fp8_e1m6,fp8_e2m5,6,5,4,72,17,exp2,10,40,10,10,0.00879040174,0.00884457026,-30,0x3c10e8d1,0.00884457026,0x3f800000,1,0xbbb1ad5c,-0.00542227738,0xbbb1ad5c,-0.00542227738,10000000,0,0,000000,10000000,0,0,00000,0xbbb1ad5c,-0.00542227738,0xbbb1ad5c,-0.00542227738,0x00000000,0
l2,0.0625,0,min-error,metric_min,exp1,0,1,1,0.00879040174,0.00884457026,0.00879040174,0.00884457026,5.41685149e-05,18,raw-and-scaled,8,1,fp8_e1m6,fp8_e2m5,6,5,4,72,18,exp2,10,40,10,10,0.00879040174,0.00884457026,-30,0x3c10e8d1,0.00884457026,0x3f800000,1,0xbe30f3a7,-0.17280446,0xbe30f3a7,-0.17280446,10001011,0,11,001011,10010110,0,22,10110,0xba73a700,-0.000929459929,0xba73a700,-0.000929459929,0x80000000,-0
l2,0.0625,0,min-error,metric_min,exp1,0,1,1,0.00879040174,0.00884457026,0.00879040174,0.00884457026,5.41685149e-05,19,raw-and-scaled,8,1,fp8_e1m6,fp8_e2m5,6,5,4,72,19,exp2,10,40,10,10,0.00879040174,0.00884457026,-30,0x3c10e8d1,0.00884457026,0x3f800000,1,0xbaf75088,-0.00188686047,0xbaf75088,-0.00188686047,10000000,0,0,000000,10000000,0,0,00000,0xbaf75088,-0.00188686047,0xbaf75088,-0.00188686047,0x00000000,0
l2,0.0625,0,min-error,metric_min,exp1,0,1,1,0.00879040174,0.00884457026,0.00879040174,0.00884457026,5.41685149e-05,20,raw-and-scaled,8,1,fp8_e1m6,fp8_e2m5,6,5,4,72,20,exp2,10,40,10,10,0.00879040174,0.00884457026,-30,0x3c10e8d1,0.00884457026,0x3f800000,1,0x3bdb65b8,0.00669547543,0x3bdb65b8,0.00669547543,00000000,0,0,000000,00000000,0,0,00000,0x3bdb65b8,0.00669547543,0x3bdb65b8,0.00669547543,0x00000000,0
l2,0.0625,0,min-error,metric_min,exp1,0,1,1,0.00879040174,0.00884457026,0.00879040174,0.00884457026,5.41685149e-05,21,raw-and-scaled,8,1,fp8_e1m6,fp8_e2m5,6,5,4,72,21,exp2,10,40,10,10,0.00879040174,0.00884457026,-30,0x3c10e8d1,0.00884457026,0x3f800000,1,0x3afcec1a,0.0019296438,0x3afcec1a,0.0019296438,00000000,0,0,000000,00000000,0,0,00000,0x3afcec1a,0.0019296438,0x3afcec1a,0.0019296438,0x00000000,0
l2,0.0625,0,min-error,metric_min,exp1,0,1,1,0.00879040174,0.00884457026,0.00879040174,0.00884457026,5.41685149e-05,22,raw-and-scaled,8,1,fp8_e1m6,fp8_e2m5,6,5,4,72,22,exp2,10,40,10,10,0.00879040174,0.00884457026,-30,0x3c10e8d1,0.00884457026,0x3f800000,1,0x3f091883,0.535530269,0x3f091883,0.535530269,00100010,0,34,100010,01000010,2,2,00010,0x3b8c4180,0.00428026915,0x3b8c4180,0.00428026915,0x00000000,0
l2,0.0625,0,min-error,metric_min,exp1,0,1,1,0.00879040174,0.00884457026,0.00879040174,0.00884457026,5.41685149e-05,23,raw-and-scaled,8,1,fp8_e1m6,fp8_e2m5,6,5,4,72,23,exp2,10,40,10,10,0.00879040174,0.00884457026,-30,0x3c10e8d1,0.00884457026,0x3f800000,1,0x3da9f6b8,0.0829901099,0x3da9f6b8,0.0829901099,00000101,0,5,000101,00001010,0,10,01010,0x3b9f6b80,0.00486510992,0x3b9f6b80,0.00486510992,0x80000000,-0
l2,0.0625,0,min-error,metric_min,exp1,0,1,1,0.00879040174,0.00884457026,0.00879040174,0.00884457026,5.41685149e-05,24,raw-and-scaled,8,1,fp8_e1m6,fp8_e2m5,6,5,4,72,24,exp2,10,40,10,10,0.00879040174,0.00884457026,-30,0x3c10e8d1,0.00884457026,0x3f800000,1,0x3d8aac42,0.0677113682,0x3d8aac42,0.0677113682,00000100,0,4,000100,00001000,0,8,01000,0x3baac420,0.0052113682,0x3baac420,0.0052113682,0x80000000,-0
l2,0.0625,0,min-error,metric_min,exp1,0,1,1,0.00879040174,0.00884457026,0.00879040174,0.00884457026,5.41685149e-05,25,raw-and-scaled,8,1,fp8_e1m6,fp8_e2m5,6,5,4,72,25,exp2,10,40,10,10,0.00879040174,0.00884457026,-30,0x3c10e8d1,0.00884457026,0x3f800000,1,0xbd2a75f0,-0.0416163802,0xbd2a75f0,-0.0416163802,10000010,0,2,000010,10000101,0,5,00101,0xbc29d7c0,-0.0103663802,0xbb275f00,-0.00255388021,0xbf800000,-1
l2,0.0625,0,min-error,metric_min,exp1,0,1,1,0.00879040174,0.00884457026,0.00879040174,0.00884457026,5.41685149e-05,26,raw-and-scaled,8,1,fp8_e1m6,fp8_e2m5,6,5,4,72,26,exp2,10,40,10,10,0.00879040174,0.00884457026,-30,0x3c10e8d1,0.00884457026,0x3f800000,1,0xbe767e70,-0.240716696,0xbe767e70,-0.240716696,10001111,0,15,001111,10011110,0,30,11110,0xbbcfce00,-0.00634169579,0xbbcfce00,-0.00634169579,0x80000000,-0
l2,0.0625,0,min-error,metric_min,exp1,0,1,1,0.00879040174,0.00884457026,0.00879040174,0.00884457026,5.41685149e-05,27,raw-and-scaled,8,1,fp8_e1m6,fp8_e2m5,6,5,4,72,27,exp2,10,40,10,10,0.00879040174,0.00884457026,-30,0x3c10e8d1,0.00884457026,0x3f800000,1,0x3cafbc9a,0.0214522369,0x3cafbc9a,0.0214522369,00000001,0,1,000001,00000010,0,2,00010,0x3bbef268,0.00582723692,0x3bbef268,0.00582723692,0x80000000,-0
l2,0.0625,0,min-error,metric_min,exp1,0,1,1,0.00879040174,0.00884457026,0.00879040174,0.00884457026,5.41685149e-05,28,raw-and-scaled,8,1,fp8_e1m6,fp8_e2m5,6,5,4,72,28,exp2,10,40,10,10,0.00879040174,0.00884457026,-30,0x3c10e8d1,0.00884457026,0x3f800000,1,0xbf263b1e,-0.649339557,0xbf263b1e,-0.649339557,10101001,0,41,101001,11001001,2,9,01001,0xbc0ec780,-0.00871455669,0xbc0ec780,-0.00871455669,0x00000000,0
l2,0.0625,0,min-error,metric_min,exp1,0,1,1,0.00879040174,0.00884457026,0.00879040174,0.00884457026,5.41685149e-05,29,raw-and-scaled,8,1,fp8_e1m6,fp8_e2m5,6,5,4,72,29,exp2,10,40,10,10,0.00879040174,0.00884457026,-30,0x3c10e8d1,0.00884457026,0x3f800000,1,0x3e27f7b6,0.16403088,0x3e27f7b6,0.16403088,00001010,0,10,001010,00010100,0,20,10100,0x3bfef6c0,0.00778087974,0x3bfef6c0,0.00778087974,0x80000000,-0
l2,0.0625,0,min-error,metric_min,exp1,0,1,1,0.00879040174,0.00884457026,0.00879040174,0.00884457026,5.41685149e-05,30,raw-and-scaled,8,1,fp8_e1m6,fp8_e2m5,6,5,4,72,30,exp2,10,40,10,10,0.00879040174,0.00884457026,-30,0x3c10e8d1,0.00884457026,0x3f800000,1,0xbee3dc08,-0.44503808,0xbee3dc08,-0.44503808,10011100,0,28,011100,10111000,1,24,11000,0xbbf70200,-0.00753808022,0xbbf70200,-0.00753808022,0x80000000,-0
l2,0.0625,0,min-error,metric_min,exp1,0,1,1,0.00879040174,0.00884457026,0.00879040174,0.00884457026,5.41685149e-05,31,raw-and-scaled,8,1,fp8_e1m6,fp8_e2m5,6,5,4,72,31,exp2,10,40,10,10,0.00879040174,0.00884457026,-30,0x3c10e8d1,0.00884457026,0x3f800000,1,0xbe8fb372,-0.280665934,0xbe8fb372,-0.280665934,10010001,0,17,010001,10100011,1,3,00011,0xbc766e40,-0.0150409341,0xbbecdc80,-0.00722843409,0xbf800000,-1
l2,0.0625,0,min-error,metric_min,exp1,0,1,1,0.00879040174,0.00884457026,0.00879040174,0.00884457026,5.41685149e-05,32,raw-and-scaled,8,1,fp8_e1m6,fp8_e2m5,6,5,4,72,32,exp2,10,40,10,10,0.00879040174,0.00884457026,-30,0x3c10e8d1,0.00884457026,0x3f800000,1,0xbb950861,-0.00454811798,0xbb950861,-0.00454811798,10000000,0,0,000000,10000000,0,0,00000,0xbb950861,-0.00454811798,0xbb950861,-0.00454811798,0x00000000,0
l2,0.0625,0,min-error,metric_min,exp1,0,1,1,0.00879040174,0.00884457026,0.00879040174,0.00884457026,5.41685149e-05,33,raw-and-scaled,8,1,fp8_e1m6,fp8_e2m5,6,5,4,72,33,exp2,10,40,10,10,0.00879040174,0.00884457026,-30,0x3c10e8d1,0.00884457026,0x3f800000,1,0xbb836b7d,-0.00401061634,0xbb836b7d,-0.00401061634,10000000,0,0,000000,10000000,0,0,00000,0xbb836b7d,-0.00401061634,0xbb836b7d,-0.00401061634,0x00000000,0
l2,0.0625,0,min-error,metric_min,exp1,0,1,1,0.00879040174,0.00884457026,0.00879040174,0.00884457026,5.41685149e-05,34,raw-and-scaled,8,1,fp8_e1m6,fp8_e2m5,6,5,4,72,34,exp2,10,40,10,10,0.00879040174,0.00884457026,-30,0x3c10e8d1,0.00884457026,0x3f800000,1,0xbc7e3add,-0.0155169638,0xbc7e3add,-0.0155169638,10000000,0,0,000000,10000001,0,1,00001,0xbc7e3add,-0.0155169638,0xbbfc75ba,-0.00770446379,0xbf800000,-1
l2,0.0625,0,min-error,metric_min,exp1,0,1,1,0.00879040174,0.00884457026,0.00879040174,0.00884457026,5.41685149e-05,35,raw-and-scaled,8,1,fp8_e1m6,fp8_e2m5,6,5,4,72,35,exp2,10,40,10,10,0.00879040174,0.00884457026,-30,0x3c10e8d1,0.00884457026,0x3f800000,1,0x3d1f8c97,0.0389524363,0x3d1f8c97,0.0389524363,00000010,0,2,000010,00000100,0,4,00100,0x3bfc64b8,0.0077024363,0x3bfc64b8,0.0077024363,0x80000000,-0
l2,0.0625,0,min-error,metric_min,exp1,0,1,1,0.00879040174,0.00884457026,0.00879040174,0.00884457026,5.41685149e-05,36,raw-and-scaled,8,1,fp8_e1m6,fp8_e2m5,6,5,4,72,36,exp2,10,40,10,10,0.00879040174,0.00884457026,-30,0x3c10e8d1,0.00884457026,0x3f800000,1,0xbf19ea18,-0.601228237,0xbf19ea18,-0.601228237,10100110,0,38,100110,11000110,2,6,00110,0xbbf50c00,-0.00747823715,0xbbf50c00,-0.00747823715,0x00000000,0
l2,0.0625,0,min-error,metric_min,exp1,0,1,1,0.00879040174,0.00884457026,0.00879040174,0.00884457026,5.41685149e-05,37,raw-and-scaled,8,1,fp8_e1m6,fp8_e2m5,6,5,4,72,37,exp2,10,40,10,10,0.00879040174,0.00884457026,-30,0x3c10e8d1,0.00884457026,0x3f800000,1,0xbbf2f375,-0.00741427625,0xbbf2f375,-0.00741427625,10000000,0,0,000000,10000000,0,0,00000,0xbbf2f375,-0.00741427625,0xbbf2f375,-0.00741427625,0x00000000,0
l2,0.0625,0,min-error,metric_min,exp1,0,1,1,0.00879040174,0.00884457026,0.00879040174,0.00884457026,5.41685149e-05,38,raw-and-scaled,8,1,fp8_e1m6,fp8_e2m5,6,5,4,72,38,exp2,10,40,10,10,0.00879040174,0.00884457026,-30,0x3c10e8d1,0.00884457026,0x3f800000,1,0xbdf61a3c,-0.120167226,0xbdf61a3c,-0.120167226,10000111,0,7,000111,10001111,0,15,01111,0xbc30d1e0,-0.0107922256,0xbb434780,-0.0029797256,0xbf800000,-1
l2,0.0625,0,min-error,metric_min,exp1,0,1,1,0.00879040174,0.00884457026,0.00879040174,0.00884457026,5.41685149e-05,39,raw-and-scaled,8,1,fp8_e1m6,fp8_e2m5,6,5,4,72,39,exp2,10,40,10,10,0.00879040174,0.00884457026,-30,0x3c10e8d1,0.00884457026,0x3f800000,1,0xbb6c82f9,-0.0036088808,0xbb6c82f9,-0.0036088808,10000000,0,0,000000,10000000,0,0,00000,0xbb6c82f9,-0.0036088808,0xbb6c82f9,-0.0036088808,0x00000000,0
l2,0.0625,0,min-error,metric_min,exp1,0,1,1,0.00879040174,0.00884457026,0.00879040174,0.00884457026,5.41685149e-05,40,raw-and-scaled,8,1,fp8_e1m6,fp8_e2m5,6,5,4,72,40,exp2,10,40,10,10,0.00879040174,0.00884457026,-30,0x3c10e8d1,0.00884457026,0x3f800000,1,0xbc0071a0,-0.00783959031,0xbc0071a0,-0.00783959031,10000000,0,0,000000,10000001,0,1,00001,0xbc0071a0,-0.00783959031,0xb7e34000,-2.70903111e-05,0xbf800000,-1
l2,0.0625,0,min-error,metric_min,exp1,0,1,1,0.00879040174,0.00884457026,0.00879040174,0.00884457026,5.41685149e-05,41,raw-and-scaled,8,1,fp8_e1m6,fp8_e2m5,6,5,4,72,41,exp2,10,40,10,10,0.00879040174,0.00884457026,-30,0x3c10e8d1,0.00884457026,0x3f800000,1,0x3c684118,0.0141756758,0x3c684118,0.0141756758,00000000,0,0,000000,00000001,0,1,00001,0x3c684118,0.0141756758,0x3bd08230,0.00636317581,0xbf800000,-1
l2,0.0625,0,min-error,metric_min,exp1,0,1,1,0.00879040174,0.00884457026,0.00879040174,0.00884457026,5.41685149e-05,42,raw-and-scaled,8,1,fp8_e1m6,fp8_e2m5,6,5,4,72,42,exp2,10,40,10,10,0.00879040174,0.00884457026,-30,0x3c10e8d1,0.00884457026,0x3f800000,1,0xbcef86ea,-0.0292391367,0xbcef86ea,-0.0292391367,10000001,0,1,000001,10000011,0,3,00011,0xbc5f0dd4,-0.0136141367,0xbbbe1ba8,-0.00580163673,0xbf800000,-1
l2,0.0625,0,min-error,metric_min,exp1,0,1,1,0.00879040174,0.00884457026,0.00879040174,0.00884457026,5.41685149e-05,43,raw-and-scaled,8,1,fp8_e1m6,fp8_e2m5,6,5,4,72,43,exp2,10,40,10,10,0.00879040174,0.00884457026,-30,0x3c10e8d1,0.00884457026,0x3f800000,1,0xbf9b1814,-1.21167231,0xbf9b1814,-1.21167231,11001101,1,13,001101,11100110,3,6,00110,0xbc0c0a00,-0.00854730606,0xbcc60500,-0.0241723061,0x3f800000,1
l2,0.0625,0,min-error,metric_min,exp1,0,1,1,0.00879040174,0.00884457026,0.00879040174,0.00884457026,5.41685149e-05,44,raw-and-scaled,8,1,fp8_e1m6,fp8_e2m5,6,5,4,72,44,exp2,10,40,10,10,0.00879040174,0.00884457026,-30,0x3c10e8d1,0.00884457026,0x3f800000,1,0x3f4342e4,0.76273942,0x3f4342e4,0.76273942,00110000,0,48,110000,01010000,2,16,10000,0x3c50b900,0.0127394199,0x3c50b900,0.0127394199,0x00000000,0
l2,0.0625,0,min-error,metric_min,exp1,0,1,1,0.00879040174,0.00884457026,0.00879040174,0.00884457026,5.41685149e-05,45,raw-and-scaled,8,1,fp8_e1m6,fp8_e2m5,6,5,4,72,45,exp2,10,40,10,10,0.00879040174,0.00884457026,-30,0x3c10e8d1,0.00884457026,0x3f800000,1,0xbd720d0a,-0.0590944663,0xbd720d0a,-0.0590944663,10000011,0,3,000011,10000111,0,7,00111,0xbc483428,-0.0122194663,0xbb906850,-0.00440696627,0xbf800000,-1
l2,0.0625,0,min-error,metric_min,exp1,0,1,1,0.00879040174,0.00884457026,0.00879040174,0.00884457026,5.41685149e-05,46,raw-and-scaled,8,1,fp8_e1m6,fp8_e2m5,6,5,4,72,46,exp2,10,40,10,10,0.00879040174,0.00884457026,-30,0x3c10e8d1,0.00884457026,0x3f800000,1,0xbfc778b9,-1.55837166,0xbfc778b9,-1.55837166,11100011,1,35,100011,11110001,3,17,10001,0xbc3c5c80,-0.0114966631,0xbcde2e40,-0.0271216631,0x3f800000,1
l2,0.0625,0,min-error,metric_min,exp1,0,1,1,0.00879040174,0.00884457026,0.00879040174,0.00884457026,5.41685149e-05,47,raw-and-scaled,8,1,fp8_e1m6,fp8_e2m5,6,5,4,72,47,exp2,10,40,10,10,0.00879040174,0.00884457026,-30,0x3c10e8d1,0.00884457026,0x3f800000,1,0xbed0625a,-0.407000363,0xbed0625a,-0.407000363,10011010,0,26,011010,10110100,1,20,10100,0xba44b400,-0.000750362873,0xba44b400,-0.000750362873,0x80000000,-0
l2,0.0625,0,min-error,metric_min,exp1,0,1,1,0.00879040174,0.00884457026,0.00879040174,0.00884457026,5.41685149e-05,48,raw-and-scaled,8,1,fp8_e1m6,fp8_e2m5,6,5,4,72,48,exp2,10,40,10,10,0.00879040174,0.00884457026,-30,0x3c10e8d1,0.00884457026,0x3f800000,1,0xbfa86d02,-1.31582665,0xbfa86d02,-1.31582665,11010100,1,20,010100,11101010,3,10,01010,0xbb5a0400,-0.00332665443,0xbb5a0400,-0.00332665443,0x00000000,0
l2,0.0625,0,min-error,metric_min,exp1,0,1,1,0.00879040174,0.00884457026,0.00879040174,0.00884457026,5.41685149e-05,49,raw-and-scaled,8,1,fp8_e1m6,fp8_e2m5,6,5,4,72,49,exp2,10,40,10,10,0.00879040174,0.00884457026,-30,0x3c10e8d1,0.00884457026,0x3f800000,1,0xbc845148,-0.0161520392,0xbc845148,-0.0161520392,10000001,0,1,000001,10000010,0,2,00010,0xba0a2900,-0.00052703917,0xba0a2900,-0.00052703917,0x80000000,-0
l2,0.0625,0,min-error,metric_min,exp1,0,1,1,0.00879040174,0.00884457026,0.00879040174,0.00884457026,5.41685149e-05,50,raw-and-scaled,8,1,fp8_e1m6,fp8_e2m5,6,5,4,72,50,exp2,10,40,10,10,0.00879040174,0.00884457026,-30,0x3c10e8d1,0.00884457026,0x3f800000,1,0x3d5377b2,0.0516278222,0x3d5377b2,0.0516278222,00000011,0,3,000011,00000110,0,6,00110,0x3b9bbd90,0.00475282222,0x3b9bbd90,0.00475282222,0x80000000,-0
l2,0.0625,0,min-error,metric_min,exp1,0,1,1,0.00879040174,0.00884457026,0.00879040174,0.00884457026,5.41685149e-05,51,raw-and-scaled,8,1,fp8_e1m6,fp8_e2m5,6,5,4,72,51,exp2,10,40,10,10,0.00879040174,0.00884457026,-30,0x3c10e8d1,0.00884457026,0x3f800000,1,0xbdfb6126,-0.12274389,0xbdfb6126,-0.12274389,10000111,0,7,000111,10001111,0,15,01111,0xbc5b0930,-0.0133688897,0xbbb61260,-0.00555638969,0xbf800000,-1
l2,0.0625,0,min-error,metric_min,exp1,0,1,1,0.00879040174,0.00884457026,0.00879040174,0.00884457026,5.41685149e-05,52,raw-and-scaled,8,1,fp8_e1m6,fp8_e2m5,6,5,4,72,52,exp2,10,40,10,10,0.00879040174,0.00884457026,-30,0x3c10e8d1,0.00884457026,0x3f800000,1,0x3feb6873,1.83912504,0x3feb6873,1.83912504,01110101,1,53,110101,01111010,3,26,11010,0x3c343980,0.0110000372,0x3cda1cc0,0.0266250372,0x3f800000,1
l2,0.0625,0,min-error,metric_min,exp1,0,1,1,0.00879040174,0.00884457026,0.00879040174,0.00884457026,5.41685149e-05,53,raw-and-scaled,8,1,fp8_e1m6,fp8_e2m5,6,5,4,72,53,exp2,10,40,10,10,0.00879040174,0.00884457026,-30,0x3c10e8d1,0.00884457026,0x3f800000,1,0x3ac16994,0.00147561962,0x3ac16994,0.00147561962,00000000,0,0,000000,00000000,0,0,00000,0x3ac16994,0.00147561962,0x3ac16994,0.00147561962,0x00000000,0
l2,0.0625,0,min-error,metric_min,exp1,0,1,1,0.00879040174,0.00884457026,0.00879040174,0.00884457026,5.41685149e-05,54,raw-and-scaled,8,1,fp8_e1m6,fp8_e2m5,6,5,4,72,54,exp2,10,40,10,10,0.00879040174,0.00884457026,-30,0x3c10e8d1,0.00884457026,0x3f800000,1,0x3be3b2ae,0.00694879051,0x3be3b2ae,0.00694879051,00000000,0,0,000000,00000000,0,0,00000,0x3be3b2ae,0.00694879051,0x3be3b2ae,0.00694879051,0x00000000,0
l2,0.0625,0,min-error,metric_min,exp1,0,1,1,0.00879040174,0.00884457026,0.00879040174,0.00884457026,5.41685149e-05,55,raw-and-scaled,8,1,fp8_e1m6,fp8_e2m5,6,5,4,72,55,exp2,10,40,10,10,0.00879040174,0.00884457026,-30,0x3c10e8d1,0.00884457026,0x3f800000,1,0x3b5258ef,0.00320964656,0x3b5258ef,0.00320964656,00000000,0,0,000000,00000000,0,0,00000,0x3b5258ef,0.00320964656,0x3b5258ef,0.00320964656,0x00000000,0
l2,0.0625,0,min-error,metric_min,exp1,0,1,1,0.00879040174,0.00884457026,0.00879040174,0.00884457026,5.41685149e-05,56,raw-and-scaled,8,1,fp8_e1m6,fp8_e2m5,6,5,4,72,56,exp2,10,40,10,10,0.00879040174,0.00884457026,-30,0x3c10e8d1,0.00884457026,0x3f800000,1,0x3e419a68,0.189065576,0x3e419a68,0.189065576,00001100,0,12,001100,00011000,0,24,11000,0x3acd3400,0.0015655756,0x3acd3400,0.0015655756,0x80000000,-0
l2,0.0625,0,min-error,metric_min,exp1,0,1,1,0.00879040174,0.00884457026,0.00879040174,0.00884457026,5.41685149e-05,57,raw-and-scaled,8,1,fp8_e1m6,fp8_e2m5,6,5,4,72,57,exp2,10,40,10,10,0.00879040174,0.00884457026,-30,0x3c10e8d1,0.00884457026,0x3f800000,1,0x3cec7d51,0.0288683493,0x3cec7d51,0.0288683493,00000001,0,1,000001,00000011,0,3,00011,0x3c58faa2,0.0132433493,0x3bb1f544,0.00543084927,0xbf800000,-1
l2,0.0625,0,min-error,metric_min,exp1,0,1,1,0.00879040174,0.00884457026,0.00879040174,0.00884457026,5.41685149e-05,58,raw-and-scaled,8,1,fp8_e1m6,fp8_e2m5,6,5,4,72,58,exp2,10,40,10,10,0.00879040174,0.00884457026,-30,0x3c10e8d1,0.00884457026,0x3f800000,1,0xbb7e5754,-0.00388093758,0xbb7e5754,-0.00388093758,10000000,0,0,000000,10000000,0,0,00000,0xbb7e5754,-0.00388093758,0xbb7e5754,-0.00388093758,0x00000000,0
l2,0.0625,0,min-error,metric_min,exp1,0,1,1,0.00879040174,0.00884457026,0.00879040174,0.00884457026,5.41685149e-05,59,raw-and-scaled,8,1,fp8_e1m6,fp8_e2m5,6,5,4,72,59,exp2,10,40,10,10,0.00879040174,0.00884457026,-30,0x3c10e8d1,0.00884457026,0x3f800000,1,0xbb292c8a,-0.00258139009,0xbb292c8a,-0.00258139009,10000000,0,0,000000,10000000,0,0,00000,0xbb292c8a,-0.00258139009,0xbb292c8a,-0.00258139009,0x00000000,0
l2,0.0625,0,min-error,metric_min,exp1,0,1,1,0.00879040174,0.00884457026,0.00879040174,0.00884457026,5.41685149e-05,60,raw-and-scaled,8,1,fp8_e1m6,fp8_e2m5,6,5,4,72,60,exp2,10,40,10,10,0.00879040174,0.00884457026,-30,0x3c10e8d1,0.00884457026,0x3f800000,1,0x3d36bb76,0.0446123704,0x3d36bb76,0.0446123704,00000010,0,2,000010,00000101,0,5,00101,0x3c5aedd8,0.0133623704,0x3bb5dbb0,0.00554987043,0xbf800000,-1
l2,0.0625,0,min-error,metric_min,exp1,0,1,1,0.00879040174,0.00884457026,0.00879040174,0.00884457026,5.41685149e-05,61,raw-and-scaled,8,1,fp8_e1m6,fp8_e2m5,6,5,4,72,61,exp2,10,40,10,10,0.00879040174,0.00884457026,-30,0x3c10e8d1,0.00884457026,0x3f800000,1,0x3d462758,0.0483773649,0x3d462758,0.0483773649,00000011,0,3,000011,00000110,0,6,00110,0x3ac4eb00,0.00150236487,0x3ac4eb00,0.00150236487,0x80000000,-0
l2,0.0625,0,min-error,metric_min,exp1,0,1,1,0.00879040174,0.00884457026,0.00879040174,0.00884457026,5.41685149e-05,62,raw-and-scaled,8,1,fp8_e1m6,fp8_e2m5,6,5,4,72,62,exp2,10,40,10,10,0.00879040174,0.00884457026,-30,0x3c10e8d1,0.00884457026,0x3f800000,1,0xbad7941a,-0.00164473359,0xbad7941a,-0.00164473359,10000000,0,0,000000,10000000,0,0,00000,0xbad7941a,-0.00164473359,0xbad7941a,-0.00164473359,0x00000000,0
l2,0.0625,0,min-error,metric_min,exp1,0,1,1,0.00879040174,0.00884457026,0.00879040174,0.00884457026,5.41685149e-05,63,raw-and-scaled,8,1,fp8_e1m6,fp8_e2m5,6,5,4,72,63,exp2,10,40,10,10,0.00879040174,0.00884457026,-30,0x3c10e8d1,0.00884457026,0x3f800000,1,0xbed8d3ae,-0.423489988,0xbed8d3ae,-0.423489988,10011011,0,27,011011,10110110,1,22,10110,0xbad3ae00,-0.00161498785,0xbad3ae00,-0.00161498785,0x80000000,-0
l2,0.0625,0,min-error,metric_min,exp1,0,1,1,0.00879040174,0.00884457026,0.00879040174,0.00884457026,5.41685149e-05,64,raw-and-scaled,8,1,fp8_e1m6,fp8_e2m5,6,5,4,72,64,exp2,10,40,10,10,0.00879040174,0.00884457026,-30,0x3c10e8d1,0.00884457026,0x3f800000,1,0x3e157a04,0.145973265,0x3e157a04,0.145973265,00001001,0,9,001001,00010010,0,18,10010,0x3baf4080,0.00534826517,0x3baf4080,0.00534826517,0x80000000,-0
l2,0.0625,0,min-error,metric_min,exp1,0,1,1,0.00879040174,0.00884457026,0.00879040174,0.00884457026,5.41685149e-05,65,raw-and-scaled,8,1,fp8_e1m6,fp8_e2m5,6,5,4,72,65,exp2,10,40,10,10,0.00879040174,0.00884457026,-30,0x3c10e8d1,0.00884457026,0x3f800000,1,0x3d311f48,0.0432427227,0x3d311f48,0.0432427227,00000010,0,2,000010,00000101,0,5,00101,0x3c447d20,0.0119927227,0x3b88fa40,0.00418022275,0xbf800000,-1
l2,0.0625,0,min-error,metric_min,exp1,0,1,1,0.00879040174,0.00884457026,0.00879040174,0.00884457026,5.41685149e-05,66,raw-and-scaled,8,1,fp8_e1m6,fp8_e2m5,6,5,4,72,66,exp2,10,40,10,10,0.00879040174,0.00884457026,-30,0x3c10e8d1,0.00884457026,0x3f800000,1,0x3fcb7b71,1.58970463,0x3fcb7b71,1.58970463,01100101,1,37,100101,01110010,3,18,10010,0x3c3db880,0.0115796328,0x3cdedc40,0.0272046328,0x3f800000,1
l2,0.0625,0,min-error,metric_min,exp1,0,1,1,0.00879040174,0.00884457026,0.00879040174,0.00884457026,5.41685149e-05,67,raw-and-scaled,8,1,fp8_e1m6,fp8_e2m5,6,5,4,72,67,exp2,10,40,10,10,0.00879040174,0.00884457026,-30,0x3c10e8d1,0.00884457026,0x3f800000,1,0x3d7bb176,0.0614485368,0x3d7bb176,0.0614485368,00000011,0,3,000011,00000111,0,7,00111,0x3c6ec5d8,0.0145735368,0x3bdd8bb0,0.00676103681,0xbf800000,-1
l2,0.0625,0,min-error,metric_min,exp1,0,1,1,0.00879040174,0.00884457026,0.00879040174,0.00884457026,5.41685149e-05,68,raw-and-scaled,8,1,fp8_e1m6,fp8_e2m5,6,5,4,72,68,exp2,10,40,10,10,0.00879040174,0.00884457026,-30,0x3c10e8d1,0.00884457026,0x3f800000,1,0xbf3850e8,-0.719984531,0xbf3850e8,-0.719984531,10101110,0,46,101110,11001110,2,14,01110,0xbaa1d000,-0.0012345314,0xbaa1d000,-0.0012345314,0x00000000,0
l2,0.0625,0,min-error,metric_min,exp1,0,1,1,0.00879040174,0.00884457026,0.00879040174,0.00884457026,5.41685149e-05,69,raw-and-scaled,8,1,fp8_e1m6,fp8_e2m5,6,5,4,72,69,exp2,10,40,10,10,0.00879040174,0.00884457026,-30,0x3c10e8d1,0.00884457026,0x3f800000,1,0x3d005178,0.0313276947,0x3d005178,0.0313276947,00000010,0,2,000010,00000100,0,4,00100,0x38a2f000,7.76946545e-05,0x38a2f000,7.76946545e-05,0x80000000,-0
l2,0.0625,0,min-error,metric_min,exp1,0,1,1,0.00879040174,0.00884457026,0.00879040174,0.00884457026,5.41685149e-05,70,raw-and-scaled,8,1,fp8_e1m6,fp8_e2m5,6,5,4,72,70,exp2,10,40,10,10,0.00879040174,0.00884457026,-30,0x3c10e8d1,0.00884457026,0x3f800000,1,0x3fdbab98,1.71617413,0x3fdbab98,1.71617413,01101101,1,45,101101,01110110,3,22,10110,0x3c55cc00,0.0130491257,0x3ceae600,0.0286741257,0x3f800000,1
l2,0.0625,0,min-error,metric_min,exp1,0,1,1,0.00879040174,0.00884457026,0.00879040174,0.00884457026,5.41685149e-05,71,raw-and-scaled,8,1,fp8_e1m6,fp8_e2m5,6,5,4,72,71,exp2,10,40,10,10,0.00879040174,0.00884457026,-30,0x3c10e8d1,0.00884457026,0x3f800000,1,0x3f149123,0.580339611,0x3f149123,0.580339611,00100101,0,37,100101,01000101,2,5,00101,0x3b112300,0.00221461058,0x3b112300,0.00221461058,0x00000000,0
l2,0.0625,0,min-error,metric_min,exp1,0,1,1,0.00879040174,0.00884457026,0.00879040174,0.00884457026,5.41685149e-05,72,raw-and-scaled,8,1,fp8_e1m6,fp8_e2m5,6,5,4,72,72,exp2,10,40,10,10,0.00879040174,0.00884457026,-30,0x3c10e8d1,0.00884457026,0x3f800000,1,0x3df6044e,0.120125398,0x3df6044e,0.120125398,00000111,0,7,000111,00001111,0,15,01111,0x3c302270,0.010750398,0x3b4089c0,0.00293789804,0xbf800000,-1
l2,0.0625,0,min-error,metric_min,exp1,0,1,1,0.00879040174,0.00884457026,0.00879040174,0.00884457026,5.41685149e-05,73,raw-and-scaled,8,1,fp8_e1m6,fp8_e2m5,6,5,4,72,73,exp2,10,40,10,10,0.00879040174,0.00884457026,-30,0x3c10e8d1,0.00884457026,0x3f800000,1,0x3ee26809,0.442199975,0x3ee26809,0.442199975,00011100,0,28,011100,00111000,1,24,11000,0x3b9a0240,0.00469997525,0x3b9a0240,0.00469997525,0x80000000,-0
l2,0.0625,0,min-error,metric_min,exp1,0,1,1,0.00879040174,0.00884457026,0.00879040174,0.00884457026,5.41685149e-05,74,raw-and-scaled,8,1,fp8_e1m6,fp8_e2m5,6,5,4,72,74,exp2,10,40,10,10,0.00879040174,0.00884457026,-30,0x3c10e8d1,0.00884457026,0x3f800000,1,0x3db5181b,0.0884248838,0x3db5181b,0.0884248838,00000101,0,5,000101,00001011,0,11,01011,0x3c28c0d8,0.0102998838,0x3b230360,0.00248738378,0xbf800000,-1
l2,0.0625,0,min-error,metric_min,exp1,0,1,1,0.00879040174,0.00884457026,0.00879040174,0.00884457026,5.41685149e-05,75,raw-and-scaled,8,1,fp8_e1m6,fp8_e2m5,6,5,4,72,75,exp2,10,40,10,10,0.00879040174,0.00884457026,-30,0x3c10e8d1,0.00884457026,0x3f800000,1,0xbbbf87de,-0.00584505405,0xbbbf87de,-0.00584505405,10000000,0,0,000000,10000000,0,0,00000,0xbbbf87de,-0.00584505405,0xbbbf87de,-0.00584505405,0x00000000,0
l2,0.0625,0,min-error,metric_min,exp1,0,1,1,0.00879040174,0.00884457026,0.00879040174,0.00884457026,5.41685149e-05,76,raw-and-scaled,8,1,fp8_e1m6,fp8_e2m5,6,5,4,72,76,exp2,10,40,10,10,0.00879040174,0.00884457026,-30,0x3c10e8d1,0.00884457026,0x3f800000,1,0xbf557b6b,-0.833914459,0xbf557b6b,-0.833914459,10110101,0,53,110101,11010101,2,21,10101,0xbbbdb580,-0.00578945875,0xbbbdb580,-0.00578945875,0x00000000,0
l2,0.0625,0,min-error,metric_min,exp1,0,1,1,0.00879040174,0.00884457026,0.00879040174,0.00884457026,5.41685149e-05,77,raw-and-scaled,8,1,fp8_e1m6,fp8_e2m5,6,5,4,72,77,exp2,10,40,10,10,0.00879040174,0.00884457026,-30,0x3c10e8d1,0.00884457026,0x3f800000,1,0xbd5c9fe4,-0.0538634211,0xbd5c9fe4,-0.0538634211,10000011,0,3,000011,10000110,0,6,00110,0xbbe4ff20,-0.00698842108,0xbbe4ff20,-0.00698842108,0x80000000,-0
l2,0.0625,0,min-error,metric_min,exp1,0,1,1,0.00879040174,0.00884457026,0.00879040174,0.00884457026,5.41685149e-05,78,raw-and-scaled,8,1,fp8_e1m6,fp8_e2m5,6,5,4,72,78,exp2,10,40,10,10,0.00879040174,0.00884457026,-30,0x3c10e8d1,0.00884457026,0x3f800000,1,0x3c652968,0.0139869228,0x3c652968,0.0139869228,00000000,0,0,000000,00000001,0,1,00001,0x3c652968,0.0139869228,0x3bca52d0,0.0061744228,0xbf800000,-1
l2,0.0625,0,min-error,metric_min,exp1,0,1,1,0.00879040174,0.00884457026,0.00879040174,0.00884457026,5.41685149e-05,79,raw-and-scaled,8,1,fp8_e1m6,fp8_e2m5,6,5,4,72,79,exp2,10,40,10,10,0.00879040174,0.00884457026,-30,0x3c10e8d1,0.00884457026,0x3f800000,1,0x3fb10e0a,1.38324094,0x3fb10e0a,1.38324094,01011000,1,24,011000,01101100,3,12,01100,0x3c070500,0.00824093819,0x3c070500,0.00824093819,0x00000000,0
l2,0.0625,0,min-error,metric_min,exp1,0,1,1,0.00879040174,0.00884457026,0.00879040174,0.00884457026,5.41685149e-05,80,raw-and-scaled,8,1,fp8_e1m6,fp8_e2m5,6,5,4,72,80,exp2,10,40,10,10,0.00879040174,0.00884457026,-30,0x3c10e8d1,0.00884457026,0x3f800000,1,0x3c0af68c,0.00848163292,0x3c0af68c,0.00848163292,00000000,0,0,000000,00000001,0,1,00001,0x3c0af68c,0.00848163292,0x3a2f68c0,0.000669132918,0xbf800000,-1
l2,0.0625,0,min-error,metric_min,exp1,0,1,1,0.00879040174,0.00884457026,0.00879040174,0.00884457026,5.41685149e-05,81,raw-and-scaled,8,1,fp8_e1m6,fp8_e2m5,6,5,4,72,81,exp2,10,40,10,10,0.00879040174,0.00884457026,-30,0x3c10e8d1,0.00884457026,0x3f800000,1,0x3f32057c,0.695396185,0x3f32057c,0.695396185,00101100,0,44,101100,01001100,2,12,01100,0x3c015f00,0.00789618492,0x3c015f00,0.00789618492,0x00000000,0
l2,0.0625,0,min-error,metric_min,exp1,0,1,1,0.00879040174,0.00884457026,0.00879040174,0.00884457026,5.41685149e-05,82,raw-and-scaled,8,1,fp8_e1m6,fp8_e2m5,6,5,4,72,82,exp2,10,40,10,10,0.00879040174,0.00884457026,-30,0x3c10e8d1,0.00884457026,0x3f800000,1,0xbb221b0e,-0.00247353641,0xbb221b0e,-0.00247353641,10000000,0,0,000000,10000000,0,0,00000,0xbb221b0e,-0.00247353641,0xbb221b0e,-0.00247353641,0x00000000,0
l2,0.0625,0,min-error,metric_min,exp1,0,1,1,0.00879040174,0.00884457026,0.00879040174,0.00884457026,5.41685149e-05,83,raw-and-scaled,8,1,fp8_e1m6,fp8_e2m5,6,5,4,72,83,exp2,10,40,10,10,0.00879040174,0.00884457026,-30,0x3c10e8d1,0.00884457026,0x3f800000,1,0x3a839dfd,0.0010041591,0x3a839dfd,0.0010041591,00000000,0,0,000000,00000000,0,0,00000,0x3a839dfd,0.0010041591,0x3a839dfd,0.0010041591,0x00000000,0
l2,0.0625,0,min-error,metric_min,exp1,0,1,1,0.00879040174,0.00884457026,0.00879040174,0.00884457026,5.41685149e-05,84,raw-and-scaled,8,1,fp8_e1m6,fp8_e2m5,6,5,4,72,84,exp2,10,40,10,10,0.00879040174,0.00884457026,-30,0x3c10e8d1,0.00884457026,0x3f800000,1,0xbf9effd3,-1.24218214,0xbf9effd3,-1.24218214,11001111,1,15,001111,11100111,3,7,00111,0xbbffd300,-0.00780713558,0xbcbff4c0,-0.0234321356,0x3f800000,1
l2,0.0625,0,min-error,metric_min,exp1,0,1,1,0.00879040174,0.00884457026,0.00879040174,0.00884457026,5.41685149e-05,85,raw-and-scaled,8,1,fp8_e1m6,fp8_e2m5,6,5,4,72,85,exp2,10,40,10,10,0.00879040174,0.00884457026,-30,0x3c10e8d1,0.00884457026,0x3f800000,1,0x3a997ed0,0.00117107667,0x3a997ed0,0.00117107667,00000000,0,0,000000,00000000,0,0,00000,0x3a997ed0,0.00117107667,0x3a997ed0,0.00117107667,0x00000000,0
l2,0.0625,0,min-error,metric_min,exp1,0,1,1,0.00879040174,0.00884457026,0.00879040174,0.00884457026,5.41685149e-05,86,raw-and-scaled,8,1,fp8_e1m6,fp8_e2m5,6,5,4,72,86,exp2,10,40,10,10,0.00879040174,0.00884457026,-30,0x3c10e8d1,0.00884457026,0x3f800000,1,0xbb03fd94,-0.0020140158,0xbb03fd94,-0.0020140158,10000000,0,0,000000,10000000,0,0,00000,0xbb03fd94,-0.0020140158,0xbb03fd94,-0.0020140158,0x00000000,0
l2,0.0625,0,min-error,metric_min,exp1,0,1,1,0.00879040174,0.00884457026,0.00879040174,0.00884457026,5.41685149e-05,87,raw-and-scaled,8,1,fp8_e1m6,fp8_e2m5,6,5,4,72,87,exp2,10,40,10,10,0.00879040174,0.00884457026,-30,0x3c10e8d1,0.00884457026,0x3f800000,1,0x3e331d69,0.174916878,0x3e331d69,0.174916878,00001011,0,11,001011,00010110,0,22,10110,0x3b475a40,0.00304187834,0x3b475a40,0.00304187834,0x80000000,-0
l2,0.0625,0,min-error,metric_min,exp1,0,1,1,0.00879040174,0.00884457026,0.00879040174,0.00884457026,5.41685149e-05,88,raw-and-scaled,8,1,fp8_e1m6,fp8_e2m5,6,5,4,72,88,exp2,10,40,10,10,0.00879040174,0.00884457026,-30,0x3c10e8d1,0.00884457026,0x3f800000,1,0x3f441c8e,0.76606071,0x3f441c8e,0.76606071,00110001,0,49,110001,01010001,2,17,10001,0x39e47000,0.000435709953,0x39e47000,0.000435709953,0x00000000,0
l2,0.0625,0,min-error,metric_min,exp1,0,1,1,0.00879040174,0.00884457026,0.00879040174,0.00884457026,5.41685149e-05,89,raw-and-scaled,8,1,fp8_e1m6,fp8_e2m5,6,5,4,72,89,exp2,10,40,10,10,0.00879040174,0.00884457026,-30,0x3c10e8d1,0.00884457026,0x3f800000,1,0xbd67670a,-0.0564947501,0xbd67670a,-0.0564947501,10000011,0,3,000011,10000111,0,7,00111,0xbc1d9c28,-0.00961975008,0xbaece140,-0.00180725008,0xbf800000,-1
l2,0.0625,0,min-error,metric_min,exp1,0,1,1,0.00879040174,0.00884457026,0.00879040174,0.00884457026,5.41685149e-05,90,raw-and-scaled,8,1,fp8_e1m6,fp8_e2m5,6,5,4,72,90,exp2,10,40,10,10,0.00879040174,0.00884457026,-30,0x3c10e8d1,0.00884457026,0x3f800000,1,0x3be47b0a,0.00697267521,0x3be47b0a,0.00697267521,00000000,0,0,000000,00000000,0,0,00000,0x3be47b0a,0.00697267521,0x3be47b0a,0.00697267521,0x00000000,0
l2,0.0625,0,min-error,metric_min,exp1,0,1,1,0.00879040174,0.00884457026,0.00879040174,0.00884457026,5.41685149e-05,91,raw-and-scaled,8,1,fp8_e1m6,fp8_e2m5,6,5,4,72,91,exp2,10,40,10,10,0.00879040174,0.00884457026,-30,0x3c10e8d1,0.00884457026,0x3f800000,1,0xbdabbcff,-0.0838565752,0xbdabbcff,-0.0838565752,10000101,0,5,000101,10001010,0,10,01010,0xbbbbcff0,-0.00573157519,0xbbbbcff0,-0.00573157519,0x80000000,-0
l2,0.0625,0,min-error,metric_min,exp1,0,1,1,0.00879040174,0.00884457026,0.00879040174,0.00884457026,5.41685149e-05,92,raw-and-scaled,8,1,fp8_e1m6,fp8_e2m5,6,5,4,72,92,exp2,10,40,10,10,0.00879040174,0.00884457026,-30,0x3c10e8d1,0.00884457026,0x3f800000,1,0x3e5447a4,0.207304537,0x3e5447a4,0.207304537,00001101,0,13,001101,00011010,0,26,11010,0x3b88f480,0.0041795373,0x3b88f480,0.0041795373,0x80000000,-0
l2,0.0625,0,min-error,metric_min,exp1,0,1,1,0.00879040174,0.00884457026,0.00879040174,0.00884457026,5.41685149e-05,93,raw-and-scaled,8,1,fp8_e1m6,fp8_e2m5,6,5,4,72,93,exp2,10,40,10,10,0.00879040174,0.00884457026,-30,0x3c10e8d1,0.00884457026,0x3f800000,1,0x3fd67dfe,1.67571998,0x3fd67dfe,1.67571998,01101011,1,43,101011,01110101,3,21,10101,0x3b7bfc00,0.00384497643,0x3c9f7f80,0.0194699764,0x3f800000,1
l2,0.0625,0,min-error,metric_min,exp1,0,1,1,0.00879040174,0.00884457026,0.00879040174,0.00884457026,5.41685149e-05,94,raw-and-scaled,8,1,fp8_e1m6,fp8_e2m5,6,5,4,72,94,exp2,10,40,10,10,0.00879040174,0.00884457026,-30,0x3c10e8d1,0.00884457026,0x3f800000,1,0xbc43a2c6,-0.0119406637,0xbc43a2c6,-0.0119406637,10000000,0,0,000000,10000001,0,1,00001,0xbc43a2c6,-0.0119406637,0xbb87458c,-0.00412816368,0xbf800000,-1
l2,0.0625,0,min-error,metric_min,exp1,0,1,1,0.00879040174,0.00884457026,0.00879040174,0.00884457026,5.41685149e-05,95,raw-and-scaled,8,1,fp8_e1m6,fp8_e2m5,6,5,4,72,95,exp2,10,40,10,10,0.00879040174,0.00884457026,-30,0x3c10e8d1,0.00884457026,0x3f800000,1,0xbae0843c,-0.00171292527,0xbae0843c,-0.00171292527,10000000,0,0,000000,10000000,0,0,00000,0xbae0843c,-0.00171292527,0xbae0843c,-0.00171292527,0x00000000,0
l2,0.0625,0,min-error,metric_min,exp1,0,1,1,0.00879040174,0.00884457026,0.00879040174,0.00884457026,5.41685149e-05,96,raw-and-scaled,8,1,fp8_e1m6,fp8_e2m5,6,5,4,72,96,exp2,10,40,10,10,0.00879040174,0.00884457026,-30,0x3c10e8d1,0.00884457026,0x3f800000,1,0x3cd58430,0.0260640085,0x3cd58430,0.0260640085,00000001,0,1,000001,00000011,0,3,00011,0x3c2b0860,0.0104390085,0x3b2c2180,0.00262650847,0xbf800000,-1
l2,0.0625,0,min-error,metric_min,exp1,0,1,1,0.00879040174,0.00884457026,0.00879040174,0.00884457026,5.41685149e-05,97,raw-and-scaled,8,1,fp8_e1m6,fp8_e2m5,6,5,4,72,97,exp2,10,40,10,10,0.00879040174,0.00884457026,-30,0x3c10e8d1,0.00884457026,0x3f800000,1,0xbecf843c,-0.405305743,0xbecf843c,-0.405305743,10011001,0,25,011001,10110011,1,19,10011,0xbc708780,-0.0146807432,0xbbe10f00,-0.00686824322,0xbf800000,-1
l2,0.0625,0,min-error,metric_min,exp1,0,1,1,0.00879040174,0.00884457026,0.00879040174,0.00884457026,5.41685149e-05,98,raw-and-scaled,8,1,fp8_e1m6,fp8_e2m5,6,5,4,72,98,exp2,10,40,10,10,0.00879040174,0.00884457026,-30,0x3c10e8d1,0.00884457026,0x3f800000,1,0xbc0dd30c,-0.00865627453,0xbc0dd30c,-0.00865627453,10000000,0,0,000000,10000001,0,1,00001,0xbc0dd30c,-0.00865627453,0xba5d30c0,-0.000843774527,0xbf800000,-1
l2,0.0625,0,min-error,metric_min,exp1,0,1,1,0.00879040174,0.00884457026,0.00879040174,0.00884457026,5.41685149e-05,99,raw-and-scaled,8,1,fp8_e1m6,fp8_e2m5,6,5,4,72,99,exp2,10,40,10,10,0.00879040174,0.00884457026,-30,0x3c10e8d1,0.00884457026,0x3f800000,1,0x3f22524c,0.634068251,0x3f22524c,0.634068251,00101000,0,40,101000,01001000,2,8,01000,0x3c149300,0.00906825066,0x3c149300,0.00906825066,0x00000000,0
l2,0.0625,0,min-error,metric_min,exp1,0,1,1,0.00879040174,0.00884457026,0.00879040174,0.00884457026,5.41685149e-05,100,raw-and-scaled,8,1,fp8_e1m6,fp8_e2m5,6,5,4,72,100,exp2,10,40,10,10,0.00879040174,0.00884457026,-30,0x3c10e8d1,0.00884457026,0x3f800000,1,0xbb89b27a,-0.00420218427,0xbb89b27a,-0.00420218427,10000000,0,0,000000,10000000,0,0,00000,0xbb89b27a,-0.00420218427,0xbb89b27a,-0.00420218427,0x00000000,0
l2,0.0625,0,min-error,metric_min,exp1,0,1,1,0.00879040174,0.00884457026,0.00879040174,0.00884457026,5.41685149e-05,101,raw-and-scaled,8,1,fp8_e1m6,fp8_e2m5,6,5,4,72,101,exp2,10,40,10,10,0.00879040174,0.00884457026,-30,0x3c10e8d1,0.00884457026,0x3f800000,1,0x3f23eb82,0.640312314,0x3f23eb82,0.640312314,00101000,0,40,101000,01001000,2,8,01000,0x3c7ae080,0.015312314,0x3c7ae080,0.015312314,0x00000000,0
l2,0.0625,0,min-error,metric_min,exp1,0,1,1,0.00879040174,0.00884457026,0.00879040174,0.00884457026,5.41685149e-05,102,raw-and-scaled,8,1,fp8_e1m6,fp8_e2m5,6,5,4,72,102,exp2,10,40,10,10,0.00879040174,0.00884457026,-30,0x3c10e8d1,0.00884457026,0x3f800000,1,0x3eeeb702,0.466239989,0x3eeeb702,0.466239989,00011101,0,29,011101,00111011,1,27,11011,0x3c56e040,0.0131149888,0x3badc080,0.0053024888,0xbf800000,-1
l2,0.0625,0,min-error,metric_min,exp1,0,1,1,0.00879040174,0.00884457026,0.00879040174,0.00884457026,5.41685149e-05,103,raw-and-scaled,8,1,fp8_e1m6,fp8_e2m5,6,5,4,72,103,exp2,10,40,10,10,0.00879040174,0.00884457026,-30,0x3c10e8d1,0.00884457026,0x3f800000,1,0x3d3aacc4,0.0455749184,0x3d3aacc4,0.0455749184,00000010,0,2,000010,00000101,0,5,00101,0x3c6ab310,0.0143249184,0x3bd56620,0.00651241839,0xbf800000,-1
l2,0.0625,0,min-error,metric_min,exp1,0,1,1,0.00879040174,0.00884457026,0.00879040174,0.00884457026,5.41685149e-05,104,raw-and-scaled,8,1,fp8_e1m6,fp8_e2m5,6,5,4,72,104,exp2,10,40,10,10,0.00879040174,0.00884457026,-30,0x3c10e8d1,0.00884457026,0x3f800000,1,0xbd80a247,-0.0628095195,0xbd80a247,-0.0628095195,10000100,0,4,000100,10001000,0,8,01000,0xb9a24700,-0.00030951947,0xb9a24700,-0.00030951947,0x80000000,-0
l2,0.0625,0,min-error,metric_min,exp1,0,1,1,0.00879040174,0.00884457026,0.00879040174,0.00884457026,5.41685149e-05,105,raw-and-scaled,8,1,fp8_e1m6,fp8_e2m5,6,5,4,72,105,exp2,10,40,10,10,0.00879040174,0.00884457026,-30,0x3c10e8d1,0.00884457026,0x3f800000,1,0x3c3d46fc,0.0115525685,0x3c3d46fc,0.0115525685,00000000,0,0,000000,00000001,0,1,00001,0x3c3d46fc,0.0115525685,0x3b751bf0,0.00374006853,0xbf800000,-1
l2,0.0625,0,min-error,metric_min,exp1,0,1,1,0.00879040174,0.00884457026,0.00879040174,0.00884457026,5.41685149e-05,106,raw-and-scaled,8,1,fp8_e1m6,fp8_e2m5,6,5,4,72,106,exp2,10,40,10,10,0.00879040174,0.00884457026,-30,0x3c10e8d1,0.00884457026,0x3f800000,1,0xbabae58c,-0.00142590841,0xbabae58c,-0.00142590841,10000000,0,0,000000,10000000,0,0,00000,0xbabae58c,-0.00142590841,0xbabae58c,-0.00142590841,0x00000000,0
l2,0.0625,0,min-error,metric_min,exp1,0,1,1,0.00879040174,0.00884457026,0.00879040174,0.00884457026,5.41685149e-05,107,raw-and-scaled,8,1,fp8_e1m6,fp8_e2m5,6,5,4,72,107,exp2,10,40,10,10,0.00879040174,0.00884457026,-30,0x3c10e8d1,0.00884457026,0x3f800000,1,0x3e6223a7,0.220839128,0x3e6223a7,0.220839128,00001110,0,14,001110,00011100,0,28,11100,0x3b08e9c0,0.0020891279,0x3b08e9c0,0.0020891279,0x80000000,-0
l2,0.0625,0,min-error,metric_min,exp1,0,1,1,0.00879040174,0.00884457026,0.00879040174,0.00884457026,5.41685149e-05,108,raw-and-scaled,8,1,fp8_e1m6,fp8_e2m5,6,5,4,72,108,exp2,10,40,10,10,0.00879040174,0.00884457026,-30,0x3c10e8d1,0.00884457026,0x3f800000,1,0xbaf277ac,-0.00184987998,0xbaf277ac,-0.00184987998,10000000,0,0,000000,10000000,0,0,00000,0xbaf277ac,-0.00184987998,0xbaf277ac,-0.00184987998,0x00000000,0
l2,0.0625,0,min-error,metric_min,exp1,0,1,1,0.00879040174,0.00884457026,0.00879040174,0.00884457026,5.41685149e-05,109,raw-and-scaled,8,1,fp8_e1m6,fp8_e2m5,6,5,4,72,109,exp2,10,40,10,10,0.00879040174,0.00884457026,-30,0x3c10e8d1,0.00884457026,0x3f800000,1,0xbe7b746e,-0.245561332,0xbe7b746e,-0.245561332,10001111,0,15,001111,10011111,0,31,11111,0xbc3746e0,-0.0111863315,0xbb5d1b80,-0.00337383151,0xbf800000,-1
l2,0.0625,0,min-error,metric_min,exp1,0,1,1,0.00879040174,0.00884457026,0.00879040174,0.00884457026,5.41685149e-05,110,raw-and-scaled,8,1,fp8_e1m6,fp8_e2m5,6,5,4,72,110,exp2,10,40,10,10,0.00879040174,0.00884457026,-30,0x3c10e8d1,0.00884457026,0x3f800000,1,0x3cb0e5a3,0.0215938743,0x3cb0e5a3,0.0215938743,00000001,0,1,000001,00000010,0,2,00010,0x3bc3968c,0.00596887432,0x3bc3968c,0.00596887432,0x80000000,-0
l2,0.0625,0,min-error,metric_min,exp1,0,1,1,0.00879040174,0.00884457026,0.00879040174,0.00884457026,5.41685149e-05,111,raw-and-scaled,8,1,fp8_e1m6,fp8_e2m5,6,5,4,72,111,exp2,10,40,10,10,0.00879040174,0.00884457026,-30,0x3c10e8d1,0.00884457026,0x3f800000,1,0xbea4e050,-0.322023869,0xbea4e050,-0.322023869,10010100,0,20,010100,10101001,1,9,01001,0xbc1c0a00,-0.00952386856,0xbae05000,-0.00171136856,0xbf800000,-1
l2,0.0625,0,min-error,metric_min,exp1,0,1,1,0.00879040174,0.00884457026,0.00879040174,0.00884457026,5.41685149e-05,112,raw-and-scaled,8,1,fp8_e1m6,fp8_e2m5,6,5,4,72,112,exp2,10,40,10,10,0.00879040174,0.00884457026,-30,0x3c10e8d1,0.00884457026,0x3f800000,1,0xbab0ce26,-0.00134891714,0xbab0ce26,-0.00134891714,10000000,0,0,000000,10000000,0,0,00000,0xbab0ce26,-0.00134891714,0xbab0ce26,-0.00134891714,0x00000000,0
l2,0.0625,0,min-error,metric_min,exp1,0,1,1,0.00879040174,0.00884457026,0.00879040174,0.00884457026,5.41685149e-05,113,raw-and-scaled,8,1,fp8_e1m6,fp8_e2m5,6,5,4,72,113,exp2,10,40,10,10,0.00879040174,0.00884457026,-30,0x3c10e8d1,0.00884457026,0x3f800000,1,0x3c2b7531,0.0104649523,0x3c2b7531,0.0104649523,00000000,0,0,000000,00000001,0,1,00001,0x3c2b7531,0.0104649523,0x3b2dd4c4,0.00265245233,0xbf800000,-1
l2,0.0625,0,min-error,metric_min,exp1,0,1,1,0.00879040174,0.00884457026,0.00879040174,0.00884457026,5.41685149e-05,114,raw-and-scaled,8,1,fp8_e1m6,fp8_e2m5,6,5,4,72,114,exp2,10,40,10,10,0.00879040174,0.00884457026,-30,0x3c10e8d1,0.00884457026,0x3f800000,1,0xbe8fa75a,-0.280573666,0xbe8fa75a,-0.280573666,10010001,0,17,010001,10100011,1,3,00011,0xbc74eb40,-0.0149486661,0xbbe9d680,-0.0071361661,0xbf800000,-1
l2,0.0625,0,min-error,metric_min,exp1,0,1,1,0.00879040174,0.00884457026,0.00879040174,0.00884457026,5.41685149e-05,115,raw-and-scaled,8,1,fp8_e1m6,fp8_e2m5,6,5,4,72,115,exp2,10,40,10,10,0.00879040174,0.00884457026,-30,0x3c10e8d1,0.00884457026,0x3f800000,1,0xbbd4193f,-0.00647273613,0xbbd4193f,-0.00647273613,10000000,0,0,000000,10000000,0,0,00000,0xbbd4193f,-0.00647273613,0xbbd4193f,-0.00647273613,0x00000000,0
l2,0.0625,0,min-error,metric_min,exp1,0,1,1,0.00879040174,0.00884457026,0.00879040174,0.00884457026,5.41685149e-05,116,raw-and-scaled,8,1,fp8_e1m6,fp8_e2m5,6,5,4,72,116,exp2,10,40,10,10,0.00879040174,0.00884457026,-30,0x3c10e8d1,0.00884457026,0x3f800000,1,0xbb75c210,-0.00374997035,0xbb75c210,-0.00374997035,10000000,0,0,000000,10000000,0,0,00000,0xbb75c210,-0.00374997035,0xbb75c210,-0.00374997035,0x00000000,0
l2,0.0625,0,min-error,metric_min,exp1,0,1,1,0.00879040174,0.00884457026,0.00879040174,0.00884457026,5.41685149e-05,117,raw-and-scaled,8,1,fp8_e1m6,fp8_e2m5,6,5,4,72,117,exp2,10,40,10,10,0.00879040174,0.00884457026,-30,0x3c10e8d1,0.00884457026,0x3f800000,1,0xbc1b7d84,-0.00949037448,0xbc1b7d84,-0.00949037448,10000000,0,0,000000,10000001,0,1,00001,0xbc1b7d84,-0.00949037448,0xbadbec20,-0.00167787448,0xbf800000,-1
l2,0.0625,0,min-error,metric_min,exp1,0,1,1,0.00879040174,0.00884457026,0.00879040174,0.00884457026,5.41685149e-05,118,raw-and-scaled,8,1,fp8_e1m6,fp8_e2m5,6,5,4,72,118,exp2,10,40,10,10,0.00879040174,0.00884457026,-30,0x3c10e8d1,0.00884457026,0x3f800000,1,0xbe43e0a6,-0.191286653,0xbe43e0a6,-0.191286653,10001100,0,12,001100,10011000,0,24,11000,0xbb782980,-0.00378665328,0xbb782980,-0.00378665328,0x80000000,-0
l2,0.0625,0,min-error,metric_min,exp1,0,1,1,0.00879040174,0.00884457026,0.00879040174,0.00884457026,5.41685149e-05,119,raw-and-scaled,8,1,fp8_e1m6,fp8_e2m5,6,5,4,72,119,exp2,10,40,10,10,0.00879040174,0.00884457026,-30,0x3c10e8d1,0.00884457026,0x3f800000,1,0xbce3e706,-0.0278201215,0xbce3e706,-0.0278201215,10000001,0,1,000001,10000011,0,3,00011,0xbc47ce0c,-0.0121951215,0xbb8f9c18,-0.0043826215,0xbf800000,-1
l2,0.0625,0,min-error,metric_min,exp1,0,1,1,0.00879040174,0.00884457026,0.00879040174,0.00884457026,5.41685149e-05,120,raw-and-scaled,8,1,fp8_e1m6,fp8_e2m5,6,5,4,72,120,exp2,10,40,10,10,0.00879040174,0.00884457026,-30,0x3c10e8d1,0.00884457026,0x3f800000,1,0xbcfaaedc,-0.0306009576,0xbcfaaedc,-0.0306009576,10000001,0,1,000001,10000011,0,3,00011,0xbc755db8,-0.0149759576,0xbbeabb70,-0.00716345757,0xbf800000,-1
l2,0.0625,0,min-error,metric_min,exp1,0,1,1,0.00879040174,0.00884457026,0.00879040174,0.00884457026,5.41685149e-05,121,raw-and-scaled,8,1,fp8_e1m6,fp8_e2m5,6,5,4,72,121,exp2,10,40,10,10,0.00879040174,0.00884457026,-30,0x3c10e8d1,0.00884457026,0x3f800000,1,0x3b62d1be,0.00346098794,0x3b62d1be,0.00346098794,00000000,0,0,000000,00000000,0,0,00000,0x3b62d1be,0.00346098794,0x3b62d1be,0.00346098794,0x00000000,0
l2,0.0625,0,min-error,metric_min,exp1,0,1,1,0.00879040174,0.00884457026,0.00879040174,0.00884457026,5.41685149e-05,122,raw-and-scaled,8,1,fp8_e1m6,fp8_e2m5,6,5,4,72,122,exp2,10,40,10,10,0.00879040174,0.00884457026,-30,0x3c10e8d1,0.00884457026,0x3f800000,1,0x3daa35d6,0.0831104964,0x3daa35d6,0.0831104964,00000101,0,5,000101,00001010,0,10,01010,0x3ba35d60,0.0049854964,0x3ba35d60,0.0049854964,0x80000000,-0
l2,0.0625,0,min-error,metric_min,exp1,0,1,1,0.00879040174,0.00884457026,0.00879040174,0.00884457026,5.41685149e-05,123,raw-and-scaled,8,1,fp8_e1m6,fp8_e2m5,6,5,4,72,123,exp2,10,40,10,10,0.00879040174,0.00884457026,-30,0x3c10e8d1,0.00884457026,0x3f800000,1,0x3db73bf0,0.0894697905,0x3db73bf0,0.0894697905,00000101,0,5,000101,00001011,0,11,01011,0x3c39df80,0.0113447905,0x3b677e00,0.00353229046,0xbf800000,-1
l2,0.0625,0,min-error,metric_min,exp1,0,1,1,0.00879040174,0.00884457026,0.00879040174,0.00884457026,5.41685149e-05,124,raw-and-scaled,8,1,fp8_e1m6,fp8_e2m5,6,5,4,72,124,exp2,10,40,10,10,0.00879040174,0.00884457026,-30,0x3c10e8d1,0.00884457026,0x3f800000,1,0x3ba7b8b0,0.00511845201,0x3ba7b8b0,0.00511845201,00000000,0,0,000000,00000000,0,0,00000,0x3ba7b8b0,0.00511845201,0x3ba7b8b0,0.00511845201,0x00000000,0
l2,0.0625,0,min-error,metric_min,exp1,0,1,1,0.00879040174,0.00884457026,0.00879040174,0.00884457026,5.41685149e-05,125,raw-and-scaled,8,1,fp8_e1m6,fp8_e2m5,6,5,4,72,125,exp2,10,40,10,10,0.00879040174,0.00884457026,-30,0x3c10e8d1,0.00884457026,0x3f800000,1,0x3ca942a9,0.0206616689,0x3ca942a9,0.0206616689,00000001,0,1,000001,00000010,0,2,00010,0x3ba50aa4,0.00503666885,0x3ba50aa4,0.00503666885,0x80000000,-0
l2,0.0625,0,min-error,metric_min,exp1,0,1,1,0.00879040174,0.00884457026,0.00879040174,0.00884457026,5.41685149e-05,126,raw-and-scaled,8,1,fp8_e1m6,fp8_e2m5,6,5,4,72,126,exp2,10,40,10,10,0.00879040174,0.00884457026,-30,0x3c10e8d1,0.00884457026,0x3f800000,1,0x3c1601ce,0.00915570371,0x3c1601ce,0.00915570371,00000000,0,0,000000,00000001,0,1,00001,0x3c1601ce,0.00915570371,0x3ab00e70,0.00134320371,0xbf800000,-1
l2,0.0625,0,min-error,metric_min,exp1,0,1,1,0.00879040174,0.00884457026,0.00879040174,0.00884457026,5.41685149e-05,127,raw-and-scaled,8,1,fp8_e1m6,fp8_e2m5,6,5,4,72,127,exp2,10,40,10,10,0.00879040174,0.00884457026,-30,0x3c10e8d1,0.00884457026,0x3f800000,1,0xbec7eac8,-0.390463114,0xbec7eac8,-0.390463114,10011000,0,24,011000,10110001,1,17,10001,0xbc7d5900,-0.0154631138,0xbbfab200,-0.00765061378,0xbf800000,-1
l2,0.0625,0,min-error,metric_min,exp1,0,1,1,0.00828521606,0.00877981167,0.00828521606,0.00877981167,0.000494595617,0,raw-and-scaled,7,1,fp7_e1m5,fp7_e2m4,5,4,4,51,0,exp2,2,10,2,2,0.00828521606,0.00877981167,-8,0x3c0fd933,0.00877981167,0x3f800000,1,0x00000000,0,0x00000000,0,0000000,0,0,00000,0000000,0,0,0000,0x00000000,0,0x00000000,0,0x00000000,0
l2,0.0625,0,min-error,metric_min,exp1,0,1,1,0.00828521606,0.00877981167,0.00828521606,0.00877981167,0.000494595617,1,raw-and-scaled,7,1,fp7_e1m5,fp7_e2m4,5,4,4,51,1,exp2,2,10,2,2,0.00828521606,0.00877981167,-8,0x3c0fd933,0.00877981167,0x3f800000,1,0x00000000,0,0x00000000,0,0000000,0,0,00000,0000000,0,0,0000,0x00000000,0,0x00000000,0,0x00000000,0
l2,0.0625,0,min-error,metric_min,exp1,0,1,1,0.00828521606,0.00877981167,0.00828521606,0.00877981167,0.000494595617,2,raw-and-scaled,7,1,fp7_e1m5,fp7_e2m4,5,4,4,51,2,exp2,2,10,2,2,0.00828521606,0.00877981167,-8,0x3c0fd933,0.00877981167,0x3f800000,1,0x00000000,0,0x00000000,0,0000000,0,0,00000,0000000,0,0,0000,0x00000000,0,0x00000000,0,0x00000000,0
l2,0.0625,0,min-error,metric_min,exp1,0,1,1,0.00828521606,0.00877981167,0.00828521606,0.00877981167,0.000494595617,3,raw-and-scaled,7,1,fp7_e1m5,fp7_e2m4,5,4,4,51,3,exp2,2,10,2,2,0.00828521606,0.00877981167,-8,0x3c0fd933,0.00877981167,0x3f800000,1,0x00000000,0,0x00000000,0,0000000,0,0,00000,0000000,0,0,0000,0x00000000,0,0x00000000,0,0x00000000,0
l2,0.0625,0,min-error,metric_min,exp1,0,1,1,0.00828521606,0.00877981167,0.00828521606,0.00877981167,0.000494595617,4,raw-and-scaled,7,1,fp7_e1m5,fp7_e2m4,5,4,4,51,4,exp2,2,10,2,2,0.00828521606,0.00877981167,-8,0x3c0fd933,0.00877981167,0x3f800000,1,0x3fd863c2,1.69054437,0x3fd863c2,1.69054437,0110110,1,22,10110,0111011,3,11,1011,0x3b478400,0.00304436684,0x3b478400,0.00304436684,0x00000000,0
l2,0.0625,0,min-error,metric_min,exp1,0,1,1,0.00828521606,0.00877981167,0.00828521606,0.00877981167,0.000494595617,5,raw-and-scaled,7,1,fp7_e1m5,fp7_e2m4,5,4,4,51,5,exp2,2,10,2,2,0.00828521606,0.00877981167,-8,0x3c0fd933,0.00877981167,0x3f800000,1,0x00000000,0,0x00000000,0,0000000,0,0,00000,0000000,0,0,0000,0x00000000,0,0x00000000,0,0x00000000,0
l2,0.0625,0,min-error,metric_min,exp1,0,1,1,0.00828521606,0.00877981167,0.00828521606,0.00877981167,0.000494595617,6,raw-and-scaled,7,1,fp7_e1m5,fp7_e2m4,5,4,4,51,6,exp2,2,10,2,2,0.00828521606,0.00877981167,-8,0x3c0fd933,0.00877981167,0x3f800000,1,0x00000000,0,0x00000000,0,0000000,0,0,00000,0000000,0,0,0000,0x00000000,0,0x00000000,0,0x00000000,0
l2,0.0625,0,min-error,metric_min,exp1,0,1,1,0.00828521606,0.00877981167,0.00828521606,0.00877981167,0.000494595617,7,raw-and-scaled,7,1,fp7_e1m5,fp7_e2m4,5,4,4,51,7,exp2,2,10,2,2,0.00828521606,0.00877981167,-8,0x3c0fd933,0.00877981167,0x3f800000,1,0x00000000,0,0x00000000,0,0000000,0,0,00000,0000000,0,0,0000,0x00000000,0,0x00000000,0,0x00000000,0
l2,0.0625,0,min-error,metric_min,exp1,0,1,1,0.00828521606,0.00877981167,0.00828521606,0.00877981167,0.000494595617,8,raw-and-scaled,7,1,fp7_e1m5,fp7_e2m4,5,4,4,51,8,exp2,2,10,2,2,0.00828521606,0.00877981167,-8,0x3c0fd933,0.00877981167,0x3f800000,1,0xbe5e5954,-0.217137635,0xbe5e5954,-0.217137635,1000110,0,6,00110,1001101,0,13,1101,0xbcf2caa0,-0.0296376348,0xbc659540,-0.0140126348,0xbf800000,-1
l2,0.0625,0,min-error,metric_min,exp1,0,1,1,0.00828521606,0.00877981167,0.00828521606,0.00877981167,0.000494595617,9,raw-and-scaled,7,1,fp7_e1m5,fp7_e2m4,5,4,4,51,9,exp2,2,10,2,2,0.00828521606,0.00877981167,-8,0x3c0fd933,0.00877981167,0x3f800000,1,0x00000000,0,0x00000000,0,0000000,0,0,00000,0000000,0,0,0000,0x00000000,0,0x00000000,0,0x00000000,0
l2,0.0625,0,min-error,metric_min,exp1,0,1,1,0.00828521606,0.00877981167,0.00828521606,0.00877981167,0.000494595617,10,raw-and-scaled,7,1,fp7_e1m5,fp7_e2m4,5,4,4,51,10,exp2,2,10,2,2,0.00828521606,0.00877981167,-8,0x3c0fd933,0.00877981167,0x3f800000,1,0x00000000,0,0x00000000,0,0000000,0,0,00000,0000000,0,0,0000,0x00000000,0,0x00000000,0,0x00000000,0
l2,0.0625,0,min-error,metric_min,exp1,0,1,1,0.00828521606,0.00877981167,0.00828521606,0.00877981167,0.000494595617,11,raw-and-scaled,7,1,fp7_e1m5,fp7_e2m4,5,4,4,51,11,exp2,2,10,2,2,0.00828521606,0.00877981167,-8,0x3c0fd933,0.00877981167,0x3f800000,1,0x00000000,0,0x00000000,0,0000000,0,0,00000,0000000,0,0,0000,0x00000000,0,0x00000000,0,0x00000000,0
l2,0.0625,0,min-error,metric_min,exp1,0,1,1,0.00828521606,0.00877981167,0.00828521606,0.00877981167,0.000494595617,12,raw-and-scaled,7,1,fp7_e1m5,fp7_e2m4,5,4,4,51,12,exp2,2,10,2,2,0.00828521606,0.00877981167,-8,0x3c0fd933,0.00877981167,0x3f800000,1,0x00000000,0,0x00000000,0,0000000,0,0,00000,0000000,0,0,0000,0x00000000,0,0x00000000,0,0x00000000,0
l2,0.0625,0,min-error,metric_min,exp1,0,1,1,0.00828521606,0.00877981167,0.00828521606,0.00877981167,0.000494595617,13,raw-and-scaled,7,1,fp7_e1m5,fp7_e2m4,5,4,4,51,13,exp2,2,10,2,2,0.00828521606,0.00877981167,-8,0x3c0fd933,0.00877981167,0x3f800000,1,0x00000000,0,0x00000000,0,0000000,0,0,00000,0000000,0,0,0000,0x00000000,0,0x00000000,0,0x00000000,0
l2,0.0625,0,min-error,metric_min,exp1,0,1,1,0.00828521606,0.00877981167,0.00828521606,0.00877981167,0.000494595617,14,raw-and-scaled,7,1,fp7_e1m5,fp7_e2m4,5,4,4,51,14,exp2,2,10,2,2,0.00828521606,0.00877981167,-8,0x3c0fd933,0.00877981167,0x3f800000,1,0x3c872e82,0.0165016688,0x3c872e82,0.0165016688,0000000,0,0,00000,0000001,0,1,0001,0x3c872e82,0.0165016688,0x3a65d040,0.000876668841,0xbf800000,-1
l2,0.0625,0,min-error,metric_min,exp1,0,1,1,0.00828521606,0.00877981167,0.00828521606,0.00877981167,0.000494595617,15,raw-and-scaled,7,1,fp7_e1m5,fp7_e2m4,5,4,4,51,15,exp2,2,10,2,2,0.00828521606,0.00877981167,-8,0x3c0fd933,0.00877981167,0x3f800000,1,0x00000000,0,0x00000000,0,0000000,0,0,00000,0000000,0,0,0000,0x00000000,0,0x00000000,0,0x00000000,0
l2,0.0625,0,min-error,metric_min,exp1,0,1,1,0.00828521606,0.00877981167,0.00828521606,0.00877981167,0.000494595617,16,raw-and-scaled,7,1,fp7_e1m5,fp7_e2m4,5,4,4,51,16,exp2,2,10,2,2,0.00828521606,0.00877981167,-8,0x3c0fd933,0.00877981167,0x3f800000,1,0x00000000,0,0x00000000,0,0000000,0,0,00000,0000000,0,0,0000,0x00000000,0,0x00000000,0,0x00000000,0
l2,0.0625,0,min-error,metric_min,exp1,0,1,1,0.00828521606,0.00877981167,0.00828521606,0.00877981167,0.000494595617,17,raw-and-scaled,7,1,fp7_e1m5,fp7_e2m4,5,4,4,51,17,exp2,2,10,2,2,0.00828521606,0.00877981167,-8,0x3c0fd933,0.00877981167,0x3f800000,1,0x00000000,0,0x00000000,0,0000000,0,0,00000,0000000,0,0,0000,0x00000000,0,0x00000000,0,0x00000000,0
l2,0.0625,0,min-error,metric_min,exp1,0,1,1,0.00828521606,0.00877981167,0.00828521606,0.00877981167,0.000494595617,18,raw-and-scaled,7,1,fp7_e1m5,fp7_e2m4,5,4,4,51,18,exp2,2,10,2,2,0.00828521606,0.00877981167,-8,0x3c0fd933,0.00877981167,0x3f800000,1,0x00000000,0,0x00000000,0,0000000,0,0,00000,0000000,0,0,0000,0x00000000,0,0x00000000,0,0x00000000,0
l2,0.0625,0,min-error,metric_min,exp1,0,1,1,0.00828521606,0.00877981167,0.00828521606,0.00877981167,0.000494595617,19,raw-and-scaled,7,1,fp7_e1m5,fp7_e2m4,5,4,4,51,19,exp2,2,10,2,2,0.00828521606,0.00877981167,-8,0x3c0fd933,0.00877981167,0x3f800000,1,0x3bf76df1,0.00755094783,0x3bf76df1,0.00755094783,0000000,0,0,00000,0000000,0,0,0000,0x3bf76df1,0.00755094783,0x3bf76df1,0.00755094783,0x00000000,0
l2,0.0625,0,min-error,metric_min,exp1,0,1,1,0.00828521606,0.00877981167,0.00828521606,0.00877981167,0.000494595617,20,raw-and-scaled,7,1,fp7_e1m5,fp7_e2m4,5,4,4,51,20,exp2,2,10,2,2,0.00828521606,0.00877981167,-8,0x3c0fd933,0.00877981167,0x3f800000,1,0x00000000,0,0x00000000,0,0000000,0,0,00000,0000000,0,0,0000,0x00000000,0,0x00000000,0,0x00000000,0
l2,0.0625,0,min-error,metric_min,exp1,0,1,1,0.00828521606,0.00877981167,0.00828521606,0.00877981167,0.000494595617,21,raw-and-scaled,7,1,fp7_e1m5,fp7_e2m4,5,4,4,51,21,exp2,2,10,2,2,0.00828521606,0.00877981167,-8,0x3c0fd933,0.00877981167,0x3f800000,1,0xbb9cbc5d,-0.00478319684,0xbb9cbc5d,-0.00478319684,1000000,0,0,00000,1000000,0,0,0000,0xbb9cbc5d,-0.00478319684,0xbb9cbc5d,-0.00478319684,0x00000000,0
l2,0.0625,0,min-error,metric_min,exp1,0,1,1,0.00828521606,0.00877981167,0.00828521606,0.00877981167,0.000494595617,22,raw-and-scaled,7,1,fp7_e1m5,fp7_e2m4,5,4,4,51,22,exp2,2,10,2,2,0.00828521606,0.00877981167,-8,0x3c0fd933,0.00877981167,0x3f800000,1,0x00000000,0,0x00000000,0,0000000,0,0,00000,0000000,0,0,0000,0x00000000,0,0x00000000,0,0x00000000,0
l2,0.0625,0,min-error,metric_min,exp1,0,1,1,0.00828521606,0.00877981167,0.00828521606,0.00877981167,0.000494595617,23,raw-and-scaled,7,1,fp7_e1m5,fp7_e2m4,5,4,4,51,23,exp2,2,10,2,2,0.00828521606,0.00877981167,-8,0x3c0fd933,0.00877981167,0x3f800000,1,0xbd0d2e70,-0.0344681144,0xbd0d2e70,-0.0344681144,1000001,0,1,00001,1000010,0,2,0010,0xbb52e700,-0.00321811438,0xbb52e700,-0.00321811438,0x80000000,-0
l2,0.0625,0,min-error,metric_min,exp1,0,1,1,0.00828521606,0.00877981167,0.00828521606,0.00877981167,0.000494595617,24,raw-and-scaled,7,1,fp7_e1m5,fp7_e2m4,5,4,4,51,24,exp2,2,10,2,2,0.00828521606,0.00877981167,-8,0x3c0fd933,0.00877981167,0x3f800000,1,0x00000000,0,0x00000000,0,0000000,0,0,00000,0000000,0,0,0000,0x00000000,0,0x00000000,0,0x00000000,0
l2,0.0625,0,min-error,metric_min,exp1,0,1,1,0.00828521606,0.00877981167,0.00828521606,0.00877981167,0.000494595617,25,raw-and-scaled,7,1,fp7_e1m5,fp7_e2m4,5,4,4,51,25,exp2,2,10,2,2,0.00828521606,0.00877981167,-8,0x3c0fd933,0.00877981167,0x3f800000,1,0x3a80ea06,0.000983536942,0x3a80ea06,0.000983536942,0000000,0,0,00000,0000000,0,0,0000,0x3a80ea06,0.000983536942,0x3a80ea06,0.000983536942,0x00000000,0
l2,0.0625,0,min-error,metric_min,exp1,0,1,1,0.00828521606,0.00877981167,0.00828521606,0.00877981167,0.000494595617,26,raw-and-scaled,7,1,fp7_e1m5,fp7_e2m4,5,4,4,51,26,exp2,2,10,2,2,0.00828521606,0.00877981167,-8,0x3c0fd933,0.00877981167,0x3f800000,1,0x00000000,0,0x00000000,0,0000000,0,0,00000,0000000,0,0,0000,0x00000000,0,0x00000000,0,0x00000000,0
l2,0.0625,0,min-error,metric_min,exp1,0,1,1,0.00828521606,0.00877981167,0.00828521606,0.00877981167,0.000494595617,27,raw-and-scaled,7,1,fp7_e1m5,fp7_e2m4,5,4,4,51,27,exp2,2,10,2,2,0.00828521606,0.00877981167,-8,0x3c0fd933,0.00877981167,0x3f800000,1,0x00000000,0,0x00000000,0,0000000,0,0,00000,0000000,0,0,0000,0x00000000,0,0x00000000,0,0x00000000,0
l2,0.0625,0,min-error,metric_min,exp1,0,1,1,0.00828521606,0.00877981167,0.00828521606,0.00877981167,0.000494595617,28,raw-and-scaled,7,1,fp7_e1m5,fp7_e2m4,5,4,4,51,28,exp2,2,10,2,2,0.00828521606,0.00877981167,-8,0x3c0fd933,0.00877981167,0x3f800000,1,0x00000000,0,0x00000000,0,0000000,0,0,00000,0000000,0,0,0000,0x00000000,0,0x00000000,0,0x00000000,0
l2,0.0625,0,min-error,metric_min,exp1,0,1,1,0.00828521606,0.00877981167,0.00828521606,0.00877981167,0.000494595617,29,raw-and-scaled,7,1,fp7_e1m5,fp7_e2m4,5,4,4,51,29,exp2,2,10,2,2,0.00828521606,0.00877981167,-8,0x3c0fd933,0.00877981167,0x3f800000,1,0x00000000,0,0x00000000,0,0000000,0,0,00000,0000000,0,0,0000,0x00000000,0,0x00000000,0,0x00000000,0
l2,0.0625,0,min-error,metric_min,exp1,0,1,1,0.00828521606,0.00877981167,0.00828521606,0.00877981167,0.000494595617,30,raw-and-scaled,7,1,fp7_e1m5,fp7_e2m4,5,4,4,51,30,exp2,2,10,2,2,0.00828521606,0.00877981167,-8,0x3c0fd933,0.00877981167,0x3f800000,1,0xbbbdbc73,-0.00579028716,0xbbbdbc73,-0.00579028716,1000000,0,0,00000,1000000,0,0,0000,0xbbbdbc73,-0.00579028716,0xbbbdbc73,-0.00579028716,0x00000000,0
l2,0.0625,0,min-error,metric_min,exp1,0,1,1,0.00828521606,0.00877981167,0.00828521606,0.00877981167,0.000494595617,31,raw-and-scaled,7,1,fp7_e1m5,fp7_e2m4,5,4,4,51,31,exp2,2,10,2,2,0.00828521606,0.00877981167,-8,0x3c0fd933,0.00877981167,0x3f800000,1,0x00000000,0,0x00000000,0,0000000,0,0,00000,0000000,0,0,0000,0x00000000,0,0x00000000,0,0x00000000,0
l2,0.0625,0,min-error,metric_min,exp1,0,1,1,0.00828521606,0.00877981167,0.00828521606,0.00877981167,0.000494595617,32,raw-and-scaled,7,1,fp7_e1m5,fp7_e2m4,5,4,4,51,32,exp2,2,10,2,2,0.00828521606,0.00877981167,-8,0x3c0fd933,0.00877981167,0x3f800000,1,0x3de93b7e,0.113883004,0x3de93b7e,0.113883004,0000011,0,3,00011,0000111,0,7,0111,0x3ca4edf8,0.0201330036,0x3b93b7e0,0.00450800359,0xbf800000,-1
l2,0.0625,0,min-error,metric_min,exp1,0,1,1,0.00828521606,0.00877981167,0.00828521606,0.00877981167,0.000494595617,33,raw-and-scaled,7,1,fp7_e1m5,fp7_e2m4,5,4,4,51,33,exp2,2,10,2,2,0.00828521606,0.00877981167,-8,0x3c0fd933,0.00877981167,0x3f800000,1,0x3e439118,0.190983176,0x3e439118,0.190983176,0000110,0,6,00110,0001100,0,12,1100,0x3b644600,0.00348317623,0x3b644600,0.00348317623,0x80000000,-0
l2,0.0625,0,min-error,metric_min,exp1,0,1,1,0.00828521606,0.00877981167,0.00828521606,0.00877981167,0.000494595617,34,raw-and-scaled,7,1,fp7_e1m5,fp7_e2m4,5,4,4,51,34,exp2,2,10,2,2,0.00828521606,0.00877981167,-8,0x3c0fd933,0.00877981167,0x3f800000,1,0x00000000,0,0x00000000,0,0000000,0,0,00000,0000000,0,0,0000,0x00000000,0,0x00000000,0,0x00000000,0
l2,0.0625,0,min-error,metric_min,exp1,0,1,1,0.00828521606,0.00877981167,0.00828521606,0.00877981167,0.000494595617,35,raw-and-scaled,7,1,fp7_e1m5,fp7_e2m4,5,4,4,51,35,exp2,2,10,2,2,0.00828521606,0.00877981167,-8,0x3c0fd933,0.00877981167,0x3f800000,1,0x00000000,0,0x00000000,0,0000000,0,0,00000,0000000,0,0,0000,0x00000000,0,0x00000000,0,0x00000000,0
l2,0.0625,0,min-error,metric_min,exp1,0,1,1,0.00828521606,0.00877981167,0.00828521606,0.00877981167,0.000494595617,36,raw-and-scaled,7,1,fp7_e1m5,fp7_e2m4,5,4,4,51,36,exp2,2,10,2,2,0.00828521606,0.00877981167,-8,0x3c0fd933,0.00877981167,0x3f800000,1,0x00000000,0,0x00000000,0,0000000,0,0,00000,0000000,0,0,0000,0x00000000,0,0x00000000,0,0x00000000,0
l2,0.0625,0,min-error,metric_min,exp1,0,1,1,0.00828521606,0.00877981167,0.00828521606,0.00877981167,0.000494595617,37,raw-and-scaled,7,1,fp7_e1m5,fp7_e2m4,5,4,4,51,37,exp2,2,10,2,2,0.00828521606,0.00877981167,-8,0x3c0fd933,0.00877981167,0x3f800000,1,0x00000000,0,0x00000000,0,0000000,0,0,00000,0000000,0,0,0000,0x00000000,0,0x00000000,0,0x00000000,0
l2,0.0625,0,min-error,metric_min,exp1,0,1,1,0.00828521606,0.00877981167,0.00828521606,0.00877981167,0.000494595617,38,raw-and-scaled,7,1,fp7_e1m5,fp7_e2m4,5,4,4,51,38,exp2,2,10,2,2,0.00828521606,0.00877981167,-8,0x3c0fd933,0.00877981167,0x3f800000,1,0x00000000,0,0x00000000,0,0000000,0,0,00000,0000000,0,0,0000,0x00000000,0,0x00000000,0,0x00000000,0
l2,0.0625,0,min-error,metric_min,exp1,0,1,1,0.00828521606,0.00877981167,0.00828521606,0.00877981167,0.000494595617,39,raw-and-scaled,7,1,fp7_e1m5,fp7_e2m4,5,4,4,51,39,exp2,2,10,2,2,0.00828521606,0.00877981167,-8,0x3c0fd933,0.00877981167,0x3f800000,1,0x00000000,0,0x00000000,0,0000000,0,0,00000,0000000,0,0,0000,0x00000000,0,0x00000000,0,0x00000000,0
l2,0.0625,0,min-error,metric_min,exp1,0,1,1,0.00828521606,0.00877981167,0.00828521606,0.00877981167,0.000494595617,40,raw-and-scaled,7,1,fp7_e1m5,fp7_e2m4,5,4,4,51,40,exp2,2,10,2,2,0.00828521606,0.00877981167,-8,0x3c0fd933,0.00877981167,0x3f800000,1,0x00000000,0,0x00000000,0,0000000,0,0,00000,0000000,0,0,0000,0x00000000,0,0x00000000,0,0x00000000,0
l2,0.0625,0,min-error,metric_min,exp1,0,1,1,0.00828521606,0.00877981167,0.00828521606,0.00877981167,0.000494595617,41,raw-and-scaled,7,1,fp7_e1m5,fp7_e2m4,5,4,4,51,41,exp2,2,10,2,2,0.00828521606,0.00877981167,-8,0x3c0fd933,0.00877981167,0x3f800000,1,0x00000000,0,0x00000000,0,0000000,0,0,00000,0000000,0,0,0000,0x00000000,0,0x00000000,0,0x00000000,0
l2,0.0625,0,min-error,metric_min,exp1,0,1,1,0.00828521606,0.00877981167,0.00828521606,0.00877981167,0.000494595617,42,raw-and-scaled,7,1,fp7_e1m5,fp7_e2m4,5,4,4,51,42,exp2,2,10,2,2,0.00828521606,0.00877981167,-8,0x3c0fd933,0.00877981167,0x3f800000,1,0x3e66c737,0.225369319,0x3e66c737,0.225369319,0000111,0,7,00111,0001110,0,14,1110,0x3bd8e6e0,0.00661931932,0x3bd8e6e0,0.00661931932,0x80000000,-0
l2,0.0625,0,min-error,metric_min,exp1,0,1,1,0.00828521606,0.00877981167,0.00828521606,0.00877981167,0.000494595617,43,raw-and-scaled,7,1,fp7_e1m5,fp7_e2m4,5,4,4,51,43,exp2,2,10,2,2,0.00828521606,0.00877981167,-8,0x3c0fd933,0.00877981167,0x3f800000,1,0x3b4293e1,0.00296901935,0x3b4293e1,0.00296901935,0000000,0,0,00000,0000000,0,0,0000,0x3b4293e1,0.00296901935,0x3b4293e1,0.00296901935,0x00000000,0
l2,0.0625,0,min-error,metric_min,exp1,0,1,1,0.00828521606,0.00877981167,0.00828521606,0.00877981167,0.000494595617,44,raw-and-scaled,7,1,fp7_e1m5,fp7_e2m4,5,4,4,51,44,exp2,2,10,2,2,0.00828521606,0.00877981167,-8,0x3c0fd933,0.00877981167,0x3f800000,1,0xbbe2d312,-0.0069221342,0xbbe2d312,-0.0069221342,1000000,0,0,00000,1000000,0,0,0000,0xbbe2d312,-0.0069221342,0xbbe2d312,-0.0069221342,0x00000000,0
l2,0.0625,0,min-error,metric_min,exp1,0,1,1,0.00828521606,0.00877981167,0.00828521606,0.00877981167,0.000494595617,45,raw-and-scaled,7,1,fp7_e1m5,fp7_e2m4,5,4,4,51,45,exp2,2,10,2,2,0.00828521606,0.00877981167,-8,0x3c0fd933,0.00877981167,0x3f800000,1,0x00000000,0,0x00000000,0,0000000,0,0,00000,0000000,0,0,0000,0x00000000,0,0x00000000,0,0x00000000,0
l2,0.0625,0,min-error,metric_min,exp1,0,1,1,0.00828521606,0.00877981167,0.00828521606,0.00877981167,0.000494595617,46,raw-and-scaled,7,1,fp7_e1m5,fp7_e2m4,5,4,4,51,46,exp2,2,10,2,2,0.00828521606,0.00877981167,-8,0x3c0fd933,0.00877981167,0x3f800000,1,0x00000000,0,0x00000000,0,0000000,0,0,00000,0000000,0,0,0000,0x00000000,0,0x00000000,0,0x00000000,0
l2,0.0625,0,min-error,metric_min,exp1,0,1,1,0.00828521606,0.00877981167,0.00828521606,0.00877981167,0.000494595617,47,raw-and-scaled,7,1,fp7_e1m5,fp7_e2m4,5,4,4,51,47,exp2,2,10,2,2,0.00828521606,0.00877981167,-8,0x3c0fd933,0.00877981167,0x3f800000,1,0xbd145899,-0.0362173058,0xbd145899,-0.0362173058,1000001,0,1,00001,1000010,0,2,0010,0xbba2c4c8,-0.00496730581,0xbba2c4c8,-0.00496730581,0x80000000,-0
l2,0.0625,0,min-error,metric_min,exp1,0,1,1,0.00828521606,0.00877981167,0.00828521606,0.00877981167,0.000494595617,48,raw-and-scaled,7,1,fp7_e1m5,fp7_e2m4,5,4,4,51,48,exp2,2,10,2,2,0.00828521606,0.00877981167,-8,0x3c0fd933,0.00877981167,0x3f800000,1,0x00000000,0,0x00000000,0,0000000,0,0,00000,0000000,0,0,0000,0x00000000,0,0x00000000,0,0x00000000,0
l2,0.0625,0,min-error,metric_min,exp1,0,1,1,0.00828521606,0.00877981167,0.00828521606,0.00877981167,0.000494595617,49,raw-and-scaled,7,1,fp7_e1m5,fp7_e2m4,5,4,4,51,49,exp2,2,10,2,2,0.00828521606,0.00877981167,-8,0x3c0fd933,0.00877981167,0x3f800000,1,0x00000000,0,0x00000000,0,0000000,0,0,00000,0000000,0,0,0000,0x00000000,0,0x00000000,0,0x00000000,0
l2,0.0625,0,min-error,metric_min,exp1,0,1,1,0.00828521606,0.00877981167,0.00828521606,0.00877981167,0.000494595617,50,raw-and-scaled,7,1,fp7_e1m5,fp7_e2m4,5,4,4,51,50,exp2,2,10,2,2,0.00828521606,0.00877981167,-8,0x3c0fd933,0.00877981167,0x3f800000,1,0x00000000,0,0x00000000,0,0000000,0,0,00000,0000000,0,0,0000,0x00000000,0,0x00000000,0,0x00000000,0
l2,0.0625,0,min-error,metric_min,exp1,0,1,1,0.00828521606,0.00877981167,0.00828521606,0.00877981167,0.000494595617,51,raw-and-scaled,7,1,fp7_e1m5,fp7_e2m4,5,4,4,51,51,exp2,2,10,2,2,0.00828521606,0.00877981167,-8,0x3c0fd933,0.00877981167,0x3f800000,1,0x3e9d9dae,0.307843626,0x3e9d9dae,0.307843626,0001001,0,9,01001,0010011,1,3,0011,0x3cd9dae0,0.0265936255,0x3c33b5c0,0.0109686255,0xbf800000,-1
l2,0.0625,0,min-error,metric_min,exp1,0,1,1,0.00828521606,0.00877981167,0.00828521606,0.00877981167,0.000494595617,52,raw-and-scaled,7,1,fp7_e1m5,fp7_e2m4,5,4,4,51,52,exp2,2,10,2,2,0.00828521606,0.00877981167,-8,0x3c0fd933,0.00877981167,0x3f800000,1,0x00000000,0,0x00000000,0,0000000,0,0,00000,0000000,0,0,0000,0x00000000,0,0x00000000,0,0x00000000,0
l2,0.0625,0,min-error,metric_min,exp1,0,1,1,0.00828521606,0.00877981167,0.00828521606,0.00877981167,0.000494595617,53,raw-and-scaled,7,1,fp7_e1m5,fp7_e2m4,5,4,4,51,53,exp2,2,10,2,2,0.00828521606,0.00877981167,-8,0x3c0fd933,0.00877981167,0x3f800000,1,0x00000000,0,0x00000000,0,0000000,0,0,00000,0000000,0,0,0000,0x00000000,0,0x00000000,0,0x00000000,0
l2,0.0625,0,min-error,metric_min,exp1,0,1,1,0.00828521606,0.00877981167,0.00828521606,0.00877981167,0.000494595617,54,raw-and-scaled,7,1,fp7_e1m5,fp7_e2m4,5,4,4,51,54,exp2,2,10,2,2,0.00828521606,0.00877981167,-8,0x3c0fd933,0.00877981167,0x3f800000,1,0xbd28fc98,-0.0412565172,0xbd28fc98,-0.0412565172,1000001,0,1,00001,1000010,0,2,0010,0xbc23f260,-0.0100065172,0xbc23f260,-0.0100065172,0x80000000,-0
l2,0.0625,0,min-error,metric_min,exp1,0,1,1,0.00828521606,0.00877981167,0.00828521606,0.00877981167,0.000494595617,55,raw-and-scaled,7,1,fp7_e1m5,fp7_e2m4,5,4,4,51,55,exp2,2,10,2,2,0.00828521606,0.00877981167,-8,0x3c0fd933,0.00877981167,0x3f800000,1,0x00000000,0,0x00000000,0,0000000,0,0,00000,0000000,0,0,0000,0x00000000,0,0x00000000,0,0x00000000,0
l2,0.0625,0,min-error,metric_min,exp1,0,1,1,0.00828521606,0.00877981167,0.00828521606,0.00877981167,0.000494595617,56,raw-and-scaled,7,1,fp7_e1m5,fp7_e2m4,5,4,4,51,56,exp2,2,10,2,2,0.00828521606,0.00877981167,-8,0x3c0fd933,0.00877981167,0x3f800000,1,0x00000000,0,0x00000000,0,0000000,0,0,00000,0000000,0,0,0000,0x00000000,0,0x00000000,0,0x00000000,0
l2,0.0625,0,min-error,metric_min,exp1,0,1,1,0.00828521606,0.00877981167,0.00828521606,0.00877981167,0.000494595617,57,raw-and-scaled,7,1,fp7_e1m5,fp7_e2m4,5,4,4,51,57,exp2,2,10,2,2,0.00828521606,0.00877981167,-8,0x3c0fd933,0.00877981167,0x3f800000,1,0x00000000,0,0x00000000,0,0000000,0,0,00000,0000000,0,0,0000,0x00000000,0,0x00000000,0,0x00000000,0
l2,0.0625,0,min-error,metric_min,exp1,0,1,1,0.00828521606,0.00877981167,0.00828521606,0.00877981167,0.000494595617,58,raw-and-scaled,7,1,fp7_e1m5,fp7_e2m4,5,4,4,51,58,exp2,2,10,2,2,0.00828521606,0.00877981167,-8,0x3c0fd933,0.00877981167,0x3f800000,1,0x00000000,0,0x00000000,0,0000000,0,0,00000,0000000,0,0,0000,0x00000000,0,0x00000000,0,0x00000000,0
l2,0.0625,0,min-error,metric_min,exp1,0,1,1,0.00828521606,0.00877981167,0.00828521606,0.00877981167,0.000494595617,59,raw-and-scaled,7,1,fp7_e1m5,fp7_e2m4,5,4,4,51,59,exp2,2,10,2,2,0.00828521606,0.00877981167,-8,0x3c0fd933,0.00877981167,0x3f800000,1,0x00000000,0,0x00000000,0,0000000,0,0,00000,0000000,0,0,0000,0x00000000,0,0x00000000,0,0x00000000,0
l2,0.0625,0,min-error,metric_min,exp1,0,1,1,0.00828521606,0.00877981167,0.00828521606,0.00877981167,0.000494595617,60,raw-and-scaled,7,1,fp7_e1m5,fp7_e2m4,5,4,4,51,60,exp2,2,10,2,2,0.00828521606,0.00877981167,-8,0x3c0fd933,0.00877981167,0x3f800000,1,0x00000000,0,0x00000000,0,0000000,0,0,00000,0000000,0,0,0000,0x00000000,0,0x00000000,0,0x00000000,0
l2,0.0625,0,min-error,metric_min,exp1,0,1,1,0.00828521606,0.00877981167,0.00828521606,0.00877981167,0.000494595617,61,raw-and-scaled,7,1,fp7_e1m5,fp7_e2m4,5,4,4,51,61,exp2,2,10,2,2,0.00828521606,0.00877981167,-8,0x3c0fd933,0.00877981167,0x3f800000,1,0x00000000,0,0x00000000,0,0000000,0,0,00000,0000000,0,0,0000,0x00000000,0,0x00000000,0,0x00000000,0
l2,0.0625,0,min-error,metric_min,exp1,0,1,1,0.00828521606,0.00877981167,0.00828521606,0.00877981167,0.000494595617,62,raw-and-scaled,7,1,fp7_e1m5,fp7_e2m4,5,4,4,51,62,exp2,2,10,2,2,0.00828521606,0.00877981167,-8,0x3c0fd933,0.00877981167,0x3f800000,1,0x00000000,0,0x00000000,0,0000000,0,0,00000,0000000,0,0,0000,0x00000000,0,0x00000000,0,0x00000000,0
l2,0.0625,0,min-error,metric_min,exp1,0,1,1,0.00828521606,0.00877981167,0.00828521606,0.00877981167,0.000494595617,63,raw-and-scaled,7,1,fp7_e1m5,fp7_e2m4,5,4,4,51,63,exp2,2,10,2,2,0.00828521606,0.00877981167,-8,0x3c0fd933,0.00877981167,0x3f800000,1,0x00000000,0,0x00000000,0,0000000,0,0,00000,0000000,0,0,0000,0x00000000,0,0x00000000,0,0x00000000,0
l2,0.0625,0,min-error,metric_min,exp1,0,1,1,0.00828521606,0.00877981167,0.00828521606,0.00877981167,0.000494595617,64,raw-and-scaled,7,1,fp7_e1m5,fp7_e2m4,5,4,4,51,64,exp2,2,10,2,2,0.00828521606,0.00877981167,-8,0x3c0fd933,0.00877981167,0x3f800000,1,0x3e8d4d6d,0.275981337,0x3e8d4d6d,0.275981337,0001000,0,8,01000,0010001,1,1,0001,0x3cd4d6d0,0.0259813368,0x3c29ada0,0.0103563368,0xbf800000,-1
l2,0.0625,0,min-error,metric_min,exp1,0,1,1,0.00828521606,0.00877981167,0.00828521606,0.00877981167,0.000494595617,65,raw-and-scaled,7,1,fp7_e1m5,fp7_e2m4,5,4,4,51,65,exp2,2,10,2,2,0.00828521606,0.00877981167,-8,0x3c0fd933,0.00877981167,0x3f800000,1,0x00000000,0,0x00000000,0,0000000,0,0,00000,0000000,0,0,0000,0x00000000,0,0x00000000,0,0x00000000,0
l2,0.0625,0,min-error,metric_min,exp1,0,1,1,0.00828521606,0.00877981167,0.00828521606,0.00877981167,0.000494595617,66,raw-and-scaled,7,1,fp7_e1m5,fp7_e2m4,5,4,4,51,66,exp2,2,10,2,2,0.00828521606,0.00877981167,-8,0x3c0fd933,0.00877981167,0x3f800000,1,0x00000000,0,0x00000000,0,0000000,0,0,00000,0000000,0,0,0000,0x00000000,0,0x00000000,0,0x00000000,0
l2,0.0625,0,min-error,metric_min,exp1,0,1,1,0.00828521606,0.00877981167,0.00828521606,0.00877981167,0.000494595617,67,raw-and-scaled,7,1,fp7_e1m5,fp7_e2m4,5,4,4,51,67,exp2,2,10,2,2,0.00828521606,0.00877981167,-8,0x3c0fd933,0.00877981167,0x3f800000,1,0x00000000,0,0x00000000,0,0000000,0,0,00000,0000000,0,0,0000,0x00000000,0,0x00000000,0,0x00000000,0
l2,0.0625,0,min-error,metric_min,exp1,0,1,1,0.00828521606,0.00877981167,0.00828521606,0.00877981167,0.000494595617,68,raw-and-scaled,7,1,fp7_e1m5,fp7_e2m4,5,4,4,51,68,exp2,2,10,2,2,0.00828521606,0.00877981167,-8,0x3c0fd933,0.00877981167,0x3f800000,1,0x00000000,0,0x00000000,0,0000000,0,0,00000,0000000,0,0,0000,0x00000000,0,0x00000000,0,0x00000000,0
l2,0.0625,0,min-error,metric_min,exp1,0,1,1,0.00828521606,0.00877981167,0.00828521606,0.00877981167,0.000494595617,69,raw-and-scaled,7,1,fp7_e1m5,fp7_e2m4,5,4,4,51,69,exp2,2,10,2,2,0.00828521606,0.00877981167,-8,0x3c0fd933,0.00877981167,0x3f800000,1,0xbf83e85a,-1.03052831,0xbf83e85a,-1.03052831,1100000,1,0,00000,1110000,3,0,0000,0xbcfa1680,-0.030528307,0xbcfa1680,-0.030528307,0x00000000,0
l2,0.0625,0,min-error,metric_min,exp1,0,1,1,0.00828521606,0.00877981167,0.00828521606,0.00877981167,0.000494595617,70,raw-and-scaled,7,1,fp7_e1m5,fp7_e2m4,5,4,4,51,70,exp2,2,10,2,2,0.00828521606,0.00877981167,-8,0x3c0fd933,0.00877981167,0x3f800000,1,0x00000000,0,0x00000000,0,0000000,0,0,00000,0000000,0,0,0000,0x00000000,0,0x00000000,0,0x00000000,0
l2,0.0625,0,min-error,metric_min,exp1,0,1,1,0.00828521606,0.00877981167,0.00828521606,0.00877981167,0.000494595617,71,raw-and-scaled,7,1,fp7_e1m5,fp7_e2m4,5,4,4,51,71,exp2,2,10,2,2,0.00828521606,0.00877981167,-8,0x3c0fd933,0.00877981167,0x3f800000,1,0x00000000,0,0x00000000,0,0000000,0,0,00000,0000000,0,0,0000,0x00000000,0,0x00000000,0,0x00000000,0
l2,0.0625,0,min-error,metric_min,exp1,0,1,1,0.00828521606,0.00877981167,0.00828521606,0.00877981167,0.000494595617,72,raw-and-scaled,7,1,fp7_e1m5,fp7_e2m4,5,4,4,51,72,exp2,2,10,2,2,0.00828521606,0.00877981167,-8,0x3c0fd933,0.00877981167,0x3f800000,1,0xbb5a3a9f,-0.00332991011,0xbb5a3a9f,-0.00332991011,1000000,0,0,00000,1000000,0,0,0000,0xbb5a3a9f,-0.00332991011,0xbb5a3a9f,-0.00332991011,0x00000000,0
l2,0.0625,0,min-error,metric_min,exp1,0,1,1,0.00828521606,0.00877981167,0.00828521606,0.00877981167,0.000494595617,73,raw-and-scaled,7,1,fp7_e1m5,fp7_e2m4,5,4,4,51,73,exp2,2,10,2,2,0.00828521606,0.00877981167,-8,0x3c0fd933,0.00877981167,0x3f800000,1,0x00000000,0,0x00000000,0,0000000,0,0,00000,0000000,0,0,0000,0x00000000,0,0x00000000,0,0x00000000,0
l2,0.0625,0,min-error,metric_min,exp1,0,1,1,0.00828521606,0.00877981167,0.00828521606,0.00877981167,0.000494595617,74,raw-and-scaled,7,1,fp7_e1m5,fp7_e2m4,5,4,4,51,74,exp2,2,10,2,2,0.00828521606,0.00877981167,-8,0x3c0fd933,0.00877981167,0x3f800000,1,0x00000000,0,0x00000000,0,0000000,0,0,00000,0000000,0,0,0000,0x00000000,0,0x00000000,0,0x00000000,0
l2,0.0625,0,min-error,metric_min,exp1,0,1,1,0.00828521606,0.00877981167,0.00828521606,0.00877981167,0.000494595617,75,raw-and-scaled,7,1,fp7_e1m5,fp7_e2m4,5,4,4,51,75,exp2,2,10,2,2,0.00828521606,0.00877981167,-8,0x3c0fd933,0.00877981167,0x3f800000,1,0x3fc71a25,1.55548537,0x3fc71a25,1.55548537,0110001,1,17,10001,0111000,3,8,1000,0x3cc68940,0.0242353678,0x3d6344a0,0.0554853678,0x3f800000,1
l2,0.0625,0,min-error,metric_min,exp1,0,1,1,0.00828521606,0.00877981167,0.00828521606,0.00877981167,0.000494595617,76,raw-and-scaled,7,1,fp7_e1m5,fp7_e2m4,5,4,4,51,76,exp2,2,10,2,2,0.00828521606,0.00877981167,-8,0x3c0fd933,0.00877981167,0x3f800000,1,0x00000000,0,0x00000000,0,0000000,0,0,00000,0000000,0,0,0000,0x00000000,0,0x00000000,0,0x00000000,0
l2,0.0625,0,min-error,metric_min,exp1,0,1,1,0.00828521606,0.00877981167,0.00828521606,0.00877981167,0.000494595617,77,raw-and-scaled,7,1,fp7_e1m5,fp7_e2m4,5,4,4,51,77,exp2,2,10,2,2,0.00828521606,0.00877981167,-8,0x3c0fd933,0.00877981167,0x3f800000,1,0x00000000,0,0x00000000,0,0000000,0,0,00000,0000000,0,0,0000,0x00000000,0,0x00000000,0,0x00000000,0
l2,0.0625,0,min-error,metric_min,exp1,0,1,1,0.00828521606,0.00877981167,0.00828521606,0.00877981167,0.000494595617,78,raw-and-scaled,7,1,fp7_e1m5,fp7_e2m4,5,4,4,51,78,exp2,2,10,2,2,0.00828521606,0.00877981167,-8,0x3c0fd933,0.00877981167,0x3f800000,1,0x00000000,0,0x00000000,0,0000000,0,0,00000,0000000,0,0,0000,0x00000000,0,0x00000000,0,0x00000000,0
l2,0.0625,0,min-error,metric_min,exp1,0,1,1,0.00828521606,0.00877981167,0.00828521606,0.00877981167,0.000494595617,79,raw-and-scaled,7,1,fp7_e1m5,fp7_e2m4,5,4,4,51,79,exp2,2,10,2,2,0.00828521606,0.00877981167,-8,0x3c0fd933,0.00877981167,0x3f800000,1,0x00000000,0,0x00000000,0,0000000,0,0,00000,0000000,0,0,0000,0x00000000,0,0x00000000,0,0x00000000,0
l2,0.0625,0,min-error,metric_min,exp1,0,1,1,0.00828521606,0.00877981167,0.00828521606,0.00877981167,0.000494595617,80,raw-and-scaled,7,1,fp7_e1m5,fp7_e2m4,5,4,4,51,80,exp2,2,10,2,2,0.00828521606,0.00877981167,-8,0x3c0fd933,0.00877981167,0x3f800000,1,0x00000000,0,0x00000000,0,0000000,0,0,00000,0000000,0,0,0000,0x00000000,0,0x00000000,0,0x00000000,0
l2,0.0625,0,min-error,metric_min,exp1,0,1,1,0.00828521606,0.00877981167,0.00828521606,0.00877981167,0.000494595617,81,raw-and-scaled,7,1,fp7_e1m5,fp7_e2m4,5,4,4,51,81,exp2,2,10,2,2,0.00828521606,0.00877981167,-8,0x3c0fd933,0.00877981167,0x3f800000,1,0x00000000,0,0x00000000,0,0000000,0,0,00000,0000000,0,0,0000,0x00000000,0,0x00000000,0,0x00000000,0
l2,0.0625,0,min-error,metric_min,exp1,0,1,1,0.00828521606,0.00877981167,0.00828521606,0.00877981167,0.000494595617,82,raw-and-scaled,7,1,fp7_e1m5,fp7_e2m4,5,4,4,51,82,exp2,2,10,2,2,0.00828521606,0.00877981167,-8,0x3c0fd933,0.00877981167,0x3f800000,1,0x00000000,0,0x00000000,0,0000000,0,0,00000,0000000,0,0,0000,0x00000000,0,0x00000000,0,0x00000000,0
l2,0.0625,0,min-error,metric_min,exp1,0,1,1,0.00828521606,0.00877981167,0.00828521606,0.00877981167,0.000494595617,83,raw-and-scaled,7,1,fp7_e1m5,fp7_e2m4,5,4,4,51,83,exp2,2,10,2,2,0.00828521606,0.00877981167,-8,0x3c0fd933,0.00877981167,0x3f800000,1,0xbc12bc99,-0.008956098,0xbc12bc99,-0.008956098,1000000,0,0,00000,1000000,0,0,0000,0xbc12bc99,-0.008956098,0xbc12bc99,-0.008956098,0x00000000,0
l2,0.0625,0,min-error,metric_min,exp1,0,1,1,0.00828521606,0.00877981167,0.00828521606,0.00877981167,0.000494595617,84,raw-and-scaled,7,1,fp7_e1m5,fp7_e2m4,5,4,4,51,84,exp2,2,10,2,2,0.00828521606,0.00877981167,-8,0x3c0fd933,0.00877981167,0x3f800000,1,0x3bb528d7,0.00552855013,0x3bb528d7,0.00552855013,0000000,0,0,00000,0000000,0,0,0000,0x3bb528d7,0.00552855013,0x3bb528d7,0.00552855013,0x00000000,0
l2,0.0625,0,min-error,metric_min,exp1,0,1,1,0.00828521606,0.00877981167,0.00828521606,0.00877981167,0.000494595617,85,raw-and-scaled,7,1,fp7_e1m5,fp7_e2m4,5,4,4,51,85,exp2,2,10,2,2,0.00828521606,0.00877981167,-8,0x3c0fd933,0.00877981167,0x3f800000,1,0x00000000,0,0x00000000,0,0000000,0,0,00000,0000000,0,0,0000,0x00000000,0,0x00000000,0,0x00000000,0
l2,0.0625,0,min-error,metric_min,exp1,0,1,1,0.00828521606,0.00877981167,0.00828521606,0.00877981167,0.000494595617,86,raw-and-scaled,7,1,fp7_e1m5,fp7_e2m4,5,4,4,51,86,exp2,2,10,2,2,0.00828521606,0.00877981167,-8,0x3c0fd933,0.00877981167,0x3f800000,1,0x00000000,0,0x00000000,0,0000000,0,0,00000,0000000,0,0,0000,0x00000000,0,0x00000000,0,0x00000000,0
l2,0.0625,0,min-error,metric_min,exp1,0,1,1,0.00828521606,0.00877981167,0.00828521606,0.00877981167,0.000494595617,87,raw-and-scaled,7,1,fp7_e1m5,fp7_e2m4,5,4,4,51,87,exp2,2,10,2,2,0.00828521606,0.00877981167,-8,0x3c0fd933,0.00877981167,0x3f800000,1,0xbd109df6,-0.0353068933,0xbd109df6,-0.0353068933,1000001,0,1,00001,1000010,0,2,0010,0xbb84efb0,-0.00405689329,0xbb84efb0,-0.00405689329,0x80000000,-0
l2,0.0625,0,min-error,metric_min,exp1,0,1,1,0.00828521606,0.00877981167,0.00828521606,0.00877981167,0.000494595617,88,raw-and-scaled,7,1,fp7_e1m5,fp7_e2m4,5,4,4,51,88,exp2,2,10,2,2,0.00828521606,0.00877981167,-8,0x3c0fd933,0.00877981167,0x3f800000,1,0x00000000,0,0x00000000,0,0000000,0,0,00000,0000000,0,0,0000,0x00000000,0,0x00000000,0,0x00000000,0
l2,0.0625,0,min-error,metric_min,exp1,0,1,1,0.00828521606,0.00877981167,0.00828521606,0.00877981167,0.000494595617,89,raw-and-scaled,7,1,fp7_e1m5,fp7_e2m4,5,4,4,51,89,exp2,2,10,2,2,0.00828521606,0.00877981167,-8,0x3c0fd933,0.00877981167,0x3f800000,1,0x00000000,0,0x00000000,0,0000000,0,0,00000,0000000,0,0,0000,0x00000000,0,0x00000000,0,0x00000000,0
l2,0.0625,0,min-error,metric_min,exp1,0,1,1,0.00828521606,0.00877981167,0.00828521606,0.00877981167,0.000494595617,90,raw-and-scaled,7,1,fp7_e1m5,fp7_e2m4,5,4,4,51,90,exp2,2,10,2,2,0.00828521606,0.00877981167,-8,0x3c0fd933,0.00877981167,0x3f800000,1,0xbc9564d0,-0.0182365477,0xbc9564d0,-0.0182365477,1000000,0,0,00000,1000001,0,1,0001,0xbc9564d0,-0.0182365477,0xbb2b2680,-0.00261154771,0xbf800000,-1
l2,0.0625,0,min-error,metric_min,exp1,0,1,1,0.00828521606,0.00877981167,0.00828521606,0.00877981167,0.000494595617,91,raw-and-scaled,7,1,fp7_e1m5,fp7_e2m4,5,4,4,51,91,exp2,2,10,2,2,0.00828521606,0.00877981167,-8,0x3c0fd933,0.00877981167,0x3f800000,1,0x3ec83b7d,0.39107886,0x3ec83b7d,0.39107886,0001100,0,12,01100,0011001,1,9,1001,0x3c83b7d0,0.0160788596,0x39edf400,0.000453859568,0xbf800000,-1
l2,0.0625,0,min-error,metric_min,exp1,0,1,1,0.00828521606,0.00877981167,0.00828521606,0.00877981167,0.000494595617,92,raw-and-scaled,7,1,fp7_e1m5,fp7_e2m4,5,4,4,51,92,exp2,2,10,2,2,0.00828521606,0.00877981167,-8,0x3c0fd933,0.00877981167,0x3f800000,1,0x00000000,0,0x00000000,0,0000000,0,0,00000,0000000,0,0,0000,0x00000000,0,0x00000000,0,0x00000000,0
l2,0.0625,0,min-error,metric_min,exp1,0,1,1,0.00828521606,0.00877981167,0.00828521606,0.00877981167,0.000494595617,93,raw-and-scaled,7,1,fp7_e1m5,fp7_e2m4,5,4,4,51,93,exp2,2,10,2,2,0.00828521606,0.00877981167,-8,0x3c0fd933,0.00877981167,0x3f800000,1,0x00000000,0,0x00000000,0,0000000,0,0,00000,0000000,0,0,0000,0x00000000,0,0x00000000,0,0x00000000,0
l2,0.0625,0,min-error,metric_min,exp1,0,1,1,0.00828521606,0.00877981167,0.00828521606,0.00877981167,0.000494595617,94,raw-and-scaled,7,1,fp7_e1m5,fp7_e2m4,5,4,4,51,94,exp2,2,10,2,2,0.00828521606,0.00877981167,-8,0x3c0fd933,0.00877981167,0x3f800000,1,0x00000000,0,0x00000000,0,0000000,0,0,00000,0000000,0,0,0000,0x00000000,0,0x00000000,0,0x00000000,0
l2,0.0625,0,min-error,metric_min,exp1,0,1,1,0.00828521606,0.00877981167,0.00828521606,0.00877981167,0.000494595617,95,raw-and-scaled,7,1,fp7_e1m5,fp7_e2m4,5,4,4,51,95,exp2,2,10,2,2,0.00828521606,0.00877981167,-8,0x3c0fd933,0.00877981167,0x3f800000,1,0x00000000,0,0x00000000,0,0000000,0,0,00000,0000000,0,0,0000,0x00000000,0,0x00000000,0,0x00000000,0
l2,0.0625,0,min-error,metric_min,exp1,0,1,1,0.00828521606,0.00877981167,0.00828521606,0.00877981167,0.000494595617,96,raw-and-scaled,7,1,fp7_e1m5,fp7_e2m4,5,4,4,51,96,exp2,2,10,2,2,0.00828521606,0.00877981167,-8,0x3c0fd933,0.00877981167,0x3f800000,1,0xbc1ceea3,-0.0095783798,0xbc1ceea3,-0.0095783798,1000000,0,0,00000,1000000,0,0,0000,0xbc1ceea3,-0.0095783798,0xbc1ceea3,-0.0095783798,0x00000000,0
l2,0.0625,0,min-error,metric_min,exp1,0,1,1,0.00828521606,0.00877981167,0.00828521606,0.00877981167,0.000494595617,97,raw-and-scaled,7,1,fp7_e1m5,fp7_e2m4,5,4,4,51,97,exp2,2,10,2,2,0.00828521606,0.00877981167,-8,0x3c0fd933,0.00877981167,0x3f800000,1,0x00000000,0,0x00000000,0,0000000,0,0,00000,0000000,0,0,0000,0x00000000,0,0x00000000,0,0x00000000,0
l2,0.0625,0,min-error,metric_min,exp1,0,1,1,0.00828521606,0.00877981167,0.00828521606,0.00877981167,0.000494595617,98,raw-and-scaled,7,1,fp7_e1m5,fp7_e2m4,5,4,4,51,98,exp2,2,10,2,2,0.00828521606,0.00877981167,-8,0x3c0fd933,0.00877981167,0x3f800000,1,0x00000000,0,0x00000000,0,0000000,0,0,00000,0000000,0,0,0000,0x00000000,0,0x00000000,0,0x00000000,0
l2,0.0625,0,min-error,metric_min,exp1,0,1,1,0.00828521606,0.00877981167,0.00828521606,0.00877981167,0.000494595617,99,raw-and-scaled,7,1,fp7_e1m5,fp7_e2m4,5,4,4,51,99,exp2,2,10,2,2,0.00828521606,0.00877981167,-8,0x3c0fd933,0.00877981167,0x3f800000,1,0x3de33ec2,0.110959545,0x3de33ec2,0.110959545,0000011,0,3,00011,0000111,0,7,0111,0x3c8cfb08,0.0172095448,0x3acfb080,0.00158454478,0xbf800000,-1
l2,0.0625,0,min-error,metric_min,exp1,0,1,1,0.00828521606,0.00877981167,0.00828521606,0.00877981167,0.000494595617,100,raw-and-scaled,7,1,fp7_e1m5,fp7_e2m4,5,4,4,51,100,exp2,2,10,2,2,0.00828521606,0.00877981167,-8,0x3c0fd933,0.00877981167,0x3f800000,1,0x00000000,0,0x00000000,0,0000000,0,0,00000,0000000,0,0,0000,0x00000000,0,0x00000000,0,0x00000000,0
l2,0.0625,0,min-error,metric_min,exp1,0,1,1,0.00828521606,0.00877981167,0.00828521606,0.00877981167,0.000494595617,101,raw-and-scaled,7,1,fp7_e1m5,fp7_e2m4,5,4,4,51,101,exp2,2,10,2,2,0.00828521606,0.00877981167,-8,0x3c0fd933,0.00877981167,0x3f800000,1,0x00000000,0,0x00000000,0,0000000,0,0,00000,0000000,0,0,0000,0x00000000,0,0x00000000,0,0x00000000,0
l2,0.0625,0,min-error,metric_min,exp1,0,1,1,0.00828521606,0.00877981167,0.00828521606,0.00877981167,0.000494595617,102,raw-and-scaled,7,1,fp7_e1m5,fp7_e2m4,5,4,4,51,102,exp2,2,10,2,2,0.00828521606,0.00877981167,-8,0x3c0fd933,0.00877981167,0x3f800000,1,0x00000000,0,0x00000000,0,0000000,0,0,00000,0000000,0,0,0000,0x00000000,0,0x00000000,0,0x00000000,0
l2,0.0625,0,min-error,metric_min,exp1,0,1,1,0.00828521606,0.00877981167,0.00828521606,0.00877981167,0.000494595617,103,raw-and-scaled,7,1,fp7_e1m5,fp7_e2m4,5,4,4,51,103,exp2,2,10,2,2,0.00828521606,0.00877981167,-8,0x3c0fd933,0.00877981167,0x3f800000,1,0x00000000,0,0x00000000,0,0000000,0,0,00000,0000000,0,0,0000,0x00000000,0,0x00000000,0,0x00000000,0
l2,0.0625,0,min-error,metric_min,exp1,0,1,1,0.00828521606,0.00877981167,0.00828521606,0.00877981167,0.000494595617,104,raw-and-scaled,7,1,fp7_e1m5,fp7_e2m4,5,4,4,51,104,exp2,2,10,2,2,0.00828521606,0.00877981167,-8,0x3c0fd933,0.00877981167,0x3f800000,1,0xbcdea997,-0.0271804761,0xbcdea997,-0.0271804761,1000000,0,0,00000,1000001,0,1,0001,0xbcdea997,-0.0271804761,0xbc3d532e,-0.0115554761,0xbf800000,-1
l2,0.0625,0,min-error,metric_min,exp1,0,1,1,0.00828521606,0.00877981167,0.00828521606,0.00877981167,0.000494595617,105,raw-and-scaled,7,1,fp7_e1m5,fp7_e2m4,5,4,4,51,105,exp2,2,10,2,2,0.00828521606,0.00877981167,-8,0x3c0fd933,0.00877981167,0x3f800000,1,0xbd8447b1,-0.0645898655,0xbd8447b1,-0.0645898655,1000010,0,2,00010,1000100,0,4,0100,0xbb08f620,-0.00208986551,0xbb08f620,-0.00208986551,0x80000000,-0
l2,0.0625,0,min-error,metric_min,exp1,0,1,1,0.00828521606,0.00877981167,0.00828521606,0.00877981167,0.000494595617,106,raw-and-scaled,7,1,fp7_e1m5,fp7_e2m4,5,4,4,51,106,exp2,2,10,2,2,0.00828521606,0.00877981167,-8,0x3c0fd933,0.00877981167,0x3f800000,1,0xbd30f37e,-0.0432009622,0xbd30f37e,-0.0432009622,1000001,0,1,00001,1000010,0,2,0010,0xbc43cdf8,-0.0119509622,0xbc43cdf8,-0.0119509622,0x80000000,-0
l2,0.0625,0,min-error,metric_min,exp1,0,1,1,0.00828521606,0.00877981167,0.00828521606,0.00877981167,0.000494595617,107,raw-and-scaled,7,1,fp7_e1m5,fp7_e2m4,5,4,4,51,107,exp2,2,10,2,2,0.00828521606,0.00877981167,-8,0x3c0fd933,0.00877981167,0x3f800000,1,0x00000000,0,0x00000000,0,0000000,0,0,00000,0000000,0,0,0000,0x00000000,0,0x00000000,0,0x00000000,0
l2,0.0625,0,min-error,metric_min,exp1,0,1,1,0.00828521606,0.00877981167,0.00828521606,0.00877981167,0.000494595617,108,raw-and-scaled,7,1,fp7_e1m5,fp7_e2m4,5,4,4,51,108,exp2,2,10,2,2,0.00828521606,0.00877981167,-8,0x3c0fd933,0.00877981167,0x3f800000,1,0x00000000,0,0x00000000,0,0000000,0,0,00000,0000000,0,0,0000,0x00000000,0,0x00000000,0,0x00000000,0
l2,0.0625,0,min-error,metric_min,exp1,0,1,1,0.00828521606,0.00877981167,0.00828521606,0.00877981167,0.000494595617,109,raw-and-scaled,7,1,fp7_e1m5,fp7_e2m4,5,4,4,51,109,exp2,2,10,2,2,0.00828521606,0.00877981167,-8,0x3c0fd933,0.00877981167,0x3f800000,1,0x00000000,0,0x00000000,0,0000000,0,0,00000,0000000,0,0,0000,0x00000000,0,0x00000000,0,0x00000000,0
l2,0.0625,0,min-error,metric_min,exp1,0,1,1,0.00828521606,0.00877981167,0.00828521606,0.00877981167,0.000494595617,110,raw-and-scaled,7,1,fp7_e1m5,fp7_e2m4,5,4,4,51,110,exp2,2,10,2,2,0.00828521606,0.00877981167,-8,0x3c0fd933,0.00877981167,0x3f800000,1,0x00000000,0,0x00000000,0,0000000,0,0,00000,0000000,0,0,0000,0x00000000,0,0x00000000,0,0x00000000,0
l2,0.0625,0,min-error,metric_min,exp1,0,1,1,0.00828521606,0.00877981167,0.00828521606,0.00877981167,0.000494595617,111,raw-and-scaled,7,1,fp7_e1m5,fp7_e2m4,5,4,4,51,111,exp2,2,10,2,2,0.00828521606,0.00877981167,-8,0x3c0fd933,0.00877981167,0x3f800000,1,0x00000000,0,0x00000000,0,0000000,0,0,00000,0000000,0,0,0000,0x00000000,0,0x00000000,0,0x00000000,0
l2,0.0625,0,min-error,metric_min,exp1,0,1,1,0.00828521606,0.00877981167,0.00828521606,0.00877981167,0.000494595617,112,raw-and-scaled,7,1,fp7_e1m5,fp7_e2m4,5,4,4,51,112,exp2,2,10,2,2,0.00828521606,0.00877981167,-8,0x3c0fd933,0.00877981167,0x3f800000,1,0x3f880dd4,1.062922,0x3f880dd4,1.062922,0100010,1,2,00010,0110001,3,1,0001,0x39dd4000,0.000422000885,0x39dd4000,0.000422000885,0x00000000,0
l2,0.0625,0,min-error,metric_min,exp1,0,1,1,0.00828521606,0.00877981167,0.00828521606,0.00877981167,0.000494595617,113,raw-and-scaled,7,1,fp7_e1m5,fp7_e2m4,5,4,4,51,113,exp2,2,10,2,2,0.00828521606,0.00877981167,-8,0x3c0fd933,0.00877981167,0x3f800000,1,0x00000000,0,0x00000000,0,0000000,0,0,00000,0000000,0,0,0000,0x00000000,0,0x00000000,0,0x00000000,0
l2,0.0625,0,min-error,metric_min,exp1,0,1,1,0.00828521606,0.00877981167,0.00828521606,0.00877981167,0.000494595617,114,raw-and-scaled,7,1,fp7_e1m5,fp7_e2m4,5,4,4,51,114,exp2,2,10,2,2,0.00828521606,0.00877981167,-8,0x3c0fd933,0.00877981167,0x3f800000,1,0x00000000,0,0x00000000,0,0000000,0,0,00000,0000000,0,0,0000,0x00000000,0,0x00000000,0,0x00000000,0
l2,0.0625,0,min-error,metric_min,exp1,0,1,1,0.00828521606,0.00877981167,0.00828521606,0.00877981167,0.000494595617,115,raw-and-scaled,7,1,fp7_e1m5,fp7_e2m4,5,4,4,51,115,exp2,2,10,2,2,0.00828521606,0.00877981167,-8,0x3c0fd933,0.00877981167,0x3f800000,1,0x00000000,0,0x00000000,0,0000000,0,0,00000,0000000,0,0,0000,0x00000000,0,0x00000000,0,0x00000000,0
l2,0.0625,0,min-error,metric_min,exp1,0,1,1,0.00828521606,0.00877981167,0.00828521606,0.00877981167,0.000494595617,116,raw-and-scaled,7,1,fp7_e1m5,fp7_e2m4,5,4,4,51,116,exp2,2,10,2,2,0.00828521606,0.00877981167,-8,0x3c0fd933,0.00877981167,0x3f800000,1,0x00000000,0,0x00000000,0,0000000,0,0,00000,0000000,0,0,0000,0x00000000,0,0x00000000,0,0x00000000,0
l2,0.0625,0,min-error,metric_min,exp1,0,1,1,0.00828521606,0.00877981167,0.00828521606,0.00877981167,0.000494595617,117,raw-and-scaled,7,1,fp7_e1m5,fp7_e2m4,5,4,4,51,117,exp2,2,10,2,2,0.00828521606,0.00877981167,-8,0x3c0fd933,0.00877981167,0x3f800000,1,0x00000000,0,0x00000000,0,0000000,0,0,00000,0000000,0,0,0000,0x00000000,0,0x00000000,0,0x00000000,0
l2,0.0625,0,min-error,metric_min,exp1,0,1,1,0.00828521606,0.00877981167,0.00828521606,0.00877981167,0.000494595617,118,raw-and-scaled,7,1,fp7_e1m5,fp7_e2m4,5,4,4,51,118,exp2,2,10,2,2,0.00828521606,0.00877981167,-8,0x3c0fd933,0.00877981167,0x3f800000,1,0x00000000,0,0x00000000,0,0000000,0,0,00000,0000000,0,0,0000,0x00000000,0,0x00000000,0,0x00000000,0
l2,0.0625,0,min-error,metric_min,exp1,0,1,1,0.00828521606,0.00877981167,0.00828521606,0.00877981167,0.000494595617,119,raw-and-scaled,7,1,fp7_e1m5,fp7_e2m4,5,4,4,51,119,exp2,2,10,2,2,0.00828521606,0.00877981167,-8,0x3c0fd933,0.00877981167,0x3f800000,1,0x00000000,0,0x00000000,0,0000000,0,0,00000,0000000,0,0,0000,0x00000000,0,0x00000000,0,0x00000000,0
l2,0.0625,0,min-error,metric_min,exp1,0,1,1,0.00828521606,0.00877981167,0.00828521606,0.00877981167,0.000494595617,120,raw-and-scaled,7,1,fp7_e1m5,fp7_e2m4,5,4,4,51,120,exp2,2,10,2,2,0.00828521606,0.00877981167,-8,0x3c0fd933,0.00877981167,0x3f800000,1,0x3df8d84d,0.121506311,0x3df8d84d,0.121506311,0000011,0,3,00011,0000111,0,7,0111,0x3ce36134,0.027756311,0x3c46c268,0.012131311,0xbf800000,-1
l2,0.0625,0,min-error,metric_min,exp1,0,1,1,0.00828521606,0.00877981167,0.00828521606,0.00877981167,0.000494595617,121,raw-and-scaled,7,1,fp7_e1m5,fp7_e2m4,5,4,4,51,121,exp2,2,10,2,2,0.00828521606,0.00877981167,-8,0x3c0fd933,0.00877981167,0x3f800000,1,0x00000000,0,0x00000000,0,0000000,0,0,00000,0000000,0,0,0000,0x00000000,0,0x00000000,0,0x00000000,0
l2,0.0625,0,min-error,metric_min,exp1,0,1,1,0.00828521606,0.00877981167,0.00828521606,0.00877981167,0.000494595617,122,raw-and-scaled,7,1,fp7_e1m5,fp7_e2m4,5,4,4,51,122,exp2,2,10,2,2,0.00828521606,0.00877981167,-8,0x3c0fd933,0.00877981167,0x3f800000,1,0x00000000,0,0x00000000,0,0000000,0,0,00000,0000000,0,0,0000,0x00000000,0,0x00000000,0,0x00000000,0
l2,0.0625,0,min-error,metric_min,exp1,0,1,1,0.00828521606,0.00877981167,0.00828521606,0.00877981167,0.000494595617,123,raw-and-scaled,7,1,fp7_e1m5,fp7_e2m4,5,4,4,51,123,exp2,2,10,2,2,0.00828521606,0.00877981167,-8,0x3c0fd933,0.00877981167,0x3f800000,1,0xbfa754a1,-1.30727017,0xbfa754a1,-1.30727017,1101001,1,9,01001,1110100,3,4,0100,0xbcd52840,-0.0260201693,0xbd6a9420,-0.0572701693,0x3f800000,1
l2,0.0625,0,min-error,metric_min,exp1,0,1,1,0.00828521606,0.00877981167,0.00828521606,0.00877981167,0.000494595617,124,raw-and-scaled,7,1,fp7_e1m5,fp7_e2m4,5,4,4,51,124,exp2,2,10,2,2,0.00828521606,0.00877981167,-8,0x3c0fd933,0.00877981167,0x3f800000,1,0x00000000,0,0x00000000,0,0000000,0,0,00000,0000000,0,0,0000,0x00000000,0,0x00000000,0,0x00000000,0
l2,0.0625,0,min-error,metric_min,exp1,0,1,1,0.00828521606,0.00877981167,0.00828521606,0.00877981167,0.000494595617,125,raw-and-scaled,7,1,fp7_e1m5,fp7_e2m4,5,4,4,51,125,exp2,2,10,2,2,0.00828521606,0.00877981167,-8,0x3c0fd933,0.00877981167,0x3f800000,1,0x00000000,0,0x00000000,0,0000000,0,0,00000,0000000,0,0,0000,0x00000000,0,0x00000000,0,0x00000000,0
l2,0.0625,0,min-error,metric_min,exp1,0,1,1,0.00828521606,0.00877981167,0.00828521606,0.00877981167,0.000494595617,126,raw-and-scaled,7,1,fp7_e1m5,fp7_e2m4,5,4,4,51,126,exp2,2,10,2,2,0.00828521606,0.00877981167,-8,0x3c0fd933,0.00877981167,0x3f800000,1,0x00000000,0,0x00000000,0,0000000,0,0,00000,0000000,0,0,0000,0x00000000,0,0x00000000,0,0x00000000,0
l2,0.0625,0,min-error,metric_min,exp1,0,1,1,0.00828521606,0.00877981167,0.00828521606,0.00877981167,0.000494595617,127,raw-and-scaled,7,1,fp7_e1m5,fp7_e2m4,5,4,4,51,127,exp2,2,10,2,2,0.00828521606,0.00877981167,-8,0x3c0fd933,0.00877981167,0x3f800000,1,0x3b14c8d4,0.00227027107,0x3b14c8d4,0.00227027107,0000000,0,0,00000,0000000,0,0,0000,0x3b14c8d4,0.00227027107,0x3b14c8d4,0.00227027107,0x00000000,0
l2,0.0625,0,min-error,metric_min,exp2,0,1,1,0.00771555211,0.00713282963,0.00713282963,0.00771555211,0.000582722481,0,raw-and-scaled,7,1,fp7_e1m5,fp7_e2m4,5,4,4,63,0,exp1,3,10,2,2,0.00771555211,0.00713282963,-7,0x3bfcd2be,0.00771555211,0x3f800000,1,0xbfac3630,-1.34540367,0xbfac3630,-1.34540367,1101011,1,11,01011,1110101,3,5,0101,0xbad8c000,-0.00165367126,0xbd06c600,-0.0329036713,0x3f800000,1
l2,0.0625,0,min-error,metric_min,exp2,0,1,1,0.00771555211,0.00713282963,0.00713282963,0.00771555211,0.000582722481,1,raw-and-scaled,7,1,fp7_e1m5,fp7_e2m4,5,4,4,63,1,exp1,3,10,2,2,0.00771555211,0.00713282963,-7,0x3bfcd2be,0.00771555211,0x3f800000,1,0x00000000,0,0x00000000,0,0000000,0,0,00000,0000000,0,0,0000,0x00000000,0,0x00000000,0,0x00000000,0
l2,0.0625,0,min-error,metric_min,exp2,0,1,1,0.00771555211,0.00713282963,0.00713282963,0.00771555211,0.000582722481,2,raw-and-scaled,7,1,fp7_e1m5,fp7_e2m4,5,4,4,63,2,exp1,3,10,2,2,0.00771555211,0.00713282963,-7,0x3bfcd2be,0.00771555211,0x3f800000,1,0xbfa9010a,-1.32034421,0xbfa9010a,-1.32034421,1101010,1,10,01010,1110101,3,5,0101,0xbc008500,-0.00784420967,0xbc008500,-0.00784420967,0x00000000,0
l2,0.0625,0,min-error,metric_min,exp2,0,1,1,0.00771555211,0.00713282963,0.00713282963,0.00771555211,0.000582722481,3,raw-and-scaled,7,1,fp7_e1m5,fp7_e2m4,5,4,4,63,3,exp1,3,10,2,2,0.00771555211,0.00713282963,-7,0x3bfcd2be,0.00771555211,0x3f800000,1,0xbe1a35e0,-0.150596142,0xbe1a35e0,-0.150596142,1000100,0,4,00100,1001001,0,9,1001,0xbcd1af00,-0.0255961418,0xbc235e00,-0.00997114182,0xbf800000,-1
l2,0.0625,0,min-error,metric_min,exp2,0,1,1,0.00771555211,0.00713282963,0.00713282963,0.00771555211,0.000582722481,4,raw-and-scaled,7,1,fp7_e1m5,fp7_e2m4,5,4,4,63,4,exp1,3,10,2,2,0.00771555211,0.00713282963,-7,0x3bfcd2be,0.00771555211,0x3f800000,1,0x00000000,0,0x00000000,0,0000000,0,0,00000,0000000,0,0,0000,0x00000000,0,0x00000000,0,0x00000000,0
l2,0.0625,0,min-error,metric_min,exp2,0,1,1,0.00771555211,0.00713282963,0.00713282963,0.00771555211,0.000582722481,5,raw-and-scaled,7,1,fp7_e1m5,fp7_e2m4,5,4,4,63,5,exp1,3,10,2,2,0.00771555211,0.00713282963,-7,0x3bfcd2be,0.00771555211,0x3f800000,1,0x00000000,0,0x00000000,0,0000000,0,0,00000,0000000,0,0,0000,0x00000000,0,0x00000000,0,0x00000000,0
l2,0.0625,0,min-error,metric_min,exp2,0,1,1,0.00771555211,0.00713282963,0.00713282963,0.00771555211,0.000582722481,6,raw-and-scaled,7,1,fp7_e1m5,fp7_e2m4,5,4,4,63,6,exp1,3,10,2,2,0.00771555211,0.00713282963,-7,0x3bfcd2be,0.00771555211,0x3f800000,1,0x3e83bce1,0.257300407,0x3e83bce1,0.257300407,0001000,0,8,01000,0010000,1,0,0000,0x3bef3840,0.00730040669,0x3bef3840,0.00730040669,0x80000000,-0
l2,0.0625,0,min-error,metric_min,exp2,0,1,1,0.00771555211,0.00713282963,0.00713282963,0.00771555211,0.000582722481,7,raw-and-scaled,7,1,fp7_e1m5,fp7_e2m4,5,4,4,63,7,exp1,3,10,2,2,0.00771555211,0.00713282963,-7,0x3bfcd2be,0.00771555211,0x3f800000,1,0xbbb11581,-0.00540417479,0xbbb11581,-0.00540417479,1000000,0,0,00000,1000000,0,0,0000,0xbbb11581,-0.00540417479,0xbbb11581,-0.00540417479,0x00000000,0
l2,0.0625,0,min-error,metric_min,exp2,0,1,1,0.00771555211,0.00713282963,0.00713282963,0.00771555211,0.000582722481,8,raw-and-scaled,7,1,fp7_e1m5,fp7_e2m4,5,4,4,63,8,exp1,3,10,2,2,0.00771555211,0.00713282963,-7,0x3bfcd2be,0.00771555211,0x3f800000,1,0x00000000,0,0x00000000,0,0000000,0,0,00000,0000000,0,0,0000,0x00000000,0,0x00000000,0,0x00000000,0
l2,0.0625,0,min-error,metric_min,exp2,0,1,1,0.00771555211,0.00713282963,0.00713282963,0.00771555211,0.000582722481,9,raw-and-scaled,7,1,fp7_e1m5,fp7_e2m4,5,4,4,63,9,exp1,3,10,2,2,0.00771555211,0.00713282963,-7,0x3bfcd2be,0.00771555211,0x3f800000,1,0x3a9e8762,0.00120947906,0x3a9e8762,0.00120947906,0000000,0,0,00000,0000000,0,0,0000,0x3a9e8762,0.00120947906,0x3a9e8762,0.00120947906,0x00000000,0
l2,0.0625,0,min-error,metric_min,exp2,0,1,1,0.00771555211,0.00713282963,0.00713282963,0.00771555211,0.000582722481,10,raw-and-scaled,7,1,fp7_e1m5,fp7_e2m4,5,4,4,63,10,exp1,3,10,2,2,0.00771555211,0.00713282963,-7,0x3bfcd2be,0.00771555211,0x3f800000,1,0x00000000,0,0x00000000,0,0000000,0,0,00000,0000000,0,0,0000,0x00000000,0,0x00000000,0,0x00000000,0
l2,0.0625,0,min-error,metric_min,exp2,0,1,1,0.00771555211,0.00713282963,0.00713282963,0.00771555211,0.000582722481,11,raw-and-scaled,7,1,fp7_e1m5,fp7_e2m4,5,4,4,63,11,exp1,3,10,2,2,0.00771555211,0.00713282963,-7,0x3bfcd2be,0.00771555211,0x3f800000,1,0x00000000,0,0x00000000,0,0000000,0,0,00000,0000000,0,0,0000,0x00000000,0,0x00000000,0,0x00000000,0
l2,0.0625,0,min-error,metric_min,exp2,0,1,1,0.00771555211,0.00713282963,0.00713282963,0.00771555211,0.000582722481,12,raw-and-scaled,7,1,fp7_e1m5,fp7_e2m4,5,4,4,63,12,exp1,3,10,2,2,0.00771555211,0.00713282963,-7,0x3bfcd2be,0.00771555211,0x3f800000,1,0x00000000,0,0x00000000,0,0000000,0,0,00000,0000000,0,0,0000,0x00000000,0,0x00000000,0,0x00000000,0
l2,0.0625,0,min-error,metric_min,exp2,0,1,1,0.00771555211,0.00713282963,0.00713282963,0.00771555211,0.000582722481,13,raw-and-scaled,7,1,fp7_e1m5,fp7_e2m4,5,4,4,63,13,exp1,3,10,2,2,0.00771555211,0.00713282963,-7,0x3bfcd2be,0.00771555211,0x3f800000,1,0x00000000,0,0x00000000,0,0000000,0,0,00000,0000000,0,0,0000,0x00000000,0,0x00000000,0,0x00000000,0
l2,0.0625,0,min-error,metric_min,exp2,0,1,1,0.00771555211,0.00713282963,0.00713282963,0.00771555211,0.000582722481,14,raw-and-scaled,7,1,fp7_e1m5,fp7_e2m4,5,4,4,63,14,exp1,3,10,2,2,0.00771555211,0.00713282963,-7,0x3bfcd2be,0.00771555211,0x3f800000,1,0x3f44aa4a,0.768223405,0x3f44aa4a,0.768223405,0011000,0,24,11000,0101000,2,8,1000,0x3c954940,0.0182234049,0x3c954940,0.0182234049,0x00000000,0
l2,0.0625,0,min-error,metric_min,exp2,0,1,1,0.00771555211,0.00713282963,0.00713282963,0.00771555211,0.000582722481,15,raw-and-scaled,7,1,fp7_e1m5,fp7_e2m4,5,4,4,63,15,exp1,3,10,2,2,0.00771555211,0.00713282963,-7,0x3bfcd2be,0.00771555211,0x3f800000,1,0x00000000,0,0x00000000,0,0000000,0,0,00000,0000000,0,0,0000,0x00000000,0,0x00000000,0,0x00000000,0
l2,0.0625,0,min-error,metric_min,exp2,0,1,1,0.00771555211,0.00713282963,0.00713282963,0.00771555211,0.000582722481,16,raw-and-scaled,7,1,fp7_e1m5,fp7_e2m4,5,4,4,63,16,exp1,3,10,2,2,0.00771555211,0.00713282963,-7,0x3bfcd2be,0.00771555211,0x3f800000,1,0x3b422c09,0.00296282978,0x3b422c09,0.00296282978,0000000,0,0,00000,0000000,0,0,0000,0x3b422c09,0.00296282978,0x3b422c09,0.00296282978,0x00000000,0
l2,0.0625,0,min-error,metric_min,exp2,0,1,1,0.00771555211,0.00713282963,0.00713282963,0.00771555211,0.000582722481,17,raw-and-scaled,7,1,fp7_e1m5,fp7_e2m4,5,4,4,63,17,exp1,3,10,2,2,0.00771555211,0.00713282963,-7,0x3bfcd2be,0.00771555211,0x3f800000,1,0x3d7f91dc,0.0623949617,0x3d7f91dc,0.0623949617,0000001,0,1,00001,0000011,0,3,0011,0x3cff23b8,0.0311449617,0x3c7e4770,0.0155199617,0xbf800000,-1
l2,0.0625,0,min-error,metric_min,exp2,0,1,1,0.00771555211,0.00713282963,0.00713282963,0.00771555211,0.000582722481,18,raw-and-scaled,7,1,fp7_e1m5,fp7_e2m4,5,4,4,63,18,exp1,3,10,2,2,0.00771555211,0.00713282963,-7,0x3bfcd2be,0.00771555211,0x3f800000,1,0xbb5fd23a,-0.00341524044,0xbb5fd23a,-0.00341524044,1000000,0,0,00000,1000000,0,0,0000,0xbb5fd23a,-0.00341524044,0xbb5fd23a,-0.00341524044,0x00000000,0
l2,0.0625,0,min-error,metric_min,exp2,0,1,1,0.00771555211,0.00713282963,0.00713282963,0.00771555211,0.000582722481,19,raw-and-scaled,7,1,fp7_e1m5,fp7_e2m4,5,4,4,63,19,exp1,3,10,2,2,0.00771555211,0.00713282963,-7,0x3bfcd2be,0.00771555211,0x3f800000,1,0x3e14c25a,0.145272642,0x3e14c25a,0.145272642,0000100,0,4,00100,0001001,0,9,1001,0x3ca612d0,0.0202726424,0x3b984b40,0.00464764237,0xbf800000,-1
l2,0.0625,0,min-error,metric_min,exp2,0,1,1,0.00771555211,0.00713282963,0.00713282963,0.00771555211,0.000582722481,20,raw-and-scaled,7,1,fp7_e1m5,fp7_e2m4,5,4,4,63,20,exp1,3,10,2,2,0.00771555211,0.00713282963,-7,0x3bfcd2be,0.00771555211,0x3f800000,1,0xbe64314b,-0.222844288,0xbe64314b,-0.222844288,1000111,0,7,00111,1001110,0,14,1110,0xbb862960,-0.00409428775,0xbb862960,-0.00409428775,0x80000000,-0
l2,0.0625,0,min-error,metric_min,exp2,0,1,1,0.00771555211,0.00713282963,0.00713282963,0.00771555211,0.000582722481,21,raw-and-scaled,7,1,fp7_e1m5,fp7_e2m4,5,4,4,63,21,exp1,3,10,2,2,0.00771555211,0.00713282963,-7,0x3bfcd2be,0.00771555211,0x3f800000,1,0x3f9ee3b7,1.24132431,0x3f9ee3b7,1.24132431,0100111,1,7,00111,0110011,3,3,0011,0x3cb8edc0,0.0225743055,0x3d5c76e0,0.0538243055,0x3f800000,1
l2,0.0625,0,min-error,metric_min,exp2,0,1,1,0.00771555211,0.00713282963,0.00713282963,0.00771555211,0.000582722481,22,raw-and-scaled,7,1,fp7_e1m5,fp7_e2m4,5,4,4,63,22,exp1,3,10,2,2,0.00771555211,0.00713282963,-7,0x3bfcd2be,0.00771555211,0x3f800000,1,0x00000000,0,0x00000000,0,0000000,0,0,00000,0000000,0,0,0000,0x00000000,0,0x00000000,0,0x00000000,0
l2,0.0625,0,min-error,metric_min,exp2,0,1,1,0.00771555211,0.00713282963,0.00713282963,0.00771555211,0.000582722481,23,raw-and-scaled,7,1,fp7_e1m5,fp7_e2m4,5,4,4,63,23,exp1,3,10,2,2,0.00771555211,0.00713282963,-7,0x3bfcd2be,0.00771555211,0x3f800000,1,0x00000000,0,0x00000000,0,0000000,0,0,00000,0000000,0,0,0000,0x00000000,0,0x00000000,0,0x00000000,0
l2,0.0625,0,min-error,metric_min,exp2,0,1,1,0.00771555211,0.00713282963,0.00713282963,0.00771555211,0.000582722481,24,raw-and-scaled,7,1,fp7_e1m5,fp7_e2m4,5,4,4,63,24,exp1,3,10,2,2,0.00771555211,0.00713282963,-7,0x3bfcd2be,0.00771555211,0x3f800000,1,0x00000000,0,0x00000000,0,0000000,0,0,00000,0000000,0,0,0000,0x00000000,0,0x00000000,0,0x00000000,0
l2,0.0625,0,min-error,metric_min,exp2,0,1,1,0.00771555211,0.00713282963,0.00713282963,0.00771555211,0.000582722481,25,raw-and-scaled,7,1,fp7_e1m5,fp7_e2m4,5,4,4,63,25,exp1,3,10,2,2,0.00771555211,0.00713282963,-7,0x3bfcd2be,0.00771555211,0x3f800000,1,0x00000000,0,0x00000000,0,0000000,0,0,00000,0000000,0,0,0000,0x00000000,0,0x00000000,0,0x00000000,0
l2,0.0625,0,min-error,metric_min,exp2,0,1,1,0.00771555211,0.00713282963,0.00713282963,0.00771555211,0.000582722481,26,raw-and-scaled,7,1,fp7_e1m5,fp7_e2m4,5,4,4,63,26,exp1,3,10,2,2,0.00771555211,0.00713282963,-7,0x3bfcd2be,0.00771555211,0x3f800000,1,0xbd2d67c9,-0.0423353054,0xbd2d67c9,-0.0423353054,1000001,0,1,00001,1000010,0,2,0010,0xbc359f24,-0.0110853054,0xbc359f24,-0.0110853054,0x80000000,-0
l2,0.0625,0,min-error,metric_min,exp2,0,1,1,0.00771555211,0.00713282963,0.00713282963,0.00771555211,0.000582722481,27,raw-and-scaled,7,1,fp7_e1m5,fp7_e2m4,5,4,4,63,27,exp1,3,10,2,2,0.00771555211,0.00713282963,-7,0x3bfcd2be,0.00771555211,0x3f800000,1,0x00000000,0,0x00000000,0,0000000,0,0,00000,0000000,0,0,0000,0x00000000,0,0x00000000,0,0x00000000,0
l2,0.0625,0,min-error,metric_min,exp2,0,1,1,0.00771555211,0.00713282963,0.00713282963,0.00771555211,0.000582722481,28,raw-and-scaled,7,1,fp7_e1m5,fp7_e2m4,5,4,4,63,28,exp1,3,10,2,2,0.00771555211,0.00713282963,-7,0x3bfcd2be,0.00771555211,0x3f800000,1,0x00000000,0,0x00000000,0,0000000,0,0,00000,0000000,0,0,0000,0x00000000,0,0x00000000,0,0x00000000,0
l2,0.0625,0,min-error,metric_min,exp2,0,1,1,0.00771555211,0.00713282963,0.00713282963,0.00771555211,0.000582722481,29,raw-and-scaled,7,1,fp7_e1m5,fp7_e2m4,5,4,4,63,29,exp1,3,10,2,2,0.00771555211,0.00713282963,-7,0x3bfcd2be,0.00771555211,0x3f800000,1,0x00000000,0,0x00000000,0,0000000,0,0,00000,0000000,0,0,0000,0x00000000,0,0x00000000,0,0x00000000,0
l2,0.0625,0,min-error,metric_min,exp2,0,1,1,0.00771555211,0.00713282963,0.00713282963,0.00771555211,0.000582722481,30,raw-and-scaled,7,1,fp7_e1m5,fp7_e2m4,5,4,4,63,30,exp1,3,10,2,2,0.00771555211,0.00713282963,-7,0x3bfcd2be,0.00771555211,0x3f800000,1,0x00000000,0,0x00000000,0,0000000,0,0,00000,0000000,0,0,0000,0x00000000,0,0x00000000,0,0x00000000,0
l2,0.0625,0,min-error,metric_min,exp2,0,1,1,0.00771555211,0.00713282963,0.00713282963,0.00771555211,0.000582722481,31,raw-and-scaled,7,1,fp7_e1m5,fp7_e2m4,5,4,4,63,31,exp1,3,10,2,2,0.00771555211,0.00713282963,-7,0x3bfcd2be,0.00771555211,0x3f800000,1,0x3e1c6098,0.152712226,0x3e1c6098,0.152712226,0000100,0,4,00100,0001001,0,9,1001,0x3ce304c0,0.0277122259,0x3c460980,0.0120872259,0xbf800000,-1
l2,0.0625,0,min-error,metric_min,exp2,0,1,1,0.00771555211,0.00713282963,0.00713282963,0.00771555211,0.000582722481,32,raw-and-scaled,7,1,fp7_e1m5,fp7_e2m4,5,4,4,63,32,exp1,3,10,2,2,0.00771555211,0.00713282963,-7,0x3bfcd2be,0.00771555211,0x3f800000,1,0x00000000,0,0x00000000,0,0000000,0,0,00000,0000000,0,0,0000,0x00000000,0,0x00000000,0,0x00000000,0
l2,0.0625,0,min-error,metric_min,exp2,0,1,1,0.00771555211,0.00713282963,0.00713282963,0.00771555211,0.000582722481,33,raw-and-scaled,7,1,fp7_e1m5,fp7_e2m4,5,4,4,63,33,exp1,3,10,2,2,0.00771555211,0.00713282963,-7,0x3bfcd2be,0.00771555211,0x3f800000,1,0x00000000,0,0x00000000,0,0000000,0,0,00000,0000000,0,0,0000,0x00000000,0,0x00000000,0,0x00000000,0
l2,0.0625,0,min-error,metric_min,exp2,0,1,1,0.00771555211,0.00713282963,0.00713282963,0.00771555211,0.000582722481,34,raw-and-scaled,7,1,fp7_e1m5,fp7_e2m4,5,4,4,63,34,exp1,3,10,2,2,0.00771555211,0.00713282963,-7,0x3bfcd2be,0.00771555211,0x3f800000,1,0x00000000,0,0x00000000,0,0000000,0,0,00000,0000000,0,0,0000,0x00000000,0,0x00000000,0,0x00000000,0
l2,0.0625,0,min-error,metric_min,exp2,0,1,1,0.00771555211,0.00713282963,0.00713282963,0.00771555211,0.000582722481,35,raw-and-scaled,7,1,fp7_e1m5,fp7_e2m4,5,4,4,63,35,exp1,3,10,2,2,0.00771555211,0.00713282963,-7,0x3bfcd2be,0.00771555211,0x3f800000,1,0x00000000,0,0x00000000,0,0000000,0,0,00000,0000000,0,0,0000,0x00000000,0,0x00000000,0,0x00000000,0
l2,0.0625,0,min-error,metric_min,exp2,0,1,1,0.00771555211,0.00713282963,0.00713282963,0.00771555211,0.000582722481,36,raw-and-scaled,7,1,fp7_e1m5,fp7_e2m4,5,4,4,63,36,exp1,3,10,2,2,0.00771555211,0.00713282963,-7,0x3bfcd2be,0.00771555211,0x3f800000,1,0xbed072ce,-0.40712589,0xbed072ce,-0.40712589,1001101,0,13,01101,1011010,1,10,1010,0xba659c00,-0.000875890255,0xba659c00,-0.000875890255,0x80000000,-0
l2,0.0625,0,min-error,metric_min,exp2,0,1,1,0.00771555211,0.00713282963,0.00713282963,0.00771555211,0.000582722481,37,raw-and-scaled,7,1,fp7_e1m5,fp7_e2m4,5,4,4,63,37,exp1,3,10,2,2,0.00771555211,0.00713282963,-7,0x3bfcd2be,0.00771555211,0x3f800000,1,0x00000000,0,0x00000000,0,0000000,0,0,00000,0000000,0,0,0000,0x00000000,0,0x00000000,0,0x00000000,0
l2,0.0625,0,min-error,metric_min,exp2,0,1,1,0.00771555211,0.00713282963,0.00713282963,0.00771555211,0.000582722481,38,raw-and-scaled,7,1,fp7_e1m5,fp7_e2m4,5,4,4,63,38,exp1,3,10,2,2,0.00771555211,0.00713282963,-7,0x3bfcd2be,0.00771555211,0x3f800000,1,0x00000000,0,0x00000000,0,0000000,0,0,00000,0000000,0,0,0000,0x00000000,0,0x00000000,0,0x00000000,0
l2,0.0625,0,min-error,metric_min,exp2,0,1,1,0.00771555211,0.00713282963,0.00713282963,0.00771555211,0.000582722481,39,raw-and-scaled,7,1,fp7_e1m5,fp7_e2m4,5,4,4,63,39,exp1,3,10,2,2,0.00771555211,0.00713282963,-7,0x3bfcd2be,0.00771555211,0x3f800000,1,0x00000000,0,0x00000000,0,0000000,0,0,00000,0000000,0,0,0000,0x00000000,0,0x00000000,0,0x00000000,0
l2,0.0625,0,min-error,metric_min,exp2,0,1,1,0.00771555211,0.00713282963,0.00713282963,0.00771555211,0.000582722481,40,raw-and-scaled,7,1,fp7_e1m5,fp7_e2m4,5,4,4,63,40,exp1,3,10,2,2,0.00771555211,0.00713282963,-7,0x3bfcd2be,0.00771555211,0x3f800000,1,0x00000000,0,0x00000000,0,0000000,0,0,00000,0000000,0,0,0000,0x00000000,0,0x00000000,0,0x00000000,0
l2,0.0625,0,min-error,metric_min,exp2,0,1,1,0.00771555211,0.00713282963,0.00713282963,0.00771555211,0.000582722481,41,raw-and-scaled,7,1,fp7_e1m5,fp7_e2m4,5,4,4,63,41,exp1,3,10,2,2,0.00771555211,0.00713282963,-7,0x3bfcd2be,0.00771555211,0x3f800000,1,0x00000000,0,0x00000000,0,0000000,0,0,00000,0000000,0,0,0000,0x00000000,0,0x00000000,0,0x00000000,0
l2,0.0625,0,min-error,metric_min,exp2,0,1,1,0.00771555211,0.00713282963,0.00713282963,0.00771555211,0.000582722481,42,raw-and-scaled,7,1,fp7_e1m5,fp7_e2m4,5,4,4,63,42,exp1,3,10,2,2,0.00771555211,0.00713282963,-7,0x3bfcd2be,0.00771555211,0x3f800000,1,0x00000000,0,0x00000000,0,0000000,0,0,00000,0000000,0,0,0000,0x00000000,0,0x00000000,0,0x00000000,0
l2,0.0625,0,min-error,metric_min,exp2,0,1,1,0.00771555211,0.00713282963,0.00713282963,0.00771555211,0.000582722481,43,raw-and-scaled,7,1,fp7_e1m5,fp7_e2m4,5,4,4,63,43,exp1,3,10,2,2,0.00771555211,0.00713282963,-7,0x3bfcd2be,0.00771555211,0x3f800000,1,0x3cf74364,0.0301835015,0x3cf74364,0.0301835015,0000000,0,0,00000,0000001,0,1,0001,0x3cf74364,0.0301835015,0x3c6e86c8,0.0145585015,0xbf800000,-1
l2,0.0625,0,min-error,metric_min,exp2,0,1,1,0.00771555211,0.00713282963,0.00713282963,0.00771555211,0.000582722481,44,raw-and-scaled,7,1,fp7_e1m5,fp7_e2m4,5,4,4,63,44,exp1,3,10,2,2,0.00771555211,0.00713282963,-7,0x3bfcd2be,0.00771555211,0x3f800000,1,0x3f8437b6,1.03295016,0x3f8437b6,1.03295016,0100001,1,1,00001,0110000,3,0,0000,0x3aded800,0.00170016289,0x3d06f6c0,0.0329501629,0x3f800000,1
l2,0.0625,0,min-error,metric_min,exp2,0,1,1,0.00771555211,0.00713282963,0.00713282963,0.00771555211,0.000582722481,45,raw-and-scaled,7,1,fp7_e1m5,fp7_e2m4,5,4,4,63,45,exp1,3,10,2,2,0.00771555211,0.00713282963,-7,0x3bfcd2be,0.00771555211,0x3f800000,1,0x00000000,0,0x00000000,0,0000000,0,0,00000,0000000,0,0,0000,0x00000000,0,0x00000000,0,0x00000000,0
l2,0.0625,0,min-error,metric_min,exp2,0,1,1,0.00771555211,0.00713282963,0.00713282963,0.00771555211,0.000582722481,46,raw-and-scaled,7,1,fp7_e1m5,fp7_e2m4,5,4,4,63,46,exp1,3,10,2,2,0.00771555211,0.00713282963,-7,0x3bfcd2be,0.00771555211,0x3f800000,1,0x00000000,0,0x00000000,0,0000000,0,0,00000,0000000,0,0,0000,0x00000000,0,0x00000000,0,0x00000000,0
l2,0.0625,0,min-error,metric_min,exp2,0,1,1,0.00771555211,0.00713282963,0.00713282963,0.00771555211,0.000582722481,47,raw-and-scaled,7,1,fp7_e1m5,fp7_e2m4,5,4,4,63,47,exp1,3,10,2,2,0.00771555211,0.00713282963,-7,0x3bfcd2be,0.00771555211,0x3f800000,1,0x00000000,0,0x00000000,0,0000000,0,0,00000,0000000,0,0,0000,0x00000000,0,0x00000000,0,0x00000000,0
l2,0.0625,0,min-error,metric_min,exp2,0,1,1,0.00771555211,0.00713282963,0.00713282963,0.00771555211,0.000582722481,48,raw-and-scaled,7,1,fp7_e1m5,fp7_e2m4,5,4,4,63,48,exp1,3,10,2,2,0.00771555211,0.00713282963,-7,0x3bfcd2be,0.00771555211,0x3f800000,1,0x00000000,0,0x00000000,0,0000000,0,0,00000,0000000,0,0,0000,0x00000000,0,0x00000000,0,0x00000000,0
l2,0.0625,0,min-error,metric_min,exp2,0,1,1,0.00771555211,0.00713282963,0.00713282963,0.00771555211,0.000582722481,49,raw-and-scaled,7,1,fp7_e1m5,fp7_e2m4,5,4,4,63,49,exp1,3,10,2,2,0.00771555211,0.00713282963,-7,0x3bfcd2be,0.00771555211,0x3f800000,1,0x00000000,0,0x00000000,0,0000000,0,0,00000,0000000,0,0,0000,0x00000000,0,0x00000000,0,0x00000000,0
l2,0.0625,0,min-error,metric_min,exp2,0,1,1,0.00771555211,0.00713282963,0.00713282963,0.00771555211,0.000582722481,50,raw-and-scaled,7,1,fp7_e1m5,fp7_e2m4,5,4,4,63,50,exp1,3,10,2,2,0.00771555211,0.00713282963,-7,0x3bfcd2be,0.00771555211,0x3f800000,1,0x00000000,0,0x00000000,0,0000000,0,0,00000,0000000,0,0,0000,0x00000000,0,0x00000000,0,0x00000000,0
l2,0.0625,0,min-error,metric_min,exp2,0,1,1,0.00771555211,0.00713282963,0.00713282963,0.00771555211,0.000582722481,51,raw-and-scaled,7,1,fp7_e1m5,fp7_e2m4,5,4,4,63,51,exp1,3,10,2,2,0.00771555211,0.00713282963,-7,0x3bfcd2be,0.00771555211,0x3f800000,1,0x00000000,0,0x00000000,0,0000000,0,0,00000,0000000,0,0,0000,0x00000000,0,0x00000000,0,0x00000000,0
l2,0.0625,0,min-error,metric_min,exp2,0,1,1,0.00771555211,0.00713282963,0.00713282963,0.00771555211,0.000582722481,52,raw-and-scaled,7,1,fp7_e1m5,fp7_e2m4,5,4,4,63,52,exp1,3,10,2,2,0.00771555211,0.00713282963,-7,0x3bfcd2be,0.00771555211,0x3f800000,1,0x00000000,0,0x00000000,0,0000000,0,0,00000,0000000,0,0,0000,0x00000000,0,0x00000000,0,0x00000000,0
l2,0.0625,0,min-error,metric_min,exp2,0,1,1,0.00771555211,0.00713282963,0.00713282963,0.00771555211,0.000582722481,53,raw-and-scaled,7,1,fp7_e1m5,fp7_e2m4,5,4,4,63,53,exp1,3,10,2,2,0.00771555211,0.00713282963,-7,0x3bfcd2be,0.00771555211,0x3f800000,1,0x00000000,0,0x00000000,0,0000000,0,0,00000,0000000,0,0,0000,0x00000000,0,0x00000000,0,0x00000000,0
l2,0.0625,0,min-error,metric_min,exp2,0,1,1,0.00771555211,0.00713282963,0.00713282963,0.00771555211,0.000582722481,54,raw-and-scaled,7,1,fp7_e1m5,fp7_e2m4,5,4,4,63,54,exp1,3,10,2,2,0.00771555211,0.00713282963,-7,0x3bfcd2be,0.00771555211,0x3f800000,1,0x00000000,0,0x00000000,0,0000000,0,0,00000,0000000,0,0,0000,0x00000000,0,0x00000000,0,0x00000000,0
l2,0.0625,0,min-error,metric_min,exp2,0,1,1,0.00771555211,0.00713282963,0.00713282963,0.00771555211,0.000582722481,55,raw-and-scaled,7,1,fp7_e1m5,fp7_e2m4,5,4,4,63,55,exp1,3,10,2,2,0.00771555211,0.00713282963,-7,0x3bfcd2be,0.00771555211,0x3f800000,1,0x00000000,0,0x00000000,0,0000000,0,0,00000,0000000,0,0,0000,0x00000000,0,0x00000000,0,0x00000000,0
l2,0.0625,0,min-error,metric_min,exp2,0,1,1,0.00771555211,0.00713282963,0.00713282963,0.00771555211,0.000582722481,56,raw-and-scaled,7,1,fp7_e1m5,fp7_e2m4,5,4,4,63,56,exp1,3,10,2,2,0.00771555211,0.00713282963,-7,0x3bfcd2be,0.00771555211,0x3f800000,1,0xbd4be7bf,-0.0497815572,0xbd4be7bf,-0.0497815572,1000001,0,1,00001,1000011,0,3,0011,0xbc97cf7e,-0.0185315572,0xbb3e7bf0,-0.00290655717,0xbf800000,-1
l2,0.0625,0,min-error,metric_min,exp2,0,1,1,0.00771555211,0.00713282963,0.00713282963,0.00771555211,0.000582722481,57,raw-and-scaled,7,1,fp7_e1m5,fp7_e2m4,5,4,4,63,57,exp1,3,10,2,2,0.00771555211,0.00713282963,-7,0x3bfcd2be,0.00771555211,0x3f800000,1,0x00000000,0,0x00000000,0,0000000,0,0,00000,0000000,0,0,0000,0x00000000,0,0x00000000,0,0x00000000,0
l2,0.0625,0,min-error,metric_min,exp2,0,1,1,0.00771555211,0.00713282963,0.00713282963,0.00771555211,0.000582722481,58,raw-and-scaled,7,1,fp7_e1m5,fp7_e2m4,5,4,4,63,58,exp1,3,10,2,2,0.00771555211,0.00713282963,-7,0x3bfcd2be,0.00771555211,0x3f800000,1,0x3e14964f,0.145104632,0x3e14964f,0.145104632,0000100,0,4,00100,0001001,0,9,1001,0x3ca4b278,0.0201046318,0x3b92c9e0,0.00447963178,0xbf800000,-1
l2,0.0625,0,min-error,metric_min,exp2,0,1,1,0.00771555211,0.00713282963,0.00713282963,0.00771555211,0.000582722481,59,raw-and-scaled,7,1,fp7_e1m5,fp7_e2m4,5,4,4,63,59,exp1,3,10,2,2,0.00771555211,0.00713282963,-7,0x3bfcd2be,0.00771555211,0x3f800000,1,0xbba998d0,-0.00517568737,0xbba998d0,-0.00517568737,1000000,0,0,00000,1000000,0,0,0000,0xbba998d0,-0.00517568737,0xbba998d0,-0.00517568737,0x00000000,0
l2,0.0625,0,min-error,metric_min,exp2,0,1,1,0.00771555211,0.00713282963,0.00713282963,0.00771555211,0.000582722481,60,raw-and-scaled,7,1,fp7_e1m5,fp7_e2m4,5,4,4,63,60,exp1,3,10,2,2,0.00771555211,0.00713282963,-7,0x3bfcd2be,0.00771555211,0x3f800000,1,0x00000000,0,0x00000000,0,0000000,0,0,00000,0000000,0,0,0000,0x00000000,0,0x00000000,0,0x00000000,0
l2,0.0625,0,min-error,metric_min,exp2,0,1,1,0.00771555211,0.00713282963,0.00713282963,0.00771555211,0.000582722481,61,raw-and-scaled,7,1,fp7_e1m5,fp7_e2m4,5,4,4,63,61,exp1,3,10,2,2,0.00771555211,0.00713282963,-7,0x3bfcd2be,0.00771555211,0x3f800000,1,0xbb649611,-0.00348794856,0xbb649611,-0.00348794856,1000000,0,0,00000,1000000,0,0,0000,0xbb649611,-0.00348794856,0xbb649611,-0.00348794856,0x00000000,0
l2,0.0625,0,min-error,metric_min,exp2,0,1,1,0.00771555211,0.00713282963,0.00713282963,0.00771555211,0.000582722481,62,raw-and-scaled,7,1,fp7_e1m5,fp7_e2m4,5,4,4,63,62,exp1,3,10,2,2,0.00771555211,0.00713282963,-7,0x3bfcd2be,0.00771555211,0x3f800000,1,0x00000000,0,0x00000000,0,0000000,0,0,00000,0000000,0,0,0000,0x00000000,0,0x00000000,0,0x00000000,0
l2,0.0625,0,min-error,metric_min,exp2,0,1,1,0.00771555211,0.00713282963,0.00713282963,0.00771555211,0.000582722481,63,raw-and-scaled,7,1,fp7_e1m5,fp7_e2m4,5,4,4,63,63,exp1,3,10,2,2,0.00771555211,0.00713282963,-7,0x3bfcd2be,0.00771555211,0x3f800000,1,0x00000000,0,0x00000000,0,0000000,0,0,00000,0000000,0,0,0000,0x00000000,0,0x00000000,0,0x00000000,0
l2,0.0625,0,min-error,metric_min,exp2,0,1,1,0.00771555211,0.00713282963,0.00713282963,0.00771555211,0.000582722481,64,raw-and-scaled,7,1,fp7_e1m5,fp7_e2m4,5,4,4,63,64,exp1,3,10,2,2,0.00771555211,0.00713282963,-7,0x3bfcd2be,0.00771555211,0x3f800000,1,0x00000000,0,0x00000000,0,0000000,0,0,00000,0000000,0,0,0000,0x00000000,0,0x00000000,0,0x00000000,0
l2,0.0625,0,min-error,metric_min,exp2,0,1,1,0.00771555211,0.00713282963,0.00713282963,0.00771555211,0.000582722481,65,raw-and-scaled,7,1,fp7_e1m5,fp7_e2m4,5,4,4,63,65,exp1,3,10,2,2,0.00771555211,0.00713282963,-7,0x3bfcd2be,0.00771555211,0x3f800000,1,0x00000000,0,0x00000000,0,0000000,0,0,00000,0000000,0,0,0000,0x00000000,0,0x00000000,0,0x00000000,0
l2,0.0625,0,min-error,metric_min,exp2,0,1,1,0.00771555211,0.00713282963,0.00713282963,0.00771555211,0.000582722481,66,raw-and-scaled,7,1,fp7_e1m5,fp7_e2m4,5,4,4,63,66,exp1,3,10,2,2,0.00771555211,0.00713282963,-7,0x3bfcd2be,0.00771555211,0x3f800000,1,0x00000000,0,0x00000000,0,0000000,0,0,00000,0000000,0,0,0000,0x00000000,0,0x00000000,0,0x00000000,0
l2,0.0625,0,min-error,metric_min,exp2,0,1,1,0.00771555211,0.00713282963,0.00713282963,0.00771555211,0.000582722481,67,raw-and-scaled,7,1,fp7_e1m5,fp7_e2m4,5,4,4,63,67,exp1,3,10,2,2,0.00771555211,0.00713282963,-7,0x3bfcd2be,0.00771555211,0x3f800000,1,0x00000000,0,0x00000000,0,0000000,0,0,00000,0000000,0,0,0000,0x00000000,0,0x00000000,0,0x00000000,0
l2,0.0625,0,min-error,metric_min,exp2,0,1,1,0.00771555211,0.00713282963,0.00713282963,0.00771555211,0.000582722481,68,raw-and-scaled,7,1,fp7_e1m5,fp7_e2m4,5,4,4,63,68,exp1,3,10,2,2,0.00771555211,0.00713282963,-7,0x3bfcd2be,0.00771555211,0x3f800000,1,0x00000000,0,0x00000000,0,0000000,0,0,00000,0000000,0,0,0000,0x00000000,0,0x00000000,0,0x00000000,0
l2,0.0625,0,min-error,metric_min,exp2,0,1,1,0.00771555211,0.00713282963,0.00713282963,0.00771555211,0.000582722481,69,raw-and-scaled,7,1,fp7_e1m5,fp7_e2m4,5,4,4,63,69,exp1,3,10,2,2,0.00771555211,0.00713282963,-7,0x3bfcd2be,0.00771555211,0x3f800000,1,0x00000000,0,0x00000000,0,0000000,0,0,00000,0000000,0,0,0000,0x00000000,0,0x00000000,0,0x00000000,0
l2,0.0625,0,min-error,metric_min,exp2,0,1,1,0.00771555211,0.00713282963,0.00713282963,0.00771555211,0.000582722481,70,raw-and-scaled,7,1,fp7_e1m5,fp7_e2m4,5,4,4,63,70,exp1,3,10,2,2,0.00771555211,0.00713282963,-7,0x3bfcd2be,0.00771555211,0x3f800000,1,0x00000000,0,0x00000000,0,0000000,0,0,00000,0000000,0,0,0000,0x00000000,0,0x00000000,0,0x00000000,0
l2,0.0625,0,min-error,metric_min,exp2,0,1,1,0.00771555211,0.00713282963,0.00713282963,0.00771555211,0.000582722481,71,raw-and-scaled,7,1,fp7_e1m5,fp7_e2m4,5,4,4,63,71,exp1,3,10,2,2,0.00771555211,0.00713282963,-7,0x3bfcd2be,0.00771555211,0x3f800000,1,0x00000000,0,0x00000000,0,0000000,0,0,00000,0000000,0,0,0000,0x00000000,0,0x00000000,0,0x00000000,0
l2,0.0625,0,min-error,metric_min,exp2,0,1,1,0.00771555211,0.00713282963,0.00713282963,0.00771555211,0.000582722481,72,raw-and-scaled,7,1,fp7_e1m5,fp7_e2m4,5,4,4,63,72,exp1,3,10,2,2,0.00771555211,0.00713282963,-7,0x3bfcd2be,0.00771555211,0x3f800000,1,0x00000000,0,0x00000000,0,0000000,0,0,00000,0000000,0,0,0000,0x00000000,0,0x00000000,0,0x00000000,0
l2,0.0625,0,min-error,metric_min,exp2,0,1,1,0.00771555211,0.00713282963,0.00713282963,0.00771555211,0.000582722481,73,raw-and-scaled,7,1,fp7_e1m5,fp7_e2m4,5,4,4,63,73,exp1,3,10,2,2,0.00771555211,0.00713282963,-7,0x3bfcd2be,0.00771555211,0x3f800000,1,0x00000000,0,0x00000000,0,0000000,0,0,00000,0000000,0,0,0000,0x00000000,0,0x00000000,0,0x00000000,0
l2,0.0625,0,min-error,metric_min,exp2,0,1,1,0.00771555211,0.00713282963,0.00713282963,0.00771555211,0.000582722481,74,raw-and-scaled,7,1,fp7_e1m5,fp7_e2m4,5,4,4,63,74,exp1,3,10,2,2,0.00771555211,0.00713282963,-7,0x3bfcd2be,0.00771555211,0x3f800000,1,0x00000000,0,0x00000000,0,0000000,0,0,00000,0000000,0,0,0000,0x00000000,0,0x00000000,0,0x00000000,0
l2,0.0625,0,min-error,metric_min,exp2,0,1,1,0.00771555211,0.00713282963,0.00713282963,0.00771555211,0.000582722481,75,raw-and-scaled,7,1,fp7_e1m5,fp7_e2m4,5,4,4,63,75,exp1,3,10,2,2,0.00771555211,0.00713282963,-7,0x3bfcd2be,0.00771555211,0x3f800000,1,0x00000000,0,0x00000000,0,0000000,0,0,00000,0000000,0,0,0000,0x00000000,0,0x00000000,0,0x00000000,0
l2,0.0625,0,min-error,metric_min,exp2,0,1,1,0.00771555211,0.00713282963,0.00713282963,0.00771555211,0.000582722481,76,raw-and-scaled,7,1,fp7_e1m5,fp7_e2m4,5,4,4,63,76,exp1,3,10,2,2,0.00771555211,0.00713282963,-7,0x3bfcd2be,0.00771555211,0x3f800000,1,0xbe157efd,-0.145992234,0xbe157efd,-0.145992234,1000100,0,4,00100,1001001,0,9,1001,0xbcabf7e8,-0.0209922343,0xbbafdfa0,-0.00536723435,0xbf800000,-1
l2,0.0625,0,min-error,metric_min,exp2,0,1,1,0.00771555211,0.00713282963,0.00713282963,0.00771555211,0.000582722481,77,raw-and-scaled,7,1,fp7_e1m5,fp7_e2m4,5,4,4,63,77,exp1,3,10,2,2,0.00771555211,0.00713282963,-7,0x3bfcd2be,0.00771555211,0x3f800000,1,0x3b4d2f2e,0.00313086389,0x3b4d2f2e,0.00313086389,0000000,0,0,00000,0000000,0,0,0000,0x3b4d2f2e,0.00313086389,0x3b4d2f2e,0.00313086389,0x00000000,0
l2,0.0625,0,min-error,metric_min,exp2,0,1,1,0.00771555211,0.00713282963,0.00713282963,0.00771555211,0.000582722481,78,raw-and-scaled,7,1,fp7_e1m5,fp7_e2m4,5,4,4,63,78,exp1,3,10,2,2,0.00771555211,0.00713282963,-7,0x3bfcd2be,0.00771555211,0x3f800000,1,0x00000000,0,0x00000000,0,0000000,0,0,00000,0000000,0,0,0000,0x00000000,0,0x00000000,0,0x00000000,0
l2,0.0625,0,min-error,metric_min,exp2,0,1,1,0.00771555211,0.00713282963,0.00713282963,0.00771555211,0.000582722481,79,raw-and-scaled,7,1,fp7_e1m5,fp7_e2m4,5,4,4,63,79,exp1,3,10,2,2,0.00771555211,0.00713282963,-7,0x3bfcd2be,0.00771555211,0x3f800000,1,0x00000000,0,0x00000000,0,0000000,0,0,00000,0000000,0,0,0000,0x00000000,0,0x00000000,0,0x00000000,0
l2,0.0625,0,min-error,metric_min,exp2,0,1,1,0.00771555211,0.00713282963,0.00713282963,0.00771555211,0.000582722481,80,raw-and-scaled,7,1,fp7_e1m5,fp7_e2m4,5,4,4,63,80,exp1,3,10,2,2,0.00771555211,0.00713282963,-7,0x3bfcd2be,0.00771555211,0x3f800000,1,0x00000000,0,0x00000000,0,0000000,0,0,00000,0000000,0,0,0000,0x00000000,0,0x00000000,0,0x00000000,0
l2,0.0625,0,min-error,metric_min,exp2,0,1,1,0.00771555211,0.00713282963,0.00713282963,0.00771555211,0.000582722481,81,raw-and-scaled,7,1,fp7_e1m5,fp7_e2m4,5,4,4,63,81,exp1,3,10,2,2,0.00771555211,0.00713282963,-7,0x3bfcd2be,0.00771555211,0x3f800000,1,0x00000000,0,0x00000000,0,0000000,0,0,00000,0000000,0,0,0000,0x00000000,0,0x00000000,0,0x00000000,0
l2,0.0625,0,min-error,metric_min,exp2,0,1,1,0.00771555211,0.00713282963,0.00713282963,0.00771555211,0.000582722481,82,raw-and-scaled,7,1,fp7_e1m5,fp7_e2m4,5,4,4,63,82,exp1,3,10,2,2,0.00771555211,0.00713282963,-7,0x3bfcd2be,0.00771555211,0x3f800000,1,0x00000000,0,0x00000000,0,0000000,0,0,00000,0000000,0,0,0000,0x00000000,0,0x00000000,0,0x00000000,0
l2,0.0625,0,min-error,metric_min,exp2,0,1,1,0.00771555211,0.00713282963,0.00713282963,0.00771555211,0.000582722481,83,raw-and-scaled,7,1,fp7_e1m5,fp7_e2m4,5,4,4,63,83,exp1,3,10,2,2,0.00771555211,0.00713282963,-7,0x3bfcd2be,0.00771555211,0x3f800000,1,0x00000000,0,0x00000000,0,0000000,0,0,00000,0000000,0,0,0000,0x00000000,0,0x00000000,0,0x00000000,0
l2,0.0625,0,min-error,metric_min,exp2,0,1,1,0.00771555211,0.00713282963,0.00713282963,0.00771555211,0.000582722481,84,raw-and-scaled,7,1,fp7_e1m5,fp7_e2m4,5,4,4,63,84,exp1,3,10,2,2,0.00771555211,0.00713282963,-7,0x3bfcd2be,0.00771555211,0x3f800000,1,0x00000000,0,0x00000000,0,0000000,0,0,00000,0000000,0,0,0000,0x00000000,0,0x00000000,0,0x00000000,0
l2,0.0625,0,min-error,metric_min,exp2,0,1,1,0.00771555211,0.00713282963,0.00713282963,0.00771555211,0.000582722481,85,raw-and-scaled,7,1,fp7_e1m5,fp7_e2m4,5,4,4,63,85,exp1,3,10,2,2,0.00771555211,0.00713282963,-7,0x3bfcd2be,0.00771555211,0x3f800000,1,0x00000000,0,0x00000000,0,0000000,0,0,00000,0000000,0,0,0000,0x00000000,0,0x00000000,0,0x00000000,0
l2,0.0625,0,min-error,metric_min,exp2,0,1,1,0.00771555211,0.00713282963,0.00713282963,0.00771555211,0.000582722481,86,raw-and-scaled,7,1,fp7_e1m5,fp7_e2m4,5,4,4,63,86,exp1,3,10,2,2,0.00771555211,0.00713282963,-7,0x3bfcd2be,0.00771555211,0x3f800000,1,0x00000000,0,0x00000000,0,0000000,0,0,00000,0000000,0,0,0000,0x00000000,0,0x00000000,0,0x00000000,0
l2,0.0625,0,min-error,metric_min,exp2,0,1,1,0.00771555211,0.00713282963,0.00713282963,0.00771555211,0.000582722481,87,raw-and-scaled,7,1,fp7_e1m5,fp7_e2m4,5,4,4,63,87,exp1,3,10,2,2,0.00771555211,0.00713282963,-7,0x3bfcd2be,0.00771555211,0x3f800000,1,0x00000000,0,0x00000000,0,0000000,0,0,00000,0000000,0,0,0000,0x00000000,0,0x00000000,0,0x00000000,0
l2,0.0625,0,min-error,metric_min,exp2,0,1,1,0.00771555211,0.00713282963,0.00713282963,0.00771555211,0.000582722481,88,raw-and-scaled,7,1,fp7_e1m5,fp7_e2m4,5,4,4,63,88,exp1,3,10,2,2,0.00771555211,0.00713282963,-7,0x3bfcd2be,0.00771555211,0x3f800000,1,0x00000000,0,0x00000000,0,0000000,0,0,00000,0000000,0,0,0000,0x00000000,0,0x00000000,0,0x00000000,0
l2,0.0625,0,min-error,metric_min,exp2,0,1,1,0.00771555211,0.00713282963,0.00713282963,0.00771555211,0.000582722481,89,raw-and-scaled,7,1,fp7_e1m5,fp7_e2m4,5,4,4,63,89,exp1,3,10,2,2,0.00771555211,0.00713282963,-7,0x3bfcd2be,0.00771555211,0x3f800000,1,0x00000000,0,0x00000000,0,0000000,0,0,00000,0000000,0,0,0000,0x00000000,0,0x00000000,0,0x00000000,0
l2,0.0625,0,min-error,metric_min,exp2,0,1,1,0.00771555211,0.00713282963,0.00713282963,0.00771555211,0.000582722481,90,raw-and-scaled,7,1,fp7_e1m5,fp7_e2m4,5,4,4,63,90,exp1,3,10,2,2,0.00771555211,0.00713282963,-7,0x3bfcd2be,0.00771555211,0x3f800000,1,0x00000000,0,0x00000000,0,0000000,0,0,00000,0000000,0,0,0000,0x00000000,0,0x00000000,0,0x00000000,0
l2,0.0625,0,min-error,metric_min,exp2,0,1,1,0.00771555211,0.00713282963,0.00713282963,0.00771555211,0.000582722481,91,raw-and-scaled,7,1,fp7_e1m5,fp7_e2m4,5,4,4,63,91,exp1,3,10,2,2,0.00771555211,0.00713282963,-7,0x3bfcd2be,0.00771555211,0x3f800000,1,0x00000000,0,0x00000000,0,0000000,0,0,00000,0000000,0,0,0000,0x00000000,0,0x00000000,0,0x00000000,0
l2,0.0625,0,min-error,metric_min,exp2,0,1,1,0.00771555211,0.00713282963,0.00713282963,0.00771555211,0.000582722481,92,raw-and-scaled,7,1,fp7_e1m5,fp7_e2m4,5,4,4,63,92,exp1,3,10,2,2,0.00771555211,0.00713282963,-7,0x3bfcd2be,0.00771555211,0x3f800000,1,0xbddbb7ab,-0.107283913,0xbddbb7ab,-0.107283913,1000011,0,3,00011,1000110,0,6,0110,0xbc5dbd58,-0.0135339126,0xbc5dbd58,-0.0135339126,0x80000000,-0
l2,0.0625,0,min-error,metric_min,exp2,0,1,1,0.00771555211,0.00713282963,0.00713282963,0.00771555211,0.000582722481,93,raw-and-scaled,7,1,fp7_e1m5,fp7_e2m4,5,4,4,63,93,exp1,3,10,2,2,0.00771555211,0.00713282963,-7,0x3bfcd2be,0.00771555211,0x3f800000,1,0x00000000,0,0x00000000,0,0000000,0,0,00000,0000000,0,0,0000,0x00000000,0,0x00000000,0,0x00000000,0
l2,0.0625,0,min-error,metric_min,exp2,0,1,1,0.00771555211,0.00713282963,0.00713282963,0.00771555211,0.000582722481,94,raw-and-scaled,7,1,fp7_e1m5,fp7_e2m4,5,4,4,63,94,exp1,3,10,2,2,0.00771555211,0.00713282963,-7,0x3bfcd2be,0.00771555211,0x3f800000,1,0x00000000,0,0x00000000,0,0000000,0,0,00000,0000000,0,0,0000,0x00000000,0,0x00000000,0,0x00000000,0
l2,0.0625,0,min-error,metric_min,exp2,0,1,1,0.00771555211,0.00713282963,0.00713282963,0.00771555211,0.000582722481,95,raw-and-scaled,7,1,fp7_e1m5,fp7_e2m4,5,4,4,63,95,exp1,3,10,2,2,0.00771555211,0.00713282963,-7,0x3bfcd2be,0.00771555211,0x3f800000,1,0x3bc280bc,0.00593575649,0x3bc280bc,0.00593575649,0000000,0,0,00000,0000000,0,0,0000,0x3bc280bc,0.00593575649,0x3bc280bc,0.00593575649,0x00000000,0
l2,0.0625,0,min-error,metric_min,exp2,0,1,1,0.00771555211,0.00713282963,0.00713282963,0.00771555211,0.000582722481,96,raw-and-scaled,7,1,fp7_e1m5,fp7_e2m4,5,4,4,63,96,exp1,3,10,2,2,0.00771555211,0.00713282963,-7,0x3bfcd2be,0.00771555211,0x3f800000,1,0x00000000,0,0x00000000,0,0000000,0,0,00000,0000000,0,0,0000,0x00000000,0,0x00000000,0,0x00000000,0
l2,0.0625,0,min-error,metric_min,exp2,0,1,1,0.00771555211,0.00713282963,0.00713282963,0.00771555211,0.000582722481,97,raw-and-scaled,7,1,fp7_e1m5,fp7_e2m4,5,4,4,63,97,exp1,3,10,2,2,0.00771555211,0.00713282963,-7,0x3bfcd2be,0.00771555211,0x3f800000,1,0x3caa1e4a,0.0207663961,0x3caa1e4a,0.0207663961,0000000,0,0,00000,0000001,0,1,0001,0x3caa1e4a,0.0207663961,0x3ba87928,0.00514139608,0xbf800000,-1
l2,0.0625,0,min-error,metric_min,exp2,0,1,1,0.00771555211,0.00713282963,0.00713282963,0.00771555211,0.000582722481,98,raw-and-scaled,7,1,fp7_e1m5,fp7_e2m4,5,4,4,63,98,exp1,3,10,2,2,0.00771555211,0.00713282963,-7,0x3bfcd2be,0.00771555211,0x3f800000,1,0x00000000,0,0x00000000,0,0000000,0,0,00000,0000000,0,0,0000,0x00000000,0,0x00000000,0,0x00000000,0
l2,0.0625,0,min-error,metric_min,exp2,0,1,1,0.00771555211,0.00713282963,0.00713282963,0.00771555211,0.000582722481,99,raw-and-scaled,7,1,fp7_e1m5,fp7_e2m4,5,4,4,63,99,exp1,3,10,2,2,0.00771555211,0.00713282963,-7,0x3bfcd2be,0.00771555211,0x3f800000,1,0x00000000,0,0x00000000,0,0000000,0,0,00000,0000000,0,0,0000,0x00000000,0,0x00000000,0,0x00000000,0
l2,0.0625,0,min-error,metric_min,exp2,0,1,1,0.00771555211,0.00713282963,0.00713282963,0.00771555211,0.000582722481,100,raw-and-scaled,7,1,fp7_e1m5,fp7_e2m4,5,4,4,63,100,exp1,3,10,2,2,0.00771555211,0.00713282963,-7,0x3bfcd2be,0.00771555211,0x3f800000,1,0x00000000,0,0x00000000,0,0000000,0,0,00000,0000000,0,0,0000,0x00000000,0,0x00000000,0,0x00000000,0
l2,0.0625,0,min-error,metric_min,exp2,0,1,1,0.00771555211,0.00713282963,0.00713282963,0.00771555211,0.000582722481,101,raw-and-scaled,7,1,fp7_e1m5,fp7_e2m4,5,4,4,63,101,exp1,3,10,2,2,0.00771555211,0.00713282963,-7,0x3bfcd2be,0.00771555211,0x3f800000,1,0x00000000,0,0x00000000,0,0000000,0,0,00000,0000000,0,0,0000,0x00000000,0,0x00000000,0,0x00000000,0
l2,0.0625,0,min-error,metric_min,exp2,0,1,1,0.00771555211,0.00713282963,0.00713282963,0.00771555211,0.000582722481,102,raw-and-scaled,7,1,fp7_e1m5,fp7_e2m4,5,4,4,63,102,exp1,3,10,2,2,0.00771555211,0.00713282963,-7,0x3bfcd2be,0.00771555211,0x3f800000,1,0x00000000,0,0x00000000,0,0000000,0,0,00000,0000000,0,0,0000,0x00000000,0,0x00000000,0,0x00000000,0
l2,0.0625,0,min-error,metric_min,exp2,0,1,1,0.00771555211,0.00713282963,0.00713282963,0.00771555211,0.000582722481,103,raw-and-scaled,7,1,fp7_e1m5,fp7_e2m4,5,4,4,63,103,exp1,3,10,2,2,0.00771555211,0.00713282963,-7,0x3bfcd2be,0.00771555211,0x3f800000,1,0x00000000,0,0x00000000,0,0000000,0,0,00000,0000000,0,0,0000,0x00000000,0,0x00000000,0,0x00000000,0
l2,0.0625,0,min-error,metric_min,exp2,0,1,1,0.00771555211,0.00713282963,0.00713282963,0.00771555211,0.000582722481,104,raw-and-scaled,7,1,fp7_e1m5,fp7_e2m4,5,4,4,63,104,exp1,3,10,2,2,0.00771555211,0.00713282963,-7,0x3bfcd2be,0.00771555211,0x3f800000,1,0x00000000,0,0x00000000,0,0000000,0,0,00000,0000000,0,0,0000,0x00000000,0,0x00000000,0,0x00000000,0
l2,0.0625,0,min-error,metric_min,exp2,0,1,1,0.00771555211,0.00713282963,0.00713282963,0.00771555211,0.000582722481,105,raw-and-scaled,7,1,fp7_e1m5,fp7_e2m4,5,4,4,63,105,exp1,3,10,2,2,0.00771555211,0.00713282963,-7,0x3bfcd2be,0.00771555211,0x3f800000,1,0x00000000,0,0x00000000,0,0000000,0,0,00000,0000000,0,0,0000,0x00000000,0,0x00000000,0,0x00000000,0
l2,0.0625,0,min-error,metric_min,exp2,0,1,1,0.00771555211,0.00713282963,0.00713282963,0.00771555211,0.000582722481,106,raw-and-scaled,7,1,fp7_e1m5,fp7_e2m4,5,4,4,63,106,exp1,3,10,2,2,0.00771555211,0.00713282963,-7,0x3bfcd2be,0.00771555211,0x3f800000,1,0x00000000,0,0x00000000,0,0000000,0,0,00000,0000000,0,0,0000,0x00000000,0,0x00000000,0,0x00000000,0
l2,0.0625,0,min-error,metric_min,exp2,0,1,1,0.00771555211,0.00713282963,0.00713282963,0.00771555211,0.000582722481,107,raw-and-scaled,7,1,fp7_e1m5,fp7_e2m4,5,4,4,63,107,exp1,3,10,2,2,0.00771555211,0.00713282963,-7,0x3bfcd2be,0.00771555211,0x3f800000,1,0x00000000,0,0x00000000,0,0000000,0,0,00000,0000000,0,0,0000,0x00000000,0,0x00000000,0,0x00000000,0
l2,0.0625,0,min-error,metric_min,exp2,0,1,1,0.00771555211,0.00713282963,0.00713282963,0.00771555211,0.000582722481,108,raw-and-scaled,7,1,fp7_e1m5,fp7_e2m4,5,4,4,63,108,exp1,3,10,2,2,0.00771555211,0.00713282963,-7,0x3bfcd2be,0.00771555211,0x3f800000,1,0x3bf8fe61,0.0075986837,0x3bf8fe61,0.0075986837,0000000,0,0,00000,0000000,0,0,0000,0x3bf8fe61,0.0075986837,0x3bf8fe61,0.0075986837,0x00000000,0
l2,0.0625,0,min-error,metric_min,exp2,0,1,1,0.00771555211,0.00713282963,0.00713282963,0.00771555211,0.000582722481,109,raw-and-scaled,7,1,fp7_e1m5,fp7_e2m4,5,4,4,63,109,exp1,3,10,2,2,0.00771555211,0.00713282963,-7,0x3bfcd2be,0.00771555211,0x3f800000,1,0x00000000,0,0x00000000,0,0000000,0,0,00000,0000000,0,0,0000,0x00000000,0,0x00000000,0,0x00000000,0
l2,0.0625,0,min-error,metric_min,exp2,0,1,1,0.00771555211,0.00713282963,0.00713282963,0.00771555211,0.000582722481,110,raw-and-scaled,7,1,fp7_e1m5,fp7_e2m4,5,4,4,63,110,exp1,3,10,2,2,0.00771555211,0.00713282963,-7,0x3bfcd2be,0.00771555211,0x3f800000,1,0x00000000,0,0x00000000,0,0000000,0,0,00000,0000000,0,0,0000,0x00000000,0,0x00000000,0,0x00000000,0
l2,0.0625,0,min-error,metric_min,exp2,0,1,1,0.00771555211,0.00713282963,0.00713282963,0.00771555211,0.000582722481,111,raw-and-scaled,7,1,fp7_e1m5,fp7_e2m4,5,4,4,63,111,exp1,3,10,2,2,0.00771555211,0.00713282963,-7,0x3bfcd2be,0.00771555211,0x3f800000,1,0x00000000,0,0x00000000,0,0000000,0,0,00000,0000000,0,0,0000,0x00000000,0,0x00000000,0,0x00000000,0
l2,0.0625,0,min-error,metric_min,exp2,0,1,1,0.00771555211,0.00713282963,0.00713282963,0.00771555211,0.000582722481,112,raw-and-scaled,7,1,fp7_e1m5,fp7_e2m4,5,4,4,63,112,exp1,3,10,2,2,0.00771555211,0.00713282963,-7,0x3bfcd2be,0.00771555211,0x3f800000,1,0x00000000,0,0x00000000,0,0000000,0,0,00000,0000000,0,0,0000,0x00000000,0,0x00000000,0,0x00000000,0
l2,0.0625,0,min-error,metric_min,exp2,0,1,1,0.00771555211,0.00713282963,0.00713282963,0.00771555211,0.000582722481,113,raw-and-scaled,7,1,fp7_e1m5,fp7_e2m4,5,4,4,63,113,exp1,3,10,2,2,0.00771555211,0.00713282963,-7,0x3bfcd2be,0.00771555211,0x3f800000,1,0x00000000,0,0x00000000,0,0000000,0,0,00000,0000000,0,0,0000,0x00000000,0,0x00000000,0,0x00000000,0
l2,0.0625,0,min-error,metric_min,exp2,0,1,1,0.00771555211,0.00713282963,0.00713282963,0.00771555211,0.000582722481,114,raw-and-scaled,7,1,fp7_e1m5,fp7_e2m4,5,4,4,63,114,exp1,3,10,2,2,0.00771555211,0.00713282963,-7,0x3bfcd2be,0.00771555211,0x3f800000,1,0x00000000,0,0x00000000,0,0000000,0,0,00000,0000000,0,0,0000,0x00000000,0,0x00000000,0,0x00000000,0
l2,0.0625,0,min-error,metric_min,exp2,0,1,1,0.00771555211,0.00713282963,0.00713282963,0.00771555211,0.000582722481,115,raw-and-scaled,7,1,fp7_e1m5,fp7_e2m4,5,4,4,63,115,exp1,3,10,2,2,0.00771555211,0.00713282963,-7,0x3bfcd2be,0.00771555211,0x3f800000,1,0x00000000,0,0x00000000,0,0000000,0,0,00000,0000000,0,0,0000,0x00000000,0,0x00000000,0,0x00000000,0
l2,0.0625,0,min-error,metric_min,exp2,0,1,1,0.00771555211,0.00713282963,0.00713282963,0.00771555211,0.000582722481,116,raw-and-scaled,7,1,fp7_e1m5,fp7_e2m4,5,4,4,63,116,exp1,3,10,2,2,0.00771555211,0.00713282963,-7,0x3bfcd2be,0.00771555211,0x3f800000,1,0x00000000,0,0x00000000,0,0000000,0,0,00000,0000000,0,0,0000,0x00000000,0,0x00000000,0,0x00000000,0
l2,0.0625,0,min-error,metric_min,exp2,0,1,1,0.00771555211,0.00713282963,0.00713282963,0.00771555211,0.000582722481,117,raw-and-scaled,7,1,fp7_e1m5,fp7_e2m4,5,4,4,63,117,exp1,3,10,2,2,0.00771555211,0.00713282963,-7,0x3bfcd2be,0.00771555211,0x3f800000,1,0x00000000,0,0x00000000,0,0000000,0,0,00000,0000000,0,0,0000,0x00000000,0,0x00000000,0,0x00000000,0
l2,0.0625,0,min-error,metric_min,exp2,0,1,1,0.00771555211,0.00713282963,0.00713282963,0.00771555211,0.000582722481,118,raw-and-scaled,7,1,fp7_e1m5,fp7_e2m4,5,4,4,63,118,exp1,3,10,2,2,0.00771555211,0.00713282963,-7,0x3bfcd2be,0.00771555211,0x3f800000,1,0x3db772a4,0.0895741284,0x3db772a4,0.0895741284,0000010,0,2,00010,0000101,0,5,0101,0x3cddca90,0.0270741284,0x3c3b9520,0.0114491284,0xbf800000,-1
l2,0.0625,0,min-error,metric_min,exp2,0,1,1,0.00771555211,0.00713282963,0.00713282963,0.00771555211,0.000582722481,119,raw-and-scaled,7,1,fp7_e1m5,fp7_e2m4,5,4,4,63,119,exp1,3,10,2,2,0.00771555211,0.00713282963,-7,0x3bfcd2be,0.00771555211,0x3f800000,1,0x00000000,0,0x00000000,0,0000000,0,0,00000,0000000,0,0,0000,0x00000000,0,0x00000000,0,0x00000000,0
l2,0.0625,0,min-error,metric_min,exp2,0,1,1,0.00771555211,0.00713282963,0.00713282963,0.00771555211,0.000582722481,120,raw-and-scaled,7,1,fp7_e1m5,fp7_e2m4,5,4,4,63,120,exp1,3,10,2,2,0.00771555211,0.00713282963,-7,0x3bfcd2be,0.00771555211,0x3f800000,1,0x3d354af7,0.0442609452,0x3d354af7,0.0442609452,0000001,0,1,00001,0000010,0,2,0010,0x3c552bdc,0.0130109452,0x3c552bdc,0.0130109452,0x80000000,-0
l2,0.0625,0,min-error,metric_min,exp2,0,1,1,0.00771555211,0.00713282963,0.00713282963,0.00771555211,0.000582722481,121,raw-and-scaled,7,1,fp7_e1m5,fp7_e2m4,5,4,4,63,121,exp1,3,10,2,2,0.00771555211,0.00713282963,-7,0x3bfcd2be,0.00771555211,0x3f800000,1,0x00000000,0,0x00000000,0,0000000,0,0,00000,0000000,0,0,0000,0x00000000,0,0x00000000,0,0x00000000,0
l2,0.0625,0,min-error,metric_min,exp2,0,1,1,0.00771555211,0.00713282963,0.00713282963,0.00771555211,0.000582722481,122,raw-and-scaled,7,1,fp7_e1m5,fp7_e2m4,5,4,4,63,122,exp1,3,10,2,2,0.00771555211,0.00713282963,-7,0x3bfcd2be,0.00771555211,0x3f800000,1,0x00000000,0,0x00000000,0,0000000,0,0,00000,0000000,0,0,0000,0x00000000,0,0x00000000,0,0x00000000,0
l2,0.0625,0,min-error,metric_min,exp2,0,1,1,0.00771555211,0.00713282963,0.00713282963,0.00771555211,0.000582722481,123,raw-and-scaled,7,1,fp7_e1m5,fp7_e2m4,5,4,4,63,123,exp1,3,10,2,2,0.00771555211,0.00713282963,-7,0x3bfcd2be,0.00771555211,0x3f800000,1,0x00000000,0,0x00000000,0,0000000,0,0,00000,0000000,0,0,0000,0x00000000,0,0x00000000,0,0x00000000,0
l2,0.0625,0,min-error,metric_min,exp2,0,1,1,0.00771555211,0.00713282963,0.00713282963,0.00771555211,0.000582722481,124,raw-and-scaled,7,1,fp7_e1m5,fp7_e2m4,5,4,4,63,124,exp1,3,10,2,2,0.00771555211,0.00713282963,-7,0x3bfcd2be,0.00771555211,0x3f800000,1,0x00000000,0,0x00000000,0,0000000,0,0,00000,0000000,0,0,0000,0x00000000,0,0x00000000,0,0x00000000,0
l2,0.0625,0,min-error,metric_min,exp2,0,1,1,0.00771555211,0.00713282963,0.00713282963,0.00771555211,0.000582722481,125,raw-and-scaled,7,1,fp7_e1m5,fp7_e2m4,5,4,4,63,125,exp1,3,10,2,2,0.00771555211,0.00713282963,-7,0x3bfcd2be,0.00771555211,0x3f800000,1,0x00000000,0,0x00000000,0,0000000,0,0,00000,0000000,0,0,0000,0x00000000,0,0x00000000,0,0x00000000,0
l2,0.0625,0,min-error,metric_min,exp2,0,1,1,0.00771555211,0.00713282963,0.00713282963,0.00771555211,0.000582722481,126,raw-and-scaled,7,1,fp7_e1m5,fp7_e2m4,5,4,4,63,126,exp1,3,10,2,2,0.00771555211,0.00713282963,-7,0x3bfcd2be,0.00771555211,0x3f800000,1,0x00000000,0,0x00000000,0,0000000,0,0,00000,0000000,0,0,0000,0x00000000,0,0x00000000,0,0x00000000,0
l2,0.0625,0,min-error,metric_min,exp2,0,1,1,0.00771555211,0.00713282963,0.00713282963,0.00771555211,0.000582722481,127,raw-and-scaled,7,1,fp7_e1m5,fp7_e2m4,5,4,4,63,127,exp1,3,10,2,2,0.00771555211,0.00713282963,-7,0x3bfcd2be,0.00771555211,0x3f800000,1,0x00000000,0,0x00000000,0,0000000,0,0,00000,0000000,0,0,0000,0x00000000,0,0x00000000,0,0x00000000,0
l2,0.0625,0,min-error,metric_min,exp2,0,1,1,0.0319837593,0.0278442763,0.0278442763,0.0319837593,0.00413948298,0,raw-and-scaled,7,1,fp7_e1m5,fp7_e2m4,5,4,4,68,0,exp1,10,37,9,9,0.0319837593,0.0278442763,-27,0x3d030167,0.0319837593,0x3f800000,1,0x3d008080,0.0313725471,0x3d008080,0.0313725471,0000001,0,1,00001,0000010,0,2,0010,0x39008000,0.00012254715,0x39008000,0.00012254715,0x80000000,-0
l2,0.0625,0,min-error,metric_min,exp2,0,1,1,0.0319837593,0.0278442763,0.0278442763,0.0319837593,0.00413948298,1,raw-and-scaled,7,1,fp7_e1m5,fp7_e2m4,5,4,4,68,1,exp1,10,37,9,9,0.0319837593,0.0278442763,-27,0x3d030167,0.0319837593,0x3f800000,1,0xbc00c040,-0.00785833597,0xbc00c040,-0.00785833597,1000000,0,0,00000,1000000,0,0,0000,0xbc00c040,-0.00785833597,0xbc00c040,-0.00785833597,0x00000000,0
l2,0.0625,0,min-error,metric_min,exp2,0,1,1,0.0319837593,0.0278442763,0.0278442763,0.0319837593,0.00413948298,2,raw-and-scaled,7,1,fp7_e1m5,fp7_e2m4,5,4,4,68,2,exp1,10,37,9,9,0.0319837593,0.0278442763,-27,0x3d030167,0.0319837593,0x3f800000,1,0xbb84ff00,-0.00405871868,0xbb84ff00,-0.00405871868,1000000,0,0,00000,1000000,0,0,0000,0xbb84ff00,-0.00405871868,0xbb84ff00,-0.00405871868,0x00000000,0
l2,0.0625,0,min-error,metric_min,exp2,0,1,1,0.0319837593,0.0278442763,0.0278442763,0.0319837593,0.00413948298,3,raw-and-scaled,7,1,fp7_e1m5,fp7_e2m4,5,4,4,68,3,exp1,10,37,9,9,0.0319837593,0.0278442763,-27,0x3d030167,0.0319837593,0x3f800000,1,0x3d9c0400,0.0761795044,0x3d9c0400,0.0761795044,0000010,0,2,00010,0000100,0,4,0100,0x3c602000,0.0136795044,0x3c602000,0.0136795044,0x80000000,-0
l2,0.0625,0,min-error,metric_min,exp2,0,1,1,0.0319837593,0.0278442763,0.0278442763,0.0319837593,0.00413948298,4,raw-and-scaled,7,1,fp7_e1m5,fp7_e2m4,5,4,4,68,4,exp1,10,37,9,9,0.0319837593,0.0278442763,-27,0x3d030167,0.0319837593,0x3f800000,1,0x3b090100,0.00209051371,0x3b090100,0.00209051371,0000000,0,0,00000,0000000,0,0,0000,0x3b090100,0.00209051371,0x3b090100,0.00209051371,0x00000000,0
l2,0.0625,0,min-error,metric_min,exp2,0,1,1,0.0319837593,0.0278442763,0.0278442763,0.0319837593,0.00413948298,5,raw-and-scaled,7,1,fp7_e1m5,fp7_e2m4,5,4,4,68,5,exp1,10,37,9,9,0.0319837593,0.0278442763,-27,0x3d030167,0.0319837593,0x3f800000,1,0x3f2bfc00,0.671813965,0x3f2bfc00,0.671813965,0010101,0,21,10101,0100101,2,5,0101,0x3c7f0000,0.0155639648,0x3c7f0000,0.0155639648,0x00000000,0
l2,0.0625,0,min-error,metric_min,exp2,0,1,1,0.0319837593,0.0278442763,0.0278442763,0.0319837593,0.00413948298,6,raw-and-scaled,7,1,fp7_e1m5,fp7_e2m4,5,4,4,68,6,exp1,10,37,9,9,0.0319837593,0.0278442763,-27,0x3d030167,0.0319837593,0x3f800000,1,0x3b867f80,0.00410455465,0x3b867f80,0.00410455465,0000000,0,0,00000,0000000,0,0,0000,0x3b867f80,0.00410455465,0x3b867f80,0.00410455465,0x00000000,0
l2,0.0625,0,min-error,metric_min,exp2,0,1,1,0.0319837593,0.0278442763,0.0278442763,0.0319837593,0.00413948298,7,raw-and-scaled,7,1,fp7_e1m5,fp7_e2m4,5,4,4,68,7,exp1,10,37,9,9,0.0319837593,0.0278442763,-27,0x3d030167,0.0319837593,0x3f800000,1,0x3e83bfc0,0.257322311,0x3e83bfc0,0.257322311,0001000,0,8,01000,0010000,1,0,0000,0x3beff000,0.0073223114,0x3beff000,0.0073223114,0x80000000,-0
l2,0.0625,0,min-error,metric_min,exp2,0,1,1,0.0319837593,0.0278442763,0.0278442763,0.0319837593,0.00413948298,8,raw-and-scaled,7,1,fp7_e1m5,fp7_e2m4,5,4,4,68,8,exp1,10,37,9,9,0.0319837593,0.0278442763,-27,0x3d030167,0.0319837593,0x3f800000,1,0xbc10ff00,-0.00884985924,0xbc10ff00,-0.00884985924,1000000,0,0,00000,1000000,0,0,0000,0xbc10ff00,-0.00884985924,0xbc10ff00,-0.00884985924,0x00000000,0
l2,0.0625,0,min-error,metric_min,exp2,0,1,1,0.0319837593,0.0278442763,0.0278442763,0.0319837593,0.00413948298,9,raw-and-scaled,7,1,fp7_e1m5,fp7_e2m4,5,4,4,68,9,exp1,10,37,9,9,0.0319837593,0.0278442763,-27,0x3d030167,0.0319837593,0x3f800000,1,0xbfcc0400,-1.59387207,0xbfcc0400,-1.59387207,1110011,1,19,10011,1111001,3,9,1001,0xb9000000,-0.000122070312,0xbd008000,-0.0313720703,0x3f800000,1
l2,0.0625,0,min-error,metric_min,exp2,0,1,1,0.0319837593,0.0278442763,0.0278442763,0.0319837593,0.00413948298,10,raw-and-scaled,7,1,fp7_e1m5,fp7_e2m4,5,4,4,68,10,exp1,10,37,9,9,0.0319837593,0.0278442763,-27,0x3d030167,0.0319837593,0x3f800000,1,0x3f2a0200,0.664093018,0x3f2a0200,0.664093018,0010101,0,21,10101,0100101,2,5,0101,0x3c008000,0.00784301758,0x3c008000,0.00784301758,0x00000000,0
l2,0.0625,0,min-error,metric_min,exp2,0,1,1,0.0319837593,0.0278442763,0.0278442763,0.0319837593,0.00413948298,11,raw-and-scaled,7,1,fp7_e1m5,fp7_e2m4,5,4,4,68,11,exp1,10,37,9,9,0.0319837593,0.0278442763,-27,0x3d030167,0.0319837593,0x3f800000,1,0x3f85bfc0,1.04491425,0x3f85bfc0,1.04491425,0100001,1,1,00001,0110000,3,0,0000,0x3c5fe000,0.0136642456,0x3d37f800,0.0449142456,0x3f800000,1
l2,0.0625,0,min-error,metric_min,exp2,0,1,1,0.0319837593,0.0278442763,0.0278442763,0.0319837593,0.00413948298,12,raw-and-scaled,7,1,fp7_e1m5,fp7_e2m4,5,4,4,68,12,exp1,10,37,9,9,0.0319837593,0.0278442763,-27,0x3d030167,0.0319837593,0x3f800000,1,0xbd640400,-0.0556678772,0xbd640400,-0.0556678772,1000001,0,1,00001,1000011,0,3,0011,0xbcc80800,-0.0244178772,0xbc101000,-0.0087928772,0xbf800000,-1
l2,0.0625,0,min-error,metric_min,exp2,0,1,1,0.0319837593,0.0278442763,0.0278442763,0.0319837593,0.00413948298,13,raw-and-scaled,7,1,fp7_e1m5,fp7_e2m4,5,4,4,68,13,exp1,10,37,9,9,0.0319837593,0.0278442763,-27,0x3d030167,0.0319837593,0x3f800000,1,0x3aebfc00,0.0018004179,0x3aebfc00,0.0018004179,0000000,0,0,00000,0000000,0,0,0000,0x3aebfc00,0.0018004179,0x3aebfc00,0.0018004179,0x00000000,0
l2,0.0625,0,min-error,metric_min,exp2,0,1,1,0.0319837593,0.0278442763,0.0278442763,0.0319837593,0.00413948298,14,raw-and-scaled,7,1,fp7_e1m5,fp7_e2m4,5,4,4,68,14,exp1,10,37,9,9,0.0319837593,0.0278442763,-27,0x3d030167,0.0319837593,0x3f800000,1,0x3c740400,0.0148935318,0x3c740400,0.0148935318,0000000,0,0,00000,0000000,0,0,0000,0x3c740400,0.0148935318,0x3c740400,0.0148935318,0x00000000,0
l2,0.0625,0,min-error,metric_min,exp2,0,1,1,0.0319837593,0.0278442763,0.0278442763,0.0319837593,0.00413948298,15,raw-and-scaled,7,1,fp7_e1m5,fp7_e2m4,5,4,4,68,15,exp1,10,37,9,9,0.0319837593,0.0278442763,-27,0x3d030167,0.0319837593,0x3f800000,1,0xbaf7f800,-0.00189185143,0xbaf7f800,-0.00189185143,1000000,0,0,00000,1000000,0,0,0000,0xbaf7f800,-0.00189185143,0xbaf7f800,-0.00189185143,0x00000000,0
l2,0.0625,0,min-error,metric_min,exp2,0,1,1,0.0319837593,0.0278442763,0.0278442763,0.0319837593,0.00413948298,16,raw-and-scaled,7,1,fp7_e1m5,fp7_e2m4,5,4,4,68,16,exp1,10,37,9,9,0.0319837593,0.0278442763,-27,0x3d030167,0.0319837593,0x3f800000,1,0xbd040400,-0.0322303772,0xbd040400,-0.0322303772,1000001,0,1,00001,1000010,0,2,0010,0xba808000,-0.000980377197,0xba808000,-0.000980377197,0x80000000,-0
l2,0.0625,0,min-error,metric_min,exp2,0,1,1,0.0319837593,0.0278442763,0.0278442763,0.0319837593,0.00413948298,17,raw-and-scaled,7,1,fp7_e1m5,fp7_e2m4,5,4,4,68,17,exp1,10,37,9,9,0.0319837593,0.0278442763,-27,0x3d030167,0.0319837593,0x3f800000,1,0x3d45fe00,0.0483379364,0x3d45fe00,0.0483379364,0000001,0,1,00001,0000011,0,3,0011,0x3c8bfc00,0.0170879364,0x3abfc000,0.0014629364,0xbf800000,-1
l2,0.0625,0,min-error,metric_min,exp2,0,1,1,0.0319837593,0.0278442763,0.0278442763,0.0319837593,0.00413948298,18,raw-and-scaled,7,1,fp7_e1m5,fp7_e2m4,5,4,4,68,18,exp1,10,37,9,9,0.0319837593,0.0278442763,-27,0x3d030167,0.0319837593,0x3f800000,1,0x3f928080,1.14454651,0x3f928080,1.14454651,0100100,1,4,00100,0110010,3,2,0010,0x3ca02000,0.0195465088,0x3ca02000,0.0195465088,0x00000000,0
l2,0.0625,0,min-error,metric_min,exp2,0,1,1,0.0319837593,0.0278442763,0.0278442763,0.0319837593,0.00413948298,19,raw-and-scaled,7,1,fp7_e1m5,fp7_e2m4,5,4,4,68,19,exp1,10,37,9,9,0.0319837593,0.0278442763,-27,0x3d030167,0.0319837593,0x3f800000,1,0x3f9c0400,1.21887207,0x3f9c0400,1.21887207,0100111,1,7,00111,0110011,3,3,0011,0x39000000,0.000122070312,0x3d008000,0.0313720703,0x3f800000,1
l2,0.0625,0,min-error,metric_min,exp2,0,1,1,0.0319837593,0.0278442763,0.0278442763,0.0319837593,0.00413948298,20,raw-and-scaled,7,1,fp7_e1m5,fp7_e2m4,5,4,4,68,20,exp1,10,37,9,9,0.0319837593,0.0278442763,-27,0x3d030167,0.0319837593,0x3f800000,1,0xbb28ff00,-0.00257867575,0xbb28ff00,-0.00257867575,1000000,0,0,00000,1000000,0,0,0000,0xbb28ff00,-0.00257867575,0xbb28ff00,-0.00257867575,0x00000000,0
l2,0.0625,0,min-error,metric_min,exp2,0,1,1,0.0319837593,0.0278442763,0.0278442763,0.0319837593,0.00413948298,21,raw-and-scaled,7,1,fp7_e1m5,fp7_e2m4,5,4,4,68,21,exp1,10,37,9,9,0.0319837593,0.0278442763,-27,0x3d030167,0.0319837593,0x3f800000,1,0xbd57f800,-0.0527267456,0xbd57f800,-0.0527267456,1000001,0,1,00001,1000011,0,3,0011,0xbcaff000,-0.0214767456,0xbbbfc000,-0.00585174561,0xbf800000,-1
l2,0.0625,0,min-error,metric_min,exp2,0,1,1,0.0319837593,0.0278442763,0.0278442763,0.0319837593,0.00413948298,22,raw-and-scaled,7,1,fp7_e1m5,fp7_e2m4,5,4,4,68,22,exp1,10,37,9,9,0.0319837593,0.0278442763,-27,0x3d030167,0.0319837593,0x3f800000,1,0xbb8b3fc0,-0.00424954295,0xbb8b3fc0,-0.00424954295,1000000,0,0,00000,1000000,0,0,0000,0xbb8b3fc0,-0.00424954295,0xbb8b3fc0,-0.00424954295,0x00000000,0
l2,0.0625,0,min-error,metric_min,exp2,0,1,1,0.0319837593,0.0278442763,0.0278442763,0.0319837593,0.00413948298,23,raw-and-scaled,7,1,fp7_e1m5,fp7_e2m4,5,4,4,68,23,exp1,10,37,9,9,0.0319837593,0.0278442763,-27,0x3d030167,0.0319837593,0x3f800000,1,0xbf0bc040,-0.545902252,0xbf0bc040,-0.545902252,1010001,0,17,10001,1100001,2,1,0001,0xbc701000,-0.0146522522,0xbc701000,-0.0146522522,0x00000000,0
l2,0.0625,0,min-error,metric_min,exp2,0,1,1,0.0319837593,0.0278442763,0.0278442763,0.0319837593,0.00413948298,24,raw-and-scaled,7,1,fp7_e1m5,fp7_e2m4,5,4,4,68,24,exp1,10,37,9,9,0.0319837593,0.0278442763,-27,0x3d030167,0.0319837593,0x3f800000,1,0x3cc3fc00,0.0239238739,0x3cc3fc00,0.0239238739,0000000,0,0,00000,0000001,0,1,0001,0x3cc3fc00,0.0239238739,0x3c07f800,0.0082988739,0xbf800000,-1
l2,0.0625,0,min-error,metric_min,exp2,0,1,1,0.0319837593,0.0278442763,0.0278442763,0.0319837593,0.00413948298,25,raw-and-scaled,7,1,fp7_e1m5,fp7_e2m4,5,4,4,68,25,exp1,10,37,9,9,0.0319837593,0.0278442763,-27,0x3d030167,0.0319837593,0x3f800000,1,0xbc997f80,-0.0187375546,0xbc997f80,-0.0187375546,1000000,0,0,00000,1000001,0,1,0001,0xbc997f80,-0.0187375546,0xbb4bfc00,-0.00311255455,0xbf800000,-1
l2,0.0625,0,min-error,metric_min,exp2,0,1,1,0.0319837593,0.0278442763,0.0278442763,0.0319837593,0.00413948298,26,raw-and-scaled,7,1,fp7_e1m5,fp7_e2m4,5,4,4,68,26,exp1,10,37,9,9,0.0319837593,0.0278442763,-27,0x3d030167,0.0319837593,0x3f800000,1,0x3ba80800,0.0051279068,0x3ba80800,0.0051279068,0000000,0,0,00000,0000000,0,0,0000,0x3ba80800,0.0051279068,0x3ba80800,0.0051279068,0x00000000,0
l2,0.0625,0,min-error,metric_min,exp2,0,1,1,0.0319837593,0.0278442763,0.0278442763,0.0319837593,0.00413948298,27,raw-and-scaled,7,1,fp7_e1m5,fp7_e2m4,5,4,4,68,27,exp1,10,37,9,9,0.0319837593,0.0278442763,-27,0x3d030167,0.0319837593,0x3f800000,1,0xbf370100,-0.714859009,0xbf370100,-0.714859009,1010110,0,22,10110,1100110,2,6,0110,0xbce02000,-0.0273590088,0xbce02000,-0.0273590088,0x00000000,0
l2,0.0625,0,min-error,metric_min,exp2,0,1,1,0.0319837593,0.0278442763,0.0278442763,0.0319837593,0.00413948298,28,raw-and-scaled,7,1,fp7_e1m5,fp7_e2m4,5,4,4,68,28,exp1,10,37,9,9,0.0319837593,0.0278442763,-27,0x3d030167,0.0319837593,0x3f800000,1,0x3db90100,0.0903339386,0x3db90100,0.0903339386,0000010,0,2,00010,0000101,0,5,0101,0x3ce40400,0.0278339386,0x3c480800,0.0122089386,0xbf800000,-1
l2,0.0625,0,min-error,metric_min,exp2,0,1,1,0.0319837593,0.0278442763,0.0278442763,0.0319837593,0.00413948298,29,raw-and-scaled,7,1,fp7_e1m5,fp7_e2m4,5,4,4,68,29,exp1,10,37,9,9,0.0319837593,0.0278442763,-27,0x3d030167,0.0319837593,0x3f800000,1,0x3ad7f800,0.0016477108,0x3ad7f800,0.0016477108,0000000,0,0,00000,0000000,0,0,0000,0x3ad7f800,0.0016477108,0x3ad7f800,0.0016477108,0x00000000,0
l2,0.0625,0,min-error,metric_min,exp2,0,1,1,0.0319837593,0.0278442763,0.0278442763,0.0319837593,0.00413948298,30,raw-and-scaled,7,1,fp7_e1m5,fp7_e2m4,5,4,4,68,30,exp1,10,37,9,9,0.0319837593,0.0278442763,-27,0x3d030167,0.0319837593,0x3f800000,1,0xbb1e8080,-0.00241854787,0xbb1e8080,-0.00241854787,1000000,0,0,00000,1000000,0,0,0000,0xbb1e8080,-0.00241854787,0xbb1e8080,-0.00241854787,0x00000000,0
l2,0.0625,0,min-error,metric_min,exp2,0,1,1,0.0319837593,0.0278442763,0.0278442763,0.0319837593,0.00413948298,31,raw-and-scaled,7,1,fp7_e1m5,fp7_e2m4,5,4,4,68,31,exp1,10,37,9,9,0.0319837593,0.0278442763,-27,0x3d030167,0.0319837593,0x3f800000,1,0x3d9f7f80,0.0778799057,0x3d9f7f80,0.0778799057,0000010,0,2,00010,0000100,0,4,0100,0x3c7bfc00,0.0153799057,0x3c7bfc00,0.0153799057,0x80000000,-0
l2,0.0625,0,min-error,metric_min,exp2,0,1,1,0.0319837593,0.0278442763,0.0278442763,0.0319837593,0.00413948298,32,raw-and-scaled,7,1,fp7_e1m5,fp7_e2m4,5,4,4,68,32,exp1,10,37,9,9,0.0319837593,0.0278442763,-27,0x3d030167,0.0319837593,0x3f800000,1,0x3d080800,0.0332107544,0x3d080800,0.0332107544,0000001,0,1,00001,0000010,0,2,0010,0x3b008000,0.00196075439,0x3b008000,0.00196075439,0x80000000,-0
l2,0.0625,0,min-error,metric_min,exp2,0,1,1,0.0319837593,0.0278442763,0.0278442763,0.0319837593,0.00413948298,33,raw-and-scaled,7,1,fp7_e1m5,fp7_e2m4,5,4,4,68,33,exp1,10,37,9,9,0.0319837593,0.0278442763,-27,0x3d030167,0.0319837593,0x3f800000,1,0xbca18080,-0.0197145939,0xbca18080,-0.0197145939,1000000,0,0,00000,1000001,0,1,0001,0xbca18080,-0.0197145939,0xbb860200,-0.00408959389,0xbf800000,-1
l2,0.0625,0,min-error,metric_min,exp2,0,1,1,0.0319837593,0.0278442763,0.0278442763,0.0319837593,0.00413948298,34,raw-and-scaled,7,1,fp7_e1m5,fp7_e2m4,5,4,4,68,34,exp1,10,37,9,9,0.0319837593,0.0278442763,-27,0x3d030167,0.0319837593,0x3f800000,1,0xbc8a0200,-0.0168466568,0xbc8a0200,-0.0168466568,1000000,0,0,00000,1000001,0,1,0001,0xbc8a0200,-0.0168466568,0xbaa02000,-0.0012216568,0xbf800000,-1
l2,0.0625,0,min-error,metric_min,exp2,0,1,1,0.0319837593,0.0278442763,0.0278442763,0.0319837593,0.00413948298,35,raw-and-scaled,7,1,fp7_e1m5,fp7_e2m4,5,4,4,68,35,exp1,10,37,9,9,0.0319837593,0.0278442763,-27,0x3d030167,0.0319837593,0x3f800000,1,0x3b380800,0.00280809402,0x3b380800,0.00280809402,0000000,0,0,00000,0000000,0,0,0000,0x3b380800,0.00280809402,0x3b380800,0.00280809402,0x00000000,0
l2,0.0625,0,min-error,metric_min,exp2,0,1,1,0.0319837593,0.0278442763,0.0278442763,0.0319837593,0.00413948298,36,raw-and-scaled,7,1,fp7_e1m5,fp7_e2m4,5,4,4,68,36,exp1,10,37,9,9,0.0319837593,0.0278442763,-27,0x3d030167,0.0319837593,0x3f800000,1,0xbc124040,-0.00892645121,0xbc124040,-0.00892645121,1000000,0,0,00000,1000000,0,0,0000,0xbc124040,-0.00892645121,0xbc124040,-0.00892645121,0x00000000,0
l2,0.0625,0,min-error,metric_min,exp2,0,1,1,0.0319837593,0.0278442763,0.0278442763,0.0319837593,0.00413948298,37,raw-and-scaled,7,1,fp7_e1m5,fp7_e2m4,5,4,4,68,37,exp1,10,37,9,9,0.0319837593,0.0278442763,-27,0x3d030167,0.0319837593,0x3f800000,1,0xbb57f800,-0.0032954216,0xbb57f800,-0.0032954216,1000000,0,0,00000,1000000,0,0,0000,0xbb57f800,-0.0032954216,0xbb57f800,-0.0032954216,0x00000000,0
l2,0.0625,0,min-error,metric_min,exp2,0,1,1,0.0319837593,0.0278442763,0.0278442763,0.0319837593,0.00413948298,38,raw-and-scaled,7,1,fp7_e1m5,fp7_e2m4,5,4,4,68,38,exp1,10,37,9,9,0.0319837593,0.0278442763,-27,0x3d030167,0.0319837593,0x3f800000,1,0x3da68080,0.0812997818,0x3da68080,0.0812997818,0000010,0,2,00010,0000101,0,5,0101,0x3c9a0200,0.0187997818,0x3b501000,0.0031747818,0xbf800000,-1
l2,0.0625,0,min-error,metric_min,exp2,0,1,1,0.0319837593,0.0278442763,0.0278442763,0.0319837593,0.00413948298,39,raw-and-scaled,7,1,fp7_e1m5,fp7_e2m4,5,4,4,68,39,exp1,10,37,9,9,0.0319837593,0.0278442763,-27,0x3d030167,0.0319837593,0x3f800000,1,0xbb13c040,-0.00225450099,0xbb13c040,-0.00225450099,1000000,0,0,00000,1000000,0,0,0000,0xbb13c040,-0.00225450099,0xbb13c040,-0.00225450099,0x00000000,0
l2,0.0625,0,min-error,metric_min,exp2,0,1,1,0.0319837593,0.0278442763,0.0278442763,0.0319837593,0.00413948298,40,raw-and-scaled,7,1,fp7_e1m5,fp7_e2m4,5,4,4,68,40,exp1,10,37,9,9,0.0319837593,0.0278442763,-27,0x3d030167,0.0319837593,0x3f800000,1,0x3cd0ff00,0.0255122185,0x3cd0ff00,0.0255122185,0000000,0,0,00000,0000001,0,1,0001,0x3cd0ff00,0.0255122185,0x3c21fe00,0.00988721848,0xbf800000,-1
l2,0.0625,0,min-error,metric_min,exp2,0,1,1,0.0319837593,0.0278442763,0.0278442763,0.0319837593,0.00413948298,41,raw-and-scaled,7,1,fp7_e1m5,fp7_e2m4,5,4,4,68,41,exp1,10,37,9,9,0.0319837593,0.0278442763,-27,0x3d030167,0.0319837593,0x3f800000,1,0x3c94bfc0,0.0181578398,0x3c94bfc0,0.0181578398,0000000,0,0,00000,0000001,0,1,0001,0x3c94bfc0,0.0181578398,0x3b25fe00,0.00253283978,0xbf800000,-1
l2,0.0625,0,min-error,metric_min,exp2,0,1,1,0.0319837593,0.0278442763,0.0278442763,0.0319837593,0.00413948298,42,raw-and-scaled,7,1,fp7_e1m5,fp7_e2m4,5,4,4,68,42,exp1,10,37,9,9,0.0319837593,0.0278442763,-27,0x3d030167,0.0319837593,0x3f800000,1,0x3ea9fe00,0.332015991,0x3ea9fe00,0.332015991,0001010,0,10,01010,0010101,1,5,0101,0x3c9fe000,0.0195159912,0x3b7f0000,0.00389099121,0xbf800000,-1
l2,0.0625,0,min-error,metric_min,exp2,0,1,1,0.0319837593,0.0278442763,0.0278442763,0.0319837593,0.00413948298,43,raw-and-scaled,7,1,fp7_e1m5,fp7_e2m4,5,4,4,68,43,exp1,10,37,9,9,0.0319837593,0.0278442763,-27,0x3d030167,0.0319837593,0x3f800000,1,0x3aae0200,0.00132757425,0x3aae0200,0.00132757425,0000000,0,0,00000,0000000,0,0,0000,0x3aae0200,0.00132757425,0x3aae0200,0.00132757425,0x00000000,0
l2,0.0625,0,min-error,metric_min,exp2,0,1,1,0.0319837593,0.0278442763,0.0278442763,0.0319837593,0.00413948298,44,raw-and-scaled,7,1,fp7_e1m5,fp7_e2m4,5,4,4,68,44,exp1,10,37,9,9,0.0319837593,0.0278442763,-27,0x3d030167,0.0319837593,0x3f800000,1,0x3f964040,1.17383575,0x3f964040,1.17383575,0100101,1,5,00101,0110010,3,2,0010,0x3c901000,0.0175857544,0x3d480800,0.0488357544,0x3f800000,1
l2,0.0625,0,min-error,metric_min,exp2,0,1,1,0.0319837593,0.0278442763,0.0278442763,0.0319837593,0.00413948298,45,raw-and-scaled,7,1,fp7_e1m5,fp7_e2m4,5,4,4,68,45,exp1,10,37,9,9,0.0319837593,0.0278442763,-27,0x3d030167,0.0319837593,0x3f800000,1,0x3cdaff00,0.0267329216,0x3cdaff00,0.0267329216,0000000,0,0,00000,0000001,0,1,0001,0x3cdaff00,0.0267329216,0x3c35fe00,0.0111079216,0xbf800000,-1
l2,0.0625,0,min-error,metric_min,exp2,0,1,1,0.0319837593,0.0278442763,0.0278442763,0.0319837593,0.00413948298,46,raw-and-scaled,7,1,fp7_e1m5,fp7_e2m4,5,4,4,68,46,exp1,10,37,9,9,0.0319837593,0.0278442763,-27,0x3d030167,0.0319837593,0x3f800000,1,0x3d173fc0,0.0369260311,0x3d173fc0,0.0369260311,0000001,0,1,00001,0000010,0,2,0010,0x3bb9fe00,0.00567603111,0x3bb9fe00,0.00567603111,0x80000000,-0
l2,0.0625,0,min-error,metric_min,exp2,0,1,1,0.0319837593,0.0278442763,0.0278442763,0.0319837593,0.00413948298,47,raw-and-scaled,7,1,fp7_e1m5,fp7_e2m4,5,4,4,68,47,exp1,10,37,9,9,0.0319837593,0.0278442763,-27,0x3d030167,0.0319837593,0x3f800000,1,0x3af80800,0.00189232826,0x3af80800,0.00189232826,0000000,0,0,00000,0000000,0,0,0000,0x3af80800,0.00189232826,0x3af80800,0.00189232826,0x00000000,0
l2,0.0625,0,min-error,metric_min,exp2,0,1,1,0.0319837593,0.0278442763,0.0278442763,0.0319837593,0.00413948298,48,raw-and-scaled,7,1,fp7_e1m5,fp7_e2m4,5,4,4,68,48,exp1,10,37,9,9,0.0319837593,0.0278442763,-27,0x3d030167,0.0319837593,0x3f800000,1,0xba83fc00,-0.00100696087,0xba83fc00,-0.00100696087,1000000,0,0,00000,1000000,0,0,0000,0xba83fc00,-0.00100696087,0xba83fc00,-0.00100696087,0x00000000,0
l2,0.0625,0,min-error,metric_min,exp2,0,1,1,0.0319837593,0.0278442763,0.0278442763,0.0319837593,0.00413948298,49,raw-and-scaled,7,1,fp7_e1m5,fp7_e2m4,5,4,4,68,49,exp1,10,37,9,9,0.0319837593,0.0278442763,-27,0x3d030167,0.0319837593,0x3f800000,1,0x3bc5fe00,0.00604224205,0x3bc5fe00,0.00604224205,0000000,0,0,00000,0000000,0,0,0000,0x3bc5fe00,0.00604224205,0x3bc5fe00,0.00604224205,0x00000000,0
l2,0.0625,0,min-error,metric_min,exp2,0,1,1,0.0319837593,0.0278442763,0.0278442763,0.0319837593,0.00413948298,50,raw-and-scaled,7,1,fp7_e1m5,fp7_e2m4,5,4,4,68,50,exp1,10,37,9,9,0.0319837593,0.0278442763,-27,0x3d030167,0.0319837593,0x3f800000,1,0x3d4a0200,0.0493183136,0x3d4a0200,0.0493183136,0000001,0,1,00001,0000011,0,3,0011,0x3c940400,0.0180683136,0x3b202000,0.0024433136,0xbf800000,-1
l2,0.0625,0,min-error,metric_min,exp2,0,1,1,0.0319837593,0.0278442763,0.0278442763,0.0319837593,0.00413948298,51,raw-and-scaled,7,1,fp7_e1m5,fp7_e2m4,5,4,4,68,51,exp1,10,37,9,9,0.0319837593,0.0278442763,-27,0x3d030167,0.0319837593,0x3f800000,1,0x3c338080,0.0109559298,0x3c338080,0.0109559298,0000000,0,0,00000,0000000,0,0,0000,0x3c338080,0.0109559298,0x3c338080,0.0109559298,0x00000000,0
l2,0.0625,0,min-error,metric_min,exp2,0,1,1,0.0319837593,0.0278442763,0.0278442763,0.0319837593,0.00413948298,52,raw-and-scaled,7,1,fp7_e1m5,fp7_e2m4,5,4,4,68,52,exp1,10,37,9,9,0.0319837593,0.0278442763,-27,0x3d030167,0.0319837593,0x3f800000,1,0x3b520200,0.00320446491,0x3b520200,0.00320446491,0000000,0,0,00000,0000000,0,0,0000,0x3b520200,0.00320446491,0x3b520200,0.00320446491,0x00000000,0
l2,0.0625,0,min-error,metric_min,exp2,0,1,1,0.0319837593,0.0278442763,0.0278442763,0.0319837593,0.00413948298,53,raw-and-scaled,7,1,fp7_e1m5,fp7_e2m4,5,4,4,68,53,exp1,10,37,9,9,0.0319837593,0.0278442763,-27,0x3d030167,0.0319837593,0x3f800000,1,0x3aabfc00,0.00131213665,0x3aabfc00,0.00131213665,0000000,0,0,00000,0000000,0,0,0000,0x3aabfc00,0.00131213665,0x3aabfc00,0.00131213665,0x00000000,0
l2,0.0625,0,min-error,metric_min,exp2,0,1,1,0.0319837593,0.0278442763,0.0278442763,0.0319837593,0.00413948298,54,raw-and-scaled,7,1,fp7_e1m5,fp7_e2m4,5,4,4,68,54,exp1,10,37,9,9,0.0319837593,0.0278442763,-27,0x3d030167,0.0319837593,0x3f800000,1,0x3bb40400,0.0054936409,0x3bb40400,0.0054936409,0000000,0,0,00000,0000000,0,0,0000,0x3bb40400,0.0054936409,0x3bb40400,0.0054936409,0x00000000,0
l2,0.0625,0,min-error,metric_min,exp2,0,1,1,0.0319837593,0.0278442763,0.0278442763,0.0319837593,0.00413948298,55,raw-and-scaled,7,1,fp7_e1m5,fp7_e2m4,5,4,4,68,55,exp1,10,37,9,9,0.0319837593,0.0278442763,-27,0x3d030167,0.0319837593,0x3f800000,1,0x3abbfc00,0.00143420696,0x3abbfc00,0.00143420696,0000000,0,0,00000,0000000,0,0,0000,0x3abbfc00,0.00143420696,0x3abbfc00,0.00143420696,0x00000000,0
l2,0.0625,0,min-error,metric_min,exp2,0,1,1,0.0319837593,0.0278442763,0.0278442763,0.0319837593,0.00413948298,56,raw-and-scaled,7,1,fp7_e1m5,fp7_e2m4,5,4,4,68,56,exp1,10,37,9,9,0.0319837593,0.0278442763,-27,0x3d030167,0.0319837593,0x3f800000,1,0xbfb87f80,-1.44139099,0xbfb87f80,-1.44139099,1101110,1,14,01110,1110111,3,7,0111,0xbb7f0000,-0.00389099121,0xbb7f0000,-0.00389099121,0x00000000,0
l2,0.0625,0,min-error,metric_min,exp2,0,1,1,0.0319837593,0.0278442763,0.0278442763,0.0319837593,0.00413948298,57,raw-and-scaled,7,1,fp7_e1m5,fp7_e2m4,5,4,4,68,57,exp1,10,37,9,9,0.0319837593,0.0278442763,-27,0x3d030167,0.0319837593,0x3f800000,1,0xbd72ff00,-0.0593252182,0xbd72ff00,-0.0593252182,1000001,0,1,00001,1000011,0,3,0011,0xbce5fe00,-0.0280752182,0xbc4bfc00,-0.0124502182,0xbf800000,-1
l2,0.0625,0,min-error,metric_min,exp2,0,1,1,0.0319837593,0.0278442763,0.0278442763,0.0319837593,0.00413948298,58,raw-and-scaled,7,1,fp7_e1m5,fp7_e2m4,5,4,4,68,58,exp1,10,37,9,9,0.0319837593,0.0278442763,-27,0x3d030167,0.0319837593,0x3f800000,1,0xbe69fe00,-0.228507996,0xbe69fe00,-0.228507996,1000111,0,7,00111,1001110,0,14,1110,0xbc1fe000,-0.00975799561,0xbc1fe000,-0.00975799561,0x80000000,-0
l2,0.0625,0,min-error,metric_min,exp2,0,1,1,0.0319837593,0.0278442763,0.0278442763,0.0319837593,0.00413948298,59,raw-and-scaled,7,1,fp7_e1m5,fp7_e2m4,5,4,4,68,59,exp1,10,37,9,9,0.0319837593,0.0278442763,-27,0x3d030167,0.0319837593,0x3f800000,1,0x3d6dfe00,0.0581035614,0x3d6dfe00,0.0581035614,0000001,0,1,00001,0000011,0,3,0011,0x3cdbfc00,0.0268535614,0x3c37f800,0.0112285614,0xbf800000,-1
l2,0.0625,0,min-error,metric_min,exp2,0,1,1,0.0319837593,0.0278442763,0.0278442763,0.0319837593,0.00413948298,60,raw-and-scaled,7,1,fp7_e1m5,fp7_e2m4,5,4,4,68,60,exp1,10,37,9,9,0.0319837593,0.0278442763,-27,0x3d030167,0.0319837593,0x3f800000,1,0xbebc7f80,-0.368160248,0xbebc7f80,-0.368160248,1001011,0,11,01011,1010111,1,7,0111,0xbcc7f800,-0.0244102478,0xbc0ff000,-0.0087852478,0xbf800000,-1
l2,0.0625,0,min-error,metric_min,exp2,0,1,1,0.0319837593,0.0278442763,0.0278442763,0.0319837593,0.00413948298,61,raw-and-scaled,7,1,fp7_e1m5,fp7_e2m4,5,4,4,68,61,exp1,10,37,9,9,0.0319837593,0.0278442763,-27,0x3d030167,0.0319837593,0x3f800000,1,0xba9ec040,-0.00121117383,0xba9ec040,-0.00121117383,1000000,0,0,00000,1000000,0,0,0000,0xba9ec040,-0.00121117383,0xba9ec040,-0.00121117383,0x00000000,0
l2,0.0625,0,min-error,metric_min,exp2,0,1,1,0.0319837593,0.0278442763,0.0278442763,0.0319837593,0.00413948298,62,raw-and-scaled,7,1,fp7_e1m5,fp7_e2m4,5,4,4,68,62,exp1,10,37,9,9,0.0319837593,0.0278442763,-27,0x3d030167,0.0319837593,0x3f800000,1,0x3dfa0200,0.122074127,0x3dfa0200,0.122074127,0000011,0,3,00011,0000111,0,7,0111,0x3ce80800,0.0283241272,0x3c501000,0.0126991272,0xbf800000,-1
l2,0.0625,0,min-error,metric_min,exp2,0,1,1,0.0319837593,0.0278442763,0.0278442763,0.0319837593,0.00413948298,63,raw-and-scaled,7,1,fp7_e1m5,fp7_e2m4,5,4,4,68,63,exp1,10,37,9,9,0.0319837593,0.0278442763,-27,0x3d030167,0.0319837593,0x3f800000,1,0xbcf7f800,-0.0302696228,0xbcf7f800,-0.0302696228,1000000,0,0,00000,1000001,0,1,0001,0xbcf7f800,-0.0302696228,0xbc6ff000,-0.0146446228,0xbf800000,-1
l2,0.0625,0,min-error,metric_min,exp2,0,1,1,0.0319837593,0.0278442763,0.0278442763,0.0319837593,0.00413948298,64,raw-and-scaled,7,1,fp7_e1m5,fp7_e2m4,5,4,4,68,64,exp1,10,37,9,9,0.0319837593,0.0278442763,-27,0x3d030167,0.0319837593,0x3f800000,1,0xbb00ff00,-0.00196832418,0xbb00ff00,-0.00196832418,1000000,0,0,00000,1000000,0,0,0000,0xbb00ff00,-0.00196832418,0xbb00ff00,-0.00196832418,0x00000000,0
l2,0.0625,0,min-error,metric_min,exp2,0,1,1,0.0319837593,0.0278442763,0.0278442763,0.0319837593,0.00413948298,65,raw-and-scaled,7,1,fp7_e1m5,fp7_e2m4,5,4,4,68,65,exp1,10,37,9,9,0.0319837593,0.0278442763,-27,0x3d030167,0.0319837593,0x3f800000,1,0xbaa0c040,-0.00122643262,0xbaa0c040,-0.00122643262,1000000,0,0,00000,1000000,0,0,0000,0xbaa0c040,-0.00122643262,0xbaa0c040,-0.00122643262,0x00000000,0
l2,0.0625,0,min-error,metric_min,exp2,0,1,1,0.0319837593,0.0278442763,0.0278442763,0.0319837593,0.00413948298,66,raw-and-scaled,7,1,fp7_e1m5,fp7_e2m4,5,4,4,68,66,exp1,10,37,9,9,0.0319837593,0.0278442763,-27,0x3d030167,0.0319837593,0x3f800000,1,0x3b850100,0.0040589571,0x3b850100,0.0040589571,0000000,0,0,00000,0000000,0,0,0000,0x3b850100,0.0040589571,0x3b850100,0.0040589571,0x00000000,0
l2,0.0625,0,min-error,metric_min,exp2,0,1,1,0.0319837593,0.0278442763,0.0278442763,0.0319837593,0.00413948298,67,raw-and-scaled,7,1,fp7_e1m5,fp7_e2m4,5,4,4,68,67,exp1,10,37,9,9,0.0319837593,0.0278442763,-27,0x3d030167,0.0319837593,0x3f800000,1,0xbd8e0200,-0.0693397522,0xbd8e0200,-0.0693397522,1000010,0,2,00010,1000100,0,4,0100,0xbbe02000,-0.0068397522,0xbbe02000,-0.0068397522,0x80000000,-0
l2,0.0625,0,min-error,metric_min,exp2,0,1,1,0.0319837593,0.0278442763,0.0278442763,0.0319837593,0.00413948298,68,raw-and-scaled,7,1,fp7_e1m5,fp7_e2m4,5,4,4,68,68,exp1,10,37,9,9,0.0319837593,0.0278442763,-27,0x3d030167,0.0319837593,0x3f800000,1,0xbb47f800,-0.00305128098,0xbb47f800,-0.00305128098,1000000,0,0,00000,1000000,0,0,0000,0xbb47f800,-0.00305128098,0xbb47f800,-0.00305128098,0x00000000,0
l2,0.0625,0,min-error,metric_min,exp2,0,1,1,0.0319837593,0.0278442763,0.0278442763,0.0319837593,0.00413948298,69,raw-and-scaled,7,1,fp7_e1m5,fp7_e2m4,5,4,4,68,69,exp1,10,37,9,9,0.0319837593,0.0278442763,-27,0x3d030167,0.0319837593,0x3f800000,1,0x3f2bfc00,0.671813965,0x3f2bfc00,0.671813965,0010101,0,21,10101,0100101,2,5,0101,0x3c7f0000,0.0155639648,0x3c7f0000,0.0155639648,0x00000000,0
l2,0.0625,0,min-error,metric_min,exp2,0,1,1,0.0319837593,0.0278442763,0.0278442763,0.0319837593,0.00413948298,70,raw-and-scaled,7,1,fp7_e1m5,fp7_e2m4,5,4,4,68,70,exp1,10,37,9,9,0.0319837593,0.0278442763,-27,0x3d030167,0.0319837593,0x3f800000,1,0x3c99fe00,0.0187978745,0x3c99fe00,0.0187978745,0000000,0,0,00000,0000001,0,1,0001,0x3c99fe00,0.0187978745,0x3b4ff000,0.00317287445,0xbf800000,-1
l2,0.0625,0,min-error,metric_min,exp2,0,1,1,0.0319837593,0.0278442763,0.0278442763,0.0319837593,0.00413948298,71,raw-and-scaled,7,1,fp7_e1m5,fp7_e2m4,5,4,4,68,71,exp1,10,37,9,9,0.0319837593,0.0278442763,-27,0x3d030167,0.0319837593,0x3f800000,1,0x3c1dfe00,0.00964307785,0x3c1dfe00,0.00964307785,0000000,0,0,00000,0000000,0,0,0000,0x3c1dfe00,0.00964307785,0x3c1dfe00,0.00964307785,0x00000000,0
l2,0.0625,0,min-error,metric_min,exp2,0,1,1,0.0319837593,0.0278442763,0.0278442763,0.0319837593,0.00413948298,72,raw-and-scaled,7,1,fp7_e1m5,fp7_e2m4,5,4,4,68,72,exp1,10,37,9,9,0.0319837593,0.0278442763,-27,0x3d030167,0.0319837593,0x3f800000,1,0x3c43fc00,0.011961937,0x3c43fc00,0.011961937,0000000,0,0,00000,0000000,0,0,0000,0x3c43fc00,0.011961937,0x3c43fc00,0.011961937,0x00000000,0
l2,0.0625,0,min-error,metric_min,exp2,0,1,1,0.0319837593,0.0278442763,0.0278442763,0.0319837593,0.00413948298,73,raw-and-scaled,7,1,fp7_e1m5,fp7_e2m4,5,4,4,68,73,exp1,10,37,9,9,0.0319837593,0.0278442763,-27,0x3d030167,0.0319837593,0x3f800000,1,0xbecbfc00,-0.398406982,0xbecbfc00,-0.398406982,1001100,0,12,01100,1011001,1,9,1001,0xbcbfc000,-0.0234069824,0xbbff0000,-0.00778198242,0xbf800000,-1
l2,0.0625,0,min-error,metric_min,exp2,0,1,1,0.0319837593,0.0278442763,0.0278442763,0.0319837593,0.00413948298,74,raw-and-scaled,7,1,fp7_e1m5,fp7_e2m4,5,4,4,68,74,exp1,10,37,9,9,0.0319837593,0.0278442763,-27,0x3d030167,0.0319837593,0x3f800000,1,0x3f950100,1.16409302,0x3f950100,1.16409302,0100101,1,5,00101,0110010,3,2,0010,0x3c008000,0.00784301758,0x3d202000,0.0390930176,0x3f800000,1
l2,0.0625,0,min-error,metric_min,exp2,0,1,1,0.0319837593,0.0278442763,0.0278442763,0.0319837593,0.00413948298,75,raw-and-scaled,7,1,fp7_e1m5,fp7_e2m4,5,4,4,68,75,exp1,10,37,9,9,0.0319837593,0.0278442763,-27,0x3d030167,0.0319837593,0x3f800000,1,0xbd16ff00,-0.0368642807,0xbd16ff00,-0.0368642807,1000001,0,1,00001,1000010,0,2,0010,0xbbb7f800,-0.0056142807,0xbbb7f800,-0.0056142807,0x80000000,-0
l2,0.0625,0,min-error,metric_min,exp2,0,1,1,0.0319837593,0.0278442763,0.0278442763,0.0319837593,0.00413948298,76,raw-and-scaled,7,1,fp7_e1m5,fp7_e2m4,5,4,4,68,76,exp1,10,37,9,9,0.0319837593,0.0278442763,-27,0x3d030167,0.0319837593,0x3f800000,1,0x3ea63fc0,0.324705124,0x3ea63fc0,0.324705124,0001010,0,10,01010,0010100,1,4,0100,0x3c47f800,0.0122051239,0x3c47f800,0.0122051239,0x80000000,-0
l2,0.0625,0,min-error,metric_min,exp2,0,1,1,0.0319837593,0.0278442763,0.0278442763,0.0319837593,0.00413948298,77,raw-and-scaled,7,1,fp7_e1m5,fp7_e2m4,5,4,4,68,77,exp1,10,37,9,9,0.0319837593,0.0278442763,-27,0x3d030167,0.0319837593,0x3f800000,1,0x3fec0400,1.84387207,0x3fec0400,1.84387207,0111011,1,27,11011,0111101,3,13,1101,0x39000000,0.000122070312,0x3d008000,0.0313720703,0x3f800000,1
l2,0.0625,0,min-error,metric_min,exp2,0,1,1,0.0319837593,0.0278442763,0.0278442763,0.0319837593,0.00413948298,78,raw-and-scaled,7,1,fp7_e1m5,fp7_e2m4,5,4,4,68,78,exp1,10,37,9,9,0.0319837593,0.0278442763,-27,0x3d030167,0.0319837593,0x3f800000,1,0xbf9d0100,-1.22659302,0xbf9d0100,-1.22659302,1100111,1,7,00111,1110011,3,3,0011,0xbc008000,-0.00784301758,0xbd202000,-0.0390930176,0x3f800000,1
l2,0.0625,0,min-error,metric_min,exp2,0,1,1,0.0319837593,0.0278442763,0.0278442763,0.0319837593,0.00413948298,79,raw-and-scaled,7,1,fp7_e1m5,fp7_e2m4,5,4,4,68,79,exp1,10,37,9,9,0.0319837593,0.0278442763,-27,0x3d030167,0.0319837593,0x3f800000,1,0x3aa7c040,0.00127983838,0x3aa7c040,0.00127983838,0000000,0,0,00000,0000000,0,0,0000,0x3aa7c040,0.00127983838,0x3aa7c040,0.00127983838,0x00000000,0
l2,0.0625,0,min-error,metric_min,exp2,0,1,1,0.0319837593,0.0278442763,0.0278442763,0.0319837593,0.00413948298,80,raw-and-scaled,7,1,fp7_e1m5,fp7_e2m4,5,4,4,68,80,exp1,10,37,9,9,0.0319837593,0.0278442763,-27,0x3d030167,0.0319837593,0x3f800000,1,0x3bc20200,0.00592064857,0x3bc20200,0.00592064857,0000000,0,0,00000,0000000,0,0,0000,0x3bc20200,0.00592064857,0x3bc20200,0.00592064857,0x00000000,0
l2,0.0625,0,min-error,metric_min,exp2,0,1,1,0.0319837593,0.0278442763,0.0278442763,0.0319837593,0.00413948298,81,raw-and-scaled,7,1,fp7_e1m5,fp7_e2m4,5,4,4,68,81,exp1,10,37,9,9,0.0319837593,0.0278442763,-27,0x3d030167,0.0319837593,0x3f800000,1,0xbad17f80,-0.00159834325,0xbad17f80,-0.00159834325,1000000,0,0,00000,1000000,0,0,0000,0xbad17f80,-0.00159834325,0xbad17f80,-0.00159834325,0x00000000,0
l2,0.0625,0,min-error,metric_min,exp2,0,1,1,0.0319837593,0.0278442763,0.0278442763,0.0319837593,0.00413948298,82,raw-and-scaled,7,1,fp7_e1m5,fp7_e2m4,5,4,4,68,82,exp1,10,37,9,9,0.0319837593,0.0278442763,-27,0x3d030167,0.0319837593,0x3f800000,1,0xbda80800,-0.0820465088,0xbda80800,-0.0820465088,1000010,0,2,00010,1000101,0,5,0101,0xbca02000,-0.0195465088,0xbb808000,-0.00392150879,0xbf800000,-1
l2,0.0625,0,min-error,metric_min,exp2,0,1,1,0.0319837593,0.0278442763,0.0278442763,0.0319837593,0.00413948298,83,raw-and-scaled,7,1,fp7_e1m5,fp7_e2m4,5,4,4,68,83,exp1,10,37,9,9,0.0319837593,0.0278442763,-27,0x3d030167,0.0319837593,0x3f800000,1,0xbf37f800,-0.71862793,0xbf37f800,-0.71862793,1010110,0,22,10110,1100110,2,6,0110,0xbcff0000,-0.0311279297,0xbcff0000,-0.0311279297,0x00000000,0
l2,0.0625,0,min-error,metric_min,exp2,0,1,1,0.0319837593,0.0278442763,0.0278442763,0.0319837593,0.00413948298,84,raw-and-scaled,7,1,fp7_e1m5,fp7_e2m4,5,4,4,68,84,exp1,10,37,9,9,0.0319837593,0.0278442763,-27,0x3d030167,0.0319837593,0x3f800000,1,0xbfd47f80,-1.66014099,0xbfd47f80,-1.66014099,1110101,1,21,10101,1111010,3,10,1010,0xbb7f0000,-0.00389099121,0xbd0ff000,-0.0351409912,0x3f800000,1
l2,0.0625,0,min-error,metric_min,exp2,0,1,1,0.0319837593,0.0278442763,0.0278442763,0.0319837593,0.00413948298,85,raw-and-scaled,7,1,fp7_e1m5,fp7_e2m4,5,4,4,68,85,exp1,10,37,9,9,0.0319837593,0.0278442763,-27,0x3d030167,0.0319837593,0x3f800000,1,0xbd57f800,-0.0527267456,0xbd57f800,-0.0527267456,1000001,0,1,00001,1000011,0,3,0011,0xbcaff000,-0.0214767456,0xbbbfc000,-0.00585174561,0xbf800000,-1
l2,0.0625,0,min-error,metric_min,exp2,0,1,1,0.0319837593,0.0278442763,0.0278442763,0.0319837593,0.00413948298,86,raw-and-scaled,7,1,fp7_e1m5,fp7_e2m4,5,4,4,68,86,exp1,10,37,9,9,0.0319837593,0.0278442763,-27,0x3d030167,0.0319837593,0x3f800000,1,0xbf567f80,-0.837882996,0xbf567f80,-0.837882996,1011010,0,26,11010,1101010,2,10,1010,0xbccff000,-0.0253829956,0xbccff000,-0.0253829956,0x00000000,0
l2,0.0625,0,min-error,metric_min,exp2,0,1,1,0.0319837593,0.0278442763,0.0278442763,0.0319837593,0.00413948298,87,raw-and-scaled,7,1,fp7_e1m5,fp7_e2m4,5,4,4,68,87,exp1,10,37,9,9,0.0319837593,0.0278442763,-27,0x3d030167,0.0319837593,0x3f800000,1,0x3d5e0200,0.0542011261,0x3d5e0200,0.0542011261,0000001,0,1,00001,0000011,0,3,0011,0x3cbc0400,0.0229511261,0x3bf01000,0.0073261261,0xbf800000,-1
l2,0.0625,0,min-error,metric_min,exp2,0,1,1,0.0319837593,0.0278442763,0.0278442763,0.0319837593,0.00413948298,88,raw-and-scaled,7,1,fp7_e1m5,fp7_e2m4,5,4,4,68,88,exp1,10,37,9,9,0.0319837593,0.0278442763,-27,0x3d030167,0.0319837593,0x3f800000,1,0x3f080800,0.53137207,0x3f080800,0.53137207,0010001,0,17,10001,0100001,2,1,0001,0x39000000,0.000122070312,0x39000000,0.000122070312,0x00000000,0
l2,0.0625,0,min-error,metric_min,exp2,0,1,1,0.0319837593,0.0278442763,0.0278442763,0.0319837593,0.00413948298,89,raw-and-scaled,7,1,fp7_e1m5,fp7_e2m4,5,4,4,68,89,exp1,10,37,9,9,0.0319837593,0.0278442763,-27,0x3d030167,0.0319837593,0x3f800000,1,0x3c660200,0.0140385628,0x3c660200,0.0140385628,0000000,0,0,00000,0000000,0,0,0000,0x3c660200,0.0140385628,0x3c660200,0.0140385628,0x00000000,0
l2,0.0625,0,min-error,metric_min,exp2,0,1,1,0.0319837593,0.0278442763,0.0278442763,0.0319837593,0.00413948298,90,raw-and-scaled,7,1,fp7_e1m5,fp7_e2m4,5,4,4,68,90,exp1,10,37,9,9,0.0319837593,0.0278442763,-27,0x3d030167,0.0319837593,0x3f800000,1,0x3f27f800,0.65612793,0x3f27f800,0.65612793,0010100,0,20,10100,0100100,2,4,0100,0x3cff0000,0.0311279297,0x3cff0000,0.0311279297,0x00000000,0
l2,0.0625,0,min-error,metric_min,exp2,0,1,1,0.0319837593,0.0278442763,0.0278442763,0.0319837593,0.00413948298,91,raw-and-scaled,7,1,fp7_e1m5,fp7_e2m4,5,4,4,68,91,exp1,10,37,9,9,0.0319837593,0.0278442763,-27,0x3d030167,0.0319837593,0x3f800000,1,0xbd5c0400,-0.0537147522,0xbd5c0400,-0.0537147522,1000001,0,1,00001,1000011,0,3,0011,0xbcb80800,-0.0224647522,0xbbe02000,-0.0068397522,0xbf800000,-1
l2,0.0625,0,min-error,metric_min,exp2,0,1,1,0.0319837593,0.0278442763,0.0278442763,0.0319837593,0.00413948298,92,raw-and-scaled,7,1,fp7_e1m5,fp7_e2m4,5,4,4,68,92,exp1,10,37,9,9,0.0319837593,0.0278442763,-27,0x3d030167,0.0319837593,0x3f800000,1,0xbf47f800,-0.78112793,0xbf47f800,-0.78112793,1011000,0,24,11000,1101000,2,8,1000,0xbcff0000,-0.0311279297,0xbcff0000,-0.0311279297,0x00000000,0
l2,0.0625,0,min-error,metric_min,exp2,0,1,1,0.0319837593,0.0278442763,0.0278442763,0.0319837593,0.00413948298,93,raw-and-scaled,7,1,fp7_e1m5,fp7_e2m4,5,4,4,68,93,exp1,10,37,9,9,0.0319837593,0.0278442763,-27,0x3d030167,0.0319837593,0x3f800000,1,0x3cbaff00,0.0228266716,0x3cbaff00,0.0228266716,0000000,0,0,00000,0000001,0,1,0001,0x3cbaff00,0.0228266716,0x3bebfc00,0.0072016716,0xbf800000,-1
l2,0.0625,0,min-error,metric_min,exp2,0,1,1,0.0319837593,0.0278442763,0.0278442763,0.0319837593,0.00413948298,94,raw-and-scaled,7,1,fp7_e1m5,fp7_e2m4,5,4,4,68,94,exp1,10,37,9,9,0.0319837593,0.0278442763,-27,0x3d030167,0.0319837593,0x3f800000,1,0x3afa0200,0.00190740824,0x3afa0200,0.00190740824,0000000,0,0,00000,0000000,0,0,0000,0x3afa0200,0.00190740824,0x3afa0200,0.00190740824,0x00000000,0
l2,0.0625,0,min-error,metric_min,exp2,0,1,1,0.0319837593,0.0278442763,0.0278442763,0.0319837593,0.00413948298,95,raw-and-scaled,7,1,fp7_e1m5,fp7_e2m4,5,4,4,68,95,exp1,10,37,9,9,0.0319837593,0.0278442763,-27,0x3d030167,0.0319837593,0x3f800000,1,0x3ffbfc00,1.96862793,0x3ffbfc00,1.96862793,0111110,1,30,11110,0111111,3,15,1111,0x3cff0000,0.0311279297,0x3cff0000,0.0311279297,0x00000000,0
l2,0.0625,0,min-error,metric_min,exp2,0,1,1,0.0319837593,0.0278442763,0.0278442763,0.0319837593,0.00413948298,96,raw-and-scaled,7,1,fp7_e1m5,fp7_e2m4,5,4,4,68,96,exp1,10,37,9,9,0.0319837593,0.0278442763,-27,0x3d030167,0.0319837593,0x3f800000,1,0x3be08080,0.00685125589,0x3be08080,0.00685125589,0000000,0,0,00000,0000000,0,0,0000,0x3be08080,0.00685125589,0x3be08080,0.00685125589,0x00000000,0
l2,0.0625,0,min-error,metric_min,exp2,0,1,1,0.0319837593,0.0278442763,0.0278442763,0.0319837593,0.00413948298,97,raw-and-scaled,7,1,fp7_e1m5,fp7_e2m4,5,4,4,68,97,exp1,10,37,9,9,0.0319837593,0.0278442763,-27,0x3d030167,0.0319837593,0x3f800000,1,0xbb0bfc00,-0.00213599205,0xbb0bfc00,-0.00213599205,1000000,0,0,00000,1000000,0,0,0000,0xbb0bfc00,-0.00213599205,0xbb0bfc00,-0.00213599205,0x00000000,0
l2,0.0625,0,min-error,metric_min,exp2,0,1,1,0.0319837593,0.0278442763,0.0278442763,0.0319837593,0.00413948298,98,raw-and-scaled,7,1,fp7_e1m5,fp7_e2m4,5,4,4,68,98,exp1,10,37,9,9,0.0319837593,0.0278442763,-27,0x3d030167,0.0319837593,0x3f800000,1,0x3f628080,0.884773254,0x3f628080,0.884773254,0011100,0,28,11100,0101100,2,12,1100,0x3c202000,0.00977325439,0x3c202000,0.00977325439,0x00000000,0
l2,0.0625,0,min-error,metric_min,exp2,0,1,1,0.0319837593,0.0278442763,0.0278442763,0.0319837593,0.00413948298,99,raw-and-scaled,7,1,fp7_e1m5,fp7_e2m4,5,4,4,68,99,exp1,10,37,9,9,0.0319837593,0.0278442763,-27,0x3d030167,0.0319837593,0x3f800000,1,0xbbb1bfc0,-0.00542446971,0xbbb1bfc0,-0.00542446971,1000000,0,0,00000,1000000,0,0,0000,0xbbb1bfc0,-0.00542446971,0xbbb1bfc0,-0.00542446971,0x00000000,0
l2,0.0625,0,min-error,metric_min,exp2,0,1,1,0.0319837593,0.0278442763,0.0278442763,0.0319837593,0.00413948298,100,raw-and-scaled,7,1,fp7_e1m5,fp7_e2m4,5,4,4,68,100,exp1,10,37,9,9,0.0319837593,0.0278442763,-27,0x3d030167,0.0319837593,0x3f800000,1,0xbd648080,-0.0557866096,0xbd648080,-0.0557866096,1000001,0,1,00001,1000011,0,3,0011,0xbcc90100,-0.0245366096,0xbc120200,-0.00891160965,0xbf800000,-1
l2,0.0625,0,min-error,metric_min,exp2,0,1,1,0.0319837593,0.0278442763,0.0278442763,0.0319837593,0.00413948298,101,raw-and-scaled,7,1,fp7_e1m5,fp7_e2m4,5,4,4,68,101,exp1,10,37,9,9,0.0319837593,0.0278442763,-27,0x3d030167,0.0319837593,0x3f800000,1,0x3b2c0400,0.00262475014,0x3b2c0400,0.00262475014,0000000,0,0,00000,0000000,0,0,0000,0x3b2c0400,0.00262475014,0x3b2c0400,0.00262475014,0x00000000,0
l2,0.0625,0,min-error,metric_min,exp2,0,1,1,0.0319837593,0.0278442763,0.0278442763,0.0319837593,0.00413948298,102,raw-and-scaled,7,1,fp7_e1m5,fp7_e2m4,5,4,4,68,102,exp1,10,37,9,9,0.0319837593,0.0278442763,-27,0x3d030167,0.0319837593,0x3f800000,1,0x3e99fe00,0.300765991,0x3e99fe00,0.300765991,0001001,0,9,01001,0010011,1,3,0011,0x3c9fe000,0.0195159912,0x3b7f0000,0.00389099121,0xbf800000,-1
l2,0.0625,0,min-error,metric_min,exp2,0,1,1,0.0319837593,0.0278442763,0.0278442763,0.0319837593,0.00413948298,103,raw-and-scaled,7,1,fp7_e1m5,fp7_e2m4,5,4,4,68,103,exp1,10,37,9,9,0.0319837593,0.0278442763,-27,0x3d030167,0.0319837593,0x3f800000,1,0x3fbc0400,1.46887207,0x3fbc0400,1.46887207,0101111,1,15,01111,0110111,3,7,0111,0x39000000,0.000122070312,0x3d008000,0.0313720703,0x3f800000,1
l2,0.0625,0,min-error,metric_min,exp2,0,1,1,0.0319837593,0.0278442763,0.0278442763,0.0319837593,0.00413948298,104,raw-and-scaled,7,1,fp7_e1m5,fp7_e2m4,5,4,4,68,104,exp1,10,37,9,9,0.0319837593,0.0278442763,-27,0x3d030167,0.0319837593,0x3f800000,1,0x3db43fc0,0.0880122185,0x3db43fc0,0.0880122185,0000010,0,2,00010,0000101,0,5,0101,0x3cd0ff00,0.0255122185,0x3c21fe00,0.00988721848,0xbf800000,-1
l2,0.0625,0,min-error,metric_min,exp2,0,1,1,0.0319837593,0.0278442763,0.0278442763,0.0319837593,0.00413948298,105,raw-and-scaled,7,1,fp7_e1m5,fp7_e2m4,5,4,4,68,105,exp1,10,37,9,9,0.0319837593,0.0278442763,-27,0x3d030167,0.0319837593,0x3f800000,1,0xbc34bfc0,-0.0110320449,0xbc34bfc0,-0.0110320449,1000000,0,0,00000,1000000,0,0,0000,0xbc34bfc0,-0.0110320449,0xbc34bfc0,-0.0110320449,0x00000000,0
l2,0.0625,0,min-error,metric_min,exp2,0,1,1,0.0319837593,0.0278442763,0.0278442763,0.0319837593,0.00413948298,106,raw-and-scaled,7,1,fp7_e1m5,fp7_e2m4,5,4,4,68,106,exp1,10,37,9,9,0.0319837593,0.0278442763,-27,0x3d030167,0.0319837593,0x3f800000,1,0xbbb54040,-0.00553134084,0xbbb54040,-0.00553134084,1000000,0,0,00000,1000000,0,0,0000,0xbbb54040,-0.00553134084,0xbbb54040,-0.00553134084,0x00000000,0
l2,0.0625,0,min-error,metric_min,exp2,0,1,1,0.0319837593,0.0278442763,0.0278442763,0.0319837593,0.00413948298,107,raw-and-scaled,7,1,fp7_e1m5,fp7_e2m4,5,4,4,68,107,exp1,10,37,9,9,0.0319837593,0.0278442763,-27,0x3d030167,0.0319837593,0x3f800000,1,0x3b570100,0.00328069925,0x3b570100,0.00328069925,0000000,0,0,00000,0000000,0,0,0000,0x3b570100,0.00328069925,0x3b570100,0.00328069925,0x00000000,0
l2,0.0625,0,min-error,metric_min,exp2,0,1,1,0.0319837593,0.0278442763,0.0278442763,0.0319837593,0.00413948298,108,raw-and-scaled,7,1,fp7_e1m5,fp7_e2m4,5,4,4,68,108,exp1,10,37,9,9,0.0319837593,0.0278442763,-27,0x3d030167,0.0319837593,0x3f800000,1,0x3cb63fc0,0.0222471952,0x3cb63fc0,0.0222471952,0000000,0,0,00000,0000001,0,1,0001,0x3cb63fc0,0.0222471952,0x3bd8ff00,0.00662219524,0xbf800000,-1
l2,0.0625,0,min-error,metric_min,exp2,0,1,1,0.0319837593,0.0278442763,0.0278442763,0.0319837593,0.00413948298,109,raw-and-scaled,7,1,fp7_e1m5,fp7_e2m4,5,4,4,68,109,exp1,10,37,9,9,0.0319837593,0.0278442763,-27,0x3d030167,0.0319837593,0x3f800000,1,0x3cdaff00,0.0267329216,0x3cdaff00,0.0267329216,0000000,0,0,00000,0000001,0,1,0001,0x3cdaff00,0.0267329216,0x3c35fe00,0.0111079216,0xbf800000,-1
l2,0.0625,0,min-error,metric_min,exp2,0,1,1,0.0319837593,0.0278442763,0.0278442763,0.0319837593,0.00413948298,110,raw-and-scaled,7,1,fp7_e1m5,fp7_e2m4,5,4,4,68,110,exp1,10,37,9,9,0.0319837593,0.0278442763,-27,0x3d030167,0.0319837593,0x3f800000,1,0x3edd0100,0.431648254,0x3edd0100,0.431648254,0001101,0,13,01101,0011011,1,11,1011,0x3cd01000,0.0253982544,0x3c202000,0.00977325439,0xbf800000,-1
l2,0.0625,0,min-error,metric_min,exp2,0,1,1,0.0319837593,0.0278442763,0.0278442763,0.0319837593,0.00413948298,111,raw-and-scaled,7,1,fp7_e1m5,fp7_e2m4,5,4,4,68,111,exp1,10,37,9,9,0.0319837593,0.0278442763,-27,0x3d030167,0.0319837593,0x3f800000,1,0xbbf80800,-0.00756931305,0xbbf80800,-0.00756931305,1000000,0,0,00000,1000000,0,0,0000,0xbbf80800,-0.00756931305,0xbbf80800,-0.00756931305,0x00000000,0
l2,0.0625,0,min-error,metric_min,exp2,0,1,1,0.0319837593,0.0278442763,0.0278442763,0.0319837593,0.00413948298,112,raw-and-scaled,7,1,fp7_e1m5,fp7_e2m4,5,4,4,68,112,exp1,10,37,9,9,0.0319837593,0.0278442763,-27,0x3d030167,0.0319837593,0x3f800000,1,0xbef08080,-0.469730377,0xbef08080,-0.469730377,1001111,0,15,01111,1011110,1,14,1110,0xba808000,-0.000980377197,0xba808000,-0.000980377197,0x80000000,-0
l2,0.0625,0,min-error,metric_min,exp2,0,1,1,0.0319837593,0.0278442763,0.0278442763,0.0319837593,0.00413948298,113,raw-and-scaled,7,1,fp7_e1m5,fp7_e2m4,5,4,4,68,113,exp1,10,37,9,9,0.0319837593,0.0278442763,-27,0x3d030167,0.0319837593,0x3f800000,1,0xbf45fe00,-0.773406982,0xbf45fe00,-0.773406982,1011000,0,24,11000,1101000,2,8,1000,0xbcbfc000,-0.0234069824,0xbcbfc000,-0.0234069824,0x00000000,0
l2,0.0625,0,min-error,metric_min,exp2,0,1,1,0.0319837593,0.0278442763,0.0278442763,0.0319837593,0.00413948298,114,raw-and-scaled,7,1,fp7_e1m5,fp7_e2m4,5,4,4,68,114,exp1,10,37,9,9,0.0319837593,0.0278442763,-27,0x3d030167,0.0319837593,0x3f800000,1,0x3cb93fc0,0.0226134062,0x3cb93fc0,0.0226134062,0000000,0,0,00000,0000001,0,1,0001,0x3cb93fc0,0.0226134062,0x3be4ff00,0.00698840618,0xbf800000,-1
l2,0.0625,0,min-error,metric_min,exp2,0,1,1,0.0319837593,0.0278442763,0.0278442763,0.0319837593,0.00413948298,115,raw-and-scaled,7,1,fp7_e1m5,fp7_e2m4,5,4,4,68,115,exp1,10,37,9,9,0.0319837593,0.0278442763,-27,0x3d030167,0.0319837593,0x3f800000,1,0x3d39c040,0.0453493595,0x3d39c040,0.0453493595,0000001,0,1,00001,0000010,0,2,0010,0x3c670100,0.0140993595,0x3c670100,0.0140993595,0x80000000,-0
l2,0.0625,0,min-error,metric_min,exp2,0,1,1,0.0319837593,0.0278442763,0.0278442763,0.0319837593,0.00413948298,116,raw-and-scaled,7,1,fp7_e1m5,fp7_e2m4,5,4,4,68,116,exp1,10,37,9,9,0.0319837593,0.0278442763,-27,0x3d030167,0.0319837593,0x3f800000,1,0x3d747f80,0.059691906,0x3d747f80,0.059691906,0000001,0,1,00001,0000011,0,3,0011,0x3ce8ff00,0.028441906,0x3c51fe00,0.012816906,0xbf800000,-1
l2,0.0625,0,min-error,metric_min,exp2,0,1,1,0.0319837593,0.0278442763,0.0278442763,0.0319837593,0.00413948298,117,raw-and-scaled,7,1,fp7_e1m5,fp7_e2m4,5,4,4,68,117,exp1,10,37,9,9,0.0319837593,0.0278442763,-27,0x3d030167,0.0319837593,0x3f800000,1,0x3f580800,0.84387207,0x3f580800,0.84387207,0011011,0,27,11011,0101011,2,11,1011,0x39000000,0.000122070312,0x39000000,0.000122070312,0x00000000,0
l2,0.0625,0,min-error,metric_min,exp2,0,1,1,0.0319837593,0.0278442763,0.0278442763,0.0319837593,0.00413948298,118,raw-and-scaled,7,1,fp7_e1m5,fp7_e2m4,5,4,4,68,118,exp1,10,37,9,9,0.0319837593,0.0278442763,-27,0x3d030167,0.0319837593,0x3f800000,1,0x3eed0100,0.462898254,0x3eed0100,0.462898254,0001110,0,14,01110,0011101,1,13,1101,0x3cd01000,0.0253982544,0x3c202000,0.00977325439,0xbf800000,-1
l2,0.0625,0,min-error,metric_min,exp2,0,1,1,0.0319837593,0.0278442763,0.0278442763,0.0319837593,0.00413948298,119,raw-and-scaled,7,1,fp7_e1m5,fp7_e2m4,5,4,4,68,119,exp1,10,37,9,9,0.0319837593,0.0278442763,-27,0x3d030167,0.0319837593,0x3f800000,1,0xbc3c0400,-0.011475563,0xbc3c0400,-0.011475563,1000000,0,0,00000,1000000,0,0,0000,0xbc3c0400,-0.011475563,0xbc3c0400,-0.011475563,0x00000000,0
l2,0.0625,0,min-error,metric_min,exp2,0,1,1,0.0319837593,0.0278442763,0.0278442763,0.0319837593,0.00413948298,120,raw-and-scaled,7,1,fp7_e1m5,fp7_e2m4,5,4,4,68,120,exp1,10,37,9,9,0.0319837593,0.0278442763,-27,0x3d030167,0.0319837593,0x3f800000,1,0x3ff87f80,1.94139099,0x3ff87f80,1.94139099,0111110,1,30,11110,0111111,3,15,1111,0x3b7f0000,0.00389099121,0x3b7f0000,0.00389099121,0x00000000,0
l2,0.0625,0,min-error,metric_min,exp2,0,1,1,0.0319837593,0.0278442763,0.0278442763,0.0319837593,0.00413948298,121,raw-and-scaled,7,1,fp7_e1m5,fp7_e2m4,5,4,4,68,121,exp1,10,37,9,9,0.0319837593,0.0278442763,-27,0x3d030167,0.0319837593,0x3f800000,1,0xbb3cc040,-0.00288011134,0xbb3cc040,-0.00288011134,1000000,0,0,00000,1000000,0,0,0000,0xbb3cc040,-0.00288011134,0xbb3cc040,-0.00288011134,0x00000000,0
l2,0.0625,0,min-error,metric_min,exp2,0,1,1,0.0319837593,0.0278442763,0.0278442763,0.0319837593,0.00413948298,122,raw-and-scaled,7,1,fp7_e1m5,fp7_e2m4,5,4,4,68,122,exp1,10,37,9,9,0.0319837593,0.0278442763,-27,0x3d030167,0.0319837593,0x3f800000,1,0xbffa7f80,-1.95701599,0xbffa7f80,-1.95701599,1111110,1,30,11110,1111111,3,15,1111,0xbc9fe000,-0.0195159912,0xbc9fe000,-0.0195159912,0x00000000,0
l2,0.0625,0,min-error,metric_min,exp2,0,1,1,0.0319837593,0.0278442763,0.0278442763,0.0319837593,0.00413948298,123,raw-and-scaled,7,1,fp7_e1m5,fp7_e2m4,5,4,4,68,123,exp1,10,37,9,9,0.0319837593,0.0278442763,-27,0x3d030167,0.0319837593,0x3f800000,1,0xbfbdc040,-1.4824295,0xbfbdc040,-1.4824295,1101111,1,15,01111,1110111,3,7,0111,0xbc602000,-0.0136795044,0xbd380800,-0.0449295044,0x3f800000,1
l2,0.0625,0,min-error,metric_min,exp2,0,1,1,0.0319837593,0.0278442763,0.0278442763,0.0319837593,0.00413948298,124,raw-and-scaled,7,1,fp7_e1m5,fp7_e2m4,5,4,4,68,124,exp1,10,37,9,9,0.0319837593,0.0278442763,-27,0x3d030167,0.0319837593,0x3f800000,1,0xbafc7f80,-0.00192640722,0xbafc7f80,-0.00192640722,1000000,0,0,00000,1000000,0,0,0000,0xbafc7f80,-0.00192640722,0xbafc7f80,-0.00192640722,0x00000000,0
l2,0.0625,0,min-error,metric_min,exp2,0,1,1,0.0319837593,0.0278442763,0.0278442763,0.0319837593,0.00413948298,125,raw-and-scaled,7,1,fp7_e1m5,fp7_e2m4,5,4,4,68,125,exp1,10,37,9,9,0.0319837593,0.0278442763,-27,0x3d030167,0.0319837593,0x3f800000,1,0xbdfd8080,-0.123780251,0xbdfd8080,-0.123780251,1000011,0,3,00011,1000111,0,7,0111,0xbcf60200,-0.0300302505,0xbc6c0400,-0.0144052505,0xbf800000,-1
l2,0.0625,0,min-error,metric_min,exp2,0,1,1,0.0319837593,0.0278442763,0.0278442763,0.0319837593,0.00413948298,126,raw-and-scaled,7,1,fp7_e1m5,fp7_e2m4,5,4,4,68,126,exp1,10,37,9,9,0.0319837593,0.0278442763,-27,0x3d030167,0.0319837593,0x3f800000,1,0xbc73fc00,-0.0148916245,0xbc73fc00,-0.0148916245,1000000,0,0,00000,1000000,0,0,0000,0xbc73fc00,-0.0148916245,0xbc73fc00,-0.0148916245,0x00000000,0
l2,0.0625,0,min-error,metric_min,exp2,0,1,1,0.0319837593,0.0278442763,0.0278442763,0.0319837593,0.00413948298,127,raw-and-scaled,7,1,fp7_e1m5,fp7_e2m4,5,4,4,68,127,exp1,10,37,9,9,0.0319837593,0.0278442763,-27,0x3d030167,0.0319837593,0x3f800000,1,0x3df80800,0.121109009,0x3df80800,0.121109009,0000011,0,3,00011,0000111,0,7,0111,0x3ce02000,0.0273590088,0x3c404000,0.0117340088,0xbf800000,-1
l2,0.0625,0,min-error,metric_min,exp1,0,1,1,0.0303879976,0.0311578363,0.0303879976,0.0311578363,0.000769838691,0,raw-and-scaled,7,1,fp7_e1m5,fp7_e2m4,5,4,4,86,0,exp2,7,33,8,8,0.0303879976,0.0311578363,-26,0x3cff3eb8,0.0311578363,0x3f800000,1,0x3a840400,0.00100719929,0x3a840400,0.00100719929,0000000,0,0,00000,0000000,0,0,0000,0x3a840400,0.00100719929,0x3a840400,0.00100719929,0x00000000,0
l2,0.0625,0,min-error,metric_min,exp1,0,1,1,0.0303879976,0.0311578363,0.0303879976,0.0311578363,0.000769838691,1,raw-and-scaled,7,1,fp7_e1m5,fp7_e2m4,5,4,4,86,1,exp2,7,33,8,8,0.0303879976,0.0311578363,-26,0x3cff3eb8,0.0311578363,0x3f800000,1,0xbb00bfc0,-0.00196455419,0xbb00bfc0,-0.00196455419,1000000,0,0,00000,1000000,0,0,0000,0xbb00bfc0,-0.00196455419,0xbb00bfc0,-0.00196455419,0x00000000,0
l2,0.0625,0,min-error,metric_min,exp1,0,1,1,0.0303879976,0.0311578363,0.0303879976,0.0311578363,0.000769838691,2,raw-and-scaled,7,1,fp7_e1m5,fp7_e2m4,5,4,4,86,2,exp2,7,33,8,8,0.0303879976,0.0311578363,-26,0x3cff3eb8,0.0311578363,0x3f800000,1,0xbf013fc0,-0.504878998,0xbf013fc0,-0.504878998,1010000,0,16,10000,1100000,2,0,0000,0xbb9fe000,-0.0048789978,0xbb9fe000,-0.0048789978,0x00000000,0
l2,0.0625,0,min-error,metric_min,exp1,0,1,1,0.0303879976,0.0311578363,0.0303879976,0.0311578363,0.000769838691,3,raw-and-scaled,7,1,fp7_e1m5,fp7_e2m4,5,4,4,86,3,exp2,7,33,8,8,0.0303879976,0.0311578363,-26,0x3cff3eb8,0.0311578363,0x3f800000,1,0xbd037f80,-0.0321040154,0xbd037f80,-0.0321040154,1000001,0,1,00001,1000010,0,2,0010,0xba5fe000,-0.00085401535,0xba5fe000,-0.00085401535,0x80000000,-0
l2,0.0625,0,min-error,metric_min,exp1,0,1,1,0.0303879976,0.0311578363,0.0303879976,0.0311578363,0.000769838691,4,raw-and-scaled,7,1,fp7_e1m5,fp7_e2m4,5,4,4,86,4,exp2,7,33,8,8,0.0303879976,0.0311578363,-26,0x3cff3eb8,0.0311578363,0x3f800000,1,0x3e47f800,0.195281982,0x3e47f800,0.195281982,0000110,0,6,00110,0001100,0,12,1100,0x3bff0000,0.00778198242,0x3bff0000,0.00778198242,0x80000000,-0
l2,0.0625,0,min-error,metric_min,exp1,0,1,1,0.0303879976,0.0311578363,0.0303879976,0.0311578363,0.000769838691,5,raw-and-scaled,7,1,fp7_e1m5,fp7_e2m4,5,4,4,86,5,exp2,7,33,8,8,0.0303879976,0.0311578363,-26,0x3cff3eb8,0.0311578363,0x3f800000,1,0xbc058080,-0.00814831257,0xbc058080,-0.00814831257,1000000,0,0,00000,1000000,0,0,0000,0xbc058080,-0.00814831257,0xbc058080,-0.00814831257,0x00000000,0
l2,0.0625,0,min-error,metric_min,exp1,0,1,1,0.0303879976,0.0311578363,0.0303879976,0.0311578363,0.000769838691,6,raw-and-scaled,7,1,fp7_e1m5,fp7_e2m4,5,4,4,86,6,exp2,7,33,8,8,0.0303879976,0.0311578363,-26,0x3cff3eb8,0.0311578363,0x3f800000,1,0x3e33fc00,0.175765991,0x3e33fc00,0.175765991,0000101,0,5,00101,0001011,0,11,1011,0x3c9fe000,0.0195159912,0x3b7f0000,0.00389099121,0xbf800000,-1
l2,0.0625,0,min-error,metric_min,exp1,0,1,1,0.0303879976,0.0311578363,0.0303879976,0.0311578363,0.000769838691,7,raw-and-scaled,7,1,fp7_e1m5,fp7_e2m4,5,4,4,86,7,exp2,7,33,8,8,0.0303879976,0.0311578363,-26,0x3cff3eb8,0.0311578363,0x3f800000,1,0xbe03bfc0,-0.128661156,0xbe03bfc0,-0.128661156,1000100,0,4,00100,1001000,0,8,1000,0xbb6ff000,-0.0036611557,0xbb6ff000,-0.0036611557,0x80000000,-0
l2,0.0625,0,min-error,metric_min,exp1,0,1,1,0.0303879976,0.0311578363,0.0303879976,0.0311578363,0.000769838691,8,raw-and-scaled,7,1,fp7_e1m5,fp7_e2m4,5,4,4,86,8,exp2,7,33,8,8,0.0303879976,0.0311578363,-26,0x3cff3eb8,0.0311578363,0x3f800000,1,0x3d07f800,0.0331954956,0x3d07f800,0.0331954956,0000001,0,1,00001,0000010,0,2,0010,0x3aff0000,0.00194549561,0x3aff0000,0.00194549561,0x80000000,-0
l2,0.0625,0,min-error,metric_min,exp1,0,1,1,0.0303879976,0.0311578363,0.0303879976,0.0311578363,0.000769838691,9,raw-and-scaled,7,1,fp7_e1m5,fp7_e2m4,5,4,4,86,9,exp2,7,33,8,8,0.0303879976,0.0311578363,-26,0x3cff3eb8,0.0311578363,0x3f800000,1,0x3bcbfc00,0.0062251091,0x3bcbfc00,0.0062251091,0000000,0,0,00000,0000000,0,0,0000,0x3bcbfc00,0.0062251091,0x3bcbfc00,0.0062251091,0x00000000,0
l2,0.0625,0,min-error,metric_min,exp1,0,1,1,0.0303879976,0.0311578363,0.0303879976,0.0311578363,0.000769838691,10,raw-and-scaled,7,1,fp7_e1m5,fp7_e2m4,5,4,4,86,10,exp2,7,33,8,8,0.0303879976,0.0311578363,-26,0x3cff3eb8,0.0311578363,0x3f800000,1,0xbc0a7f80,-0.00845324993,0xbc0a7f80,-0.00845324993,1000000,0,0,00000,1000000,0,0,0000,0xbc0a7f80,-0.00845324993,0xbc0a7f80,-0.00845324993,0x00000000,0
l2,0.0625,0,min-error,metric_min,exp1,0,1,1,0.0303879976,0.0311578363,0.0303879976,0.0311578363,0.000769838691,11,raw-and-scaled,7,1,fp7_e1m5,fp7_e2m4,5,4,4,86,11,exp2,7,33,8,8,0.0303879976,0.0311578363,-26,0x3cff3eb8,0.0311578363,0x3f800000,1,0x3f85c040,1.0449295,0x3f85c040,1.0449295,0100001,1,1,00001,0110000,3,0,0000,0x3c602000,0.0136795044,0x3d380800,0.0449295044,0x3f800000,1
l2,0.0625,0,min-error,metric_min,exp1,0,1,1,0.0303879976,0.0311578363,0.0303879976,0.0311578363,0.000769838691,12,raw-and-scaled,7,1,fp7_e1m5,fp7_e2m4,5,4,4,86,12,exp2,7,33,8,8,0.0303879976,0.0311578363,-26,0x3cff3eb8,0.0311578363,0x3f800000,1,0x3bb1fe00,0.00543189049,0x3bb1fe00,0.00543189049,0000000,0,0,00000,0000000,0,0,0000,0x3bb1fe00,0.00543189049,0x3bb1fe00,0.00543189049,0x00000000,0
l2,0.0625,0,min-error,metric_min,exp1,0,1,1,0.0303879976,0.0311578363,0.0303879976,0.0311578363,0.000769838691,13,raw-and-scaled,7,1,fp7_e1m5,fp7_e2m4,5,4,4,86,13,exp2,7,33,8,8,0.0303879976,0.0311578363,-26,0x3cff3eb8,0.0311578363,0x3f800000,1,0xbc35fe00,-0.0111079216,0xbc35fe00,-0.0111079216,1000000,0,0,00000,1000000,0,0,0000,0xbc35fe00,-0.0111079216,0xbc35fe00,-0.0111079216,0x00000000,0
l2,0.0625,0,min-error,metric_min,exp1,0,1,1,0.0303879976,0.0311578363,0.0303879976,0.0311578363,0.000769838691,14,raw-and-scaled,7,1,fp7_e1m5,fp7_e2m4,5,4,4,86,14,exp2,7,33,8,8,0.0303879976,0.0311578363,-26,0x3cff3eb8,0.0311578363,0x3f800000,1,0x3fe7f800,1.81225586,0x3fe7f800,1.81225586,0111001,1,25,11001,0111100,3,12,1100,0x3cfe0000,0.0310058594,0x3d7f0000,0.0622558594,0x3f800000,1
l2,0.0625,0,min-error,metric_min,exp1,0,1,1,0.0303879976,0.0311578363,0.0303879976,0.0311578363,0.000769838691,15,raw-and-scaled,7,1,fp7_e1m5,fp7_e2m4,5,4,4,86,15,exp2,7,33,8,8,0.0303879976,0.0311578363,-26,0x3cff3eb8,0.0311578363,0x3f800000,1,0xbaf7f800,-0.00189185143,0xbaf7f800,-0.00189185143,1000000,0,0,00000,1000000,0,0,0000,0xbaf7f800,-0.00189185143,0xbaf7f800,-0.00189185143,0x00000000,0
l2,0.0625,0,min-error,metric_min,exp1,0,1,1,0.0303879976,0.0311578363,0.0303879976,0.0311578363,0.000769838691,16,raw-and-scaled,7,1,fp7_e1m5,fp7_e2m4,5,4,4,86,16,exp2,7,33,8,8,0.0303879976,0.0311578363,-26,0x3cff3eb8,0.0311578363,0x3f800000,1,0x3e084040,0.133057594,0x3e084040,0.133057594,0000100,0,4,00100,0001000,0,8,1000,0x3c040400,0.0080575943,0x3c040400,0.0080575943,0x80000000,-0
l2,0.0625,0,min-error,metric_min,exp1,0,1,1,0.0303879976,0.0311578363,0.0303879976,0.0311578363,0.000769838691,17,raw-and-scaled,7,1,fp7_e1m5,fp7_e2m4,5,4,4,86,17,exp2,7,33,8,8,0.0303879976,0.0311578363,-26,0x3cff3eb8,0.0311578363,0x3f800000,1,0xbd45fe00,-0.0483379364,0xbd45fe00,-0.0483379364,1000001,0,1,00001,1000011,0,3,0011,0xbc8bfc00,-0.0170879364,0xbabfc000,-0.0014629364,0xbf800000,-1
l2,0.0625,0,min-error,metric_min,exp1,0,1,1,0.0303879976,0.0311578363,0.0303879976,0.0311578363,0.000769838691,18,raw-and-scaled,7,1,fp7_e1m5,fp7_e2m4,5,4,4,86,18,exp2,7,33,8,8,0.0303879976,0.0311578363,-26,0x3cff3eb8,0.0311578363,0x3f800000,1,0x3b128080,0.0022354424,0x3b128080,0.0022354424,0000000,0,0,00000,0000000,0,0,0000,0x3b128080,0.0022354424,0x3b128080,0.0022354424,0x00000000,0
l2,0.0625,0,min-error,metric_min,exp1,0,1,1,0.0303879976,0.0311578363,0.0303879976,0.0311578363,0.000769838691,19,raw-and-scaled,7,1,fp7_e1m5,fp7_e2m4,5,4,4,86,19,exp2,7,33,8,8,0.0303879976,0.0311578363,-26,0x3cff3eb8,0.0311578363,0x3f800000,1,0x3d937f80,0.0720205307,0x3d937f80,0.0720205307,0000010,0,2,00010,0000100,0,4,0100,0x3c1bfc00,0.0095205307,0x3c1bfc00,0.0095205307,0x80000000,-0
l2,0.0625,0,min-error,metric_min,exp1,0,1,1,0.0303879976,0.0311578363,0.0303879976,0.0311578363,0.000769838691,20,raw-and-scaled,7,1,fp7_e1m5,fp7_e2m4,5,4,4,86,20,exp2,7,33,8,8,0.0303879976,0.0311578363,-26,0x3cff3eb8,0.0311578363,0x3f800000,1,0x3bd1fe00,0.00640845299,0x3bd1fe00,0.00640845299,0000000,0,0,00000,0000000,0,0,0000,0x3bd1fe00,0.00640845299,0x3bd1fe00,0.00640845299,0x00000000,0
l2,0.0625,0,min-error,metric_min,exp1,0,1,1,0.0303879976,0.0311578363,0.0303879976,0.0311578363,0.000769838691,21,raw-and-scaled,7,1,fp7_e1m5,fp7_e2m4,5,4,4,86,21,exp2,7,33,8,8,0.0303879976,0.0311578363,-26,0x3cff3eb8,0.0311578363,0x3f800000,1,0xbf8abfc0,-1.08397675,0xbf8abfc0,-1.08397675,1100010,1,2,00010,1110001,3,1,0001,0xbcaff000,-0.0214767456,0xbcaff000,-0.0214767456,0x00000000,0
l2,0.0625,0,min-error,metric_min,exp1,0,1,1,0.0303879976,0.0311578363,0.0303879976,0.0311578363,0.000769838691,22,raw-and-scaled,7,1,fp7_e1m5,fp7_e2m4,5,4,4,86,22,exp2,7,33,8,8,0.0303879976,0.0311578363,-26,0x3cff3eb8,0.0311578363,0x3f800000,1,0x3a968080,0.00114823878,0x3a968080,0.00114823878,0000000,0,0,00000,0000000,0,0,0000,0x3a968080,0.00114823878,0x3a968080,0.00114823878,0x00000000,0
l2,0.0625,0,min-error,metric_min,exp1,0,1,1,0.0303879976,0.0311578363,0.0303879976,0.0311578363,0.000769838691,23,raw-and-scaled,7,1,fp7_e1m5,fp7_e2m4,5,4,4,86,23,exp2,7,33,8,8,0.0303879976,0.0311578363,-26,0x3cff3eb8,0.0311578363,0x3f800000,1,0x3e5e0200,0.216804504,0x3e5e0200,0.216804504,0000110,0,6,00110,0001101,0,13,1101,0x3cf01000,0.0293045044,0x3c602000,0.0136795044,0xbf800000,-1
l2,0.0625,0,min-error,metric_min,exp1,0,1,1,0.0303879976,0.0311578363,0.0303879976,0.0311578363,0.000769838691,24,raw-and-scaled,7,1,fp7_e1m5,fp7_e2m4,5,4,4,86,24,exp2,7,33,8,8,0.0303879976,0.0311578363,-26,0x3cff3eb8,0.0311578363,0x3f800000,1,0x3fc3fc00,1.53112793,0x3fc3fc00,1.53112793,0110000,1,16,10000,0111000,3,8,1000,0x3cff0000,0.0311279297,0x3cff0000,0.0311279297,0x00000000,0
l2,0.0625,0,min-error,metric_min,exp1,0,1,1,0.0303879976,0.0311578363,0.0303879976,0.0311578363,0.000769838691,25,raw-and-scaled,7,1,fp7_e1m5,fp7_e2m4,5,4,4,86,25,exp2,7,33,8,8,0.0303879976,0.0311578363,-26,0x3cff3eb8,0.0311578363,0x3f800000,1,0x3e980800,0.296936035,0x3e980800,0.296936035,0001001,0,9,01001,0010011,1,3,0011,0x3c808000,0.0156860352,0x38800000,6.10351562e-05,0xbf800000,-1
l2,0.0625,0,min-error,metric_min,exp1,0,1,1,0.0303879976,0.0311578363,0.0303879976,0.0311578363,0.000769838691,26,raw-and-scaled,7,1,fp7_e1m5,fp7_e2m4,5,4,4,86,26,exp2,7,33,8,8,0.0303879976,0.0311578363,-26,0x3cff3eb8,0.0311578363,0x3f800000,1,0x3da7f800,0.0820159912,0x3da7f800,0.0820159912,0000010,0,2,00010,0000101,0,5,0101,0x3c9fe000,0.0195159912,0x3b7f0000,0.00389099121,0xbf800000,-1
l2,0.0625,0,min-error,metric_min,exp1,0,1,1,0.0303879976,0.0311578363,0.0303879976,0.0311578363,0.000769838691,27,raw-and-scaled,7,1,fp7_e1m5,fp7_e2m4,5,4,4,86,27,exp2,7,33,8,8,0.0303879976,0.0311578363,-26,0x3cff3eb8,0.0311578363,0x3f800000,1,0xbeee0200,-0.464859009,0xbeee0200,-0.464859009,1001110,0,14,01110,1011101,1,13,1101,0xbce02000,-0.0273590088,0xbc404000,-0.0117340088,0xbf800000,-1
l2,0.0625,0,min-error,metric_min,exp1,0,1,1,0.0303879976,0.0311578363,0.0303879976,0.0311578363,0.000769838691,28,raw-and-scaled,7,1,fp7_e1m5,fp7_e2m4,5,4,4,86,28,exp2,7,33,8,8,0.0303879976,0.0311578363,-26,0x3cff3eb8,0.0311578363,0x3f800000,1,0x3bf20200,0.00738549232,0x3bf20200,0.00738549232,0000000,0,0,00000,0000000,0,0,0000,0x3bf20200,0.00738549232,0x3bf20200,0.00738549232,0x00000000,0
l2,0.0625,0,min-error,metric_min,exp1,0,1,1,0.0303879976,0.0311578363,0.0303879976,0.0311578363,0.000769838691,29,raw-and-scaled,7,1,fp7_e1m5,fp7_e2m4,5,4,4,86,29,exp2,7,33,8,8,0.0303879976,0.0311578363,-26,0x3cff3eb8,0.0311578363,0x3f800000,1,0xbb0ebfc0,-0.00217817724,0xbb0ebfc0,-0.00217817724,1000000,0,0,00000,1000000,0,0,0000,0xbb0ebfc0,-0.00217817724,0xbb0ebfc0,-0.00217817724,0x00000000,0
l2,0.0625,0,min-error,metric_min,exp1,0,1,1,0.0303879976,0.0311578363,0.0303879976,0.0311578363,0.000769838691,30,raw-and-scaled,7,1,fp7_e1m5,fp7_e2m4,5,4,4,86,30,exp2,7,33,8,8,0.0303879976,0.0311578363,-26,0x3cff3eb8,0.0311578363,0x3f800000,1,0x3d8f3fc0,0.0699458122,0x3d8f3fc0,0.0699458122,0000010,0,2,00010,0000100,0,4,0100,0x3bf3fc00,0.00744581223,0x3bf3fc00,0.00744581223,0x80000000,-0
l2,0.0625,0,min-error,metric_min,exp1,0,1,1,0.0303879976,0.0311578363,0.0303879976,0.0311578363,0.000769838691,31,raw-and-scaled,7,1,fp7_e1m5,fp7_e2m4,5,4,4,86,31,exp2,7,33,8,8,0.0303879976,0.0311578363,-26,0x3cff3eb8,0.0311578363,0x3f800000,1,0x3e7bfc00,0.246078491,0x3e7bfc00,0.246078491,0000111,0,7,00111,0001111,0,15,1111,0x3cdfe000,0.0273284912,0x3c3fc000,0.0117034912,0xbf800000,-1
l2,0.0625,0,min-error,metric_min,exp1,0,1,1,0.0303879976,0.0311578363,0.0303879976,0.0311578363,0.000769838691,32,raw-and-scaled,7,1,fp7_e1m5,fp7_e2m4,5,4,4,86,32,exp2,7,33,8,8,0.0303879976,0.0311578363,-26,0x3cff3eb8,0.0311578363,0x3f800000,1,0x3b040400,0.00201439857,0x3b040400,0.00201439857,0000000,0,0,00000,0000000,0,0,0000,0x3b040400,0.00201439857,0x3b040400,0.00201439857,0x00000000,0
l2,0.0625,0,min-error,metric_min,exp1,0,1,1,0.0303879976,0.0311578363,0.0303879976,0.0311578363,0.000769838691,33,raw-and-scaled,7,1,fp7_e1m5,fp7_e2m4,5,4,4,86,33,exp2,7,33,8,8,0.0303879976,0.0311578363,-26,0x3cff3eb8,0.0311578363,0x3f800000,1,0x3d10bfc0,0.0353391171,0x3d10bfc0,0.0353391171,0000001,0,1,00001,0000010,0,2,0010,0x3b85fe00,0.00408911705,0x3b85fe00,0.00408911705,0x80000000,-0
l2,0.0625,0,min-error,metric_min,exp1,0,1,1,0.0303879976,0.0311578363,0.0303879976,0.0311578363,0.000769838691,34,raw-and-scaled,7,1,fp7_e1m5,fp7_e2m4,5,4,4,86,34,exp2,7,33,8,8,0.0303879976,0.0311578363,-26,0x3cff3eb8,0.0311578363,0x3f800000,1,0xbac50100,-0.00150302052,0xbac50100,-0.00150302052,1000000,0,0,00000,1000000,0,0,0000,0xbac50100,-0.00150302052,0xbac50100,-0.00150302052,0x00000000,0
l2,0.0625,0,min-error,metric_min,exp1,0,1,1,0.0303879976,0.0311578363,0.0303879976,0.0311578363,0.000769838691,35,raw-and-scaled,7,1,fp7_e1m5,fp7_e2m4,5,4,4,86,35,exp2,7,33,8,8,0.0303879976,0.0311578363,-26,0x3cff3eb8,0.0311578363,0x3f800000,1,0xba8dfe00,-0.00108331442,0xba8dfe00,-0.00108331442,1000000,0,0,00000,1000000,0,0,0000,0xba8dfe00,-0.00108331442,0xba8dfe00,-0.00108331442,0x00000000,0
l2,0.0625,0,min-error,metric_min,exp1,0,1,1,0.0303879976,0.0311578363,0.0303879976,0.0311578363,0.000769838691,36,raw-and-scaled,7,1,fp7_e1m5,fp7_e2m4,5,4,4,86,36,exp2,7,33,8,8,0.0303879976,0.0311578363,-26,0x3cff3eb8,0.0311578363,0x3f800000,1,0x3fc80800,1.56274414,0x3fc80800,1.56274414,0110010,1,18,10010,0111001,3,9,1001,0x39800000,0.000244140625,0x39800000,0.000244140625,0x00000000,0
l2,0.0625,0,min-error,metric_min,exp1,0,1,1,0.0303879976,0.0311578363,0.0303879976,0.0311578363,0.000769838691,37,raw-and-scaled,7,1,fp7_e1m5,fp7_e2m4,5,4,4,86,37,exp2,7,33,8,8,0.0303879976,0.0311578363,-26,0x3cff3eb8,0.0311578363,0x3f800000,1,0x3b15fe00,0.00228869915,0x3b15fe00,0.00228869915,0000000,0,0,00000,0000000,0,0,0000,0x3b15fe00,0.00228869915,0x3b15fe00,0.00228869915,0x00000000,0
l2,0.0625,0,min-error,metric_min,exp1,0,1,1,0.0303879976,0.0311578363,0.0303879976,0.0311578363,0.000769838691,38,raw-and-scaled,7,1,fp7_e1m5,fp7_e2m4,5,4,4,86,38,exp2,7,33,8,8,0.0303879976,0.0311578363,-26,0x3cff3eb8,0.0311578363,0x3f800000,1,0xbe1a0200,-0.150398254,0xbe1a0200,-0.150398254,1000100,0,4,00100,1001001,0,9,1001,0xbcd01000,-0.0253982544,0xbc202000,-0.00977325439,0xbf800000,-1
l2,0.0625,0,min-error,metric_min,exp1,0,1,1,0.0303879976,0.0311578363,0.0303879976,0.0311578363,0.000769838691,39,raw-and-scaled,7,1,fp7_e1m5,fp7_e2m4,5,4,4,86,39,exp2,7,33,8,8,0.0303879976,0.0311578363,-26,0x3cff3eb8,0.0311578363,0x3f800000,1,0xbdceff00,-0.101072311,0xbdceff00,-0.101072311,1000011,0,3,00011,1000110,0,6,0110,0xbbeff000,-0.0073223114,0xbbeff000,-0.0073223114,0x80000000,-0
l2,0.0625,0,min-error,metric_min,exp1,0,1,1,0.0303879976,0.0311578363,0.0303879976,0.0311578363,0.000769838691,40,raw-and-scaled,7,1,fp7_e1m5,fp7_e2m4,5,4,4,86,40,exp2,7,33,8,8,0.0303879976,0.0311578363,-26,0x3cff3eb8,0.0311578363,0x3f800000,1,0x3c080800,0.0083026886,0x3c080800,0.0083026886,0000000,0,0,00000,0000000,0,0,0000,0x3c080800,0.0083026886,0x3c080800,0.0083026886,0x00000000,0
l2,0.0625,0,min-error,metric_min,exp1,0,1,1,0.0303879976,0.0311578363,0.0303879976,0.0311578363,0.000769838691,41,raw-and-scaled,7,1,fp7_e1m5,fp7_e2m4,5,4,4,86,41,exp2,7,33,8,8,0.0303879976,0.0311578363,-26,0x3cff3eb8,0.0311578363,0x3f800000,1,0xbfa98080,-1.32423401,0xbfa98080,-1.32423401,1101010,1,10,01010,1110101,3,5,0101,0xbc404000,-0.0117340088,0xbc404000,-0.0117340088,0x00000000,0
l2,0.0625,0,min-error,metric_min,exp1,0,1,1,0.0303879976,0.0311578363,0.0303879976,0.0311578363,0.000769838691,42,raw-and-scaled,7,1,fp7_e1m5,fp7_e2m4,5,4,4,86,42,exp2,7,33,8,8,0.0303879976,0.0311578363,-26,0x3cff3eb8,0.0311578363,0x3f800000,1,0x3bd3fc00,0.00646924973,0x3bd3fc00,0.00646924973,0000000,0,0,00000,0000000,0,0,0000,0x3bd3fc00,0.00646924973,0x3bd3fc00,0.00646924973,0x00000000,0
l2,0.0625,0,min-error,metric_min,exp1,0,1,1,0.0303879976,0.0311578363,0.0303879976,0.0311578363,0.000769838691,43,raw-and-scaled,7,1,fp7_e1m5,fp7_e2m4,5,4,4,86,43,exp2,7,33,8,8,0.0303879976,0.0311578363,-26,0x3cff3eb8,0.0311578363,0x3f800000,1,0xbbab8080,-0.00523382425,0xbbab8080,-0.00523382425,1000000,0,0,00000,1000000,0,0,0000,0xbbab8080,-0.00523382425,0xbbab8080,-0.00523382425,0x00000000,0
l2,0.0625,0,min-error,metric_min,exp1,0,1,1,0.0303879976,0.0311578363,0.0303879976,0.0311578363,0.000769838691,44,raw-and-scaled,7,1,fp7_e1m5,fp7_e2m4,5,4,4,86,44,exp2,7,33,8,8,0.0303879976,0.0311578363,-26,0x3cff3eb8,0.0311578363,0x3f800000,1,0xbec7f800,-0.390563965,0xbec7f800,-0.390563965,1001100,0,12,01100,1011000,1,8,1000,0xbc7f0000,-0.0155639648,0xbc7f0000,-0.0155639648,0x80000000,-0
l2,0.0625,0,min-error,metric_min,exp1,0,1,1,0.0303879976,0.0311578363,0.0303879976,0.0311578363,0.000769838691,45,raw-and-scaled,7,1,fp7_e1m5,fp7_e2m4,5,4,4,86,45,exp2,7,33,8,8,0.0303879976,0.0311578363,-26,0x3cff3eb8,0.0311578363,0x3f800000,1,0x3edb0100,0.427742004,0x3edb0100,0.427742004,0001101,0,13,01101,0011011,1,11,1011,0x3cb01000,0.0214920044,0x3bc04000,0.00586700439,0xbf800000,-1
l2,0.0625,0,min-error,metric_min,exp1,0,1,1,0.0303879976,0.0311578363,0.0303879976,0.0311578363,0.000769838691,46,raw-and-scaled,7,1,fp7_e1m5,fp7_e2m4,5,4,4,86,46,exp2,7,33,8,8,0.0303879976,0.0311578363,-26,0x3cff3eb8,0.0311578363,0x3f800000,1,0xbcb9fe00,-0.0227041245,0xbcb9fe00,-0.0227041245,1000000,0,0,00000,1000001,0,1,0001,0xbcb9fe00,-0.0227041245,0xbbe7f800,-0.00707912445,0xbf800000,-1
l2,0.0625,0,min-error,metric_min,exp1,0,1,1,0.0303879976,0.0311578363,0.0303879976,0.0311578363,0.000769838691,47,raw-and-scaled,7,1,fp7_e1m5,fp7_e2m4,5,4,4,86,47,exp2,7,33,8,8,0.0303879976,0.0311578363,-26,0x3cff3eb8,0.0311578363,0x3f800000,1,0x3aaf8080,0.00133897364,0x3aaf8080,0.00133897364,0000000,0,0,00000,0000000,0,0,0000,0x3aaf8080,0.00133897364,0x3aaf8080,0.00133897364,0x00000000,0
l2,0.0625,0,min-error,metric_min,exp1,0,1,1,0.0303879976,0.0311578363,0.0303879976,0.0311578363,0.000769838691,48,raw-and-scaled,7,1,fp7_e1m5,fp7_e2m4,5,4,4,86,48,exp2,7,33,8,8,0.0303879976,0.0311578363,-26,0x3cff3eb8,0.0311578363,0x3f800000,1,0x3f184040,0.594730377,0x3f184040,0.594730377,0010011,0,19,10011,0100011,2,3,0011,0x3a808000,0.000980377197,0x3a808000,0.000980377197,0x00000000,0
l2,0.0625,0,min-error,metric_min,exp1,0,1,1,0.0303879976,0.0311578363,0.0303879976,0.0311578363,0.000769838691,49,raw-and-scaled,7,1,fp7_e1m5,fp7_e2m4,5,4,4,86,49,exp2,7,33,8,8,0.0303879976,0.0311578363,-26,0x3cff3eb8,0.0311578363,0x3f800000,1,0xbbb18080,-0.00541692972,0xbbb18080,-0.00541692972,1000000,0,0,00000,1000000,0,0,0000,0xbbb18080,-0.00541692972,0xbbb18080,-0.00541692972,0x00000000,0
l2,0.0625,0,min-error,metric_min,exp1,0,1,1,0.0303879976,0.0311578363,0.0303879976,0.0311578363,0.000769838691,50,raw-and-scaled,7,1,fp7_e1m5,fp7_e2m4,5,4,4,86,50,exp2,7,33,8,8,0.0303879976,0.0311578363,-26,0x3cff3eb8,0.0311578363,0x3f800000,1,0x3d27f800,0.0410079956,0x3d27f800,0.0410079956,0000001,0,1,00001,0000010,0,2,0010,0x3c1fe000,0.00975799561,0x3c1fe000,0.00975799561,0x80000000,-0
l2,0.0625,0,min-error,metric_min,exp1,0,1,1,0.0303879976,0.0311578363,0.0303879976,0.0311578363,0.000769838691,51,raw-and-scaled,7,1,fp7_e1m5,fp7_e2m4,5,4,4,86,51,exp2,7,33,8,8,0.0303879976,0.0311578363,-26,0x3cff3eb8,0.0311578363,0x3f800000,1,0xbab38080,-0.00136949122,0xbab38080,-0.00136949122,1000000,0,0,00000,1000000,0,0,0000,0xbab38080,-0.00136949122,0xbab38080,-0.00136949122,0x00000000,0
l2,0.0625,0,min-error,metric_min,exp1,0,1,1,0.0303879976,0.0311578363,0.0303879976,0.0311578363,0.000769838691,52,raw-and-scaled,7,1,fp7_e1m5,fp7_e2m4,5,4,4,86,52,exp2,7,33,8,8,0.0303879976,0.0311578363,-26,0x3cff3eb8,0.0311578363,0x3f800000,1,0x3e347f80,0.176267624,0x3e347f80,0.176267624,0000101,0,5,00101,0001011,0,11,1011,0x3ca3fc00,0.0200176239,0x3b8ff000,0.0043926239,0xbf800000,-1
l2,0.0625,0,min-error,metric_min,exp1,0,1,1,0.0303879976,0.0311578363,0.0303879976,0.0311578363,0.000769838691,53,raw-and-scaled,7,1,fp7_e1m5,fp7_e2m4,5,4,4,86,53,exp2,7,33,8,8,0.0303879976,0.0311578363,-26,0x3cff3eb8,0.0311578363,0x3f800000,1,0x3fd7f800,1.68725586,0x3fd7f800,1.68725586,0110101,1,21,10101,0111010,3,10,1010,0x3cfe0000,0.0310058594,0x3d7f0000,0.0622558594,0x3f800000,1
l2,0.0625,0,min-error,metric_min,exp1,0,1,1,0.0303879976,0.0311578363,0.0303879976,0.0311578363,0.000769838691,54,raw-and-scaled,7,1,fp7_e1m5,fp7_e2m4,5,4,4,86,54,exp2,7,33,8,8,0.0303879976,0.0311578363,-26,0x3cff3eb8,0.0311578363,0x3f800000,1,0xbb340400,-0.00274682045,0xbb340400,-0.00274682045,1000000,0,0,00000,1000000,0,0,0000,0xbb340400,-0.00274682045,0xbb340400,-0.00274682045,0x00000000,0
l2,0.0625,0,min-error,metric_min,exp1,0,1,1,0.0303879976,0.0311578363,0.0303879976,0.0311578363,0.000769838691,55,raw-and-scaled,7,1,fp7_e1m5,fp7_e2m4,5,4,4,86,55,exp2,7,33,8,8,0.0303879976,0.0311578363,-26,0x3cff3eb8,0.0311578363,0x3f800000,1,0xbeddfe00,-0.433578491,0xbeddfe00,-0.433578491,1001101,0,13,01101,1011011,1,11,1011,0xbcdfe000,-0.0273284912,0xbc3fc000,-0.0117034912,0xbf800000,-1
l2,0.0625,0,min-error,metric_min,exp1,0,1,1,0.0303879976,0.0311578363,0.0303879976,0.0311578363,0.000769838691,56,raw-and-scaled,7,1,fp7_e1m5,fp7_e2m4,5,4,4,86,56,exp2,7,33,8,8,0.0303879976,0.0311578363,-26,0x3cff3eb8,0.0311578363,0x3f800000,1,0xbe61fe00,-0.220695496,0xbe61fe00,-0.220695496,1000111,0,7,00111,1001110,0,14,1110,0xbaff0000,-0.00194549561,0xbaff0000,-0.00194549561,0x80000000,-0
l2,0.0625,0,min-error,metric_min,exp1,0,1,1,0.0303879976,0.0311578363,0.0303879976,0.0311578363,0.000769838691,57,raw-and-scaled,7,1,fp7_e1m5,fp7_e2m4,5,4,4,86,57,exp2,7,33,8,8,0.0303879976,0.0311578363,-26,0x3cff3eb8,0.0311578363,0x3f800000,1,0xbbb97f80,-0.00566095114,0xbbb97f80,-0.00566095114,1000000,0,0,00000,1000000,0,0,0000,0xbbb97f80,-0.00566095114,0xbbb97f80,-0.00566095114,0x00000000,0
l2,0.0625,0,min-error,metric_min,exp1,0,1,1,0.0303879976,0.0311578363,0.0303879976,0.0311578363,0.000769838691,58,raw-and-scaled,7,1,fp7_e1m5,fp7_e2m4,5,4,4,86,58,exp2,7,33,8,8,0.0303879976,0.0311578363,-26,0x3cff3eb8,0.0311578363,0x3f800000,1,0x3bf50100,0.00747692585,0x3bf50100,0.00747692585,0000000,0,0,00000,0000000,0,0,0000,0x3bf50100,0.00747692585,0x3bf50100,0.00747692585,0x00000000,0
l2,0.0625,0,min-error,metric_min,exp1,0,1,1,0.0303879976,0.0311578363,0.0303879976,0.0311578363,0.000769838691,59,raw-and-scaled,7,1,fp7_e1m5,fp7_e2m4,5,4,4,86,59,exp2,7,33,8,8,0.0303879976,0.0311578363,-26,0x3cff3eb8,0.0311578363,0x3f800000,1,0xbe770100,-0.241214752,0xbe770100,-0.241214752,1000111,0,7,00111,1001111,0,15,1111,0xbcb80800,-0.0224647522,0xbbe02000,-0.0068397522,0xbf800000,-1
l2,0.0625,0,min-error,metric_min,exp1,0,1,1,0.0303879976,0.0311578363,0.0303879976,0.0311578363,0.000769838691,60,raw-and-scaled,7,1,fp7_e1m5,fp7_e2m4,5,4,4,86,60,exp2,7,33,8,8,0.0303879976,0.0311578363,-26,0x3cff3eb8,0.0311578363,0x3f800000,1,0x3ce3fc00,0.0278301239,0x3ce3fc00,0.0278301239,0000000,0,0,00000,0000001,0,1,0001,0x3ce3fc00,0.0278301239,0x3c47f800,0.0122051239,0xbf800000,-1
l2,0.0625,0,min-error,metric_min,exp1,0,1,1,0.0303879976,0.0311578363,0.0303879976,0.0311578363,0.000769838691,61,raw-and-scaled,7,1,fp7_e1m5,fp7_e2m4,5,4,4,86,61,exp2,7,33,8,8,0.0303879976,0.0311578363,-26,0x3cff3eb8,0.0311578363,0x3f800000,1,0xbbbd7f80,-0.00578302145,0xbbbd7f80,-0.00578302145,1000000,0,0,00000,1000000,0,0,0000,0xbbbd7f80,-0.00578302145,0xbbbd7f80,-0.00578302145,0x00000000,0
l2,0.0625,0,min-error,metric_min,exp1,0,1,1,0.0303879976,0.0311578363,0.0303879976,0.0311578363,0.000769838691,62,raw-and-scaled,7,1,fp7_e1m5,fp7_e2m4,5,4,4,86,62,exp2,7,33,8,8,0.0303879976,0.0311578363,-26,0x3cff3eb8,0.0311578363,0x3f800000,1,0xbbbe8080,-0.00581365824,0xbbbe8080,-0.00581365824,1000000,0,0,00000,1000000,0,0,0000,0xbbbe8080,-0.00581365824,0xbbbe8080,-0.00581365824,0x00000000,0
l2,0.0625,0,min-error,metric_min,exp1,0,1,1,0.0303879976,0.0311578363,0.0303879976,0.0311578363,0.000769838691,63,raw-and-scaled,7,1,fp7_e1m5,fp7_e2m4,5,4,4,86,63,exp2,7,33,8,8,0.0303879976,0.0311578363,-26,0x3cff3eb8,0.0311578363,0x3f800000,1,0x3e3f8080,0.187013626,0x3e3f8080,0.187013626,0000101,0,5,00101,0001011,0,11,1011,0x3cfc0400,0.0307636261,0x3c780800,0.0151386261,0xbf800000,-1
l2,0.0625,0,min-error,metric_min,exp1,0,1,1,0.0303879976,0.0311578363,0.0303879976,0.0311578363,0.000769838691,64,raw-and-scaled,7,1,fp7_e1m5,fp7_e2m4,5,4,4,86,64,exp2,7,33,8,8,0.0303879976,0.0311578363,-26,0x3cff3eb8,0.0311578363,0x3f800000,1,0xbe408080,-0.187990189,0xbe408080,-0.187990189,1000110,0,6,00110,1001100,0,12,1100,0xba008000,-0.000490188599,0xba008000,-0.000490188599,0x80000000,-0
l2,0.0625,0,min-error,metric_min,exp1,0,1,1,0.0303879976,0.0311578363,0.0303879976,0.0311578363,0.000769838691,65,raw-and-scaled,7,1,fp7_e1m5,fp7_e2m4,5,4,4,86,65,exp2,7,33,8,8,0.0303879976,0.0311578363,-26,0x3cff3eb8,0.0311578363,0x3f800000,1,0xbfc17f80,-1.51170349,0xbfc17f80,-1.51170349,1110000,1,16,10000,1111000,3,8,1000,0xbc3fc000,-0.0117034912,0xbc3fc000,-0.0117034912,0x00000000,0
l2,0.0625,0,min-error,metric_min,exp1,0,1,1,0.0303879976,0.0311578363,0.0303879976,0.0311578363,0.000769838691,66,raw-and-scaled,7,1,fp7_e1m5,fp7_e2m4,5,4,4,86,66,exp2,7,33,8,8,0.0303879976,0.0311578363,-26,0x3cff3eb8,0.0311578363,0x3f800000,1,0x3aa14040,0.00123024732,0x3aa14040,0.00123024732,0000000,0,0,00000,0000000,0,0,0000,0x3aa14040,0.00123024732,0x3aa14040,0.00123024732,0x00000000,0
l2,0.0625,0,min-error,metric_min,exp1,0,1,1,0.0303879976,0.0311578363,0.0303879976,0.0311578363,0.000769838691,67,raw-and-scaled,7,1,fp7_e1m5,fp7_e2m4,5,4,4,86,67,exp2,7,33,8,8,0.0303879976,0.0311578363,-26,0x3cff3eb8,0.0311578363,0x3f800000,1,0x3cb7f800,0.0224571228,0x3cb7f800,0.0224571228,0000000,0,0,00000,0000001,0,1,0001,0x3cb7f800,0.0224571228,0x3bdfe000,0.0068321228,0xbf800000,-1
l2,0.0625,0,min-error,metric_min,exp1,0,1,1,0.0303879976,0.0311578363,0.0303879976,0.0311578363,0.000769838691,68,raw-and-scaled,7,1,fp7_e1m5,fp7_e2m4,5,4,4,86,68,exp2,7,33,8,8,0.0303879976,0.0311578363,-26,0x3cff3eb8,0.0311578363,0x3f800000,1,0xbd120200,-0.0356464386,0xbd120200,-0.0356464386,1000001,0,1,00001,1000010,0,2,0010,0xbb901000,-0.0043964386,0xbb901000,-0.0043964386,0x80000000,-0
l2,0.0625,0,min-error,metric_min,exp1,0,1,1,0.0303879976,0.0311578363,0.0303879976,0.0311578363,0.000769838691,69,raw-and-scaled,7,1,fp7_e1m5,fp7_e2m4,5,4,4,86,69,exp2,7,33,8,8,0.0303879976,0.0311578363,-26,0x3cff3eb8,0.0311578363,0x3f800000,1,0x3b2c0400,0.00262475014,0x3b2c0400,0.00262475014,0000000,0,0,00000,0000000,0,0,0000,0x3b2c0400,0.00262475014,0x3b2c0400,0.00262475014,0x00000000,0
l2,0.0625,0,min-error,metric_min,exp1,0,1,1,0.0303879976,0.0311578363,0.0303879976,0.0311578363,0.000769838691,70,raw-and-scaled,7,1,fp7_e1m5,fp7_e2m4,5,4,4,86,70,exp2,7,33,8,8,0.0303879976,0.0311578363,-26,0x3cff3eb8,0.0311578363,0x3f800000,1,0x3bb40400,0.0054936409,0x3bb40400,0.0054936409,0000000,0,0,00000,0000000,0,0,0000,0x3bb40400,0.0054936409,0x3bb40400,0.0054936409,0x00000000,0
l2,0.0625,0,min-error,metric_min,exp1,0,1,1,0.0303879976,0.0311578363,0.0303879976,0.0311578363,0.000769838691,71,raw-and-scaled,7,1,fp7_e1m5,fp7_e2m4,5,4,4,86,71,exp2,7,33,8,8,0.0303879976,0.0311578363,-26,0x3cff3eb8,0.0311578363,0x3f800000,1,0xbb8eff00,-0.00436389446,0xbb8eff00,-0.00436389446,1000000,0,0,00000,1000000,0,0,0000,0xbb8eff00,-0.00436389446,0xbb8eff00,-0.00436389446,0x00000000,0
l2,0.0625,0,min-error,metric_min,exp1,0,1,1,0.0303879976,0.0311578363,0.0303879976,0.0311578363,0.000769838691,72,raw-and-scaled,7,1,fp7_e1m5,fp7_e2m4,5,4,4,86,72,exp2,7,33,8,8,0.0303879976,0.0311578363,-26,0x3cff3eb8,0.0311578363,0x3f800000,1,0x3bc40400,0.00598192215,0x3bc40400,0.00598192215,0000000,0,0,00000,0000000,0,0,0000,0x3bc40400,0.00598192215,0x3bc40400,0.00598192215,0x00000000,0
l2,0.0625,0,min-error,metric_min,exp1,0,1,1,0.0303879976,0.0311578363,0.0303879976,0.0311578363,0.000769838691,73,raw-and-scaled,7,1,fp7_e1m5,fp7_e2m4,5,4,4,86,73,exp2,7,33,8,8,0.0303879976,0.0311578363,-26,0x3cff3eb8,0.0311578363,0x3f800000,1,0xbc4c0400,-0.0124521255,0xbc4c0400,-0.0124521255,1000000,0,0,00000,1000000,0,0,0000,0xbc4c0400,-0.0124521255,0xbc4c0400,-0.0124521255,0x00000000,0
l2,0.0625,0,min-error,metric_min,exp1,0,1,1,0.0303879976,0.0311578363,0.0303879976,0.0311578363,0.000769838691,74,raw-and-scaled,7,1,fp7_e1m5,fp7_e2m4,5,4,4,86,74,exp2,7,33,8,8,0.0303879976,0.0311578363,-26,0x3cff3eb8,0.0311578363,0x3f800000,1,0x3e27f800,0.164031982,0x3e27f800,0.164031982,0000101,0,5,00101,0001010,0,10,1010,0x3bff0000,0.00778198242,0x3bff0000,0.00778198242,0x80000000,-0
l2,0.0625,0,min-error,metric_min,exp1,0,1,1,0.0303879976,0.0311578363,0.0303879976,0.0311578363,0.000769838691,75,raw-and-scaled,7,1,fp7_e1m5,fp7_e2m4,5,4,4,86,75,exp2,7,33,8,8,0.0303879976,0.0311578363,-26,0x3cff3eb8,0.0311578363,0x3f800000,1,0xbe2e0200,-0.169929504,0xbe2e0200,-0.169929504,1000101,0,5,00101,1001010,0,10,1010,0xbc602000,-0.0136795044,0xbc602000,-0.0136795044,0x80000000,-0
l2,0.0625,0,min-error,metric_min,exp1,0,1,1,0.0303879976,0.0311578363,0.0303879976,0.0311578363,0.000769838691,76,raw-and-scaled,7,1,fp7_e1m5,fp7_e2m4,5,4,4,86,76,exp2,7,33,8,8,0.0303879976,0.0311578363,-26,0x3cff3eb8,0.0311578363,0x3f800000,1,0xbdcc8080,-0.0998544693,0xbdcc8080,-0.0998544693,1000011,0,3,00011,1000110,0,6,0110,0xbbc80800,-0.0061044693,0xbbc80800,-0.0061044693,0x80000000,-0
l2,0.0625,0,min-error,metric_min,exp1,0,1,1,0.0303879976,0.0311578363,0.0303879976,0.0311578363,0.000769838691,77,raw-and-scaled,7,1,fp7_e1m5,fp7_e2m4,5,4,4,86,77,exp2,7,33,8,8,0.0303879976,0.0311578363,-26,0x3cff3eb8,0.0311578363,0x3f800000,1,0xbd4d8080,-0.0501713753,0xbd4d8080,-0.0501713753,1000001,0,1,00001,1000011,0,3,0011,0xbc9b0100,-0.0189213753,0xbb580800,-0.00329637527,0xbf800000,-1
l2,0.0625,0,min-error,metric_min,exp1,0,1,1,0.0303879976,0.0311578363,0.0303879976,0.0311578363,0.000769838691,78,raw-and-scaled,7,1,fp7_e1m5,fp7_e2m4,5,4,4,86,78,exp2,7,33,8,8,0.0303879976,0.0311578363,-26,0x3cff3eb8,0.0311578363,0x3f800000,1,0x3fce8080,1.61329651,0x3fce8080,1.61329651,0110011,1,19,10011,0111001,3,9,1001,0x3ca02000,0.0195465088,0x3d501000,0.0507965088,0x3f800000,1
l2,0.0625,0,min-error,metric_min,exp1,0,1,1,0.0303879976,0.0311578363,0.0303879976,0.0311578363,0.000769838691,79,raw-and-scaled,7,1,fp7_e1m5,fp7_e2m4,5,4,4,86,79,exp2,7,33,8,8,0.0303879976,0.0311578363,-26,0x3cff3eb8,0.0311578363,0x3f800000,1,0x3fa7bfc0,1.31053925,0x3fa7bfc0,1.31053925,0101001,1,9,01001,0110100,3,4,0100,0x3ceff000,0.0292892456,0x3d77f800,0.0605392456,0x3f800000,1
l2,0.0625,0,min-error,metric_min,exp1,0,1,1,0.0303879976,0.0311578363,0.0303879976,0.0311578363,0.000769838691,80,raw-and-scaled,7,1,fp7_e1m5,fp7_e2m4,5,4,4,86,80,exp2,7,33,8,8,0.0303879976,0.0311578363,-26,0x3cff3eb8,0.0311578363,0x3f800000,1,0x3cd07f80,0.0254514217,0x3cd07f80,0.0254514217,0000000,0,0,00000,0000001,0,1,0001,0x3cd07f80,0.0254514217,0x3c20ff00,0.00982642174,0xbf800000,-1
l2,0.0625,0,min-error,metric_min,exp1,0,1,1,0.0303879976,0.0311578363,0.0303879976,0.0311578363,0.000769838691,81,raw-and-scaled,7,1,fp7_e1m5,fp7_e2m4,5,4,4,86,81,exp2,7,33,8,8,0.0303879976,0.0311578363,-26,0x3cff3eb8,0.0311578363,0x3f800000,1,0xbc460200,-0.0120854378,0xbc460200,-0.0120854378,1000000,0,0,00000,1000000,0,0,0000,0xbc460200,-0.0120854378,0xbc460200,-0.0120854378,0x00000000,0
l2,0.0625,0,min-error,metric_min,exp1,0,1,1,0.0303879976,0.0311578363,0.0303879976,0.0311578363,0.000769838691,82,raw-and-scaled,7,1,fp7_e1m5,fp7_e2m4,5,4,4,86,82,exp2,7,33,8,8,0.0303879976,0.0311578363,-26,0x3cff3eb8,0.0311578363,0x3f800000,1,0xbf293fc0,-0.661128998,0xbf293fc0,-0.661128998,1010101,0,21,10101,1100101,2,5,0101,0xbb9fe000,-0.0048789978,0xbb9fe000,-0.0048789978,0x00000000,0
l2,0.0625,0,min-error,metric_min,exp1,0,1,1,0.0303879976,0.0311578363,0.0303879976,0.0311578363,0.000769838691,83,raw-and-scaled,7,1,fp7_e1m5,fp7_e2m4,5,4,4,86,83,exp2,7,33,8,8,0.0303879976,0.0311578363,-26,0x3cff3eb8,0.0311578363,0x3f800000,1,0xbb270100,-0.00254827738,0xbb270100,-0.00254827738,1000000,0,0,00000,1000000,0,0,0000,0xbb270100,-0.00254827738,0xbb270100,-0.00254827738,0x00000000,0
l2,0.0625,0,min-error,metric_min,exp1,0,1,1,0.0303879976,0.0311578363,0.0303879976,0.0311578363,0.000769838691,84,raw-and-scaled,7,1,fp7_e1m5,fp7_e2m4,5,4,4,86,84,exp2,7,33,8,8,0.0303879976,0.0311578363,-26,0x3cff3eb8,0.0311578363,0x3f800000,1,0x3d548080,0.0518803596,0x3d548080,0.0518803596,0000001,0,1,00001,0000011,0,3,0011,0x3ca90100,0.0206303596,0x3ba40400,0.00500535965,0xbf800000,-1
l2,0.0625,0,min-error,metric_min,exp1,0,1,1,0.0303879976,0.0311578363,0.0303879976,0.0311578363,0.000769838691,85,raw-and-scaled,7,1,fp7_e1m5,fp7_e2m4,5,4,4,86,85,exp2,7,33,8,8,0.0303879976,0.0311578363,-26,0x3cff3eb8,0.0311578363,0x3f800000,1,0xbc57f800,-0.0131816864,0xbc57f800,-0.0131816864,1000000,0,0,00000,1000000,0,0,0000,0xbc57f800,-0.0131816864,0xbc57f800,-0.0131816864,0x00000000,0
l2,0.0625,0,min-error,metric_min,exp1,0,1,1,0.0303879976,0.0311578363,0.0303879976,0.0311578363,0.000769838691,86,raw-and-scaled,7,1,fp7_e1m5,fp7_e2m4,5,4,4,86,86,exp2,7,33,8,8,0.0303879976,0.0311578363,-26,0x3cff3eb8,0.0311578363,0x3f800000,1,0x3fb40400,1.40637207,0x3fb40400,1.40637207,0101101,1,13,01101,0110110,3,6,0110,0x39000000,0.000122070312,0x3d008000,0.0313720703,0x3f800000,1
l2,0.0625,0,min-error,metric_min,exp1,0,1,1,0.0303879976,0.0311578363,0.0303879976,0.0311578363,0.000769838691,87,raw-and-scaled,7,1,fp7_e1m5,fp7_e2m4,5,4,4,86,87,exp2,7,33,8,8,0.0303879976,0.0311578363,-26,0x3cff3eb8,0.0311578363,0x3f800000,1,0xbed78080,-0.420902252,0xbed78080,-0.420902252,1001101,0,13,01101,1011010,1,10,1010,0xbc701000,-0.0146522522,0xbc701000,-0.0146522522,0x80000000,-0
l2,0.0625,0,min-error,metric_min,exp1,0,1,1,0.0303879976,0.0311578363,0.0303879976,0.0311578363,0.000769838691,88,raw-and-scaled,7,1,fp7_e1m5,fp7_e2m4,5,4,4,86,88,exp2,7,33,8,8,0.0303879976,0.0311578363,-26,0x3cff3eb8,0.0311578363,0x3f800000,1,0xbeac4040,-0.336427689,0xbeac4040,-0.336427689,1001010,0,10,01010,1010101,1,5,0101,0xbcc40400,-0.0239276886,0xbc080800,-0.0083026886,0xbf800000,-1
l2,0.0625,0,min-error,metric_min,exp1,0,1,1,0.0303879976,0.0311578363,0.0303879976,0.0311578363,0.000769838691,89,raw-and-scaled,7,1,fp7_e1m5,fp7_e2m4,5,4,4,86,89,exp2,7,33,8,8,0.0303879976,0.0311578363,-26,0x3cff3eb8,0.0311578363,0x3f800000,1,0x3d97f800,0.0742034912,0x3d97f800,0.0742034912,0000010,0,2,00010,0000100,0,4,0100,0x3c3fc000,0.0117034912,0x3c3fc000,0.0117034912,0x80000000,-0
l2,0.0625,0,min-error,metric_min,exp1,0,1,1,0.0303879976,0.0311578363,0.0303879976,0.0311578363,0.000769838691,90,raw-and-scaled,7,1,fp7_e1m5,fp7_e2m4,5,4,4,86,90,exp2,7,33,8,8,0.0303879976,0.0311578363,-26,0x3cff3eb8,0.0311578363,0x3f800000,1,0xbbd3fc00,-0.00646924973,0xbbd3fc00,-0.00646924973,1000000,0,0,00000,1000000,0,0,0000,0xbbd3fc00,-0.00646924973,0xbbd3fc00,-0.00646924973,0x00000000,0
l2,0.0625,0,min-error,metric_min,exp1,0,1,1,0.0303879976,0.0311578363,0.0303879976,0.0311578363,0.000769838691,91,raw-and-scaled,7,1,fp7_e1m5,fp7_e2m4,5,4,4,86,91,exp2,7,33,8,8,0.0303879976,0.0311578363,-26,0x3cff3eb8,0.0311578363,0x3f800000,1,0x3c5bfc00,0.0134267807,0x3c5bfc00,0.0134267807,0000000,0,0,00000,0000000,0,0,0000,0x3c5bfc00,0.0134267807,0x3c5bfc00,0.0134267807,0x00000000,0
l2,0.0625,0,min-error,metric_min,exp1,0,1,1,0.0303879976,0.0311578363,0.0303879976,0.0311578363,0.000769838691,92,raw-and-scaled,7,1,fp7_e1m5,fp7_e2m4,5,4,4,86,92,exp2,7,33,8,8,0.0303879976,0.0311578363,-26,0x3cff3eb8,0.0311578363,0x3f800000,1,0xbdb8ff00,-0.0903301239,0xbdb8ff00,-0.0903301239,1000010,0,2,00010,1000101,0,5,0101,0xbce3fc00,-0.0278301239,0xbc47f800,-0.0122051239,0xbf800000,-1
l2,0.0625,0,min-error,metric_min,exp1,0,1,1,0.0303879976,0.0311578363,0.0303879976,0.0311578363,0.000769838691,93,raw-and-scaled,7,1,fp7_e1m5,fp7_e2m4,5,4,4,86,93,exp2,7,33,8,8,0.0303879976,0.0311578363,-26,0x3cff3eb8,0.0311578363,0x3f800000,1,0x3df5fe00,0.120113373,0x3df5fe00,0.120113373,0000011,0,3,00011,0000111,0,7,0111,0x3cd7f800,0.0263633728,0x3c2ff000,0.0107383728,0xbf800000,-1
l2,0.0625,0,min-error,metric_min,exp1,0,1,1,0.0303879976,0.0311578363,0.0303879976,0.0311578363,0.000769838691,94,raw-and-scaled,7,1,fp7_e1m5,fp7_e2m4,5,4,4,86,94,exp2,7,33,8,8,0.0303879976,0.0311578363,-26,0x3cff3eb8,0.0311578363,0x3f800000,1,0x3abcff00,0.00144192576,0x3abcff00,0.00144192576,0000000,0,0,00000,0000000,0,0,0000,0x3abcff00,0.00144192576,0x3abcff00,0.00144192576,0x00000000,0
l2,0.0625,0,min-error,metric_min,exp1,0,1,1,0.0303879976,0.0311578363,0.0303879976,0.0311578363,0.000769838691,95,raw-and-scaled,7,1,fp7_e1m5,fp7_e2m4,5,4,4,86,95,exp2,7,33,8,8,0.0303879976,0.0311578363,-26,0x3cff3eb8,0.0311578363,0x3f800000,1,0x3bfbfc00,0.00768995285,0x3bfbfc00,0.00768995285,0000000,0,0,00000,0000000,0,0,0000,0x3bfbfc00,0.00768995285,0x3bfbfc00,0.00768995285,0x00000000,0
l2,0.0625,0,min-error,metric_min,exp1,0,1,1,0.0303879976,0.0311578363,0.0303879976,0.0311578363,0.000769838691,96,raw-and-scaled,7,1,fp7_e1m5,fp7_e2m4,5,4,4,86,96,exp2,7,33,8,8,0.0303879976,0.0311578363,-26,0x3cff3eb8,0.0311578363,0x3f800000,1,0xbc07f800,-0.0082988739,0xbc07f800,-0.0082988739,1000000,0,0,00000,1000000,0,0,0000,0xbc07f800,-0.0082988739,0xbc07f800,-0.0082988739,0x00000000,0
l2,0.0625,0,min-error,metric_min,exp1,0,1,1,0.0303879976,0.0311578363,0.0303879976,0.0311578363,0.000769838691,97,raw-and-scaled,7,1,fp7_e1m5,fp7_e2m4,5,4,4,86,97,exp2,7,33,8,8,0.0303879976,0.0311578363,-26,0x3cff3eb8,0.0311578363,0x3f800000,1,0xbc860200,-0.0163583755,0xbc860200,-0.0163583755,1000000,0,0,00000,1000001,0,1,0001,0xbc860200,-0.0163583755,0xba404000,-0.000733375549,0xbf800000,-1
l2,0.0625,0,min-error,metric_min,exp1,0,1,1,0.0303879976,0.0311578363,0.0303879976,0.0311578363,0.000769838691,98,raw-and-scaled,7,1,fp7_e1m5,fp7_e2m4,5,4,4,86,98,exp2,7,33,8,8,0.0303879976,0.0311578363,-26,0x3cff3eb8,0.0311578363,0x3f800000,1,0xbfa7f800,-1.31225586,0xbfa7f800,-1.31225586,1101001,1,9,01001,1110100,3,4,0100,0xbcfe0000,-0.0310058594,0xbd7f0000,-0.0622558594,0x3f800000,1
l2,0.0625,0,min-error,metric_min,exp1,0,1,1,0.0303879976,0.0311578363,0.0303879976,0.0311578363,0.000769838691,99,raw-and-scaled,7,1,fp7_e1m5,fp7_e2m4,5,4,4,86,99,exp2,7,33,8,8,0.0303879976,0.0311578363,-26,0x3cff3eb8,0.0311578363,0x3f800000,1,0x3bc6ff00,0.00607287884,0x3bc6ff00,0.00607287884,0000000,0,0,00000,0000000,0,0,0000,0x3bc6ff00,0.00607287884,0x3bc6ff00,0.00607287884,0x00000000,0
l2,0.0625,0,min-error,metric_min,exp1,0,1,1,0.0303879976,0.0311578363,0.0303879976,0.0311578363,0.000769838691,100,raw-and-scaled,7,1,fp7_e1m5,fp7_e2m4,5,4,4,86,100,exp2,7,33,8,8,0.0303879976,0.0311578363,-26,0x3cff3eb8,0.0311578363,0x3f800000,1,0xbab23fc0,-0.00135993212,0xbab23fc0,-0.00135993212,1000000,0,0,00000,1000000,0,0,0000,0xbab23fc0,-0.00135993212,0xbab23fc0,-0.00135993212,0x00000000,0
l2,0.0625,0,min-error,metric_min,exp1,0,1,1,0.0303879976,0.0311578363,0.0303879976,0.0311578363,0.000769838691,101,raw-and-scaled,7,1,fp7_e1m5,fp7_e2m4,5,4,4,86,101,exp2,7,33,8,8,0.0303879976,0.0311578363,-26,0x3cff3eb8,0.0311578363,0x3f800000,1,0x3cb2c040,0.0218201876,0x3cb2c040,0.0218201876,0000000,0,0,00000,0000001,0,1,0001,0x3cb2c040,0.0218201876,0x3bcb0100,0.00619518757,0xbf800000,-1
l2,0.0625,0,min-error,metric_min,exp1,0,1,1,0.0303879976,0.0311578363,0.0303879976,0.0311578363,0.000769838691,102,raw-and-scaled,7,1,fp7_e1m5,fp7_e2m4,5,4,4,86,102,exp2,7,33,8,8,0.0303879976,0.0311578363,-26,0x3cff3eb8,0.0311578363,0x3f800000,1,0x3e67f800,0.226531982,0x3e67f800,0.226531982,0000111,0,7,00111,0001110,0,14,1110,0x3bff0000,0.00778198242,0x3bff0000,0.00778198242,0x80000000,-0
l2,0.0625,0,min-error,metric_min,exp1,0,1,1,0.0303879976,0.0311578363,0.0303879976,0.0311578363,0.000769838691,103,raw-and-scaled,7,1,fp7_e1m5,fp7_e2m4,5,4,4,86,103,exp2,7,33,8,8,0.0303879976,0.0311578363,-26,0x3cff3eb8,0.0311578363,0x3f800000,1,0x3f677f80,0.904289246,0x3f677f80,0.904289246,0011100,0,28,11100,0101100,2,12,1100,0x3ceff000,0.0292892456,0x3ceff000,0.0292892456,0x00000000,0
l2,0.0625,0,min-error,metric_min,exp1,0,1,1,0.0303879976,0.0311578363,0.0303879976,0.0311578363,0.000769838691,104,raw-and-scaled,7,1,fp7_e1m5,fp7_e2m4,5,4,4,86,104,exp2,7,33,8,8,0.0303879976,0.0311578363,-26,0x3cff3eb8,0.0311578363,0x3f800000,1,0x3e510100,0.204105377,0x3e510100,0.204105377,0000110,0,6,00110,0001101,0,13,1101,0x3c880800,0.0166053772,0x3a808000,0.000980377197,0xbf800000,-1
l2,0.0625,0,min-error,metric_min,exp1,0,1,1,0.0303879976,0.0311578363,0.0303879976,0.0311578363,0.000769838691,105,raw-and-scaled,7,1,fp7_e1m5,fp7_e2m4,5,4,4,86,105,exp2,7,33,8,8,0.0303879976,0.0311578363,-26,0x3cff3eb8,0.0311578363,0x3f800000,1,0xbf25fe00,-0.648406982,0xbf25fe00,-0.648406982,1010100,0,20,10100,1100100,2,4,0100,0xbcbfc000,-0.0234069824,0xbcbfc000,-0.0234069824,0x00000000,0
l2,0.0625,0,min-error,metric_min,exp1,0,1,1,0.0303879976,0.0311578363,0.0303879976,0.0311578363,0.000769838691,106,raw-and-scaled,7,1,fp7_e1m5,fp7_e2m4,5,4,4,86,106,exp2,7,33,8,8,0.0303879976,0.0311578363,-26,0x3cff3eb8,0.0311578363,0x3f800000,1,0xbeea8080,-0.458011627,0xbeea8080,-0.458011627,1001110,0,14,01110,1011101,1,13,1101,0xbca80800,-0.0205116272,0xbba02000,-0.0048866272,0xbf800000,-1
l2,0.0625,0,min-error,metric_min,exp1,0,1,1,0.0303879976,0.0311578363,0.0303879976,0.0311578363,0.000769838691,107,raw-and-scaled,7,1,fp7_e1m5,fp7_e2m4,5,4,4,86,107,exp2,7,33,8,8,0.0303879976,0.0311578363,-26,0x3cff3eb8,0.0311578363,0x3f800000,1,0x3eb5bfc0,0.354978561,0x3eb5bfc0,0.354978561,0001011,0,11,01011,0010110,1,6,0110,0x3c37f800,0.0112285614,0x3c37f800,0.0112285614,0x80000000,-0
l2,0.0625,0,min-error,metric_min,exp1,0,1,1,0.0303879976,0.0311578363,0.0303879976,0.0311578363,0.000769838691,108,raw-and-scaled,7,1,fp7_e1m5,fp7_e2m4,5,4,4,86,108,exp2,7,33,8,8,0.0303879976,0.0311578363,-26,0x3cff3eb8,0.0311578363,0x3f800000,1,0xbed90100,-0.423835754,0xbed90100,-0.423835754,1001101,0,13,01101,1011011,1,11,1011,0xbc901000,-0.0175857544,0xbb008000,-0.00196075439,0xbf800000,-1
l2,0.0625,0,min-error,metric_min,exp1,0,1,1,0.0303879976,0.0311578363,0.0303879976,0.0311578363,0.000769838691,109,raw-and-scaled,7,1,fp7_e1m5,fp7_e2m4,5,4,4,86,109,exp2,7,33,8,8,0.0303879976,0.0311578363,-26,0x3cff3eb8,0.0311578363,0x3f800000,1,0x3c360200,0.0111088753,0x3c360200,0.0111088753,0000000,0,0,00000,0000000,0,0,0000,0x3c360200,0.0111088753,0x3c360200,0.0111088753,0x00000000,0
l2,0.0625,0,min-error,metric_min,exp1,0,1,1,0.0303879976,0.0311578363,0.0303879976,0.0311578363,0.000769838691,110,raw-and-scaled,7,1,fp7_e1m5,fp7_e2m4,5,4,4,86,110,exp2,7,33,8,8,0.0303879976,0.0311578363,-26,0x3cff3eb8,0.0311578363,0x3f800000,1,0xbcb74040,-0.022369504,0xbcb74040,-0.022369504,1000000,0,0,00000,1000001,0,1,0001,0xbcb74040,-0.022369504,0xbbdd0100,-0.00674450397,0xbf800000,-1
l2,0.0625,0,min-error,metric_min,exp1,0,1,1,0.0303879976,0.0311578363,0.0303879976,0.0311578363,0.000769838691,111,raw-and-scaled,7,1,fp7_e1m5,fp7_e2m4,5,4,4,86,111,exp2,7,33,8,8,0.0303879976,0.0311578363,-26,0x3cff3eb8,0.0311578363,0x3f800000,1,0xbc6f8080,-0.0146180391,0xbc6f8080,-0.0146180391,1000000,0,0,00000,1000000,0,0,0000,0xbc6f8080,-0.0146180391,0xbc6f8080,-0.0146180391,0x00000000,0
l2,0.0625,0,min-error,metric_min,exp1,0,1,1,0.0303879976,0.0311578363,0.0303879976,0.0311578363,0.000769838691,112,raw-and-scaled,7,1,fp7_e1m5,fp7_e2m4,5,4,4,86,112,exp2,7,33,8,8,0.0303879976,0.0311578363,-26,0x3cff3eb8,0.0311578363,0x3f800000,1,0x3f707f80,0.939445496,0x3f707f80,0.939445496,0011110,0,30,11110,0101110,2,14,1110,0x3aff0000,0.00194549561,0x3aff0000,0.00194549561,0x00000000,0
l2,0.0625,0,min-error,metric_min,exp1,0,1,1,0.0303879976,0.0311578363,0.0303879976,0.0311578363,0.000769838691,113,raw-and-scaled,7,1,fp7_e1m5,fp7_e2m4,5,4,4,86,113,exp2,7,33,8,8,0.0303879976,0.0311578363,-26,0x3cff3eb8,0.0311578363,0x3f800000,1,0x3d8bfc00,0.0683517456,0x3d8bfc00,0.0683517456,0000010,0,2,00010,0000100,0,4,0100,0x3bbfc000,0.00585174561,0x3bbfc000,0.00585174561,0x80000000,-0
l2,0.0625,0,min-error,metric_min,exp1,0,1,1,0.0303879976,0.0311578363,0.0303879976,0.0311578363,0.000769838691,114,raw-and-scaled,7,1,fp7_e1m5,fp7_e2m4,5,4,4,86,114,exp2,7,33,8,8,0.0303879976,0.0311578363,-26,0x3cff3eb8,0.0311578363,0x3f800000,1,0x3f140400,0.578186035,0x3f140400,0.578186035,0010010,0,18,10010,0100010,2,2,0010,0x3c808000,0.0156860352,0x3c808000,0.0156860352,0x00000000,0
l2,0.0625,0,min-error,metric_min,exp1,0,1,1,0.0303879976,0.0311578363,0.0303879976,0.0311578363,0.000769838691,115,raw-and-scaled,7,1,fp7_e1m5,fp7_e2m4,5,4,4,86,115,exp2,7,33,8,8,0.0303879976,0.0311578363,-26,0x3cff3eb8,0.0311578363,0x3f800000,1,0xbc380800,-0.0112323761,0xbc380800,-0.0112323761,1000000,0,0,00000,1000000,0,0,0000,0xbc380800,-0.0112323761,0xbc380800,-0.0112323761,0x00000000,0
l2,0.0625,0,min-error,metric_min,exp1,0,1,1,0.0303879976,0.0311578363,0.0303879976,0.0311578363,0.000769838691,116,raw-and-scaled,7,1,fp7_e1m5,fp7_e2m4,5,4,4,86,116,exp2,7,33,8,8,0.0303879976,0.0311578363,-26,0x3cff3eb8,0.0311578363,0x3f800000,1,0xbbf48080,-0.00746160746,0xbbf48080,-0.00746160746,1000000,0,0,00000,1000000,0,0,0000,0xbbf48080,-0.00746160746,0xbbf48080,-0.00746160746,0x00000000,0
l2,0.0625,0,min-error,metric_min,exp1,0,1,1,0.0303879976,0.0311578363,0.0303879976,0.0311578363,0.000769838691,117,raw-and-scaled,7,1,fp7_e1m5,fp7_e2m4,5,4,4,86,117,exp2,7,33,8,8,0.0303879976,0.0311578363,-26,0x3cff3eb8,0.0311578363,0x3f800000,1,0x3e2bfc00,0.167953491,0x3e2bfc00,0.167953491,0000101,0,5,00101,0001010,0,10,1010,0x3c3fc000,0.0117034912,0x3c3fc000,0.0117034912,0x80000000,-0
l2,0.0625,0,min-error,metric_min,exp1,0,1,1,0.0303879976,0.0311578363,0.0303879976,0.0311578363,0.000769838691,118,raw-and-scaled,7,1,fp7_e1m5,fp7_e2m4,5,4,4,86,118,exp2,7,33,8,8,0.0303879976,0.0311578363,-26,0x3cff3eb8,0.0311578363,0x3f800000,1,0xbcf68080,-0.0300905704,0xbcf68080,-0.0300905704,1000000,0,0,00000,1000001,0,1,0001,0xbcf68080,-0.0300905704,0xbc6d0100,-0.0144655704,0xbf800000,-1
l2,0.0625,0,min-error,metric_min,exp1,0,1,1,0.0303879976,0.0311578363,0.0303879976,0.0311578363,0.000769838691,119,raw-and-scaled,7,1,fp7_e1m5,fp7_e2m4,5,4,4,86,119,exp2,7,33,8,8,0.0303879976,0.0311578363,-26,0x3cff3eb8,0.0311578363,0x3f800000,1,0xbdf77f80,-0.120848656,0xbdf77f80,-0.120848656,1000011,0,3,00011,1000111,0,7,0111,0xbcddfe00,-0.0270986557,0xbc3bfc00,-0.0114736557,0xbf800000,-1
l2,0.0625,0,min-error,metric_min,exp1,0,1,1,0.0303879976,0.0311578363,0.0303879976,0.0311578363,0.000769838691,120,raw-and-scaled,7,1,fp7_e1m5,fp7_e2m4,5,4,4,86,120,exp2,7,33,8,8,0.0303879976,0.0311578363,-26,0x3cff3eb8,0.0311578363,0x3f800000,1,0xbcf88080,-0.0303347111,0xbcf88080,-0.0303347111,1000000,0,0,00000,1000001,0,1,0001,0xbcf88080,-0.0303347111,0xbc710100,-0.0147097111,0xbf800000,-1
l2,0.0625,0,min-error,metric_min,exp1,0,1,1,0.0303879976,0.0311578363,0.0303879976,0.0311578363,0.000769838691,121,raw-and-scaled,7,1,fp7_e1m5,fp7_e2m4,5,4,4,86,121,exp2,7,33,8,8,0.0303879976,0.0311578363,-26,0x3cff3eb8,0.0311578363,0x3f800000,1,0xbf797f80,-0.974601746,0xbf797f80,-0.974601746,1011111,0,31,11111,1101111,2,15,1111,0xbbbfc000,-0.00585174561,0xbbbfc000,-0.00585174561,0x00000000,0
l2,0.0625,0,min-error,metric_min,exp1,0,1,1,0.0303879976,0.0311578363,0.0303879976,0.0311578363,0.000769838691,122,raw-and-scaled,7,1,fp7_e1m5,fp7_e2m4,5,4,4,86,122,exp2,7,33,8,8,0.0303879976,0.0311578363,-26,0x3cff3eb8,0.0311578363,0x3f800000,1,0xbfa80800,-1.31274414,0xbfa80800,-1.31274414,1101010,1,10,01010,1110101,3,5,0101,0xb9800000,-0.000244140625,0xb9800000,-0.000244140625,0x00000000,0
l2,0.0625,0,min-error,metric_min,exp1,0,1,1,0.0303879976,0.0311578363,0.0303879976,0.0311578363,0.000769838691,123,raw-and-scaled,7,1,fp7_e1m5,fp7_e2m4,5,4,4,86,123,exp2,7,33,8,8,0.0303879976,0.0311578363,-26,0x3cff3eb8,0.0311578363,0x3f800000,1,0xbbf6ff00,-0.00753772259,0xbbf6ff00,-0.00753772259,1000000,0,0,00000,1000000,0,0,0000,0xbbf6ff00,-0.00753772259,0xbbf6ff00,-0.00753772259,0x00000000,0
l2,0.0625,0,min-error,metric_min,exp1,0,1,1,0.0303879976,0.0311578363,0.0303879976,0.0311578363,0.000769838691,124,raw-and-scaled,7,1,fp7_e1m5,fp7_e2m4,5,4,4,86,124,exp2,7,33,8,8,0.0303879976,0.0311578363,-26,0x3cff3eb8,0.0311578363,0x3f800000,1,0xbec80800,-0.390686035,0xbec80800,-0.390686035,1001100,0,12,01100,1011001,1,9,1001,0xbc808000,-0.0156860352,0xb8800000,-6.10351562e-05,0xbf800000,-1
l2,0.0625,0,min-error,metric_min,exp1,0,1,1,0.0303879976,0.0311578363,0.0303879976,0.0311578363,0.000769838691,125,raw-and-scaled,7,1,fp7_e1m5,fp7_e2m4,5,4,4,86,125,exp2,7,33,8,8,0.0303879976,0.0311578363,-26,0x3cff3eb8,0.0311578363,0x3f800000,1,0xbed7f800,-0.421813965,0xbed7f800,-0.421813965,1001101,0,13,01101,1011010,1,10,1010,0xbc7f0000,-0.0155639648,0xbc7f0000,-0.0155639648,0x80000000,-0
l2,0.0625,0,min-error,metric_min,exp1,0,1,1,0.0303879976,0.0311578363,0.0303879976,0.0311578363,0.000769838691,126,raw-and-scaled,7,1,fp7_e1m5,fp7_e2m4,5,4,4,86,126,exp2,7,33,8,8,0.0303879976,0.0311578363,-26,0x3cff3eb8,0.0311578363,0x3f800000,1,0x3df40400,0.119148254,0x3df40400,0.119148254,0000011,0,3,00011,0000111,0,7,0111,0x3cd01000,0.0253982544,0x3c202000,0.00977325439,0xbf800000,-1
l2,0.0625,0,min-error,metric_min,exp1,0,1,1,0.0303879976,0.0311578363,0.0303879976,0.0311578363,0.000769838691,127,raw-and-scaled,7,1,fp7_e1m5,fp7_e2m4,5,4,4,86,127,exp2,7,33,8,8,0.0303879976,0.0311578363,-26,0x3cff3eb8,0.0311578363,0x3f800000,1,0xbb7f0100,-0.00389105082,0xbb7f0100,-0.00389105082,1000000,0,0,00000,1000000,0,0,0000,0xbb7f0100,-0.00389105082,0xbb7f0100,-0.00389105082,0x00000000,0
l2,0.0625,0,min-error,metric_min,exp1,0,1,1,0.0954308435,0.0982731357,0.0954308435,0.0982731357,0.00284229219,0,raw-and-scaled,6,1,fp6_e1m4,fp6_e2m3,4,3,4,26,0,exp2,6,25,6,6,0.0954308435,0.0982731357,-19,0x3dc9436d,0.0982731357,0x3f800000,1,0xbe83fc00,-0.257781982,0xbe83fc00,-0.257781982,100100,0,4,0100,101000,1,0,000,0xbbff0000,-0.00778198242,0xbbff0000,-0.00778198242,0x80000000,-0
l2,0.0625,0,min-error,metric_min,exp1,0,1,1,0.0954308435,0.0982731357,0.0954308435,0.0982731357,0.00284229219,1,raw-and-scaled,6,1,fp6_e1m4,fp6_e2m3,4,3,4,26,1,exp2,6,25,6,6,0.0954308435,0.0982731357,-19,0x3dc9436d,0.0982731357,0x3f800000,1,0x3a85fe00,0.00102227926,0x3a85fe00,0.00102227926,000000,0,0,0000,000000,0,0,000,0x3a85fe00,0.00102227926,0x3a85fe00,0.00102227926,0x00000000,0
l2,0.0625,0,min-error,metric_min,exp1,0,1,1,0.0954308435,0.0982731357,0.0954308435,0.0982731357,0.00284229219,2,raw-and-scaled,6,1,fp6_e1m4,fp6_e2m3,4,3,4,26,2,exp2,6,25,6,6,0.0954308435,0.0982731357,-19,0x3dc9436d,0.0982731357,0x3f800000,1,0x3d814040,0.0631108284,0x3d814040,0.0631108284,000001,0,1,0001,000010,0,2,010,0x3a202000,0.0006108284,0x3a202000,0.0006108284,0x80000000,-0
l2,0.0625,0,min-error,metric_min,exp1,0,1,1,0.0954308435,0.0982731357,0.0954308435,0.0982731357,0.00284229219,3,raw-and-scaled,6,1,fp6_e1m4,fp6_e2m3,4,3,4,26,3,exp2,6,25,6,6,0.0954308435,0.0982731357,-19,0x3dc9436d,0.0982731357,0x3f800000,1,0xbb81c040,-0.00395968556,0xbb81c040,-0.00395968556,100000,0,0,0000,100000,0,0,000,0xbb81c040,-0.00395968556,0xbb81c040,-0.00395968556,0x00000000,0
l2,0.0625,0,min-error,metric_min,exp1,0,1,1,0.0954308435,0.0982731357,0.0954308435,0.0982731357,0.00284229219,4,raw-and-scaled,6,1,fp6_e1m4,fp6_e2m3,4,3,4,26,4,exp2,6,25,6,6,0.0954308435,0.0982731357,-19,0x3dc9436d,0.0982731357,0x3f800000,1,0x3e88ff00,0.267570496,0x3e88ff00,0.267570496,000100,0,4,0100,001000,1,0,000,0x3c8ff000,0.0175704956,0x3c8ff000,0.0175704956,0x80000000,-0
l2,0.0625,0,min-error,metric_min,exp1,0,1,1,0.0954308435,0.0982731357,0.0954308435,0.0982731357,0.00284229219,5,raw-and-scaled,6,1,fp6_e1m4,fp6_e2m3,4,3,4,26,5,exp2,6,25,6,6,0.0954308435,0.0982731357,-19,0x3dc9436d,0.0982731357,0x3f800000,1,0xba960200,-0.00114446878,0xba960200,-0.00114446878,100000,0,0,0000,100000,0,0,000,0xba960200,-0.00114446878,0xba960200,-0.00114446878,0x00000000,0
l2,0.0625,0,min-error,metric_min,exp1,0,1,1,0.0954308435,0.0982731357,0.0954308435,0.0982731357,0.00284229219,6,raw-and-scaled,6,1,fp6_e1m4,fp6_e2m3,4,3,4,26,6,exp2,6,25,6,6,0.0954308435,0.0982731357,-19,0x3dc9436d,0.0982731357,0x3f800000,1,0x3f868080,1.05079651,0x3f868080,1.05079651,010000,1,0,0000,011000,3,0,000,0x3d501000,0.0507965088,0x3d501000,0.0507965088,0x00000000,0
l2,0.0625,0,min-error,metric_min,exp1,0,1,1,0.0954308435,0.0982731357,0.0954308435,0.0982731357,0.00284229219,7,raw-and-scaled,6,1,fp6_e1m4,fp6_e2m3,4,3,4,26,7,exp2,6,25,6,6,0.0954308435,0.0982731357,-19,0x3dc9436d,0.0982731357,0x3f800000,1,0xbb03c040,-0.00201036036,0xbb03c040,-0.00201036036,100000,0,0,0000,100000,0,0,000,0xbb03c040,-0.00201036036,0xbb03c040,-0.00201036036,0x00000000,0
l2,0.0625,0,min-error,metric_min,exp1,0,1,1,0.0954308435,0.0982731357,0.0954308435,0.0982731357,0.00284229219,8,raw-and-scaled,6,1,fp6_e1m4,fp6_e2m3,4,3,4,26,8,exp2,6,25,6,6,0.0954308435,0.0982731357,-19,0x3dc9436d,0.0982731357,0x3f800000,1,0xba843fc0,-0.00100897998,0xba843fc0,-0.00100897998,100000,0,0,0000,100000,0,0,000,0xba843fc0,-0.00100897998,0xba843fc0,-0.00100897998,0x00000000,0
l2,0.0625,0,min-error,metric_min,exp1,0,1,1,0.0954308435,0.0982731357,0.0954308435,0.0982731357,0.00284229219,9,raw-and-scaled,6,1,fp6_e1m4,fp6_e2m3,4,3,4,26,9,exp2,6,25,6,6,0.0954308435,0.0982731357,-19,0x3dc9436d,0.0982731357,0x3f800000,1,0xbd04bfc0,-0.0324094296,0xbd04bfc0,-0.0324094296,100000,0,0,0000,100001,0,1,001,0xbd04bfc0,-0.0324094296,0xba97f800,-0.00115942955,0xbf800000,-1
l2,0.0625,0,min-error,metric_min,exp1,0,1,1,0.0954308435,0.0982731357,0.0954308435,0.0982731357,0.00284229219,10,raw-and-scaled,6,1,fp6_e1m4,fp6_e2m3,4,3,4,26,10,exp2,6,25,6,6,0.0954308435,0.0982731357,-19,0x3dc9436d,0.0982731357,0x3f800000,1,0x3b854040,0.00406649709,0x3b854040,0.00406649709,000000,0,0,0000,000000,0,0,000,0x3b854040,0.00406649709,0x3b854040,0.00406649709,0x00000000,0
l2,0.0625,0,min-error,metric_min,exp1,0,1,1,0.0954308435,0.0982731357,0.0954308435,0.0982731357,0.00284229219,11,raw-and-scaled,6,1,fp6_e1m4,fp6_e2m3,4,3,4,26,11,exp2,6,25,6,6,0.0954308435,0.0982731357,-19,0x3dc9436d,0.0982731357,0x3f800000,1,0xbb380800,-0.00280809402,0xbb380800,-0.00280809402,100000,0,0,0000,100000,0,0,000,0xbb380800,-0.00280809402,0xbb380800,-0.00280809402,0x00000000,0
l2,0.0625,0,min-error,metric_min,exp1,0,1,1,0.0954308435,0.0982731357,0.0954308435,0.0982731357,0.00284229219,12,raw-and-scaled,6,1,fp6_e1m4,fp6_e2m3,4,3,4,26,12,exp2,6,25,6,6,0.0954308435,0.0982731357,-19,0x3dc9436d,0.0982731357,0x3f800000,1,0x3d863fc0,0.065551281,0x3d863fc0,0.065551281,000001,0,1,0001,000010,0,2,010,0x3b47f800,0.00305128098,0x3b47f800,0.00305128098,0x80000000,-0
l2,0.0625,0,min-error,metric_min,exp1,0,1,1,0.0954308435,0.0982731357,0.0954308435,0.0982731357,0.00284229219,13,raw-and-scaled,6,1,fp6_e1m4,fp6_e2m3,4,3,4,26,13,exp2,6,25,6,6,0.0954308435,0.0982731357,-19,0x3dc9436d,0.0982731357,0x3f800000,1,0x3c06c040,0.00822454691,0x3c06c040,0.00822454691,000000,0,0,0000,000000,0,0,000,0x3c06c040,0.00822454691,0x3c06c040,0.00822454691,0x00000000,0
l2,0.0625,0,min-error,metric_min,exp1,0,1,1,0.0954308435,0.0982731357,0.0954308435,0.0982731357,0.00284229219,14,raw-and-scaled,6,1,fp6_e1m4,fp6_e2m3,4,3,4,26,14,exp2,6,25,6,6,0.0954308435,0.0982731357,-19,0x3dc9436d,0.0982731357,0x3f800000,1,0xbf074040,-0.528324127,0xbf074040,-0.528324127,101000,0,8,1000,110000,2,0,000,0xbce80800,-0.0283241272,0xbce80800,-0.0283241272,0x00000000,0
l2,0.0625,0,min-error,metric_min,exp1,0,1,1,0.0954308435,0.0982731357,0.0954308435,0.0982731357,0.00284229219,15,raw-and-scaled,6,1,fp6_e1m4,fp6_e2m3,4,3,4,26,15,exp2,6,25,6,6,0.0954308435,0.0982731357,-19,0x3dc9436d,0.0982731357,0x3f800000,1,0x3b8f7f80,0.00437921286,0x3b8f7f80,0.00437921286,000000,0,0,0000,000000,0,0,000,0x3b8f7f80,0.00437921286,0x3b8f7f80,0.00437921286,0x00000000,0
l2,0.0625,0,min-error,metric_min,exp1,0,1,1,0.0954308435,0.0982731357,0.0954308435,0.0982731357,0.00284229219,16,raw-and-scaled,6,1,fp6_e1m4,fp6_e2m3,4,3,4,26,16,exp2,6,25,6,6,0.0954308435,0.0982731357,-19,0x3dc9436d,0.0982731357,0x3f800000,1,0xbd907f80,-0.070555687,0xbd907f80,-0.070555687,100001,0,1,0001,100010,0,2,010,0xbc03fc00,-0.00805568695,0xbc03fc00,-0.00805568695,0x80000000,-0
l2,0.0625,0,min-error,metric_min,exp1,0,1,1,0.0954308435,0.0982731357,0.0954308435,0.0982731357,0.00284229219,17,raw-and-scaled,6,1,fp6_e1m4,fp6_e2m3,4,3,4,26,17,exp2,6,25,6,6,0.0954308435,0.0982731357,-19,0x3dc9436d,0.0982731357,0x3f800000,1,0x3f8bfc00,1.09362793,0x3f8bfc00,1.09362793,010001,1,1,0001,011000,3,0,000,0x3cff0000,0.0311279297,0x3dbfc000,0.0936279297,0x3f800000,1
l2,0.0625,0,min-error,metric_min,exp1,0,1,1,0.0954308435,0.0982731357,0.0954308435,0.0982731357,0.00284229219,18,raw-and-scaled,6,1,fp6_e1m4,fp6_e2m3,4,3,4,26,18,exp2,6,25,6,6,0.0954308435,0.0982731357,-19,0x3dc9436d,0.0982731357,0x3f800000,1,0x3b13fc00,0.00225806236,0x3b13fc00,0.00225806236,000000,0,0,0000,000000,0,0,000,0x3b13fc00,0.00225806236,0x3b13fc00,0.00225806236,0x00000000,0
l2,0.0625,0,min-error,metric_min,exp1,0,1,1,0.0954308435,0.0982731357,0.0954308435,0.0982731357,0.00284229219,19,raw-and-scaled,6,1,fp6_e1m4,fp6_e2m3,4,3,4,26,19,exp2,6,25,6,6,0.0954308435,0.0982731357,-19,0x3dc9436d,0.0982731357,0x3f800000,1,0xbb9bfc00,-0.00476026535,0xbb9bfc00,-0.00476026535,100000,0,0,0000,100000,0,0,000,0xbb9bfc00,-0.00476026535,0xbb9bfc00,-0.00476026535,0x00000000,0
l2,0.0625,0,min-error,metric_min,exp1,0,1,1,0.0954308435,0.0982731357,0.0954308435,0.0982731357,0.00284229219,20,raw-and-scaled,6,1,fp6_e1m4,fp6_e2m3,4,3,4,26,20,exp2,6,25,6,6,0.0954308435,0.0982731357,-19,0x3dc9436d,0.0982731357,0x3f800000,1,0xba8a3fc0,-0.00105475634,0xba8a3fc0,-0.00105475634,100000,0,0,0000,100000,0,0,000,0xba8a3fc0,-0.00105475634,0xba8a3fc0,-0.00105475634,0x00000000,0
l2,0.0625,0,min-error,metric_min,exp1,0,1,1,0.0954308435,0.0982731357,0.0954308435,0.0982731357,0.00284229219,21,raw-and-scaled,6,1,fp6_e1m4,fp6_e2m3,4,3,4,26,21,exp2,6,25,6,6,0.0954308435,0.0982731357,-19,0x3dc9436d,0.0982731357,0x3f800000,1,0xbaaaff00,-0.00130459666,0xbaaaff00,-0.00130459666,100000,0,0,0000,100000,0,0,000,0xbaaaff00,-0.00130459666,0xbaaaff00,-0.00130459666,0x00000000,0
l2,0.0625,0,min-error,metric_min,exp1,0,1,1,0.0954308435,0.0982731357,0.0954308435,0.0982731357,0.00284229219,22,raw-and-scaled,6,1,fp6_e1m4,fp6_e2m3,4,3,4,26,22,exp2,6,25,6,6,0.0954308435,0.0982731357,-19,0x3dc9436d,0.0982731357,0x3f800000,1,0xbb680800,-0.0035405159,0xbb680800,-0.0035405159,100000,0,0,0000,100000,0,0,000,0xbb680800,-0.0035405159,0xbb680800,-0.0035405159,0x00000000,0
l2,0.0625,0,min-error,metric_min,exp1,0,1,1,0.0954308435,0.0982731357,0.0954308435,0.0982731357,0.00284229219,23,raw-and-scaled,6,1,fp6_e1m4,fp6_e2m3,4,3,4,26,23,exp2,6,25,6,6,0.0954308435,0.0982731357,-19,0x3dc9436d,0.0982731357,0x3f800000,1,0xbbf80800,-0.00756931305,0xbbf80800,-0.00756931305,100000,0,0,0000,100000,0,0,000,0xbbf80800,-0.00756931305,0xbbf80800,-0.00756931305,0x00000000,0
l2,0.0625,0,min-error,metric_min,exp1,0,1,1,0.0954308435,0.0982731357,0.0954308435,0.0982731357,0.00284229219,24,raw-and-scaled,6,1,fp6_e1m4,fp6_e2m3,4,3,4,26,24,exp2,6,25,6,6,0.0954308435,0.0982731357,-19,0x3dc9436d,0.0982731357,0x3f800000,1,0x3f188080,0.595710754,0x3f188080,0.595710754,001001,0,9,1001,010001,2,1,001,0x3d080800,0.0332107544,0x3d080800,0.0332107544,0x00000000,0
l2,0.0625,0,min-error,metric_min,exp1,0,1,1,0.0954308435,0.0982731357,0.0954308435,0.0982731357,0.00284229219,25,raw-and-scaled,6,1,fp6_e1m4,fp6_e2m3,4,3,4,26,25,exp2,6,25,6,6,0.0954308435,0.0982731357,-19,0x3dc9436d,0.0982731357,0x3f800000,1,0xbecc0400,-0.398468018,0xbecc0400,-0.398468018,100110,0,6,0110,101100,1,4,100,0xbcc04000,-0.0234680176,0xbcc04000,-0.0234680176,0x80000000,-0
l2,0.0625,0,min-error,metric_min,exp1,0,1,1,0.0954308435,0.0982731357,0.0954308435,0.0982731357,0.00284229219,26,raw-and-scaled,6,1,fp6_e1m4,fp6_e2m3,4,3,4,26,26,exp2,6,25,6,6,0.0954308435,0.0982731357,-19,0x3dc9436d,0.0982731357,0x3f800000,1,0x3da80800,0.0820465088,0x3da80800,0.0820465088,000001,0,1,0001,000010,0,2,010,0x3ca02000,0.0195465088,0x3ca02000,0.0195465088,0x80000000,-0
l2,0.0625,0,min-error,metric_min,exp1,0,1,1,0.0954308435,0.0982731357,0.0954308435,0.0982731357,0.00284229219,27,raw-and-scaled,6,1,fp6_e1m4,fp6_e2m3,4,3,4,26,27,exp2,6,25,6,6,0.0954308435,0.0982731357,-19,0x3dc9436d,0.0982731357,0x3f800000,1,0xbdedfe00,-0.116207123,0xbdedfe00,-0.116207123,100001,0,1,0001,100011,0,3,011,0xbd5bfc00,-0.0537071228,0xbcb7f800,-0.0224571228,0xbf800000,-1
l2,0.0625,0,min-error,metric_min,exp1,0,1,1,0.0954308435,0.0982731357,0.0954308435,0.0982731357,0.00284229219,28,raw-and-scaled,6,1,fp6_e1m4,fp6_e2m3,4,3,4,26,28,exp2,6,25,6,6,0.0954308435,0.0982731357,-19,0x3dc9436d,0.0982731357,0x3f800000,1,0x3c9c7f80,0.0191037655,0x3c9c7f80,0.0191037655,000000,0,0,0000,000000,0,0,000,0x3c9c7f80,0.0191037655,0x3c9c7f80,0.0191037655,0x00000000,0
l2,0.0625,0,min-error,metric_min,exp1,0,1,1,0.0954308435,0.0982731357,0.0954308435,0.0982731357,0.00284229219,29,raw-and-scaled,6,1,fp6_e1m4,fp6_e2m3,4,3,4,26,29,exp2,6,25,6,6,0.0954308435,0.0982731357,-19,0x3dc9436d,0.0982731357,0x3f800000,1,0xbf3aff00,-0.730453491,0xbf3aff00,-0.730453491,101011,0,11,1011,110011,2,3,011,0xbd2ff000,-0.0429534912,0xbd2ff000,-0.0429534912,0x00000000,0
l2,0.0625,0,min-error,metric_min,exp1,0,1,1,0.0954308435,0.0982731357,0.0954308435,0.0982731357,0.00284229219,30,raw-and-scaled,6,1,fp6_e1m4,fp6_e2m3,4,3,4,26,30,exp2,6,25,6,6,0.0954308435,0.0982731357,-19,0x3dc9436d,0.0982731357,0x3f800000,1,0xbe740400,-0.238296509,0xbe740400,-0.238296509,100011,0,3,0011,100111,0,7,111,0xbd501000,-0.0507965088,0xbca02000,-0.0195465088,0xbf800000,-1
l2,0.0625,0,min-error,metric_min,exp1,0,1,1,0.0954308435,0.0982731357,0.0954308435,0.0982731357,0.00284229219,31,raw-and-scaled,6,1,fp6_e1m4,fp6_e2m3,4,3,4,26,31,exp2,6,25,6,6,0.0954308435,0.0982731357,-19,0x3dc9436d,0.0982731357,0x3f800000,1,0x3c1f8080,0.00973522663,0x3c1f8080,0.00973522663,000000,0,0,0000,000000,0,0,000,0x3c1f8080,0.00973522663,0x3c1f8080,0.00973522663,0x00000000,0
l2,0.0625,0,min-error,metric_min,exp1,0,1,1,0.0954308435,0.0982731357,0.0954308435,0.0982731357,0.00284229219,32,raw-and-scaled,6,1,fp6_e1m4,fp6_e2m3,4,3,4,26,32,exp2,6,25,6,6,0.0954308435,0.0982731357,-19,0x3dc9436d,0.0982731357,0x3f800000,1,0x3e840400,0.257843018,0x3e840400,0.257843018,000100,0,4,0100,001000,1,0,000,0x3c008000,0.00784301758,0x3c008000,0.00784301758,0x80000000,-0
l2,0.0625,0,min-error,metric_min,exp1,0,1,1,0.0954308435,0.0982731357,0.0954308435,0.0982731357,0.00284229219,33,raw-and-scaled,6,1,fp6_e1m4,fp6_e2m3,4,3,4,26,33,exp2,6,25,6,6,0.0954308435,0.0982731357,-19,0x3dc9436d,0.0982731357,0x3f800000,1,0xba97f800,-0.00115942955,0xba97f800,-0.00115942955,100000,0,0,0000,100000,0,0,000,0xba97f800,-0.00115942955,0xba97f800,-0.00115942955,0x00000000,0
l2,0.0625,0,min-error,metric_min,exp1,0,1,1,0.0954308435,0.0982731357,0.0954308435,0.0982731357,0.00284229219,34,raw-and-scaled,6,1,fp6_e1m4,fp6_e2m3,4,3,4,26,34,exp2,6,25,6,6,0.0954308435,0.0982731357,-19,0x3dc9436d,0.0982731357,0x3f800000,1,0x3fa27f80,1.26951599,0x3fa27f80,1.26951599,010100,1,4,0100,011010,3,2,010,0x3c9fe000,0.0195159912,0x3c9fe000,0.0195159912,0x00000000,0
l2,0.0625,0,min-error,metric_min,exp1,0,1,1,0.0954308435,0.0982731357,0.0954308435,0.0982731357,0.00284229219,35,raw-and-scaled,6,1,fp6_e1m4,fp6_e2m3,4,3,4,26,35,exp2,6,25,6,6,0.0954308435,0.0982731357,-19,0x3dc9436d,0.0982731357,0x3f800000,1,0x3c37f800,0.0112285614,0x3c37f800,0.0112285614,000000,0,0,0000,000000,0,0,000,0x3c37f800,0.0112285614,0x3c37f800,0.0112285614,0x00000000,0
l2,0.0625,0,min-error,metric_min,exp1,0,1,1,0.0954308435,0.0982731357,0.0954308435,0.0982731357,0.00284229219,36,raw-and-scaled,6,1,fp6_e1m4,fp6_e2m3,4,3,4,26,36,exp2,6,25,6,6,0.0954308435,0.0982731357,-19,0x3dc9436d,0.0982731357,0x3f800000,1,0x3c11fe00,0.00891065598,0x3c11fe00,0.00891065598,000000,0,0,0000,000000,0,0,000,0x3c11fe00,0.00891065598,0x3c11fe00,0.00891065598,0x00000000,0
l2,0.0625,0,min-error,metric_min,exp1,0,1,1,0.0954308435,0.0982731357,0.0954308435,0.0982731357,0.00284229219,37,raw-and-scaled,6,1,fp6_e1m4,fp6_e2m3,4,3,4,26,37,exp2,6,25,6,6,0.0954308435,0.0982731357,-19,0x3dc9436d,0.0982731357,0x3f800000,1,0xbecaff00,-0.396476746,0xbecaff00,-0.396476746,100110,0,6,0110,101100,1,4,100,0xbcaff000,-0.0214767456,0xbcaff000,-0.0214767456,0x80000000,-0
l2,0.0625,0,min-error,metric_min,exp1,0,1,1,0.0954308435,0.0982731357,0.0954308435,0.0982731357,0.00284229219,38,raw-and-scaled,6,1,fp6_e1m4,fp6_e2m3,4,3,4,26,38,exp2,6,25,6,6,0.0954308435,0.0982731357,-19,0x3dc9436d,0.0982731357,0x3f800000,1,0xbc134040,-0.00898748636,0xbc134040,-0.00898748636,100000,0,0,0000,100000,0,0,000,0xbc134040,-0.00898748636,0xbc134040,-0.00898748636,0x00000000,0
l2,0.0625,0,min-error,metric_min,exp1,0,1,1,0.0954308435,0.0982731357,0.0954308435,0.0982731357,0.00284229219,39,raw-and-scaled,6,1,fp6_e1m4,fp6_e2m3,4,3,4,26,39,exp2,6,25,6,6,0.0954308435,0.0982731357,-19,0x3dc9436d,0.0982731357,0x3f800000,1,0xbb3bfc00,-0.00286841393,0xbb3bfc00,-0.00286841393,100000,0,0,0000,100000,0,0,000,0xbb3bfc00,-0.00286841393,0xbb3bfc00,-0.00286841393,0x00000000,0
l2,0.0625,0,min-error,metric_min,exp1,0,1,1,0.0954308435,0.0982731357,0.0954308435,0.0982731357,0.00284229219,40,raw-and-scaled,6,1,fp6_e1m4,fp6_e2m3,4,3,4,26,40,exp2,6,25,6,6,0.0954308435,0.0982731357,-19,0x3dc9436d,0.0982731357,0x3f800000,1,0xbf143fc0,-0.579097748,0xbf143fc0,-0.579097748,101001,0,9,1001,110001,2,1,001,0xbc87f800,-0.0165977478,0xbc87f800,-0.0165977478,0x00000000,0
l2,0.0625,0,min-error,metric_min,exp1,0,1,1,0.0954308435,0.0982731357,0.0954308435,0.0982731357,0.00284229219,41,raw-and-scaled,6,1,fp6_e1m4,fp6_e2m3,4,3,4,26,41,exp2,6,25,6,6,0.0954308435,0.0982731357,-19,0x3dc9436d,0.0982731357,0x3f800000,1,0x3b17f800,0.0023188591,0x3b17f800,0.0023188591,000000,0,0,0000,000000,0,0,000,0x3b17f800,0.0023188591,0x3b17f800,0.0023188591,0x00000000,0
l2,0.0625,0,min-error,metric_min,exp1,0,1,1,0.0954308435,0.0982731357,0.0954308435,0.0982731357,0.00284229219,42,raw-and-scaled,6,1,fp6_e1m4,fp6_e2m3,4,3,4,26,42,exp2,6,25,6,6,0.0954308435,0.0982731357,-19,0x3dc9436d,0.0982731357,0x3f800000,1,0x3b154040,0.00227738917,0x3b154040,0.00227738917,000000,0,0,0000,000000,0,0,000,0x3b154040,0.00227738917,0x3b154040,0.00227738917,0x00000000,0
l2,0.0625,0,min-error,metric_min,exp1,0,1,1,0.0954308435,0.0982731357,0.0954308435,0.0982731357,0.00284229219,43,raw-and-scaled,6,1,fp6_e1m4,fp6_e2m3,4,3,4,26,43,exp2,6,25,6,6,0.0954308435,0.0982731357,-19,0x3dc9436d,0.0982731357,0x3f800000,1,0x3bb7f800,0.0056142807,0x3bb7f800,0.0056142807,000000,0,0,0000,000000,0,0,000,0x3bb7f800,0.0056142807,0x3bb7f800,0.0056142807,0x00000000,0
l2,0.0625,0,min-error,metric_min,exp1,0,1,1,0.0954308435,0.0982731357,0.0954308435,0.0982731357,0.00284229219,44,raw-and-scaled,6,1,fp6_e1m4,fp6_e2m3,4,3,4,26,44,exp2,6,25,6,6,0.0954308435,0.0982731357,-19,0x3dc9436d,0.0982731357,0x3f800000,1,0xbee40400,-0.445343018,0xbee40400,-0.445343018,100111,0,7,0111,101110,1,6,110,0xbc008000,-0.00784301758,0xbc008000,-0.00784301758,0x80000000,-0
l2,0.0625,0,min-error,metric_min,exp1,0,1,1,0.0954308435,0.0982731357,0.0954308435,0.0982731357,0.00284229219,45,raw-and-scaled,6,1,fp6_e1m4,fp6_e2m3,4,3,4,26,45,exp2,6,25,6,6,0.0954308435,0.0982731357,-19,0x3dc9436d,0.0982731357,0x3f800000,1,0x3edaff00,0.427726746,0x3edaff00,0.427726746,000110,0,6,0110,001101,1,5,101,0x3d57f800,0.0527267456,0x3caff000,0.0214767456,0xbf800000,-1
l2,0.0625,0,min-error,metric_min,exp1,0,1,1,0.0954308435,0.0982731357,0.0954308435,0.0982731357,0.00284229219,46,raw-and-scaled,6,1,fp6_e1m4,fp6_e2m3,4,3,4,26,46,exp2,6,25,6,6,0.0954308435,0.0982731357,-19,0x3dc9436d,0.0982731357,0x3f800000,1,0x3d173fc0,0.0369260311,0x3d173fc0,0.0369260311,000000,0,0,0000,000001,0,1,001,0x3d173fc0,0.0369260311,0x3bb9fe00,0.00567603111,0xbf800000,-1
l2,0.0625,0,min-error,metric_min,exp1,0,1,1,0.0954308435,0.0982731357,0.0954308435,0.0982731357,0.00284229219,47,raw-and-scaled,6,1,fp6_e1m4,fp6_e2m3,4,3,4,26,47,exp2,6,25,6,6,0.0954308435,0.0982731357,-19,0x3dc9436d,0.0982731357,0x3f800000,1,0x3faf8080,1.37110901,0x3faf8080,1.37110901,010101,1,5,0101,011010,3,2,010,0x3d701000,0.0586090088,0x3df80800,0.121109009,0x3f800000,1
l2,0.0625,0,min-error,metric_min,exp1,0,1,1,0.0954308435,0.0982731357,0.0954308435,0.0982731357,0.00284229219,48,raw-and-scaled,6,1,fp6_e1m4,fp6_e2m3,4,3,4,26,48,exp2,6,25,6,6,0.0954308435,0.0982731357,-19,0x3dc9436d,0.0982731357,0x3f800000,1,0xbb87f800,-0.00414943695,0xbb87f800,-0.00414943695,100000,0,0,0000,100000,0,0,000,0xbb87f800,-0.00414943695,0xbb87f800,-0.00414943695,0x00000000,0
l2,0.0625,0,min-error,metric_min,exp1,0,1,1,0.0954308435,0.0982731357,0.0954308435,0.0982731357,0.00284229219,49,raw-and-scaled,6,1,fp6_e1m4,fp6_e2m3,4,3,4,26,49,exp2,6,25,6,6,0.0954308435,0.0982731357,-19,0x3dc9436d,0.0982731357,0x3f800000,1,0x3db17f80,0.0866689682,0x3db17f80,0.0866689682,000001,0,1,0001,000010,0,2,010,0x3cc5fe00,0.0241689682,0x3cc5fe00,0.0241689682,0x80000000,-0
l2,0.0625,0,min-error,metric_min,exp1,0,1,1,0.0954308435,0.0982731357,0.0954308435,0.0982731357,0.00284229219,50,raw-and-scaled,6,1,fp6_e1m4,fp6_e2m3,4,3,4,26,50,exp2,6,25,6,6,0.0954308435,0.0982731357,-19,0x3dc9436d,0.0982731357,0x3f800000,1,0x3cca0200,0.0246591568,0x3cca0200,0.0246591568,000000,0,0,0000,000000,0,0,000,0x3cca0200,0.0246591568,0x3cca0200,0.0246591568,0x00000000,0
l2,0.0625,0,min-error,metric_min,exp1,0,1,1,0.0954308435,0.0982731357,0.0954308435,0.0982731357,0.00284229219,51,raw-and-scaled,6,1,fp6_e1m4,fp6_e2m3,4,3,4,26,51,exp2,6,25,6,6,0.0954308435,0.0982731357,-19,0x3dc9436d,0.0982731357,0x3f800000,1,0x3f66ff00,0.902328491,0x3f66ff00,0.902328491,001110,0,14,1110,010110,2,6,110,0x3cdfe000,0.0273284912,0x3cdfe000,0.0273284912,0x00000000,0
l2,0.0625,0,min-error,metric_min,exp1,0,1,1,0.0954308435,0.0982731357,0.0954308435,0.0982731357,0.00284229219,52,raw-and-scaled,6,1,fp6_e1m4,fp6_e2m3,4,3,4,26,52,exp2,6,25,6,6,0.0954308435,0.0982731357,-19,0x3dc9436d,0.0982731357,0x3f800000,1,0xbc51fe00,-0.012816906,0xbc51fe00,-0.012816906,100000,0,0,0000,100000,0,0,000,0xbc51fe00,-0.012816906,0xbc51fe00,-0.012816906,0x00000000,0
l2,0.0625,0,min-error,metric_min,exp1,0,1,1,0.0954308435,0.0982731357,0.0954308435,0.0982731357,0.00284229219,53,raw-and-scaled,6,1,fp6_e1m4,fp6_e2m3,4,3,4,26,53,exp2,6,25,6,6,0.0954308435,0.0982731357,-19,0x3dc9436d,0.0982731357,0x3f800000,1,0x3db57f80,0.0886220932,0x3db57f80,0.0886220932,000001,0,1,0001,000010,0,2,010,0x3cd5fe00,0.0261220932,0x3cd5fe00,0.0261220932,0x80000000,-0
l2,0.0625,0,min-error,metric_min,exp1,0,1,1,0.0954308435,0.0982731357,0.0954308435,0.0982731357,0.00284229219,54,raw-and-scaled,6,1,fp6_e1m4,fp6_e2m3,4,3,4,26,54,exp2,6,25,6,6,0.0954308435,0.0982731357,-19,0x3dc9436d,0.0982731357,0x3f800000,1,0x3f340400,0.703186035,0x3f340400,0.703186035,001011,0,11,1011,010011,2,3,011,0x3c808000,0.0156860352,0x3c808000,0.0156860352,0x00000000,0
l2,0.0625,0,min-error,metric_min,exp1,0,1,1,0.0954308435,0.0982731357,0.0954308435,0.0982731357,0.00284229219,55,raw-and-scaled,6,1,fp6_e1m4,fp6_e2m3,4,3,4,26,55,exp2,6,25,6,6,0.0954308435,0.0982731357,-19,0x3dc9436d,0.0982731357,0x3f800000,1,0xbdeeff00,-0.116697311,0xbdeeff00,-0.116697311,100001,0,1,0001,100011,0,3,011,0xbd5dfe00,-0.0541973114,0xbcbbfc00,-0.0229473114,0xbf800000,-1
l2,0.0625,0,min-error,metric_min,exp1,0,1,1,0.0954308435,0.0982731357,0.0954308435,0.0982731357,0.00284229219,56,raw-and-scaled,6,1,fp6_e1m4,fp6_e2m3,4,3,4,26,56,exp2,6,25,6,6,0.0954308435,0.0982731357,-19,0x3dc9436d,0.0982731357,0x3f800000,1,0x3c387f80,0.0112608671,0x3c387f80,0.0112608671,000000,0,0,0000,000000,0,0,000,0x3c387f80,0.0112608671,0x3c387f80,0.0112608671,0x00000000,0
l2,0.0625,0,min-error,metric_min,exp1,0,1,1,0.0954308435,0.0982731357,0.0954308435,0.0982731357,0.00284229219,57,raw-and-scaled,6,1,fp6_e1m4,fp6_e2m3,4,3,4,26,57,exp2,6,25,6,6,0.0954308435,0.0982731357,-19,0x3dc9436d,0.0982731357,0x3f800000,1,0x3ff2ff00,1.89840698,0x3ff2ff00,1.89840698,011110,1,14,1110,011111,3,7,111,0x3cbfc000,0.0234069824,0x3cbfc000,0.0234069824,0x00000000,0
l2,0.0625,0,min-error,metric_min,exp1,0,1,1,0.0954308435,0.0982731357,0.0954308435,0.0982731357,0.00284229219,58,raw-and-scaled,6,1,fp6_e1m4,fp6_e2m3,4,3,4,26,58,exp2,6,25,6,6,0.0954308435,0.0982731357,-19,0x3dc9436d,0.0982731357,0x3f800000,1,0xbd280800,-0.0410232544,0xbd280800,-0.0410232544,100000,0,0,0000,100001,0,1,001,0xbd280800,-0.0410232544,0xbc202000,-0.00977325439,0xbf800000,-1
l2,0.0625,0,min-error,metric_min,exp1,0,1,1,0.0954308435,0.0982731357,0.0954308435,0.0982731357,0.00284229219,59,raw-and-scaled,6,1,fp6_e1m4,fp6_e2m3,4,3,4,26,59,exp2,6,25,6,6,0.0954308435,0.0982731357,-19,0x3dc9436d,0.0982731357,0x3f800000,1,0xbb5c0400,-0.00335717201,0xbb5c0400,-0.00335717201,100000,0,0,0000,100000,0,0,000,0xbb5c0400,-0.00335717201,0xbb5c0400,-0.00335717201,0x00000000,0
l2,0.0625,0,min-error,metric_min,exp1,0,1,1,0.0954308435,0.0982731357,0.0954308435,0.0982731357,0.00284229219,60,raw-and-scaled,6,1,fp6_e1m4,fp6_e2m3,4,3,4,26,60,exp2,6,25,6,6,0.0954308435,0.0982731357,-19,0x3dc9436d,0.0982731357,0x3f800000,1,0x3cbc7f80,0.0230100155,0x3cbc7f80,0.0230100155,000000,0,0,0000,000000,0,0,000,0x3cbc7f80,0.0230100155,0x3cbc7f80,0.0230100155,0x00000000,0
l2,0.0625,0,min-error,metric_min,exp1,0,1,1,0.0954308435,0.0982731357,0.0954308435,0.0982731357,0.00284229219,61,raw-and-scaled,6,1,fp6_e1m4,fp6_e2m3,4,3,4,26,61,exp2,6,25,6,6,0.0954308435,0.0982731357,-19,0x3dc9436d,0.0982731357,0x3f800000,1,0x3e760200,0.240242004,0x3e760200,0.240242004,000011,0,3,0011,000111,0,7,111,0x3d580800,0.0527420044,0x3cb01000,0.0214920044,0xbf800000,-1
l2,0.0625,0,min-error,metric_min,exp1,0,1,1,0.0954308435,0.0982731357,0.0954308435,0.0982731357,0.00284229219,62,raw-and-scaled,6,1,fp6_e1m4,fp6_e2m3,4,3,4,26,62,exp2,6,25,6,6,0.0954308435,0.0982731357,-19,0x3dc9436d,0.0982731357,0x3f800000,1,0x3f680800,0.90637207,0x3f680800,0.90637207,001110,0,14,1110,010110,2,6,110,0x3d008000,0.0313720703,0x3d008000,0.0313720703,0x00000000,0
l2,0.0625,0,min-error,metric_min,exp1,0,1,1,0.0954308435,0.0982731357,0.0954308435,0.0982731357,0.00284229219,63,raw-and-scaled,6,1,fp6_e1m4,fp6_e2m3,4,3,4,26,63,exp2,6,25,6,6,0.0954308435,0.0982731357,-19,0x3dc9436d,0.0982731357,0x3f800000,1,0x3c3f7f80,0.0116881132,0x3c3f7f80,0.0116881132,000000,0,0,0000,000000,0,0,000,0x3c3f7f80,0.0116881132,0x3c3f7f80,0.0116881132,0x00000000,0
l2,0.0625,0,min-error,metric_min,exp1,0,1,1,0.0954308435,0.0982731357,0.0954308435,0.0982731357,0.00284229219,64,raw-and-scaled,6,1,fp6_e1m4,fp6_e2m3,4,3,4,26,64,exp2,6,25,6,6,0.0954308435,0.0982731357,-19,0x3dc9436d,0.0982731357,0x3f800000,1,0xbf020200,-0.507843018,0xbf020200,-0.507843018,101000,0,8,1000,110000,2,0,000,0xbc008000,-0.00784301758,0xbc008000,-0.00784301758,0x00000000,0
l2,0.0625,0,min-error,metric_min,exp1,0,1,1,0.0954308435,0.0982731357,0.0954308435,0.0982731357,0.00284229219,65,raw-and-scaled,6,1,fp6_e1m4,fp6_e2m3,4,3,4,26,65,exp2,6,25,6,6,0.0954308435,0.0982731357,-19,0x3dc9436d,0.0982731357,0x3f800000,1,0xbd20c040,-0.0392458439,0xbd20c040,-0.0392458439,100000,0,0,0000,100001,0,1,001,0xbd20c040,-0.0392458439,0xbc030100,-0.00799584389,0xbf800000,-1
l2,0.0625,0,min-error,metric_min,exp1,0,1,1,0.0954308435,0.0982731357,0.0954308435,0.0982731357,0.00284229219,66,raw-and-scaled,6,1,fp6_e1m4,fp6_e2m3,4,3,4,26,66,exp2,6,25,6,6,0.0954308435,0.0982731357,-19,0x3dc9436d,0.0982731357,0x3f800000,1,0x3a89fe00,0.00105279684,0x3a89fe00,0.00105279684,000000,0,0,0000,000000,0,0,000,0x3a89fe00,0.00105279684,0x3a89fe00,0.00105279684,0x00000000,0
l2,0.0625,0,min-error,metric_min,exp1,0,1,1,0.0954308435,0.0982731357,0.0954308435,0.0982731357,0.00284229219,67,raw-and-scaled,6,1,fp6_e1m4,fp6_e2m3,4,3,4,26,67,exp2,6,25,6,6,0.0954308435,0.0982731357,-19,0x3dc9436d,0.0982731357,0x3f800000,1,0x3eb80800,0.359436035,0x3eb80800,0.359436035,000101,0,5,0101,001011,1,3,011,0x3d404000,0.0469360352,0x3c808000,0.0156860352,0xbf800000,-1
l2,0.0625,0,min-error,metric_min,exp1,0,1,1,0.0954308435,0.0982731357,0.0954308435,0.0982731357,0.00284229219,68,raw-and-scaled,6,1,fp6_e1m4,fp6_e2m3,4,3,4,26,68,exp2,6,25,6,6,0.0954308435,0.0982731357,-19,0x3dc9436d,0.0982731357,0x3f800000,1,0xbe920200,-0.285171509,0xbe920200,-0.285171509,100100,0,4,0100,101001,1,1,001,0xbd101000,-0.0351715088,0xbb808000,-0.00392150879,0xbf800000,-1
l2,0.0625,0,min-error,metric_min,exp1,0,1,1,0.0954308435,0.0982731357,0.0954308435,0.0982731357,0.00284229219,69,raw-and-scaled,6,1,fp6_e1m4,fp6_e2m3,4,3,4,26,69,exp2,6,25,6,6,0.0954308435,0.0982731357,-19,0x3dc9436d,0.0982731357,0x3f800000,1,0xbd960200,-0.0732460022,0xbd960200,-0.0732460022,100001,0,1,0001,100010,0,2,010,0xbc301000,-0.0107460022,0xbc301000,-0.0107460022,0x80000000,-0
l2,0.0625,0,min-error,metric_min,exp1,0,1,1,0.0954308435,0.0982731357,0.0954308435,0.0982731357,0.00284229219,70,raw-and-scaled,6,1,fp6_e1m4,fp6_e2m3,4,3,4,26,70,exp2,6,25,6,6,0.0954308435,0.0982731357,-19,0x3dc9436d,0.0982731357,0x3f800000,1,0x3fe80800,1.81274414,0x3fe80800,1.81274414,011101,1,13,1101,011110,3,6,110,0x39800000,0.000244140625,0x3d808000,0.0627441406,0x3f800000,1
l2,0.0625,0,min-error,metric_min,exp1,0,1,1,0.0954308435,0.0982731357,0.0954308435,0.0982731357,0.00284229219,71,raw-and-scaled,6,1,fp6_e1m4,fp6_e2m3,4,3,4,26,71,exp2,6,25,6,6,0.0954308435,0.0982731357,-19,0x3dc9436d,0.0982731357,0x3f800000,1,0xbfbc0400,-1.46887207,0xbfbc0400,-1.46887207,110111,1,7,0111,111011,3,3,011,0xbd008000,-0.0313720703,0xbdc04000,-0.0938720703,0x3f800000,1
l2,0.0625,0,min-error,metric_min,exp1,0,1,1,0.0954308435,0.0982731357,0.0954308435,0.0982731357,0.00284229219,72,raw-and-scaled,6,1,fp6_e1m4,fp6_e2m3,4,3,4,26,72,exp2,6,25,6,6,0.0954308435,0.0982731357,-19,0x3dc9436d,0.0982731357,0x3f800000,1,0xbb440400,-0.00299096107,0xbb440400,-0.00299096107,100000,0,0,0000,100000,0,0,000,0xbb440400,-0.00299096107,0xbb440400,-0.00299096107,0x00000000,0
l2,0.0625,0,min-error,metric_min,exp1,0,1,1,0.0954308435,0.0982731357,0.0954308435,0.0982731357,0.00284229219,73,raw-and-scaled,6,1,fp6_e1m4,fp6_e2m3,4,3,4,26,73,exp2,6,25,6,6,0.0954308435,0.0982731357,-19,0x3dc9436d,0.0982731357,0x3f800000,1,0x3ea5fe00,0.324203491,0x3ea5fe00,0.324203491,000101,0,5,0101,001010,1,2,010,0x3c3fc000,0.0117034912,0x3c3fc000,0.0117034912,0x80000000,-0
l2,0.0625,0,min-error,metric_min,exp1,0,1,1,0.0954308435,0.0982731357,0.0954308435,0.0982731357,0.00284229219,74,raw-and-scaled,6,1,fp6_e1m4,fp6_e2m3,4,3,4,26,74,exp2,6,25,6,6,0.0954308435,0.0982731357,-19,0x3dc9436d,0.0982731357,0x3f800000,1,0x3e540400,0.207046509,0x3e540400,0.207046509,000011,0,3,0011,000110,0,6,110,0x3ca02000,0.0195465088,0x3ca02000,0.0195465088,0x80000000,-0
l2,0.0625,0,min-error,metric_min,exp1,0,1,1,0.0954308435,0.0982731357,0.0954308435,0.0982731357,0.00284229219,75,raw-and-scaled,6,1,fp6_e1m4,fp6_e2m3,4,3,4,26,75,exp2,6,25,6,6,0.0954308435,0.0982731357,-19,0x3dc9436d,0.0982731357,0x3f800000,1,0x3c380800,0.0112323761,0x3c380800,0.0112323761,000000,0,0,0000,000000,0,0,000,0x3c380800,0.0112323761,0x3c380800,0.0112323761,0x00000000,0
l2,0.0625,0,min-error,metric_min,exp1,0,1,1,0.0954308435,0.0982731357,0.0954308435,0.0982731357,0.00284229219,76,raw-and-scaled,6,1,fp6_e1m4,fp6_e2m3,4,3,4,26,76,exp2,6,25,6,6,0.0954308435,0.0982731357,-19,0x3dc9436d,0.0982731357,0x3f800000,1,0xbd98ff00,-0.0747051239,0xbd98ff00,-0.0747051239,100001,0,1,0001,100010,0,2,010,0xbc47f800,-0.0122051239,0xbc47f800,-0.0122051239,0x80000000,-0
l2,0.0625,0,min-error,metric_min,exp1,0,1,1,0.0954308435,0.0982731357,0.0954308435,0.0982731357,0.00284229219,77,raw-and-scaled,6,1,fp6_e1m4,fp6_e2m3,4,3,4,26,77,exp2,6,25,6,6,0.0954308435,0.0982731357,-19,0x3dc9436d,0.0982731357,0x3f800000,1,0x3e26c040,0.162842751,0x3e26c040,0.162842751,000010,0,2,0010,000101,0,5,101,0x3d1b0100,0.0378427505,0x3bd80800,0.00659275055,0xbf800000,-1
l2,0.0625,0,min-error,metric_min,exp1,0,1,1,0.0954308435,0.0982731357,0.0954308435,0.0982731357,0.00284229219,78,raw-and-scaled,6,1,fp6_e1m4,fp6_e2m3,4,3,4,26,78,exp2,6,25,6,6,0.0954308435,0.0982731357,-19,0x3dc9436d,0.0982731357,0x3f800000,1,0x3fe7f800,1.81225586,0x3fe7f800,1.81225586,011100,1,12,1100,011110,3,6,110,0x3d7f0000,0.0622558594,0x3d7f0000,0.0622558594,0x00000000,0
l2,0.0625,0,min-error,metric_min,exp1,0,1,1,0.0954308435,0.0982731357,0.0954308435,0.0982731357,0.00284229219,79,raw-and-scaled,6,1,fp6_e1m4,fp6_e2m3,4,3,4,26,79,exp2,6,25,6,6,0.0954308435,0.0982731357,-19,0x3dc9436d,0.0982731357,0x3f800000,1,0x3ca7c040,0.0204774141,0x3ca7c040,0.0204774141,000000,0,0,0000,000000,0,0,000,0x3ca7c040,0.0204774141,0x3ca7c040,0.0204774141,0x00000000,0
l2,0.0625,0,min-error,metric_min,exp1,0,1,1,0.0954308435,0.0982731357,0.0954308435,0.0982731357,0.00284229219,80,raw-and-scaled,6,1,fp6_e1m4,fp6_e2m3,4,3,4,26,80,exp2,6,25,6,6,0.0954308435,0.0982731357,-19,0x3dc9436d,0.0982731357,0x3f800000,1,0x3aa10100,0.00122836232,0x3aa10100,0.00122836232,000000,0,0,0000,000000,0,0,000,0x3aa10100,0.00122836232,0x3aa10100,0.00122836232,0x00000000,0
l2,0.0625,0,min-error,metric_min,exp1,0,1,1,0.0954308435,0.0982731357,0.0954308435,0.0982731357,0.00284229219,81,raw-and-scaled,6,1,fp6_e1m4,fp6_e2m3,4,3,4,26,81,exp2,6,25,6,6,0.0954308435,0.0982731357,-19,0x3dc9436d,0.0982731357,0x3f800000,1,0x3e180800,0.148468018,0x3e180800,0.148468018,000010,0,2,0010,000100,0,4,100,0x3cc04000,0.0234680176,0x3cc04000,0.0234680176,0x80000000,-0
l2,0.0625,0,min-error,metric_min,exp1,0,1,1,0.0954308435,0.0982731357,0.0954308435,0.0982731357,0.00284229219,82,raw-and-scaled,6,1,fp6_e1m4,fp6_e2m3,4,3,4,26,82,exp2,6,25,6,6,0.0954308435,0.0982731357,-19,0x3dc9436d,0.0982731357,0x3f800000,1,0xbbd28080,-0.0064240098,0xbbd28080,-0.0064240098,100000,0,0,0000,100000,0,0,000,0xbbd28080,-0.0064240098,0xbbd28080,-0.0064240098,0x00000000,0
l2,0.0625,0,min-error,metric_min,exp1,0,1,1,0.0954308435,0.0982731357,0.0954308435,0.0982731357,0.00284229219,83,raw-and-scaled,6,1,fp6_e1m4,fp6_e2m3,4,3,4,26,83,exp2,6,25,6,6,0.0954308435,0.0982731357,-19,0x3dc9436d,0.0982731357,0x3f800000,1,0xbb29c040,-0.00259019434,0xbb29c040,-0.00259019434,100000,0,0,0000,100000,0,0,000,0xbb29c040,-0.00259019434,0xbb29c040,-0.00259019434,0x00000000,0
l2,0.0625,0,min-error,metric_min,exp1,0,1,1,0.0954308435,0.0982731357,0.0954308435,0.0982731357,0.00284229219,84,raw-and-scaled,6,1,fp6_e1m4,fp6_e2m3,4,3,4,26,84,exp2,6,25,6,6,0.0954308435,0.0982731357,-19,0x3dc9436d,0.0982731357,0x3f800000,1,0xbfa40400,-1.28137207,0xbfa40400,-1.28137207,110100,1,4,0100,111010,3,2,010,0xbd008000,-0.0313720703,0xbd008000,-0.0313720703,0x00000000,0
l2,0.0625,0,min-error,metric_min,exp1,0,1,1,0.0954308435,0.0982731357,0.0954308435,0.0982731357,0.00284229219,85,raw-and-scaled,6,1,fp6_e1m4,fp6_e2m3,4,3,4,26,85,exp2,6,25,6,6,0.0954308435,0.0982731357,-19,0x3dc9436d,0.0982731357,0x3f800000,1,0x3dac0400,0.0839920044,0x3dac0400,0.0839920044,000001,0,1,0001,000010,0,2,010,0x3cb01000,0.0214920044,0x3cb01000,0.0214920044,0x80000000,-0
l2,0.0625,0,min-error,metric_min,exp1,0,1,1,0.0954308435,0.0982731357,0.0954308435,0.0982731357,0.00284229219,86,raw-and-scaled,6,1,fp6_e1m4,fp6_e2m3,4,3,4,26,86,exp2,6,25,6,6,0.0954308435,0.0982731357,-19,0x3dc9436d,0.0982731357,0x3f800000,1,0x3bd67f80,0.0065459609,0x3bd67f80,0.0065459609,000000,0,0,0000,000000,0,0,000,0x3bd67f80,0.0065459609,0x3bd67f80,0.0065459609,0x00000000,0
l2,0.0625,0,min-error,metric_min,exp1,0,1,1,0.0954308435,0.0982731357,0.0954308435,0.0982731357,0.00284229219,87,raw-and-scaled,6,1,fp6_e1m4,fp6_e2m3,4,3,4,26,87,exp2,6,25,6,6,0.0954308435,0.0982731357,-19,0x3dc9436d,0.0982731357,0x3f800000,1,0xbc3c0400,-0.011475563,0xbc3c0400,-0.011475563,100000,0,0,0000,100000,0,0,000,0xbc3c0400,-0.011475563,0xbc3c0400,-0.011475563,0x00000000,0
l2,0.0625,0,min-error,metric_min,exp1,0,1,1,0.0954308435,0.0982731357,0.0954308435,0.0982731357,0.00284229219,88,raw-and-scaled,6,1,fp6_e1m4,fp6_e2m3,4,3,4,26,88,exp2,6,25,6,6,0.0954308435,0.0982731357,-19,0x3dc9436d,0.0982731357,0x3f800000,1,0xbcc3fc00,-0.0239238739,0xbcc3fc00,-0.0239238739,100000,0,0,0000,100000,0,0,000,0xbcc3fc00,-0.0239238739,0xbcc3fc00,-0.0239238739,0x00000000,0
l2,0.0625,0,min-error,metric_min,exp1,0,1,1,0.0954308435,0.0982731357,0.0954308435,0.0982731357,0.00284229219,89,raw-and-scaled,6,1,fp6_e1m4,fp6_e2m3,4,3,4,26,89,exp2,6,25,6,6,0.0954308435,0.0982731357,-19,0x3dc9436d,0.0982731357,0x3f800000,1,0x3d2cc040,0.0421755314,0x3d2cc040,0.0421755314,000000,0,0,0000,000001,0,1,001,0x3d2cc040,0.0421755314,0x3c330100,0.0109255314,0xbf800000,-1
l2,0.0625,0,min-error,metric_min,exp1,0,1,1,0.0954308435,0.0982731357,0.0954308435,0.0982731357,0.00284229219,90,raw-and-scaled,6,1,fp6_e1m4,fp6_e2m3,4,3,4,26,90,exp2,6,25,6,6,0.0954308435,0.0982731357,-19,0x3dc9436d,0.0982731357,0x3f800000,1,0x3aa7f800,0.00128149986,0x3aa7f800,0.00128149986,000000,0,0,0000,000000,0,0,000,0x3aa7f800,0.00128149986,0x3aa7f800,0.00128149986,0x00000000,0
l2,0.0625,0,min-error,metric_min,exp1,0,1,1,0.0954308435,0.0982731357,0.0954308435,0.0982731357,0.00284229219,91,raw-and-scaled,6,1,fp6_e1m4,fp6_e2m3,4,3,4,26,91,exp2,6,25,6,6,0.0954308435,0.0982731357,-19,0x3dc9436d,0.0982731357,0x3f800000,1,0xbfdb8080,-1.71485901,0xbfdb8080,-1.71485901,111011,1,11,1011,111101,3,5,101,0xbce02000,-0.0273590088,0xbdb80800,-0.0898590088,0x3f800000,1
l2,0.0625,0,min-error,metric_min,exp1,0,1,1,0.0954308435,0.0982731357,0.0954308435,0.0982731357,0.00284229219,92,raw-and-scaled,6,1,fp6_e1m4,fp6_e2m3,4,3,4,26,92,exp2,6,25,6,6,0.0954308435,0.0982731357,-19,0x3dc9436d,0.0982731357,0x3f800000,1,0x3b71fe00,0.00369250774,0x3b71fe00,0.00369250774,000000,0,0,0000,000000,0,0,000,0x3b71fe00,0.00369250774,0x3b71fe00,0.00369250774,0x00000000,0
l2,0.0625,0,min-error,metric_min,exp1,0,1,1,0.0954308435,0.0982731357,0.0954308435,0.0982731357,0.00284229219,93,raw-and-scaled,6,1,fp6_e1m4,fp6_e2m3,4,3,4,26,93,exp2,6,25,6,6,0.0954308435,0.0982731357,-19,0x3dc9436d,0.0982731357,0x3f800000,1,0xbcdd7f80,-0.0270383358,0xbcdd7f80,-0.0270383358,100000,0,0,0000,100000,0,0,000,0xbcdd7f80,-0.0270383358,0xbcdd7f80,-0.0270383358,0x00000000,0
l2,0.0625,0,min-error,metric_min,exp1,0,1,1,0.0954308435,0.0982731357,0.0954308435,0.0982731357,0.00284229219,94,raw-and-scaled,6,1,fp6_e1m4,fp6_e2m3,4,3,4,26,94,exp2,6,25,6,6,0.0954308435,0.0982731357,-19,0x3dc9436d,0.0982731357,0x3f800000,1,0xbd2f4040,-0.0427858829,0xbd2f4040,-0.0427858829,100000,0,0,0000,100001,0,1,001,0xbd2f4040,-0.0427858829,0xbc3d0100,-0.0115358829,0xbf800000,-1
l2,0.0625,0,min-error,metric_min,exp1,0,1,1,0.0954308435,0.0982731357,0.0954308435,0.0982731357,0.00284229219,95,raw-and-scaled,6,1,fp6_e1m4,fp6_e2m3,4,3,4,26,95,exp2,6,25,6,6,0.0954308435,0.0982731357,-19,0x3dc9436d,0.0982731357,0x3f800000,1,0xbb7dfe00,-0.00387561321,0xbb7dfe00,-0.00387561321,100000,0,0,0000,100000,0,0,000,0xbb7dfe00,-0.00387561321,0xbb7dfe00,-0.00387561321,0x00000000,0
l2,0.0625,0,min-error,metric_min,exp1,0,1,1,0.0954308435,0.0982731357,0.0954308435,0.0982731357,0.00284229219,96,raw-and-scaled,6,1,fp6_e1m4,fp6_e2m3,4,3,4,26,96,exp2,6,25,6,6,0.0954308435,0.0982731357,-19,0x3dc9436d,0.0982731357,0x3f800000,1,0xbc303fc0,-0.0107573867,0xbc303fc0,-0.0107573867,100000,0,0,0000,100000,0,0,000,0xbc303fc0,-0.0107573867,0xbc303fc0,-0.0107573867,0x00000000,0
l2,0.0625,0,min-error,metric_min,exp1,0,1,1,0.0954308435,0.0982731357,0.0954308435,0.0982731357,0.00284229219,97,raw-and-scaled,6,1,fp6_e1m4,fp6_e2m3,4,3,4,26,97,exp2,6,25,6,6,0.0954308435,0.0982731357,-19,0x3dc9436d,0.0982731357,0x3f800000,1,0x3c42ff00,0.0119016171,0x3c42ff00,0.0119016171,000000,0,0,0000,000000,0,0,000,0x3c42ff00,0.0119016171,0x3c42ff00,0.0119016171,0x00000000,0
l2,0.0625,0,min-error,metric_min,exp1,0,1,1,0.0954308435,0.0982731357,0.0954308435,0.0982731357,0.00284229219,98,raw-and-scaled,6,1,fp6_e1m4,fp6_e2m3,4,3,4,26,98,exp2,6,25,6,6,0.0954308435,0.0982731357,-19,0x3dc9436d,0.0982731357,0x3f800000,1,0x3d314040,0.0432741642,0x3d314040,0.0432741642,000000,0,0,0000,000001,0,1,001,0x3d314040,0.0432741642,0x3c450100,0.0120241642,0xbf800000,-1
l2,0.0625,0,min-error,metric_min,exp1,0,1,1,0.0954308435,0.0982731357,0.0954308435,0.0982731357,0.00284229219,99,raw-and-scaled,6,1,fp6_e1m4,fp6_e2m3,4,3,4,26,99,exp2,6,25,6,6,0.0954308435,0.0982731357,-19,0x3dc9436d,0.0982731357,0x3f800000,1,0xbd1c0400,-0.0380897522,0xbd1c0400,-0.0380897522,100000,0,0,0000,100001,0,1,001,0xbd1c0400,-0.0380897522,0xbbe02000,-0.0068397522,0xbf800000,-1
l2,0.0625,0,min-error,metric_min,exp1,0,1,1,0.0954308435,0.0982731357,0.0954308435,0.0982731357,0.00284229219,100,raw-and-scaled,6,1,fp6_e1m4,fp6_e2m3,4,3,4,26,100,exp2,6,25,6,6,0.0954308435,0.0982731357,-19,0x3dc9436d,0.0982731357,0x3f800000,1,0xbe920200,-0.285171509,0xbe920200,-0.285171509,100100,0,4,0100,101001,1,1,001,0xbd101000,-0.0351715088,0xbb808000,-0.00392150879,0xbf800000,-1
l2,0.0625,0,min-error,metric_min,exp1,0,1,1,0.0954308435,0.0982731357,0.0954308435,0.0982731357,0.00284229219,101,raw-and-scaled,6,1,fp6_e1m4,fp6_e2m3,4,3,4,26,101,exp2,6,25,6,6,0.0954308435,0.0982731357,-19,0x3dc9436d,0.0982731357,0x3f800000,1,0xbb658080,-0.00350192189,0xbb658080,-0.00350192189,100000,0,0,0000,100000,0,0,000,0xbb658080,-0.00350192189,0xbb658080,-0.00350192189,0x00000000,0
l2,0.0625,0,min-error,metric_min,exp1,0,1,1,0.0954308435,0.0982731357,0.0954308435,0.0982731357,0.00284229219,102,raw-and-scaled,6,1,fp6_e1m4,fp6_e2m3,4,3,4,26,102,exp2,6,25,6,6,0.0954308435,0.0982731357,-19,0x3dc9436d,0.0982731357,0x3f800000,1,0xbe9a0200,-0.300796509,0xbe9a0200,-0.300796509,100100,0,4,0100,101001,1,1,001,0xbd501000,-0.0507965088,0xbca02000,-0.0195465088,0xbf800000,-1
l2,0.0625,0,min-error,metric_min,exp1,0,1,1,0.0954308435,0.0982731357,0.0954308435,0.0982731357,0.00284229219,103,raw-and-scaled,6,1,fp6_e1m4,fp6_e2m3,4,3,4,26,103,exp2,6,25,6,6,0.0954308435,0.0982731357,-19,0x3dc9436d,0.0982731357,0x3f800000,1,0x3f9e0200,1.23443604,0x3f9e0200,1.23443604,010011,1,3,0011,011001,3,1,001,0x3d404000,0.0469360352,0x3de02000,0.109436035,0x3f800000,1
l2,0.0625,0,min-error,metric_min,exp1,0,1,1,0.0954308435,0.0982731357,0.0954308435,0.0982731357,0.00284229219,104,raw-and-scaled,6,1,fp6_e1m4,fp6_e2m3,4,3,4,26,104,exp2,6,25,6,6,0.0954308435,0.0982731357,-19,0x3dc9436d,0.0982731357,0x3f800000,1,0x3ce88080,0.0283815861,0x3ce88080,0.0283815861,000000,0,0,0000,000000,0,0,000,0x3ce88080,0.0283815861,0x3ce88080,0.0283815861,0x00000000,0
l2,0.0625,0,min-error,metric_min,exp1,0,1,1,0.0954308435,0.0982731357,0.0954308435,0.0982731357,0.00284229219,105,raw-and-scaled,6,1,fp6_e1m4,fp6_e2m3,4,3,4,26,105,exp2,6,25,6,6,0.0954308435,0.0982731357,-19,0x3dc9436d,0.0982731357,0x3f800000,1,0x3b34c040,0.00275804102,0x3b34c040,0.00275804102,000000,0,0,0000,000000,0,0,000,0x3b34c040,0.00275804102,0x3b34c040,0.00275804102,0x00000000,0
l2,0.0625,0,min-error,metric_min,exp1,0,1,1,0.0954308435,0.0982731357,0.0954308435,0.0982731357,0.00284229219,106,raw-and-scaled,6,1,fp6_e1m4,fp6_e2m3,4,3,4,26,106,exp2,6,25,6,6,0.0954308435,0.0982731357,-19,0x3dc9436d,0.0982731357,0x3f800000,1,0xbda7f800,-0.0820159912,0xbda7f800,-0.0820159912,100001,0,1,0001,100010,0,2,010,0xbc9fe000,-0.0195159912,0xbc9fe000,-0.0195159912,0x80000000,-0
l2,0.0625,0,min-error,metric_min,exp1,0,1,1,0.0954308435,0.0982731357,0.0954308435,0.0982731357,0.00284229219,107,raw-and-scaled,6,1,fp6_e1m4,fp6_e2m3,4,3,4,26,107,exp2,6,25,6,6,0.0954308435,0.0982731357,-19,0x3dc9436d,0.0982731357,0x3f800000,1,0x3ceb7f80,0.0287473202,0x3ceb7f80,0.0287473202,000000,0,0,0000,000000,0,0,000,0x3ceb7f80,0.0287473202,0x3ceb7f80,0.0287473202,0x00000000,0
l2,0.0625,0,min-error,metric_min,exp1,0,1,1,0.0954308435,0.0982731357,0.0954308435,0.0982731357,0.00284229219,108,raw-and-scaled,6,1,fp6_e1m4,fp6_e2m3,4,3,4,26,108,exp2,6,25,6,6,0.0954308435,0.0982731357,-19,0x3dc9436d,0.0982731357,0x3f800000,1,0xbaec8080,-0.00180436671,0xbaec8080,-0.00180436671,100000,0,0,0000,100000,0,0,000,0xbaec8080,-0.00180436671,0xbaec8080,-0.00180436671,0x00000000,0
l2,0.0625,0,min-error,metric_min,exp1,0,1,1,0.0954308435,0.0982731357,0.0954308435,0.0982731357,0.00284229219,109,raw-and-scaled,6,1,fp6_e1m4,fp6_e2m3,4,3,4,26,109,exp2,6,25,6,6,0.0954308435,0.0982731357,-19,0x3dc9436d,0.0982731357,0x3f800000,1,0xbdb60200,-0.0888710022,0xbdb60200,-0.0888710022,100001,0,1,0001,100010,0,2,010,0xbcd80800,-0.0263710022,0xbcd80800,-0.0263710022,0x80000000,-0
l2,0.0625,0,min-error,metric_min,exp1,0,1,1,0.0954308435,0.0982731357,0.0954308435,0.0982731357,0.00284229219,110,raw-and-scaled,6,1,fp6_e1m4,fp6_e2m3,4,3,4,26,110,exp2,6,25,6,6,0.0954308435,0.0982731357,-19,0x3dc9436d,0.0982731357,0x3f800000,1,0xbe373fc0,-0.178954124,0xbe373fc0,-0.178954124,100010,0,2,0010,100101,0,5,101,0xbd5cff00,-0.0539541245,0xbcb9fe00,-0.0227041245,0xbf800000,-1
l2,0.0625,0,min-error,metric_min,exp1,0,1,1,0.0954308435,0.0982731357,0.0954308435,0.0982731357,0.00284229219,111,raw-and-scaled,6,1,fp6_e1m4,fp6_e2m3,4,3,4,26,111,exp2,6,25,6,6,0.0954308435,0.0982731357,-19,0x3dc9436d,0.0982731357,0x3f800000,1,0x3d37bfc0,0.0448606014,0x3d37bfc0,0.0448606014,000000,0,0,0000,000001,0,1,001,0x3d37bfc0,0.0448606014,0x3c5eff00,0.0136106014,0xbf800000,-1
l2,0.0625,0,min-error,metric_min,exp1,0,1,1,0.0954308435,0.0982731357,0.0954308435,0.0982731357,0.00284229219,112,raw-and-scaled,6,1,fp6_e1m4,fp6_e2m3,4,3,4,26,112,exp2,6,25,6,6,0.0954308435,0.0982731357,-19,0x3dc9436d,0.0982731357,0x3f800000,1,0x3f60ff00,0.878890991,0x3f60ff00,0.878890991,001110,0,14,1110,010110,2,6,110,0x3b7f0000,0.00389099121,0x3b7f0000,0.00389099121,0x00000000,0
l2,0.0625,0,min-error,metric_min,exp1,0,1,1,0.0954308435,0.0982731357,0.0954308435,0.0982731357,0.00284229219,113,raw-and-scaled,6,1,fp6_e1m4,fp6_e2m3,4,3,4,26,113,exp2,6,25,6,6,0.0954308435,0.0982731357,-19,0x3dc9436d,0.0982731357,0x3f800000,1,0xbde30100,-0.110841751,0xbde30100,-0.110841751,100001,0,1,0001,100011,0,3,011,0xbd460200,-0.0483417511,0xbc8c0400,-0.0170917511,0xbf800000,-1
l2,0.0625,0,min-error,metric_min,exp1,0,1,1,0.0954308435,0.0982731357,0.0954308435,0.0982731357,0.00284229219,114,raw-and-scaled,6,1,fp6_e1m4,fp6_e2m3,4,3,4,26,114,exp2,6,25,6,6,0.0954308435,0.0982731357,-19,0x3dc9436d,0.0982731357,0x3f800000,1,0x3de50100,0.111818314,0x3de50100,0.111818314,000001,0,1,0001,000011,0,3,011,0x3d4a0200,0.0493183136,0x3c940400,0.0180683136,0xbf800000,-1
l2,0.0625,0,min-error,metric_min,exp1,0,1,1,0.0954308435,0.0982731357,0.0954308435,0.0982731357,0.00284229219,115,raw-and-scaled,6,1,fp6_e1m4,fp6_e2m3,4,3,4,26,115,exp2,6,25,6,6,0.0954308435,0.0982731357,-19,0x3dc9436d,0.0982731357,0x3f800000,1,0x3cb7f800,0.0224571228,0x3cb7f800,0.0224571228,000000,0,0,0000,000000,0,0,000,0x3cb7f800,0.0224571228,0x3cb7f800,0.0224571228,0x00000000,0
l2,0.0625,0,min-error,metric_min,exp1,0,1,1,0.0954308435,0.0982731357,0.0954308435,0.0982731357,0.00284229219,116,raw-and-scaled,6,1,fp6_e1m4,fp6_e2m3,4,3,4,26,116,exp2,6,25,6,6,0.0954308435,0.0982731357,-19,0x3dc9436d,0.0982731357,0x3f800000,1,0x3ce8ff00,0.028441906,0x3ce8ff00,0.028441906,000000,0,0,0000,000000,0,0,000,0x3ce8ff00,0.028441906,0x3ce8ff00,0.028441906,0x00000000,0
l2,0.0625,0,min-error,metric_min,exp1,0,1,1,0.0954308435,0.0982731357,0.0954308435,0.0982731357,0.00284229219,117,raw-and-scaled,6,1,fp6_e1m4,fp6_e2m3,4,3,4,26,117,exp2,6,25,6,6,0.0954308435,0.0982731357,-19,0x3dc9436d,0.0982731357,0x3f800000,1,0xbe2c0400,-0.167984009,0xbe2c0400,-0.167984009,100010,0,2,0010,100101,0,5,101,0xbd301000,-0.0429840088,0xbc404000,-0.0117340088,0xbf800000,-1
l2,0.0625,0,min-error,metric_min,exp1,0,1,1,0.0954308435,0.0982731357,0.0954308435,0.0982731357,0.00284229219,118,raw-and-scaled,6,1,fp6_e1m4,fp6_e2m3,4,3,4,26,118,exp2,6,25,6,6,0.0954308435,0.0982731357,-19,0x3dc9436d,0.0982731357,0x3f800000,1,0xbb6d0100,-0.00361639261,0xbb6d0100,-0.00361639261,100000,0,0,0000,100000,0,0,000,0xbb6d0100,-0.00361639261,0xbb6d0100,-0.00361639261,0x00000000,0
l2,0.0625,0,min-error,metric_min,exp1,0,1,1,0.0954308435,0.0982731357,0.0954308435,0.0982731357,0.00284229219,119,raw-and-scaled,6,1,fp6_e1m4,fp6_e2m3,4,3,4,26,119,exp2,6,25,6,6,0.0954308435,0.0982731357,-19,0x3dc9436d,0.0982731357,0x3f800000,1,0xbf5dfe00,-0.867156982,0xbf5dfe00,-0.867156982,101101,0,13,1101,110101,2,5,101,0xbd5fe000,-0.0546569824,0xbd5fe000,-0.0546569824,0x00000000,0
l2,0.0625,0,min-error,metric_min,exp1,0,1,1,0.0954308435,0.0982731357,0.0954308435,0.0982731357,0.00284229219,120,raw-and-scaled,6,1,fp6_e1m4,fp6_e2m3,4,3,4,26,120,exp2,6,25,6,6,0.0954308435,0.0982731357,-19,0x3dc9436d,0.0982731357,0x3f800000,1,0xbbe1fe00,-0.00689673424,0xbbe1fe00,-0.00689673424,100000,0,0,0000,100000,0,0,000,0xbbe1fe00,-0.00689673424,0xbbe1fe00,-0.00689673424,0x00000000,0
l2,0.0625,0,min-error,metric_min,exp1,0,1,1,0.0954308435,0.0982731357,0.0954308435,0.0982731357,0.00284229219,121,raw-and-scaled,6,1,fp6_e1m4,fp6_e2m3,4,3,4,26,121,exp2,6,25,6,6,0.0954308435,0.0982731357,-19,0x3dc9436d,0.0982731357,0x3f800000,1,0xbbf2ff00,-0.00741565228,0xbbf2ff00,-0.00741565228,100000,0,0,0000,100000,0,0,000,0xbbf2ff00,-0.00741565228,0xbbf2ff00,-0.00741565228,0x00000000,0
l2,0.0625,0,min-error,metric_min,exp1,0,1,1,0.0954308435,0.0982731357,0.0954308435,0.0982731357,0.00284229219,122,raw-and-scaled,6,1,fp6_e1m4,fp6_e2m3,4,3,4,26,122,exp2,6,25,6,6,0.0954308435,0.0982731357,-19,0x3dc9436d,0.0982731357,0x3f800000,1,0xbfa7f800,-1.31225586,0xbfa7f800,-1.31225586,110100,1,4,0100,111010,3,2,010,0xbd7f0000,-0.0622558594,0xbd7f0000,-0.0622558594,0x00000000,0
l2,0.0625,0,min-error,metric_min,exp1,0,1,1,0.0954308435,0.0982731357,0.0954308435,0.0982731357,0.00284229219,123,raw-and-scaled,6,1,fp6_e1m4,fp6_e2m3,4,3,4,26,123,exp2,6,25,6,6,0.0954308435,0.0982731357,-19,0x3dc9436d,0.0982731357,0x3f800000,1,0x3bfb8080,0.0076752305,0x3bfb8080,0.0076752305,000000,0,0,0000,000000,0,0,000,0x3bfb8080,0.0076752305,0x3bfb8080,0.0076752305,0x00000000,0
l2,0.0625,0,min-error,metric_min,exp1,0,1,1,0.0954308435,0.0982731357,0.0954308435,0.0982731357,0.00284229219,124,raw-and-scaled,6,1,fp6_e1m4,fp6_e2m3,4,3,4,26,124,exp2,6,25,6,6,0.0954308435,0.0982731357,-19,0x3dc9436d,0.0982731357,0x3f800000,1,0xbe640400,-0.222671509,0xbe640400,-0.222671509,100011,0,3,0011,100111,0,7,111,0xbd101000,-0.0351715088,0xbb808000,-0.00392150879,0xbf800000,-1
l2,0.0625,0,min-error,metric_min,exp1,0,1,1,0.0954308435,0.0982731357,0.0954308435,0.0982731357,0.00284229219,125,raw-and-scaled,6,1,fp6_e1m4,fp6_e2m3,4,3,4,26,125,exp2,6,25,6,6,0.0954308435,0.0982731357,-19,0x3dc9436d,0.0982731357,0x3f800000,1,0x3cf5fe00,0.0300283432,0x3cf5fe00,0.0300283432,000000,0,0,0000,000000,0,0,000,0x3cf5fe00,0.0300283432,0x3cf5fe00,0.0300283432,0x00000000,0
l2,0.0625,0,min-error,metric_min,exp1,0,1,1,0.0954308435,0.0982731357,0.0954308435,0.0982731357,0.00284229219,126,raw-and-scaled,6,1,fp6_e1m4,fp6_e2m3,4,3,4,26,126,exp2,6,25,6,6,0.0954308435,0.0982731357,-19,0x3dc9436d,0.0982731357,0x3f800000,1,0xbde80800,-0.113296509,0xbde80800,-0.113296509,100001,0,1,0001,100011,0,3,011,0xbd501000,-0.0507965088,0xbca02000,-0.0195465088,0xbf800000,-1
l2,0.0625,0,min-error,metric_min,exp1,0,1,1,0.0954308435,0.0982731357,0.0954308435,0.0982731357,0.00284229219,127,raw-and-scaled,6,1,fp6_e1m4,fp6_e2m3,4,3,4,26,127,exp2,6,25,6,6,0.0954308435,0.0982731357,-19,0x3dc9436d,0.0982731357,0x3f800000,1,0x3bf7f800,0.0075674057,0x3bf7f800,0.0075674057,000000,0,0,0000,000000,0,0,000,0x3bf7f800,0.0075674057,0x3bf7f800,0.0075674057,0x00000000,0
l2,0.0625,0,min-error,metric_min,exp2,0,1,1,0.0957348347,0.0954162851,0.0954162851,0.0957348347,0.000318549573,0,raw-and-scaled,6,1,fp6_e1m4,fp6_e2m3,4,3,4,38,0,exp1,7,26,6,6,0.0957348347,0.0954162851,-19,0x3dc410a0,0.0957348347,0x3f800000,1,0xbc003fc0,-0.00782769918,0xbc003fc0,-0.00782769918,100000,0,0,0000,100000,0,0,000,0xbc003fc0,-0.00782769918,0xbc003fc0,-0.00782769918,0x00000000,0
l2,0.0625,0,min-error,metric_min,exp2,0,1,1,0.0957348347,0.0954162851,0.0954162851,0.0957348347,0.000318549573,1,raw-and-scaled,6,1,fp6_e1m4,fp6_e2m3,4,3,4,38,1,exp1,7,26,6,6,0.0957348347,0.0954162851,-19,0x3dc410a0,0.0957348347,0x3f800000,1,0x3e8bfc00,0.273406982,0x3e8bfc00,0.273406982,000100,0,4,0100,001000,1,0,000,0x3cbfc000,0.0234069824,0x3cbfc000,0.0234069824,0x80000000,-0
l2,0.0625,0,min-error,metric_min,exp2,0,1,1,0.0957348347,0.0954162851,0.0954162851,0.0957348347,0.000318549573,2,raw-and-scaled,6,1,fp6_e1m4,fp6_e2m3,4,3,4,38,2,exp1,7,26,6,6,0.0957348347,0.0954162851,-19,0x3dc410a0,0.0957348347,0x3f800000,1,0xbb140400,-0.0022585392,0xbb140400,-0.0022585392,100000,0,0,0000,100000,0,0,000,0xbb140400,-0.0022585392,0xbb140400,-0.0022585392,0x00000000,0
l2,0.0625,0,min-error,metric_min,exp2,0,1,1,0.0957348347,0.0954162851,0.0954162851,0.0957348347,0.000318549573,3,raw-and-scaled,6,1,fp6_e1m4,fp6_e2m3,4,3,4,38,3,exp1,7,26,6,6,0.0957348347,0.0954162851,-19,0x3dc410a0,0.0957348347,0x3f800000,1,0xbc06ff00,-0.00823950768,0xbc06ff00,-0.00823950768,100000,0,0,0000,100000,0,0,000,0xbc06ff00,-0.00823950768,0xbc06ff00,-0.00823950768,0x00000000,0
l2,0.0625,0,min-error,metric_min,exp2,0,1,1,0.0957348347,0.0954162851,0.0954162851,0.0957348347,0.000318549573,4,raw-and-scaled,6,1,fp6_e1m4,fp6_e2m3,4,3,4,38,4,exp1,7,26,6,6,0.0957348347,0.0954162851,-19,0x3dc410a0,0.0957348347,0x3f800000,1,0xba91fe00,-0.001113832,0xba91fe00,-0.001113832,100000,0,0,0000,100000,0,0,000,0xba91fe00,-0.001113832,0xba91fe00,-0.001113832,0x00000000,0
l2,0.0625,0,min-error,metric_min,exp2,0,1,1,0.0957348347,0.0954162851,0.0954162851,0.0957348347,0.000318549573,5,raw-and-scaled,6,1,fp6_e1m4,fp6_e2m3,4,3,4,38,5,exp1,7,26,6,6,0.0957348347,0.0954162851,-19,0x3dc410a0,0.0957348347,0x3f800000,1,0xbb858080,-0.00407415628,0xbb858080,-0.00407415628,100000,0,0,0000,100000,0,0,000,0xbb858080,-0.00407415628,0xbb858080,-0.00407415628,0x00000000,0
l2,0.0625,0,min-error,metric_min,exp2,0,1,1,0.0957348347,0.0954162851,0.0954162851,0.0957348347,0.000318549573,6,raw-and-scaled,6,1,fp6_e1m4,fp6_e2m3,4,3,4,38,6,exp1,7,26,6,6,0.0957348347,0.0954162851,-19,0x3dc410a0,0.0957348347,0x3f800000,1,0xbb680800,-0.0035405159,0xbb680800,-0.0035405159,100000,0,0,0000,100000,0,0,000,0xbb680800,-0.0035405159,0xbb680800,-0.0035405159,0x00000000,0
l2,0.0625,0,min-error,metric_min,exp2,0,1,1,0.0957348347,0.0954162851,0.0954162851,0.0957348347,0.000318549573,7,raw-and-scaled,6,1,fp6_e1m4,fp6_e2m3,4,3,4,38,7,exp1,7,26,6,6,0.0957348347,0.0954162851,-19,0x3dc410a0,0.0957348347,0x3f800000,1,0xbf8f0100,-1.11721802,0xbf8f0100,-1.11721802,110001,1,1,0001,111000,3,0,000,0xbd602000,-0.0547180176,0xbdf01000,-0.117218018,0x3f800000,1
l2,0.0625,0,min-error,metric_min,exp2,0,1,1,0.0957348347,0.0954162851,0.0954162851,0.0957348347,0.000318549573,8,raw-and-scaled,6,1,fp6_e1m4,fp6_e2m3,4,3,4,38,8,exp1,7,26,6,6,0.0957348347,0.0954162851,-19,0x3dc410a0,0.0957348347,0x3f800000,1,0x3ea20200,0.316421509,0x3ea20200,0.316421509,000101,0,5,0101,001010,1,2,010,0x3b808000,0.00392150879,0x3b808000,0.00392150879,0x80000000,-0
l2,0.0625,0,min-error,metric_min,exp2,0,1,1,0.0957348347,0.0954162851,0.0954162851,0.0957348347,0.000318549573,9,raw-and-scaled,6,1,fp6_e1m4,fp6_e2m3,4,3,4,38,9,exp1,7,26,6,6,0.0957348347,0.0954162851,-19,0x3dc410a0,0.0957348347,0x3f800000,1,0x3dcc0400,0.0996170044,0x3dcc0400,0.0996170044,000001,0,1,0001,000011,0,3,011,0x3d180800,0.0371170044,0x3bc04000,0.00586700439,0xbf800000,-1
l2,0.0625,0,min-error,metric_min,exp2,0,1,1,0.0957348347,0.0954162851,0.0954162851,0.0957348347,0.000318549573,10,raw-and-scaled,6,1,fp6_e1m4,fp6_e2m3,4,3,4,38,10,exp1,7,26,6,6,0.0957348347,0.0954162851,-19,0x3dc410a0,0.0957348347,0x3f800000,1,0x3a950100,0.00113680959,0x3a950100,0.00113680959,000000,0,0,0000,000000,0,0,000,0x3a950100,0.00113680959,0x3a950100,0.00113680959,0x00000000,0
l2,0.0625,0,min-error,metric_min,exp2,0,1,1,0.0957348347,0.0954162851,0.0954162851,0.0957348347,0.000318549573,11,raw-and-scaled,6,1,fp6_e1m4,fp6_e2m3,4,3,4,38,11,exp1,7,26,6,6,0.0957348347,0.0954162851,-19,0x3dc410a0,0.0957348347,0x3f800000,1,0xbd2dfe00,-0.0424785614,0xbd2dfe00,-0.0424785614,100000,0,0,0000,100001,0,1,001,0xbd2dfe00,-0.0424785614,0xbc37f800,-0.0112285614,0xbf800000,-1
l2,0.0625,0,min-error,metric_min,exp2,0,1,1,0.0957348347,0.0954162851,0.0954162851,0.0957348347,0.000318549573,12,raw-and-scaled,6,1,fp6_e1m4,fp6_e2m3,4,3,4,38,12,exp1,7,26,6,6,0.0957348347,0.0954162851,-19,0x3dc410a0,0.0957348347,0x3f800000,1,0x3b0c8080,0.00214388967,0x3b0c8080,0.00214388967,000000,0,0,0000,000000,0,0,000,0x3b0c8080,0.00214388967,0x3b0c8080,0.00214388967,0x00000000,0
l2,0.0625,0,min-error,metric_min,exp2,0,1,1,0.0957348347,0.0954162851,0.0954162851,0.0957348347,0.000318549573,13,raw-and-scaled,6,1,fp6_e1m4,fp6_e2m3,4,3,4,38,13,exp1,7,26,6,6,0.0957348347,0.0954162851,-19,0x3dc410a0,0.0957348347,0x3f800000,1,0x3d9aff00,0.0756816864,0x3d9aff00,0.0756816864,000001,0,1,0001,000010,0,2,010,0x3c57f800,0.0131816864,0x3c57f800,0.0131816864,0x80000000,-0
l2,0.0625,0,min-error,metric_min,exp2,0,1,1,0.0957348347,0.0954162851,0.0954162851,0.0957348347,0.000318549573,14,raw-and-scaled,6,1,fp6_e1m4,fp6_e2m3,4,3,4,38,14,exp1,7,26,6,6,0.0957348347,0.0954162851,-19,0x3dc410a0,0.0957348347,0x3f800000,1,0xbf3a0200,-0.726593018,0xbf3a0200,-0.726593018,101011,0,11,1011,110011,2,3,011,0xbd202000,-0.0390930176,0xbd202000,-0.0390930176,0x00000000,0
l2,0.0625,0,min-error,metric_min,exp2,0,1,1,0.0957348347,0.0954162851,0.0954162851,0.0957348347,0.000318549573,15,raw-and-scaled,6,1,fp6_e1m4,fp6_e2m3,4,3,4,38,15,exp1,7,26,6,6,0.0957348347,0.0954162851,-19,0x3dc410a0,0.0957348347,0x3f800000,1,0x3e07c040,0.132569313,0x3e07c040,0.132569313,000010,0,2,0010,000100,0,4,100,0x3bf80800,0.00756931305,0x3bf80800,0.00756931305,0x80000000,-0
l2,0.0625,0,min-error,metric_min,exp2,0,1,1,0.0957348347,0.0954162851,0.0954162851,0.0957348347,0.000318549573,16,raw-and-scaled,6,1,fp6_e1m4,fp6_e2m3,4,3,4,38,16,exp1,7,26,6,6,0.0957348347,0.0954162851,-19,0x3dc410a0,0.0957348347,0x3f800000,1,0xbe41fe00,-0.189445496,0xbe41fe00,-0.189445496,100011,0,3,0011,100110,0,6,110,0xbaff0000,-0.00194549561,0xbaff0000,-0.00194549561,0x80000000,-0
l2,0.0625,0,min-error,metric_min,exp2,0,1,1,0.0957348347,0.0954162851,0.0954162851,0.0957348347,0.000318549573,17,raw-and-scaled,6,1,fp6_e1m4,fp6_e2m3,4,3,4,38,17,exp1,7,26,6,6,0.0957348347,0.0954162851,-19,0x3dc410a0,0.0957348347,0x3f800000,1,0xbcc60200,-0.0241708755,0xbcc60200,-0.0241708755,100000,0,0,0000,100000,0,0,000,0xbcc60200,-0.0241708755,0xbcc60200,-0.0241708755,0x00000000,0
l2,0.0625,0,min-error,metric_min,exp2,0,1,1,0.0957348347,0.0954162851,0.0954162851,0.0957348347,0.000318549573,18,raw-and-scaled,6,1,fp6_e1m4,fp6_e2m3,4,3,4,38,18,exp1,7,26,6,6,0.0957348347,0.0954162851,-19,0x3dc410a0,0.0957348347,0x3f800000,1,0xbb27f800,-0.00256299973,0xbb27f800,-0.00256299973,100000,0,0,0000,100000,0,0,000,0xbb27f800,-0.00256299973,0xbb27f800,-0.00256299973,0x00000000,0
l2,0.0625,0,min-error,metric_min,exp2,0,1,1,0.0957348347,0.0954162851,0.0954162851,0.0957348347,0.000318549573,19,raw-and-scaled,6,1,fp6_e1m4,fp6_e2m3,4,3,4,38,19,exp1,7,26,6,6,0.0957348347,0.0954162851,-19,0x3dc410a0,0.0957348347,0x3f800000,1,0xbf138080,-0.576179504,0xbf138080,-0.576179504,101001,0,9,1001,110001,2,1,001,0xbc602000,-0.0136795044,0xbc602000,-0.0136795044,0x00000000,0
l2,0.0625,0,min-error,metric_min,exp2,0,1,1,0.0957348347,0.0954162851,0.0954162851,0.0957348347,0.000318549573,20,raw-and-scaled,6,1,fp6_e1m4,fp6_e2m3,4,3,4,38,20,exp1,7,26,6,6,0.0957348347,0.0954162851,-19,0x3dc410a0,0.0957348347,0x3f800000,1,0x3d147f80,0.036254406,0x3d147f80,0.036254406,000000,0,0,0000,000001,0,1,001,0x3d147f80,0.036254406,0x3ba3fc00,0.00500440598,0xbf800000,-1
l2,0.0625,0,min-error,metric_min,exp2,0,1,1,0.0957348347,0.0954162851,0.0954162851,0.0957348347,0.000318549573,21,raw-and-scaled,6,1,fp6_e1m4,fp6_e2m3,4,3,4,38,21,exp1,7,26,6,6,0.0957348347,0.0954162851,-19,0x3dc410a0,0.0957348347,0x3f800000,1,0xbf8ac040,-1.083992,0xbf8ac040,-1.083992,110001,1,1,0001,111000,3,0,000,0xbcb01000,-0.0214920044,0xbdac0400,-0.0839920044,0x3f800000,1
l2,0.0625,0,min-error,metric_min,exp2,0,1,1,0.0957348347,0.0954162851,0.0954162851,0.0957348347,0.000318549573,22,raw-and-scaled,6,1,fp6_e1m4,fp6_e2m3,4,3,4,38,22,exp1,7,26,6,6,0.0957348347,0.0954162851,-19,0x3dc410a0,0.0957348347,0x3f800000,1,0xbb167f80,-0.00229641795,0xbb167f80,-0.00229641795,100000,0,0,0000,100000,0,0,000,0xbb167f80,-0.00229641795,0xbb167f80,-0.00229641795,0x00000000,0
l2,0.0625,0,min-error,metric_min,exp2,0,1,1,0.0957348347,0.0954162851,0.0954162851,0.0957348347,0.000318549573,23,raw-and-scaled,6,1,fp6_e1m4,fp6_e2m3,4,3,4,38,23,exp1,7,26,6,6,0.0957348347,0.0954162851,-19,0x3dc410a0,0.0957348347,0x3f800000,1,0xbe978080,-0.295902252,0xbe978080,-0.295902252,100100,0,4,0100,101001,1,1,001,0xbd3c0400,-0.0459022522,0xbc701000,-0.0146522522,0xbf800000,-1
l2,0.0625,0,min-error,metric_min,exp2,0,1,1,0.0957348347,0.0954162851,0.0954162851,0.0957348347,0.000318549573,24,raw-and-scaled,6,1,fp6_e1m4,fp6_e2m3,4,3,4,38,24,exp1,7,26,6,6,0.0957348347,0.0954162851,-19,0x3dc410a0,0.0957348347,0x3f800000,1,0xbee20200,-0.441421509,0xbee20200,-0.441421509,100111,0,7,0111,101110,1,6,110,0xbb808000,-0.00392150879,0xbb808000,-0.00392150879,0x80000000,-0
l2,0.0625,0,min-error,metric_min,exp2,0,1,1,0.0957348347,0.0954162851,0.0954162851,0.0957348347,0.000318549573,25,raw-and-scaled,6,1,fp6_e1m4,fp6_e2m3,4,3,4,38,25,exp1,7,26,6,6,0.0957348347,0.0954162851,-19,0x3dc410a0,0.0957348347,0x3f800000,1,0xbacc0400,-0.00155651569,0xbacc0400,-0.00155651569,100000,0,0,0000,100000,0,0,000,0xbacc0400,-0.00155651569,0xbacc0400,-0.00155651569,0x00000000,0
l2,0.0625,0,min-error,metric_min,exp2,0,1,1,0.0957348347,0.0954162851,0.0954162851,0.0957348347,0.000318549573,26,raw-and-scaled,6,1,fp6_e1m4,fp6_e2m3,4,3,4,38,26,exp1,7,26,6,6,0.0957348347,0.0954162851,-19,0x3dc410a0,0.0957348347,0x3f800000,1,0xbe8d3fc0,-0.275876999,0xbe8d3fc0,-0.275876999,100100,0,4,0100,101000,1,0,000,0xbcd3fc00,-0.0258769989,0xbcd3fc00,-0.0258769989,0x80000000,-0
l2,0.0625,0,min-error,metric_min,exp2,0,1,1,0.0957348347,0.0954162851,0.0954162851,0.0957348347,0.000318549573,27,raw-and-scaled,6,1,fp6_e1m4,fp6_e2m3,4,3,4,38,27,exp1,7,26,6,6,0.0957348347,0.0954162851,-19,0x3dc410a0,0.0957348347,0x3f800000,1,0x3edbfc00,0.429656982,0x3edbfc00,0.429656982,000110,0,6,0110,001101,1,5,101,0x3d5fe000,0.0546569824,0x3cbfc000,0.0234069824,0xbf800000,-1
l2,0.0625,0,min-error,metric_min,exp2,0,1,1,0.0957348347,0.0954162851,0.0954162851,0.0957348347,0.000318549573,28,raw-and-scaled,6,1,fp6_e1m4,fp6_e2m3,4,3,4,38,28,exp1,7,26,6,6,0.0957348347,0.0954162851,-19,0x3dc410a0,0.0957348347,0x3f800000,1,0x3eb90100,0.361335754,0x3eb90100,0.361335754,000101,0,5,0101,001011,1,3,011,0x3d480800,0.0488357544,0x3c901000,0.0175857544,0xbf800000,-1
l2,0.0625,0,min-error,metric_min,exp2,0,1,1,0.0957348347,0.0954162851,0.0954162851,0.0957348347,0.000318549573,29,raw-and-scaled,6,1,fp6_e1m4,fp6_e2m3,4,3,4,38,29,exp1,7,26,6,6,0.0957348347,0.0954162851,-19,0x3dc410a0,0.0957348347,0x3f800000,1,0xbcebfc00,-0.0288066864,0xbcebfc00,-0.0288066864,100000,0,0,0000,100000,0,0,000,0xbcebfc00,-0.0288066864,0xbcebfc00,-0.0288066864,0x00000000,0
l2,0.0625,0,min-error,metric_min,exp2,0,1,1,0.0957348347,0.0954162851,0.0954162851,0.0957348347,0.000318549573,30,raw-and-scaled,6,1,fp6_e1m4,fp6_e2m3,4,3,4,38,30,exp1,7,26,6,6,0.0957348347,0.0954162851,-19,0x3dc410a0,0.0957348347,0x3f800000,1,0xbf1e8080,-0.619148254,0xbf1e8080,-0.619148254,101001,0,9,1001,110001,2,1,001,0xbd680800,-0.0566482544,0xbd680800,-0.0566482544,0x00000000,0
l2,0.0625,0,min-error,metric_min,exp2,0,1,1,0.0957348347,0.0954162851,0.0954162851,0.0957348347,0.000318549573,31,raw-and-scaled,6,1,fp6_e1m4,fp6_e2m3,4,3,4,38,31,exp1,7,26,6,6,0.0957348347,0.0954162851,-19,0x3dc410a0,0.0957348347,0x3f800000,1,0x3e1f7f80,0.155759811,0x3e1f7f80,0.155759811,000010,0,2,0010,000100,0,4,100,0x3cfbfc00,0.0307598114,0x3cfbfc00,0.0307598114,0x80000000,-0
l2,0.0625,0,min-error,metric_min,exp2,0,1,1,0.0957348347,0.0954162851,0.0954162851,0.0957348347,0.000318549573,32,raw-and-scaled,6,1,fp6_e1m4,fp6_e2m3,4,3,4,38,32,exp1,7,26,6,6,0.0957348347,0.0954162851,-19,0x3dc410a0,0.0957348347,0x3f800000,1,0xbaa08080,-0.00122453272,0xbaa08080,-0.00122453272,100000,0,0,0000,100000,0,0,000,0xbaa08080,-0.00122453272,0xbaa08080,-0.00122453272,0x00000000,0
l2,0.0625,0,min-error,metric_min,exp2,0,1,1,0.0957348347,0.0954162851,0.0954162851,0.0957348347,0.000318549573,33,raw-and-scaled,6,1,fp6_e1m4,fp6_e2m3,4,3,4,38,33,exp1,7,26,6,6,0.0957348347,0.0954162851,-19,0x3dc410a0,0.0957348347,0x3f800000,1,0x3e8bfc00,0.273406982,0x3e8bfc00,0.273406982,000100,0,4,0100,001000,1,0,000,0x3cbfc000,0.0234069824,0x3cbfc000,0.0234069824,0x80000000,-0
l2,0.0625,0,min-error,metric_min,exp2,0,1,1,0.0957348347,0.0954162851,0.0954162851,0.0957348347,0.000318549573,34,raw-and-scaled,6,1,fp6_e1m4,fp6_e2m3,4,3,4,38,34,exp1,7,26,6,6,0.0957348347,0.0954162851,-19,0x3dc410a0,0.0957348347,0x3f800000,1,0xbcc4ff00,-0.0240473747,0xbcc4ff00,-0.0240473747,100000,0,0,0000,100000,0,0,000,0xbcc4ff00,-0.0240473747,0xbcc4ff00,-0.0240473747,0x00000000,0
l2,0.0625,0,min-error,metric_min,exp2,0,1,1,0.0957348347,0.0954162851,0.0954162851,0.0957348347,0.000318549573,35,raw-and-scaled,6,1,fp6_e1m4,fp6_e2m3,4,3,4,38,35,exp1,7,26,6,6,0.0957348347,0.0954162851,-19,0x3dc410a0,0.0957348347,0x3f800000,1,0xbfb80800,-1.43774414,0xbfb80800,-1.43774414,110111,1,7,0111,111011,3,3,011,0xb9800000,-0.000244140625,0xbd808000,-0.0627441406,0x3f800000,1
l2,0.0625,0,min-error,metric_min,exp2,0,1,1,0.0957348347,0.0954162851,0.0954162851,0.0957348347,0.000318549573,36,raw-and-scaled,6,1,fp6_e1m4,fp6_e2m3,4,3,4,38,36,exp1,7,26,6,6,0.0957348347,0.0954162851,-19,0x3dc410a0,0.0957348347,0x3f800000,1,0x3c490100,0.0122683048,0x3c490100,0.0122683048,000000,0,0,0000,000000,0,0,000,0x3c490100,0.0122683048,0x3c490100,0.0122683048,0x00000000,0
l2,0.0625,0,min-error,metric_min,exp2,0,1,1,0.0957348347,0.0954162851,0.0954162851,0.0957348347,0.000318549573,37,raw-and-scaled,6,1,fp6_e1m4,fp6_e2m3,4,3,4,38,37,exp1,7,26,6,6,0.0957348347,0.0954162851,-19,0x3dc410a0,0.0957348347,0x3f800000,1,0x3b92bfc0,0.00447842479,0x3b92bfc0,0.00447842479,000000,0,0,0000,000000,0,0,000,0x3b92bfc0,0.00447842479,0x3b92bfc0,0.00447842479,0x00000000,0
l2,0.0625,0,min-error,metric_min,exp2,0,1,1,0.0957348347,0.0954162851,0.0954162851,0.0957348347,0.000318549573,38,raw-and-scaled,6,1,fp6_e1m4,fp6_e2m3,4,3,4,38,38,exp1,7,26,6,6,0.0957348347,0.0954162851,-19,0x3dc410a0,0.0957348347,0x3f800000,1,0x3accff00,0.00156399608,0x3accff00,0.00156399608,000000,0,0,0000,000000,0,0,000,0x3accff00,0.00156399608,0x3accff00,0.00156399608,0x00000000,0
l2,0.0625,0,min-error,metric_min,exp2,0,1,1,0.0957348347,0.0954162851,0.0954162851,0.0957348347,0.000318549573,39,raw-and-scaled,6,1,fp6_e1m4,fp6_e2m3,4,3,4,38,39,exp1,7,26,6,6,0.0957348347,0.0954162851,-19,0x3dc410a0,0.0957348347,0x3f800000,1,0x3ca78080,0.0204470158,0x3ca78080,0.0204470158,000000,0,0,0000,000000,0,0,000,0x3ca78080,0.0204470158,0x3ca78080,0.0204470158,0x00000000,0
l2,0.0625,0,min-error,metric_min,exp2,0,1,1,0.0957348347,0.0954162851,0.0954162851,0.0957348347,0.000318549573,40,raw-and-scaled,6,1,fp6_e1m4,fp6_e2m3,4,3,4,38,40,exp1,7,26,6,6,0.0957348347,0.0954162851,-19,0x3dc410a0,0.0957348347,0x3f800000,1,0x3d21fe00,0.0395488739,0x3d21fe00,0.0395488739,000000,0,0,0000,000001,0,1,001,0x3d21fe00,0.0395488739,0x3c07f800,0.0082988739,0xbf800000,-1
l2,0.0625,0,min-error,metric_min,exp2,0,1,1,0.0957348347,0.0954162851,0.0954162851,0.0957348347,0.000318549573,41,raw-and-scaled,6,1,fp6_e1m4,fp6_e2m3,4,3,4,38,41,exp1,7,26,6,6,0.0957348347,0.0954162851,-19,0x3dc410a0,0.0957348347,0x3f800000,1,0x3c4c0400,0.0124521255,0x3c4c0400,0.0124521255,000000,0,0,0000,000000,0,0,000,0x3c4c0400,0.0124521255,0x3c4c0400,0.0124521255,0x00000000,0
l2,0.0625,0,min-error,metric_min,exp2,0,1,1,0.0957348347,0.0954162851,0.0954162851,0.0957348347,0.000318549573,42,raw-and-scaled,6,1,fp6_e1m4,fp6_e2m3,4,3,4,38,42,exp1,7,26,6,6,0.0957348347,0.0954162851,-19,0x3dc410a0,0.0957348347,0x3f800000,1,0xbbd50100,-0.00650036335,0xbbd50100,-0.00650036335,100000,0,0,0000,100000,0,0,000,0xbbd50100,-0.00650036335,0xbbd50100,-0.00650036335,0x00000000,0
l2,0.0625,0,min-error,metric_min,exp2,0,1,1,0.0957348347,0.0954162851,0.0954162851,0.0957348347,0.000318549573,43,raw-and-scaled,6,1,fp6_e1m4,fp6_e2m3,4,3,4,38,43,exp1,7,26,6,6,0.0957348347,0.0954162851,-19,0x3dc410a0,0.0957348347,0x3f800000,1,0x3cdbfc00,0.0268535614,0x3cdbfc00,0.0268535614,000000,0,0,0000,000000,0,0,000,0x3cdbfc00,0.0268535614,0x3cdbfc00,0.0268535614,0x00000000,0
l2,0.0625,0,min-error,metric_min,exp2,0,1,1,0.0957348347,0.0954162851,0.0954162851,0.0957348347,0.000318549573,44,raw-and-scaled,6,1,fp6_e1m4,fp6_e2m3,4,3,4,38,44,exp1,7,26,6,6,0.0957348347,0.0954162851,-19,0x3dc410a0,0.0957348347,0x3f800000,1,0xbc963fc0,-0.0183409452,0xbc963fc0,-0.0183409452,100000,0,0,0000,100000,0,0,000,0xbc963fc0,-0.0183409452,0xbc963fc0,-0.0183409452,0x00000000,0
l2,0.0625,0,min-error,metric_min,exp2,0,1,1,0.0957348347,0.0954162851,0.0954162851,0.0957348347,0.000318549573,45,raw-and-scaled,6,1,fp6_e1m4,fp6_e2m3,4,3,4,38,45,exp1,7,26,6,6,0.0957348347,0.0954162851,-19,0x3dc410a0,0.0957348347,0x3f800000,1,0x3b2d8080,0.0026474297,0x3b2d8080,0.0026474297,000000,0,0,0000,000000,0,0,000,0x3b2d8080,0.0026474297,0x3b2d8080,0.0026474297,0x00000000,0
l2,0.0625,0,min-error,metric_min,exp2,0,1,1,0.0957348347,0.0954162851,0.0954162851,0.0957348347,0.000318549573,46,raw-and-scaled,6,1,fp6_e1m4,fp6_e2m3,4,3,4,38,46,exp1,7,26,6,6,0.0957348347,0.0954162851,-19,0x3dc410a0,0.0957348347,0x3f800000,1,0xbfdd0100,-1.72659302,0xbfdd0100,-1.72659302,111011,1,11,1011,111101,3,5,101,0xbd202000,-0.0390930176,0xbdd01000,-0.101593018,0x3f800000,1
l2,0.0625,0,min-error,metric_min,exp2,0,1,1,0.0957348347,0.0954162851,0.0954162851,0.0957348347,0.000318549573,47,raw-and-scaled,6,1,fp6_e1m4,fp6_e2m3,4,3,4,38,47,exp1,7,26,6,6,0.0957348347,0.0954162851,-19,0x3dc410a0,0.0957348347,0x3f800000,1,0xbe780800,-0.242218018,0xbe780800,-0.242218018,100011,0,3,0011,100111,0,7,111,0xbd602000,-0.0547180176,0xbcc04000,-0.0234680176,0xbf800000,-1
l2,0.0625,0,min-error,metric_min,exp2,0,1,1,0.0957348347,0.0954162851,0.0954162851,0.0957348347,0.000318549573,48,raw-and-scaled,6,1,fp6_e1m4,fp6_e2m3,4,3,4,38,48,exp1,7,26,6,6,0.0957348347,0.0954162851,-19,0x3dc410a0,0.0957348347,0x3f800000,1,0x3dc1fe00,0.0947227478,0x3dc1fe00,0.0947227478,000001,0,1,0001,000011,0,3,011,0x3d03fc00,0.0322227478,0x3a7f0000,0.000972747803,0xbf800000,-1
l2,0.0625,0,min-error,metric_min,exp2,0,1,1,0.0957348347,0.0954162851,0.0954162851,0.0957348347,0.000318549573,49,raw-and-scaled,6,1,fp6_e1m4,fp6_e2m3,4,3,4,38,49,exp1,7,26,6,6,0.0957348347,0.0954162851,-19,0x3dc410a0,0.0957348347,0x3f800000,1,0x3cc5fe00,0.0241689682,0x3cc5fe00,0.0241689682,000000,0,0,0000,000000,0,0,000,0x3cc5fe00,0.0241689682,0x3cc5fe00,0.0241689682,0x00000000,0
l2,0.0625,0,min-error,metric_min,exp2,0,1,1,0.0957348347,0.0954162851,0.0954162851,0.0957348347,0.000318549573,50,raw-and-scaled,6,1,fp6_e1m4,fp6_e2m3,4,3,4,38,50,exp1,7,26,6,6,0.0957348347,0.0954162851,-19,0x3dc410a0,0.0957348347,0x3f800000,1,0xbe994040,-0.299318314,0xbe994040,-0.299318314,100100,0,4,0100,101001,1,1,001,0xbd4a0200,-0.0493183136,0xbc940400,-0.0180683136,0xbf800000,-1
l2,0.0625,0,min-error,metric_min,exp2,0,1,1,0.0957348347,0.0954162851,0.0954162851,0.0957348347,0.000318549573,51,raw-and-scaled,6,1,fp6_e1m4,fp6_e2m3,4,3,4,38,51,exp1,7,26,6,6,0.0957348347,0.0954162851,-19,0x3dc410a0,0.0957348347,0x3f800000,1,0x3ab7f800,0.00140357018,0x3ab7f800,0.00140357018,000000,0,0,0000,000000,0,0,000,0x3ab7f800,0.00140357018,0x3ab7f800,0.00140357018,0x00000000,0
l2,0.0625,0,min-error,metric_min,exp2,0,1,1,0.0957348347,0.0954162851,0.0954162851,0.0957348347,0.000318549573,52,raw-and-scaled,6,1,fp6_e1m4,fp6_e2m3,4,3,4,38,52,exp1,7,26,6,6,0.0957348347,0.0954162851,-19,0x3dc410a0,0.0957348347,0x3f800000,1,0xbbd20200,-0.00640892982,0xbbd20200,-0.00640892982,100000,0,0,0000,100000,0,0,000,0xbbd20200,-0.00640892982,0xbbd20200,-0.00640892982,0x00000000,0
l2,0.0625,0,min-error,metric_min,exp2,0,1,1,0.0957348347,0.0954162851,0.0954162851,0.0957348347,0.000318549573,53,raw-and-scaled,6,1,fp6_e1m4,fp6_e2m3,4,3,4,38,53,exp1,7,26,6,6,0.0957348347,0.0954162851,-19,0x3dc410a0,0.0957348347,0x3f800000,1,0xbc9ac040,-0.0188905001,0xbc9ac040,-0.0188905001,100000,0,0,0000,100000,0,0,000,0xbc9ac040,-0.0188905001,0xbc9ac040,-0.0188905001,0x00000000,0
l2,0.0625,0,min-error,metric_min,exp2,0,1,1,0.0957348347,0.0954162851,0.0954162851,0.0957348347,0.000318549573,54,raw-and-scaled,6,1,fp6_e1m4,fp6_e2m3,4,3,4,38,54,exp1,7,26,6,6,0.0957348347,0.0954162851,-19,0x3dc410a0,0.0957348347,0x3f800000,1,0x3b1b4040,0.0023689419,0x3b1b4040,0.0023689419,000000,0,0,0000,000000,0,0,000,0x3b1b4040,0.0023689419,0x3b1b4040,0.0023689419,0x00000000,0
l2,0.0625,0,min-error,metric_min,exp2,0,1,1,0.0957348347,0.0954162851,0.0954162851,0.0957348347,0.000318549573,55,raw-and-scaled,6,1,fp6_e1m4,fp6_e2m3,4,3,4,38,55,exp1,7,26,6,6,0.0957348347,0.0954162851,-19,0x3dc410a0,0.0957348347,0x3f800000,1,0x3fbbfc00,1.46862793,0x3fbbfc00,1.46862793,010111,1,7,0111,011011,3,3,011,0x3cff0000,0.0311279297,0x3dbfc000,0.0936279297,0x3f800000,1
l2,0.0625,0,min-error,metric_min,exp2,0,1,1,0.0957348347,0.0954162851,0.0954162851,0.0957348347,0.000318549573,56,raw-and-scaled,6,1,fp6_e1m4,fp6_e2m3,4,3,4,38,56,exp1,7,26,6,6,0.0957348347,0.0954162851,-19,0x3dc410a0,0.0957348347,0x3f800000,1,0xbb620200,-0.00344860554,0xbb620200,-0.00344860554,100000,0,0,0000,100000,0,0,000,0xbb620200,-0.00344860554,0xbb620200,-0.00344860554,0x00000000,0
l2,0.0625,0,min-error,metric_min,exp2,0,1,1,0.0957348347,0.0954162851,0.0954162851,0.0957348347,0.000318549573,57,raw-and-scaled,6,1,fp6_e1m4,fp6_e2m3,4,3,4,38,57,exp1,7,26,6,6,0.0957348347,0.0954162851,-19,0x3dc410a0,0.0957348347,0x3f800000,1,0x3f9cc040,1.224617,0x3f9cc040,1.224617,010011,1,3,0011,011001,3,1,001,0x3d180800,0.0371170044,0x3dcc0400,0.0996170044,0x3f800000,1
l2,0.0625,0,min-error,metric_min,exp2,0,1,1,0.0957348347,0.0954162851,0.0954162851,0.0957348347,0.000318549573,58,raw-and-scaled,6,1,fp6_e1m4,fp6_e2m3,4,3,4,38,58,exp1,7,26,6,6,0.0957348347,0.0954162851,-19,0x3dc410a0,0.0957348347,0x3f800000,1,0x3e27f800,0.164031982,0x3e27f800,0.164031982,000010,0,2,0010,000101,0,5,101,0x3d1fe000,0.0390319824,0x3bff0000,0.00778198242,0xbf800000,-1
l2,0.0625,0,min-error,metric_min,exp2,0,1,1,0.0957348347,0.0954162851,0.0954162851,0.0957348347,0.000318549573,59,raw-and-scaled,6,1,fp6_e1m4,fp6_e2m3,4,3,4,38,59,exp1,7,26,6,6,0.0957348347,0.0954162851,-19,0x3dc410a0,0.0957348347,0x3f800000,1,0x3eb80800,0.359436035,0x3eb80800,0.359436035,000101,0,5,0101,001011,1,3,011,0x3d404000,0.0469360352,0x3c808000,0.0156860352,0xbf800000,-1
l2,0.0625,0,min-error,metric_min,exp2,0,1,1,0.0957348347,0.0954162851,0.0954162851,0.0957348347,0.000318549573,60,raw-and-scaled,6,1,fp6_e1m4,fp6_e2m3,4,3,4,38,60,exp1,7,26,6,6,0.0957348347,0.0954162851,-19,0x3dc410a0,0.0957348347,0x3f800000,1,0x3b790100,0.00379949808,0x3b790100,0.00379949808,000000,0,0,0000,000000,0,0,000,0x3b790100,0.00379949808,0x3b790100,0.00379949808,0x00000000,0
l2,0.0625,0,min-error,metric_min,exp2,0,1,1,0.0957348347,0.0954162851,0.0954162851,0.0957348347,0.000318549573,61,raw-and-scaled,6,1,fp6_e1m4,fp6_e2m3,4,3,4,38,61,exp1,7,26,6,6,0.0957348347,0.0954162851,-19,0x3dc410a0,0.0957348347,0x3f800000,1,0xbc75fe00,-0.0150141716,0xbc75fe00,-0.0150141716,100000,0,0,0000,100000,0,0,000,0xbc75fe00,-0.0150141716,0xbc75fe00,-0.0150141716,0x00000000,0
l2,0.0625,0,min-error,metric_min,exp2,0,1,1,0.0957348347,0.0954162851,0.0954162851,0.0957348347,0.000318549573,62,raw-and-scaled,6,1,fp6_e1m4,fp6_e2m3,4,3,4,38,62,exp1,7,26,6,6,0.0957348347,0.0954162851,-19,0x3dc410a0,0.0957348347,0x3f800000,1,0x3c3e7f80,0.0116270781,0x3c3e7f80,0.0116270781,000000,0,0,0000,000000,0,0,000,0x3c3e7f80,0.0116270781,0x3c3e7f80,0.0116270781,0x00000000,0
l2,0.0625,0,min-error,metric_min,exp2,0,1,1,0.0957348347,0.0954162851,0.0954162851,0.0957348347,0.000318549573,63,raw-and-scaled,6,1,fp6_e1m4,fp6_e2m3,4,3,4,38,63,exp1,7,26,6,6,0.0957348347,0.0954162851,-19,0x3dc410a0,0.0957348347,0x3f800000,1,0x3b7e0200,0.00387585163,0x3b7e0200,0.00387585163,000000,0,0,0000,000000,0,0,000,0x3b7e0200,0.00387585163,0x3b7e0200,0.00387585163,0x00000000,0
l2,0.0625,0,min-error,metric_min,exp2,0,1,1,0.0957348347,0.0954162851,0.0954162851,0.0957348347,0.000318549573,64,raw-and-scaled,6,1,fp6_e1m4,fp6_e2m3,4,3,4,38,64,exp1,7,26,6,6,0.0957348347,0.0954162851,-19,0x3dc410a0,0.0957348347,0x3f800000,1,0xbb820200,-0.00396752357,0xbb820200,-0.00396752357,100000,0,0,0000,100000,0,0,000,0xbb820200,-0.00396752357,0xbb820200,-0.00396752357,0x00000000,0
l2,0.0625,0,min-error,metric_min,exp2,0,1,1,0.0957348347,0.0954162851,0.0954162851,0.0957348347,0.000318549573,65,raw-and-scaled,6,1,fp6_e1m4,fp6_e2m3,4,3,4,38,65,exp1,7,26,6,6,0.0957348347,0.0954162851,-19,0x3dc410a0,0.0957348347,0x3f800000,1,0x3e02ff00,0.127925873,0x3e02ff00,0.127925873,000010,0,2,0010,000100,0,4,100,0x3b3fc000,0.0029258728,0x3b3fc000,0.0029258728,0x80000000,-0
l2,0.0625,0,min-error,metric_min,exp2,0,1,1,0.0957348347,0.0954162851,0.0954162851,0.0957348347,0.000318549573,66,raw-and-scaled,6,1,fp6_e1m4,fp6_e2m3,4,3,4,38,66,exp1,7,26,6,6,0.0957348347,0.0954162851,-19,0x3dc410a0,0.0957348347,0x3f800000,1,0xbe89fe00,-0.269515991,0xbe89fe00,-0.269515991,100100,0,4,0100,101000,1,0,000,0xbc9fe000,-0.0195159912,0xbc9fe000,-0.0195159912,0x80000000,-0
l2,0.0625,0,min-error,metric_min,exp2,0,1,1,0.0957348347,0.0954162851,0.0954162851,0.0957348347,0.000318549573,67,raw-and-scaled,6,1,fp6_e1m4,fp6_e2m3,4,3,4,38,67,exp1,7,26,6,6,0.0957348347,0.0954162851,-19,0x3dc410a0,0.0957348347,0x3f800000,1,0x3f21bfc0,0.631832123,0x3f21bfc0,0.631832123,001010,0,10,1010,010010,2,2,010,0x3bdfe000,0.0068321228,0x3bdfe000,0.0068321228,0x00000000,0
l2,0.0625,0,min-error,metric_min,exp2,0,1,1,0.0957348347,0.0954162851,0.0954162851,0.0957348347,0.000318549573,68,raw-and-scaled,6,1,fp6_e1m4,fp6_e2m3,4,3,4,38,68,exp1,7,26,6,6,0.0957348347,0.0954162851,-19,0x3dc410a0,0.0957348347,0x3f800000,1,0xbac47f80,-0.00149916112,0xbac47f80,-0.00149916112,100000,0,0,0000,100000,0,0,000,0xbac47f80,-0.00149916112,0xbac47f80,-0.00149916112,0x00000000,0
l2,0.0625,0,min-error,metric_min,exp2,0,1,1,0.0957348347,0.0954162851,0.0954162851,0.0957348347,0.000318549573,69,raw-and-scaled,6,1,fp6_e1m4,fp6_e2m3,4,3,4,38,69,exp1,7,26,6,6,0.0957348347,0.0954162851,-19,0x3dc410a0,0.0957348347,0x3f800000,1,0x3e580800,0.210968018,0x3e580800,0.210968018,000011,0,3,0011,000110,0,6,110,0x3cc04000,0.0234680176,0x3cc04000,0.0234680176,0x80000000,-0
l2,0.0625,0,min-error,metric_min,exp2,0,1,1,0.0957348347,0.0954162851,0.0954162851,0.0957348347,0.000318549573,70,raw-and-scaled,6,1,fp6_e1m4,fp6_e2m3,4,3,4,38,70,exp1,7,26,6,6,0.0957348347,0.0954162851,-19,0x3dc410a0,0.0957348347,0x3f800000,1,0xbd8cff00,-0.0688457489,0xbd8cff00,-0.0688457489,100001,0,1,0001,100010,0,2,010,0xbbcff000,-0.0063457489,0xbbcff000,-0.0063457489,0x80000000,-0
l2,0.0625,0,min-error,metric_min,exp2,0,1,1,0.0957348347,0.0954162851,0.0954162851,0.0957348347,0.000318549573,71,raw-and-scaled,6,1,fp6_e1m4,fp6_e2m3,4,3,4,38,71,exp1,7,26,6,6,0.0957348347,0.0954162851,-19,0x3dc410a0,0.0957348347,0x3f800000,1,0xbb1dfe00,-0.00241076946,0xbb1dfe00,-0.00241076946,100000,0,0,0000,100000,0,0,000,0xbb1dfe00,-0.00241076946,0xbb1dfe00,-0.00241076946,0x00000000,0
l2,0.0625,0,min-error,metric_min,exp2,0,1,1,0.0957348347,0.0954162851,0.0954162851,0.0957348347,0.000318549573,72,raw-and-scaled,6,1,fp6_e1m4,fp6_e2m3,4,3,4,38,72,exp1,7,26,6,6,0.0957348347,0.0954162851,-19,0x3dc410a0,0.0957348347,0x3f800000,1,0x3bc87f80,0.00611871481,0x3bc87f80,0.00611871481,000000,0,0,0000,000000,0,0,000,0x3bc87f80,0.00611871481,0x3bc87f80,0.00611871481,0x00000000,0
l2,0.0625,0,min-error,metric_min,exp2,0,1,1,0.0957348347,0.0954162851,0.0954162851,0.0957348347,0.000318549573,73,raw-and-scaled,6,1,fp6_e1m4,fp6_e2m3,4,3,4,38,73,exp1,7,26,6,6,0.0957348347,0.0954162851,-19,0x3dc410a0,0.0957348347,0x3f800000,1,0x3c17f800,0.0092754364,0x3c17f800,0.0092754364,000000,0,0,0000,000000,0,0,000,0x3c17f800,0.0092754364,0x3c17f800,0.0092754364,0x00000000,0
l2,0.0625,0,min-error,metric_min,exp2,0,1,1,0.0957348347,0.0954162851,0.0954162851,0.0957348347,0.000318549573,74,raw-and-scaled,6,1,fp6_e1m4,fp6_e2m3,4,3,4,38,74,exp1,7,26,6,6,0.0957348347,0.0954162851,-19,0x3dc410a0,0.0957348347,0x3f800000,1,0x3f280800,0.65637207,0x3f280800,0.65637207,001010,0,10,1010,010010,2,2,010,0x3d008000,0.0313720703,0x3d008000,0.0313720703,0x00000000,0
l2,0.0625,0,min-error,metric_min,exp2,0,1,1,0.0957348347,0.0954162851,0.0954162851,0.0957348347,0.000318549573,75,raw-and-scaled,6,1,fp6_e1m4,fp6_e2m3,4,3,4,38,75,exp1,7,26,6,6,0.0957348347,0.0954162851,-19,0x3dc410a0,0.0957348347,0x3f800000,1,0x3c2dfe00,0.0106196404,0x3c2dfe00,0.0106196404,000000,0,0,0000,000000,0,0,000,0x3c2dfe00,0.0106196404,0x3c2dfe00,0.0106196404,0x00000000,0
l2,0.0625,0,min-error,metric_min,exp2,0,1,1,0.0957348347,0.0954162851,0.0954162851,0.0957348347,0.000318549573,76,raw-and-scaled,6,1,fp6_e1m4,fp6_e2m3,4,3,4,38,76,exp1,7,26,6,6,0.0957348347,0.0954162851,-19,0x3dc410a0,0.0957348347,0x3f800000,1,0xbfc80800,-1.56274414,0xbfc80800,-1.56274414,111001,1,9,1001,111100,3,4,100,0xb9800000,-0.000244140625,0xbd808000,-0.0627441406,0x3f800000,1
l2,0.0625,0,min-error,metric_min,exp2,0,1,1,0.0957348347,0.0954162851,0.0954162851,0.0957348347,0.000318549573,77,raw-and-scaled,6,1,fp6_e1m4,fp6_e2m3,4,3,4,38,77,exp1,7,26,6,6,0.0957348347,0.0954162851,-19,0x3dc410a0,0.0957348347,0x3f800000,1,0xbf26bfc0,-0.651363373,0xbf26bfc0,-0.651363373,101010,0,10,1010,110010,2,2,010,0xbcd7f800,-0.0263633728,0xbcd7f800,-0.0263633728,0x00000000,0
l2,0.0625,0,min-error,metric_min,exp2,0,1,1,0.0957348347,0.0954162851,0.0954162851,0.0957348347,0.000318549573,78,raw-and-scaled,6,1,fp6_e1m4,fp6_e2m3,4,3,4,38,78,exp1,7,26,6,6,0.0957348347,0.0954162851,-19,0x3dc410a0,0.0957348347,0x3f800000,1,0xbc9d0100,-0.0191655159,0xbc9d0100,-0.0191655159,100000,0,0,0000,100000,0,0,000,0xbc9d0100,-0.0191655159,0xbc9d0100,-0.0191655159,0x00000000,0
l2,0.0625,0,min-error,metric_min,exp2,0,1,1,0.0957348347,0.0954162851,0.0954162851,0.0957348347,0.000318549573,79,raw-and-scaled,6,1,fp6_e1m4,fp6_e2m3,4,3,4,38,79,exp1,7,26,6,6,0.0957348347,0.0954162851,-19,0x3dc410a0,0.0957348347,0x3f800000,1,0x3afc0400,0.00192272663,0x3afc0400,0.00192272663,000000,0,0,0000,000000,0,0,000,0x3afc0400,0.00192272663,0x3afc0400,0.00192272663,0x00000000,0
l2,0.0625,0,min-error,metric_min,exp2,0,1,1,0.0957348347,0.0954162851,0.0954162851,0.0957348347,0.000318549573,80,raw-and-scaled,6,1,fp6_e1m4,fp6_e2m3,4,3,4,38,80,exp1,7,26,6,6,0.0957348347,0.0954162851,-19,0x3dc410a0,0.0957348347,0x3f800000,1,0x3e41fe00,0.189445496,0x3e41fe00,0.189445496,000011,0,3,0011,000110,0,6,110,0x3aff0000,0.00194549561,0x3aff0000,0.00194549561,0x80000000,-0
l2,0.0625,0,min-error,metric_min,exp2,0,1,1,0.0957348347,0.0954162851,0.0954162851,0.0957348347,0.000318549573,81,raw-and-scaled,6,1,fp6_e1m4,fp6_e2m3,4,3,4,38,81,exp1,7,26,6,6,0.0957348347,0.0954162851,-19,0x3dc410a0,0.0957348347,0x3f800000,1,0xbd980800,-0.0742340088,0xbd980800,-0.0742340088,100001,0,1,0001,100010,0,2,010,0xbc404000,-0.0117340088,0xbc404000,-0.0117340088,0x80000000,-0
l2,0.0625,0,min-error,metric_min,exp2,0,1,1,0.0957348347,0.0954162851,0.0954162851,0.0957348347,0.000318549573,82,raw-and-scaled,6,1,fp6_e1m4,fp6_e2m3,4,3,4,38,82,exp1,7,26,6,6,0.0957348347,0.0954162851,-19,0x3dc410a0,0.0957348347,0x3f800000,1,0xbaca0200,-0.0015411973,0xbaca0200,-0.0015411973,100000,0,0,0000,100000,0,0,000,0xbaca0200,-0.0015411973,0xbaca0200,-0.0015411973,0x00000000,0
l2,0.0625,0,min-error,metric_min,exp2,0,1,1,0.0957348347,0.0954162851,0.0954162851,0.0957348347,0.000318549573,83,raw-and-scaled,6,1,fp6_e1m4,fp6_e2m3,4,3,4,38,83,exp1,7,26,6,6,0.0957348347,0.0954162851,-19,0x3dc410a0,0.0957348347,0x3f800000,1,0x3e26ff00,0.163082123,0x3e26ff00,0.163082123,000010,0,2,0010,000101,0,5,101,0x3d1bfc00,0.0380821228,0x3bdfe000,0.0068321228,0xbf800000,-1
l2,0.0625,0,min-error,metric_min,exp2,0,1,1,0.0957348347,0.0954162851,0.0954162851,0.0957348347,0.000318549573,84,raw-and-scaled,6,1,fp6_e1m4,fp6_e2m3,4,3,4,38,84,exp1,7,26,6,6,0.0957348347,0.0954162851,-19,0x3dc410a0,0.0957348347,0x3f800000,1,0x3bd1fe00,0.00640845299,0x3bd1fe00,0.00640845299,000000,0,0,0000,000000,0,0,000,0x3bd1fe00,0.00640845299,0x3bd1fe00,0.00640845299,0x00000000,0
l2,0.0625,0,min-error,metric_min,exp2,0,1,1,0.0957348347,0.0954162851,0.0954162851,0.0957348347,0.000318549573,85,raw-and-scaled,6,1,fp6_e1m4,fp6_e2m3,4,3,4,38,85,exp1,7,26,6,6,0.0957348347,0.0954162851,-19,0x3dc410a0,0.0957348347,0x3f800000,1,0x3eabfc00,0.335906982,0x3eabfc00,0.335906982,000101,0,5,0101,001010,1,2,010,0x3cbfc000,0.0234069824,0x3cbfc000,0.0234069824,0x80000000,-0
l2,0.0625,0,min-error,metric_min,exp2,0,1,1,0.0957348347,0.0954162851,0.0954162851,0.0957348347,0.000318549573,86,raw-and-scaled,6,1,fp6_e1m4,fp6_e2m3,4,3,4,38,86,exp1,7,26,6,6,0.0957348347,0.0954162851,-19,0x3dc410a0,0.0957348347,0x3f800000,1,0x3e567f80,0.209470749,0x3e567f80,0.209470749,000011,0,3,0011,000110,0,6,110,0x3cb3fc00,0.0219707489,0x3cb3fc00,0.0219707489,0x80000000,-0
l2,0.0625,0,min-error,metric_min,exp2,0,1,1,0.0957348347,0.0954162851,0.0954162851,0.0957348347,0.000318549573,87,raw-and-scaled,6,1,fp6_e1m4,fp6_e2m3,4,3,4,38,87,exp1,7,26,6,6,0.0957348347,0.0954162851,-19,0x3dc410a0,0.0957348347,0x3f800000,1,0x3f5e0200,0.867218018,0x3f5e0200,0.867218018,001101,0,13,1101,010101,2,5,101,0x3d602000,0.0547180176,0x3d602000,0.0547180176,0x00000000,0
l2,0.0625,0,min-error,metric_min,exp2,0,1,1,0.0957348347,0.0954162851,0.0954162851,0.0957348347,0.000318549573,88,raw-and-scaled,6,1,fp6_e1m4,fp6_e2m3,4,3,4,38,88,exp1,7,26,6,6,0.0957348347,0.0954162851,-19,0x3dc410a0,0.0957348347,0x3f800000,1,0x3f07f800,0.53112793,0x3f07f800,0.53112793,001000,0,8,1000,010000,2,0,000,0x3cff0000,0.0311279297,0x3cff0000,0.0311279297,0x00000000,0
l2,0.0625,0,min-error,metric_min,exp2,0,1,1,0.0957348347,0.0954162851,0.0954162851,0.0957348347,0.000318549573,89,raw-and-scaled,6,1,fp6_e1m4,fp6_e2m3,4,3,4,38,89,exp1,7,26,6,6,0.0957348347,0.0954162851,-19,0x3dc410a0,0.0957348347,0x3f800000,1,0xbeb2ff00,-0.349601746,0xbeb2ff00,-0.349601746,100101,0,5,0101,101011,1,3,011,0xbd17f800,-0.0371017456,0xbbbfc000,-0.00585174561,0xbf800000,-1
l2,0.0625,0,min-error,metric_min,exp2,0,1,1,0.0957348347,0.0954162851,0.0954162851,0.0957348347,0.000318549573,90,raw-and-scaled,6,1,fp6_e1m4,fp6_e2m3,4,3,4,38,90,exp1,7,26,6,6,0.0957348347,0.0954162851,-19,0x3dc410a0,0.0957348347,0x3f800000,1,0xbf6a0200,-0.914093018,0xbf6a0200,-0.914093018,101110,0,14,1110,110110,2,6,110,0xbd202000,-0.0390930176,0xbd202000,-0.0390930176,0x00000000,0
l2,0.0625,0,min-error,metric_min,exp2,0,1,1,0.0957348347,0.0954162851,0.0954162851,0.0957348347,0.000318549573,91,raw-and-scaled,6,1,fp6_e1m4,fp6_e2m3,4,3,4,38,91,exp1,7,26,6,6,0.0957348347,0.0954162851,-19,0x3dc410a0,0.0957348347,0x3f800000,1,0xbab70100,-0.001396209,0xbab70100,-0.001396209,100000,0,0,0000,100000,0,0,000,0xbab70100,-0.001396209,0xbab70100,-0.001396209,0x00000000,0
l2,0.0625,0,min-error,metric_min,exp2,0,1,1,0.0957348347,0.0954162851,0.0954162851,0.0957348347,0.000318549573,92,raw-and-scaled,6,1,fp6_e1m4,fp6_e2m3,4,3,4,38,92,exp1,7,26,6,6,0.0957348347,0.0954162851,-19,0x3dc410a0,0.0957348347,0x3f800000,1,0x3adc8080,0.0016822964,0x3adc8080,0.0016822964,000000,0,0,0000,000000,0,0,000,0x3adc8080,0.0016822964,0x3adc8080,0.0016822964,0x00000000,0
l2,0.0625,0,min-error,metric_min,exp2,0,1,1,0.0957348347,0.0954162851,0.0954162851,0.0957348347,0.000318549573,93,raw-and-scaled,6,1,fp6_e1m4,fp6_e2m3,4,3,4,38,93,exp1,7,26,6,6,0.0957348347,0.0954162851,-19,0x3dc410a0,0.0957348347,0x3f800000,1,0xbc57f800,-0.0131816864,0xbc57f800,-0.0131816864,100000,0,0,0000,100000,0,0,000,0xbc57f800,-0.0131816864,0xbc57f800,-0.0131816864,0x00000000,0
l2,0.0625,0,min-error,metric_min,exp2,0,1,1,0.0957348347,0.0954162851,0.0954162851,0.0957348347,0.000318549573,94,raw-and-scaled,6,1,fp6_e1m4,fp6_e2m3,4,3,4,38,94,exp1,7,26,6,6,0.0957348347,0.0954162851,-19,0x3dc410a0,0.0957348347,0x3f800000,1,0xbb740400,-0.00372338295,0xbb740400,-0.00372338295,100000,0,0,0000,100000,0,0,000,0xbb740400,-0.00372338295,0xbb740400,-0.00372338295,0x00000000,0
l2,0.0625,0,min-error,metric_min,exp2,0,1,1,0.0957348347,0.0954162851,0.0954162851,0.0957348347,0.000318549573,95,raw-and-scaled,6,1,fp6_e1m4,fp6_e2m3,4,3,4,38,95,exp1,7,26,6,6,0.0957348347,0.0954162851,-19,0x3dc410a0,0.0957348347,0x3f800000,1,0x3c7e0200,0.0155034065,0x3c7e0200,0.0155034065,000000,0,0,0000,000000,0,0,000,0x3c7e0200,0.0155034065,0x3c7e0200,0.0155034065,0x00000000,0
l2,0.0625,0,min-error,metric_min,exp2,0,1,1,0.0957348347,0.0954162851,0.0954162851,0.0957348347,0.000318549573,96,raw-and-scaled,6,1,fp6_e1m4,fp6_e2m3,4,3,4,38,96,exp1,7,26,6,6,0.0957348347,0.0954162851,-19,0x3dc410a0,0.0957348347,0x3f800000,1,0xbee07f80,-0.438472748,0xbee07f80,-0.438472748,100111,0,7,0111,101110,1,6,110,0xba7f0000,-0.000972747803,0xba7f0000,-0.000972747803,0x80000000,-0
l2,0.0625,0,min-error,metric_min,exp2,0,1,1,0.0957348347,0.0954162851,0.0954162851,0.0957348347,0.000318549573,97,raw-and-scaled,6,1,fp6_e1m4,fp6_e2m3,4,3,4,38,97,exp1,7,26,6,6,0.0957348347,0.0954162851,-19,0x3dc410a0,0.0957348347,0x3f800000,1,0x3b618080,0.00344088674,0x3b618080,0.00344088674,000000,0,0,0000,000000,0,0,000,0x3b618080,0.00344088674,0x3b618080,0.00344088674,0x00000000,0
l2,0.0625,0,min-error,metric_min,exp2,0,1,1,0.0957348347,0.0954162851,0.0954162851,0.0957348347,0.000318549573,98,raw-and-scaled,6,1,fp6_e1m4,fp6_e2m3,4,3,4,38,98,exp1,7,26,6,6,0.0957348347,0.0954162851,-19,0x3dc410a0,0.0957348347,0x3f800000,1,0x3ee28080,0.442386627,0x3ee28080,0.442386627,000111,0,7,0111,001110,1,6,110,0x3ba02000,0.0048866272,0x3ba02000,0.0048866272,0x80000000,-0
l2,0.0625,0,min-error,metric_min,exp2,0,1,1,0.0957348347,0.0954162851,0.0954162851,0.0957348347,0.000318549573,99,raw-and-scaled,6,1,fp6_e1m4,fp6_e2m3,4,3,4,38,99,exp1,7,26,6,6,0.0957348347,0.0954162851,-19,0x3dc410a0,0.0957348347,0x3f800000,1,0x3ec70100,0.388679504,0x3ec70100,0.388679504,000110,0,6,0110,001100,1,4,100,0x3c602000,0.0136795044,0x3c602000,0.0136795044,0x80000000,-0
l2,0.0625,0,min-error,metric_min,exp2,0,1,1,0.0957348347,0.0954162851,0.0954162851,0.0957348347,0.000318549573,100,raw-and-scaled,6,1,fp6_e1m4,fp6_e2m3,4,3,4,38,100,exp1,7,26,6,6,0.0957348347,0.0954162851,-19,0x3dc410a0,0.0957348347,0x3f800000,1,0x3bc90100,0.00613415241,0x3bc90100,0.00613415241,000000,0,0,0000,000000,0,0,000,0x3bc90100,0.00613415241,0x3bc90100,0.00613415241,0x00000000,0
l2,0.0625,0,min-error,metric_min,exp2,0,1,1,0.0957348347,0.0954162851,0.0954162851,0.0957348347,0.000318549573,101,raw-and-scaled,6,1,fp6_e1m4,fp6_e2m3,4,3,4,38,101,exp1,7,26,6,6,0.0957348347,0.0954162851,-19,0x3dc410a0,0.0957348347,0x3f800000,1,0xbee58080,-0.448246002,0xbee58080,-0.448246002,100111,0,7,0111,101110,1,6,110,0xbc301000,-0.0107460022,0xbc301000,-0.0107460022,0x80000000,-0
l2,0.0625,0,min-error,metric_min,exp2,0,1,1,0.0957348347,0.0954162851,0.0954162851,0.0957348347,0.000318549573,102,raw-and-scaled,6,1,fp6_e1m4,fp6_e2m3,4,3,4,38,102,exp1,7,26,6,6,0.0957348347,0.0954162851,-19,0x3dc410a0,0.0957348347,0x3f800000,1,0xbd680800,-0.0566482544,0xbd680800,-0.0566482544,100000,0,0,0000,100001,0,1,001,0xbd680800,-0.0566482544,0xbcd01000,-0.0253982544,0xbf800000,-1
l2,0.0625,0,min-error,metric_min,exp2,0,1,1,0.0957348347,0.0954162851,0.0954162851,0.0957348347,0.000318549573,103,raw-and-scaled,6,1,fp6_e1m4,fp6_e2m3,4,3,4,38,103,exp1,7,26,6,6,0.0957348347,0.0954162851,-19,0x3dc410a0,0.0957348347,0x3f800000,1,0xbcb3bfc0,-0.0219420195,0xbcb3bfc0,-0.0219420195,100000,0,0,0000,100000,0,0,000,0xbcb3bfc0,-0.0219420195,0xbcb3bfc0,-0.0219420195,0x00000000,0
l2,0.0625,0,min-error,metric_min,exp2,0,1,1,0.0957348347,0.0954162851,0.0954162851,0.0957348347,0.000318549573,104,raw-and-scaled,6,1,fp6_e1m4,fp6_e2m3,4,3,4,38,104,exp1,7,26,6,6,0.0957348347,0.0954162851,-19,0x3dc410a0,0.0957348347,0x3f800000,1,0xbd21fe00,-0.0395488739,0xbd21fe00,-0.0395488739,100000,0,0,0000,100001,0,1,001,0xbd21fe00,-0.0395488739,0xbc07f800,-0.0082988739,0xbf800000,-1
l2,0.0625,0,min-error,metric_min,exp2,0,1,1,0.0957348347,0.0954162851,0.0954162851,0.0957348347,0.000318549573,105,raw-and-scaled,6,1,fp6_e1m4,fp6_e2m3,4,3,4,38,105,exp1,7,26,6,6,0.0957348347,0.0954162851,-19,0x3dc410a0,0.0957348347,0x3f800000,1,0x3c4c0400,0.0124521255,0x3c4c0400,0.0124521255,000000,0,0,0000,000000,0,0,000,0x3c4c0400,0.0124521255,0x3c4c0400,0.0124521255,0x00000000,0
l2,0.0625,0,min-error,metric_min,exp2,0,1,1,0.0957348347,0.0954162851,0.0954162851,0.0957348347,0.000318549573,106,raw-and-scaled,6,1,fp6_e1m4,fp6_e2m3,4,3,4,38,106,exp1,7,26,6,6,0.0957348347,0.0954162851,-19,0x3dc410a0,0.0957348347,0x3f800000,1,0xbba9fe00,-0.00518774986,0xbba9fe00,-0.00518774986,100000,0,0,0000,100000,0,0,000,0xbba9fe00,-0.00518774986,0xbba9fe00,-0.00518774986,0x00000000,0
l2,0.0625,0,min-error,metric_min,exp2,0,1,1,0.0957348347,0.0954162851,0.0954162851,0.0957348347,0.000318549573,107,raw-and-scaled,6,1,fp6_e1m4,fp6_e2m3,4,3,4,38,107,exp1,7,26,6,6,0.0957348347,0.0954162851,-19,0x3dc410a0,0.0957348347,0x3f800000,1,0x3dd70100,0.104982376,0x3dd70100,0.104982376,000001,0,1,0001,000011,0,3,011,0x3d2e0200,0.0424823761,0x3c380800,0.0112323761,0xbf800000,-1
l2,0.0625,0,min-error,metric_min,exp2,0,1,1,0.0957348347,0.0954162851,0.0954162851,0.0957348347,0.000318549573,108,raw-and-scaled,6,1,fp6_e1m4,fp6_e2m3,4,3,4,38,108,exp1,7,26,6,6,0.0957348347,0.0954162851,-19,0x3dc410a0,0.0957348347,0x3f800000,1,0x3dd90100,0.105958939,0x3dd90100,0.105958939,000001,0,1,0001,000011,0,3,011,0x3d320200,0.0434589386,0x3c480800,0.0122089386,0xbf800000,-1
l2,0.0625,0,min-error,metric_min,exp2,0,1,1,0.0957348347,0.0954162851,0.0954162851,0.0957348347,0.000318549573,109,raw-and-scaled,6,1,fp6_e1m4,fp6_e2m3,4,3,4,38,109,exp1,7,26,6,6,0.0957348347,0.0954162851,-19,0x3dc410a0,0.0957348347,0x3f800000,1,0xbc6c0400,-0.0144052505,0xbc6c0400,-0.0144052505,100000,0,0,0000,100000,0,0,000,0xbc6c0400,-0.0144052505,0xbc6c0400,-0.0144052505,0x00000000,0
l2,0.0625,0,min-error,metric_min,exp2,0,1,1,0.0957348347,0.0954162851,0.0954162851,0.0957348347,0.000318549573,110,raw-and-scaled,6,1,fp6_e1m4,fp6_e2m3,4,3,4,38,110,exp1,7,26,6,6,0.0957348347,0.0954162851,-19,0x3dc410a0,0.0957348347,0x3f800000,1,0x3adcff00,0.00168606639,0x3adcff00,0.00168606639,000000,0,0,0000,000000,0,0,000,0x3adcff00,0.00168606639,0x3adcff00,0.00168606639,0x00000000,0
l2,0.0625,0,min-error,metric_min,exp2,0,1,1,0.0957348347,0.0954162851,0.0954162851,0.0957348347,0.000318549573,111,raw-and-scaled,6,1,fp6_e1m4,fp6_e2m3,4,3,4,38,111,exp1,7,26,6,6,0.0957348347,0.0954162851,-19,0x3dc410a0,0.0957348347,0x3f800000,1,0xbebe0200,-0.371109009,0xbebe0200,-0.371109009,100101,0,5,0101,101011,1,3,011,0xbd701000,-0.0586090088,0xbce02000,-0.0273590088,0xbf800000,-1
l2,0.0625,0,min-error,metric_min,exp2,0,1,1,0.0957348347,0.0954162851,0.0954162851,0.0957348347,0.000318549573,112,raw-and-scaled,6,1,fp6_e1m4,fp6_e2m3,4,3,4,38,112,exp1,7,26,6,6,0.0957348347,0.0954162851,-19,0x3dc410a0,0.0957348347,0x3f800000,1,0xbc080800,-0.0083026886,0xbc080800,-0.0083026886,100000,0,0,0000,100000,0,0,000,0xbc080800,-0.0083026886,0xbc080800,-0.0083026886,0x00000000,0
l2,0.0625,0,min-error,metric_min,exp2,0,1,1,0.0957348347,0.0954162851,0.0954162851,0.0957348347,0.000318549573,113,raw-and-scaled,6,1,fp6_e1m4,fp6_e2m3,4,3,4,38,113,exp1,7,26,6,6,0.0957348347,0.0954162851,-19,0x3dc410a0,0.0957348347,0x3f800000,1,0x3db8c040,0.0902104378,0x3db8c040,0.0902104378,000001,0,1,0001,000010,0,2,010,0x3ce30100,0.0277104378,0x3ce30100,0.0277104378,0x80000000,-0
l2,0.0625,0,min-error,metric_min,exp2,0,1,1,0.0957348347,0.0954162851,0.0954162851,0.0957348347,0.000318549573,114,raw-and-scaled,6,1,fp6_e1m4,fp6_e2m3,4,3,4,38,114,exp1,7,26,6,6,0.0957348347,0.0954162851,-19,0x3dc410a0,0.0957348347,0x3f800000,1,0xbb940400,-0.0045170784,0xbb940400,-0.0045170784,100000,0,0,0000,100000,0,0,000,0xbb940400,-0.0045170784,0xbb940400,-0.0045170784,0x00000000,0
l2,0.0625,0,min-error,metric_min,exp2,0,1,1,0.0957348347,0.0954162851,0.0954162851,0.0957348347,0.000318549573,115,raw-and-scaled,6,1,fp6_e1m4,fp6_e2m3,4,3,4,38,115,exp1,7,26,6,6,0.0957348347,0.0954162851,-19,0x3dc410a0,0.0957348347,0x3f800000,1,0xbeb9bfc0,-0.362791061,0xbeb9bfc0,-0.362791061,100101,0,5,0101,101011,1,3,011,0xbd4dfe00,-0.0502910614,0xbc9bfc00,-0.0190410614,0xbf800000,-1
l2,0.0625,0,min-error,metric_min,exp2,0,1,1,0.0957348347,0.0954162851,0.0954162851,0.0957348347,0.000318549573,116,raw-and-scaled,6,1,fp6_e1m4,fp6_e2m3,4,3,4,38,116,exp1,7,26,6,6,0.0957348347,0.0954162851,-19,0x3dc410a0,0.0957348347,0x3f800000,1,0xbd3a4040,-0.0454714298,0xbd3a4040,-0.0454714298,100000,0,0,0000,100001,0,1,001,0xbd3a4040,-0.0454714298,0xbc690100,-0.0142214298,0xbf800000,-1
l2,0.0625,0,min-error,metric_min,exp2,0,1,1,0.0957348347,0.0954162851,0.0954162851,0.0957348347,0.000318549573,117,raw-and-scaled,6,1,fp6_e1m4,fp6_e2m3,4,3,4,38,117,exp1,7,26,6,6,0.0957348347,0.0954162851,-19,0x3dc410a0,0.0957348347,0x3f800000,1,0x3d758080,0.0599370003,0x3d758080,0.0599370003,000000,0,0,0000,000001,0,1,001,0x3d758080,0.0599370003,0x3ceb0100,0.0286870003,0xbf800000,-1
l2,0.0625,0,min-error,metric_min,exp2,0,1,1,0.0957348347,0.0954162851,0.0954162851,0.0957348347,0.000318549573,118,raw-and-scaled,6,1,fp6_e1m4,fp6_e2m3,4,3,4,38,118,exp1,7,26,6,6,0.0957348347,0.0954162851,-19,0x3dc410a0,0.0957348347,0x3f800000,1,0xbaed0100,-0.00180819631,0xbaed0100,-0.00180819631,100000,0,0,0000,100000,0,0,000,0xbaed0100,-0.00180819631,0xbaed0100,-0.00180819631,0x00000000,0
l2,0.0625,0,min-error,metric_min,exp2,0,1,1,0.0957348347,0.0954162851,0.0954162851,0.0957348347,0.000318549573,119,raw-and-scaled,6,1,fp6_e1m4,fp6_e2m3,4,3,4,38,119,exp1,7,26,6,6,0.0957348347,0.0954162851,-19,0x3dc410a0,0.0957348347,0x3f800000,1,0x3eeeff00,0.466789246,0x3eeeff00,0.466789246,000111,0,7,0111,001110,1,6,110,0x3ceff000,0.0292892456,0x3ceff000,0.0292892456,0x80000000,-0
l2,0.0625,0,min-error,metric_min,exp2,0,1,1,0.0957348347,0.0954162851,0.0954162851,0.0957348347,0.000318549573,120,raw-and-scaled,6,1,fp6_e1m4,fp6_e2m3,4,3,4,38,120,exp1,7,26,6,6,0.0957348347,0.0954162851,-19,0x3dc410a0,0.0957348347,0x3f800000,1,0xbd440400,-0.0478553772,0xbd440400,-0.0478553772,100000,0,0,0000,100001,0,1,001,0xbd440400,-0.0478553772,0xbc880800,-0.0166053772,0xbf800000,-1
l2,0.0625,0,min-error,metric_min,exp2,0,1,1,0.0957348347,0.0954162851,0.0954162851,0.0957348347,0.000318549573,121,raw-and-scaled,6,1,fp6_e1m4,fp6_e2m3,4,3,4,38,121,exp1,7,26,6,6,0.0957348347,0.0954162851,-19,0x3dc410a0,0.0957348347,0x3f800000,1,0x3b3cbfc0,0.00288008153,0x3b3cbfc0,0.00288008153,000000,0,0,0000,000000,0,0,000,0x3b3cbfc0,0.00288008153,0x3b3cbfc0,0.00288008153,0x00000000,0
l2,0.0625,0,min-error,metric_min,exp2,0,1,1,0.0957348347,0.0954162851,0.0954162851,0.0957348347,0.000318549573,122,raw-and-scaled,6,1,fp6_e1m4,fp6_e2m3,4,3,4,38,122,exp1,7,26,6,6,0.0957348347,0.0954162851,-19,0x3dc410a0,0.0957348347,0x3f800000,1,0xbcbd3fc0,-0.0231016874,0xbcbd3fc0,-0.0231016874,100000,0,0,0000,100000,0,0,000,0xbcbd3fc0,-0.0231016874,0xbcbd3fc0,-0.0231016874,0x00000000,0
l2,0.0625,0,min-error,metric_min,exp2,0,1,1,0.0957348347,0.0954162851,0.0954162851,0.0957348347,0.000318549573,123,raw-and-scaled,6,1,fp6_e1m4,fp6_e2m3,4,3,4,38,123,exp1,7,26,6,6,0.0957348347,0.0954162851,-19,0x3dc410a0,0.0957348347,0x3f800000,1,0x3f5c0400,0.859436035,0x3f5c0400,0.859436035,001101,0,13,1101,010101,2,5,101,0x3d404000,0.0469360352,0x3d404000,0.0469360352,0x00000000,0
l2,0.0625,0,min-error,metric_min,exp2,0,1,1,0.0957348347,0.0954162851,0.0954162851,0.0957348347,0.000318549573,124,raw-and-scaled,6,1,fp6_e1m4,fp6_e2m3,4,3,4,38,124,exp1,7,26,6,6,0.0957348347,0.0954162851,-19,0x3dc410a0,0.0957348347,0x3f800000,1,0x3de40400,0.111335754,0x3de40400,0.111335754,000001,0,1,0001,000011,0,3,011,0x3d480800,0.0488357544,0x3c901000,0.0175857544,0xbf800000,-1
l2,0.0625,0,min-error,metric_min,exp2,0,1,1,0.0957348347,0.0954162851,0.0954162851,0.0957348347,0.000318549573,125,raw-and-scaled,6,1,fp6_e1m4,fp6_e2m3,4,3,4,38,125,exp1,7,26,6,6,0.0957348347,0.0954162851,-19,0x3dc410a0,0.0957348347,0x3f800000,1,0xbc580800,-0.0131855011,0xbc580800,-0.0131855011,100000,0,0,0000,100000,0,0,000,0xbc580800,-0.0131855011,0xbc580800,-0.0131855011,0x00000000,0
l2,0.0625,0,min-error,metric_min,exp2,0,1,1,0.0957348347,0.0954162851,0.0954162851,0.0957348347,0.000318549573,126,raw-and-scaled,6,1,fp6_e1m4,fp6_e2m3,4,3,4,38,126,exp1,7,26,6,6,0.0957348347,0.0954162851,-19,0x3dc410a0,0.0957348347,0x3f800000,1,0x3ebf4040,0.373537064,0x3ebf4040,0.373537064,000101,0,5,0101,001011,1,3,011,0x3d7a0200,0.0610370636,0x3cf40400,0.0297870636,0xbf800000,-1
l2,0.0625,0,min-error,metric_min,exp2,0,1,1,0.0957348347,0.0954162851,0.0954162851,0.0957348347,0.000318549573,127,raw-and-scaled,6,1,fp6_e1m4,fp6_e2m3,4,3,4,38,127,exp1,7,26,6,6,0.0957348347,0.0954162851,-19,0x3dc410a0,0.0957348347,0x3f800000,1,0x3efeff00,0.498039246,0x3efeff00,0.498039246,000111,0,7,0111,001111,1,7,111,0x3d77f800,0.0605392456,0x3ceff000,0.0292892456,0xbf800000,-1
l2,0.0625,0,min-error,metric_min,exp1,0,1,1,0.111667238,0.113307357,0.111667238,0.113307357,0.00164011866,0,raw-and-scaled,6,1,fp6_e1m4,fp6_e2m3,4,3,4,54,0,exp2,7,32,8,8,0.111667238,0.113307357,-25,0x3de80db0,0.113307357,0x3f800000,1,0xbd6da2ad,-0.0580164678,0xbd6da2ad,-0.0580164678,100000,0,0,0000,100001,0,1,001,0xbd6da2ad,-0.0580164678,0xbcdb455a,-0.0267664678,0xbf800000,-1
l2,0.0625,0,min-error,metric_min,exp1,0,1,1,0.111667238,0.113307357,0.111667238,0.113307357,0.00164011866,1,raw-and-scaled,6,1,fp6_e1m4,fp6_e2m3,4,3,4,54,1,exp2,7,32,8,8,0.111667238,0.113307357,-25,0x3de80db0,0.113307357,0x3f800000,1,0x3d99e3c4,0.0751414597,0x3d99e3c4,0.0751414597,000001,0,1,0001,000010,0,2,010,0x3c4f1e20,0.0126414597,0x3c4f1e20,0.0126414597,0x80000000,-0
l2,0.0625,0,min-error,metric_min,exp1,0,1,1,0.111667238,0.113307357,0.111667238,0.113307357,0.00164011866,2,raw-and-scaled,6,1,fp6_e1m4,fp6_e2m3,4,3,4,54,2,exp2,7,32,8,8,0.111667238,0.113307357,-25,0x3de80db0,0.113307357,0x3f800000,1,0xbc144332,-0.00904922374,0xbc144332,-0.00904922374,100000,0,0,0000,100000,0,0,000,0xbc144332,-0.00904922374,0xbc144332,-0.00904922374,0x00000000,0
l2,0.0625,0,min-error,metric_min,exp1,0,1,1,0.111667238,0.113307357,0.111667238,0.113307357,0.00164011866,3,raw-and-scaled,6,1,fp6_e1m4,fp6_e2m3,4,3,4,54,3,exp2,7,32,8,8,0.111667238,0.113307357,-25,0x3de80db0,0.113307357,0x3f800000,1,0xbb0c2c12,-0.00213885726,0xbb0c2c12,-0.00213885726,100000,0,0,0000,100000,0,0,000,0xbb0c2c12,-0.00213885726,0xbb0c2c12,-0.00213885726,0x00000000,0
l2,0.0625,0,min-error,metric_min,exp1,0,1,1,0.111667238,0.113307357,0.111667238,0.113307357,0.00164011866,4,raw-and-scaled,6,1,fp6_e1m4,fp6_e2m3,4,3,4,54,4,exp2,7,32,8,8,0.111667238,0.113307357,-25,0x3de80db0,0.113307357,0x3f800000,1,0xbe5cbf35,-0.215573147,0xbe5cbf35,-0.215573147,100011,0,3,0011,100110,0,6,110,0xbce5f9a8,-0.0280731469,0xbce5f9a8,-0.0280731469,0x80000000,-0
l2,0.0625,0,min-error,metric_min,exp1,0,1,1,0.111667238,0.113307357,0.111667238,0.113307357,0.00164011866,5,raw-and-scaled,6,1,fp6_e1m4,fp6_e2m3,4,3,4,54,5,exp2,7,32,8,8,0.111667238,0.113307357,-25,0x3de80db0,0.113307357,0x3f800000,1,0xbd87702e,-0.0661319345,0xbd87702e,-0.0661319345,100001,0,1,0001,100010,0,2,010,0xbb6e05c0,-0.00363193452,0xbb6e05c0,-0.00363193452,0x80000000,-0
l2,0.0625,0,min-error,metric_min,exp1,0,1,1,0.111667238,0.113307357,0.111667238,0.113307357,0.00164011866,6,raw-and-scaled,6,1,fp6_e1m4,fp6_e2m3,4,3,4,54,6,exp2,7,32,8,8,0.111667238,0.113307357,-25,0x3de80db0,0.113307357,0x3f800000,1,0xbcf2239a,-0.0295579918,0xbcf2239a,-0.0295579918,100000,0,0,0000,100000,0,0,000,0xbcf2239a,-0.0295579918,0xbcf2239a,-0.0295579918,0x00000000,0
l2,0.0625,0,min-error,metric_min,exp1,0,1,1,0.111667238,0.113307357,0.111667238,0.113307357,0.00164011866,7,raw-and-scaled,6,1,fp6_e1m4,fp6_e2m3,4,3,4,54,7,exp2,7,32,8,8,0.111667238,0.113307357,-25,0x3de80db0,0.113307357,0x3f800000,1,0xbad7b05c,-0.00164557574,0xbad7b05c,-0.00164557574,100000,0,0,0000,100000,0,0,000,0xbad7b05c,-0.00164557574,0xbad7b05c,-0.00164557574,0x00000000,0
l2,0.0625,0,min-error,metric_min,exp1,0,1,1,0.111667238,0.113307357,0.111667238,0.113307357,0.00164011866,8,raw-and-scaled,6,1,fp6_e1m4,fp6_e2m3,4,3,4,54,8,exp2,7,32,8,8,0.111667238,0.113307357,-25,0x3de80db0,0.113307357,0x3f800000,1,0x3d6bf96c,0.0576109141,0x3d6bf96c,0.0576109141,000000,0,0,0000,000001,0,1,001,0x3d6bf96c,0.0576109141,0x3cd7f2d8,0.0263609141,0xbf800000,-1
l2,0.0625,0,min-error,metric_min,exp1,0,1,1,0.111667238,0.113307357,0.111667238,0.113307357,0.00164011866,9,raw-and-scaled,6,1,fp6_e1m4,fp6_e2m3,4,3,4,54,9,exp2,7,32,8,8,0.111667238,0.113307357,-25,0x3de80db0,0.113307357,0x3f800000,1,0x3c28ba0e,0.0102982651,0x3c28ba0e,0.0102982651,000000,0,0,0000,000000,0,0,000,0x3c28ba0e,0.0102982651,0x3c28ba0e,0.0102982651,0x00000000,0
l2,0.0625,0,min-error,metric_min,exp1,0,1,1,0.111667238,0.113307357,0.111667238,0.113307357,0.00164011866,10,raw-and-scaled,6,1,fp6_e1m4,fp6_e2m3,4,3,4,54,10,exp2,7,32,8,8,0.111667238,0.113307357,-25,0x3de80db0,0.113307357,0x3f800000,1,0xbfe8f312,-1.81991792,0xbfe8f312,-1.81991792,111101,1,13,1101,111110,3,6,110,0xbbf31200,-0.00741791725,0xbd8f3120,-0.0699179173,0x3f800000,1
l2,0.0625,0,min-error,metric_min,exp1,0,1,1,0.111667238,0.113307357,0.111667238,0.113307357,0.00164011866,11,raw-and-scaled,6,1,fp6_e1m4,fp6_e2m3,4,3,4,54,11,exp2,7,32,8,8,0.111667238,0.113307357,-25,0x3de80db0,0.113307357,0x3f800000,1,0xbda35cba,-0.0797667056,0xbda35cba,-0.0797667056,100001,0,1,0001,100010,0,2,010,0xbc8d72e8,-0.0172667056,0xbc8d72e8,-0.0172667056,0x80000000,-0
l2,0.0625,0,min-error,metric_min,exp1,0,1,1,0.111667238,0.113307357,0.111667238,0.113307357,0.00164011866,12,raw-and-scaled,6,1,fp6_e1m4,fp6_e2m3,4,3,4,54,12,exp2,7,32,8,8,0.111667238,0.113307357,-25,0x3de80db0,0.113307357,0x3f800000,1,0xbe3821a0,-0.179815769,0xbe3821a0,-0.179815769,100010,0,2,0010,100101,0,5,101,0xbd608680,-0.0548157692,0xbcc10d00,-0.0235657692,0xbf800000,-1
l2,0.0625,0,min-error,metric_min,exp1,0,1,1,0.111667238,0.113307357,0.111667238,0.113307357,0.00164011866,13,raw-and-scaled,6,1,fp6_e1m4,fp6_e2m3,4,3,4,54,13,exp2,7,32,8,8,0.111667238,0.113307357,-25,0x3de80db0,0.113307357,0x3f800000,1,0x3ef0ff08,0.470695734,0x3ef0ff08,0.470695734,000111,0,7,0111,001111,1,7,111,0x3d07f840,0.033195734,0x3aff0800,0.00194573402,0xbf800000,-1
l2,0.0625,0,min-error,metric_min,exp1,0,1,1,0.111667238,0.113307357,0.111667238,0.113307357,0.00164011866,14,raw-and-scaled,6,1,fp6_e1m4,fp6_e2m3,4,3,4,54,14,exp2,7,32,8,8,0.111667238,0.113307357,-25,0x3de80db0,0.113307357,0x3f800000,1,0xbc1df8ac,-0.00964180753,0xbc1df8ac,-0.00964180753,100000,0,0,0000,100000,0,0,000,0xbc1df8ac,-0.00964180753,0xbc1df8ac,-0.00964180753,0x00000000,0
l2,0.0625,0,min-error,metric_min,exp1,0,1,1,0.111667238,0.113307357,0.111667238,0.113307357,0.00164011866,15,raw-and-scaled,6,1,fp6_e1m4,fp6_e2m3,4,3,4,54,15,exp2,7,32,8,8,0.111667238,0.113307357,-25,0x3de80db0,0.113307357,0x3f800000,1,0x3f308ad1,0.68961817,0x3f308ad1,0.68961817,001011,0,11,1011,010011,2,3,011,0x3b0ad100,0.00211817026,0x3b0ad100,0.00211817026,0x00000000,0
l2,0.0625,0,min-error,metric_min,exp1,0,1,1,0.111667238,0.113307357,0.111667238,0.113307357,0.00164011866,16,raw-and-scaled,6,1,fp6_e1m4,fp6_e2m3,4,3,4,54,16,exp2,7,32,8,8,0.111667238,0.113307357,-25,0x3de80db0,0.113307357,0x3f800000,1,0xbc472a62,-0.0121561009,0xbc472a62,-0.0121561009,100000,0,0,0000,100000,0,0,000,0xbc472a62,-0.0121561009,0xbc472a62,-0.0121561009,0x00000000,0
l2,0.0625,0,min-error,metric_min,exp1,0,1,1,0.111667238,0.113307357,0.111667238,0.113307357,0.00164011866,17,raw-and-scaled,6,1,fp6_e1m4,fp6_e2m3,4,3,4,54,17,exp2,7,32,8,8,0.111667238,0.113307357,-25,0x3de80db0,0.113307357,0x3f800000,1,0x3ed4d426,0.415681064,0x3ed4d426,0.415681064,000110,0,6,0110,001101,1,5,101,0x3d26a130,0.0406810641,0x3c1a84c0,0.00943106413,0xbf800000,-1
l2,0.0625,0,min-error,metric_min,exp1,0,1,1,0.111667238,0.113307357,0.111667238,0.113307357,0.00164011866,18,raw-and-scaled,6,1,fp6_e1m4,fp6_e2m3,4,3,4,54,18,exp2,7,32,8,8,0.111667238,0.113307357,-25,0x3de80db0,0.113307357,0x3f800000,1,0xbe371853,-0.178803727,0xbe371853,-0.178803727,100010,0,2,0010,100101,0,5,101,0xbd5c614c,-0.053803727,0xbcb8c298,-0.022553727,0xbf800000,-1
l2,0.0625,0,min-error,metric_min,exp1,0,1,1,0.111667238,0.113307357,0.111667238,0.113307357,0.00164011866,19,raw-and-scaled,6,1,fp6_e1m4,fp6_e2m3,4,3,4,54,19,exp2,7,32,8,8,0.111667238,0.113307357,-25,0x3de80db0,0.113307357,0x3f800000,1,0xbd8d5e2c,-0.0690272748,0xbd8d5e2c,-0.0690272748,100001,0,1,0001,100010,0,2,010,0xbbd5e2c0,-0.00652727485,0xbbd5e2c0,-0.00652727485,0x80000000,-0
l2,0.0625,0,min-error,metric_min,exp1,0,1,1,0.111667238,0.113307357,0.111667238,0.113307357,0.00164011866,20,raw-and-scaled,6,1,fp6_e1m4,fp6_e2m3,4,3,4,54,20,exp2,7,32,8,8,0.111667238,0.113307357,-25,0x3de80db0,0.113307357,0x3f800000,1,0x3cb0d084,0.021583803,0x3cb0d084,0.021583803,000000,0,0,0000,000000,0,0,000,0x3cb0d084,0.021583803,0x3cb0d084,0.021583803,0x00000000,0
l2,0.0625,0,min-error,metric_min,exp1,0,1,1,0.111667238,0.113307357,0.111667238,0.113307357,0.00164011866,21,raw-and-scaled,6,1,fp6_e1m4,fp6_e2m3,4,3,4,54,21,exp2,7,32,8,8,0.111667238,0.113307357,-25,0x3de80db0,0.113307357,0x3f800000,1,0x3c58faec,0.0132434182,0x3c58faec,0.0132434182,000000,0,0,0000,000000,0,0,000,0x3c58faec,0.0132434182,0x3c58faec,0.0132434182,0x00000000,0
l2,0.0625,0,min-error,metric_min,exp1,0,1,1,0.111667238,0.113307357,0.111667238,0.113307357,0.00164011866,22,raw-and-scaled,6,1,fp6_e1m4,fp6_e2m3,4,3,4,54,22,exp2,7,32,8,8,0.111667238,0.113307357,-25,0x3de80db0,0.113307357,0x3f800000,1,0xbb0e2a68,-0.00216927566,0xbb0e2a68,-0.00216927566,100000,0,0,0000,100000,0,0,000,0xbb0e2a68,-0.00216927566,0xbb0e2a68,-0.00216927566,0x00000000,0
l2,0.0625,0,min-error,metric_min,exp1,0,1,1,0.111667238,0.113307357,0.111667238,0.113307357,0.00164011866,23,raw-and-scaled,6,1,fp6_e1m4,fp6_e2m3,4,3,4,54,23,exp2,7,32,8,8,0.111667238,0.113307357,-25,0x3de80db0,0.113307357,0x3f800000,1,0x3c8b1d6a,0.0169817992,0x3c8b1d6a,0.0169817992,000000,0,0,0000,000000,0,0,000,0x3c8b1d6a,0.0169817992,0x3c8b1d6a,0.0169817992,0x00000000,0
l2,0.0625,0,min-error,metric_min,exp1,0,1,1,0.111667238,0.113307357,0.111667238,0.113307357,0.00164011866,24,raw-and-scaled,6,1,fp6_e1m4,fp6_e2m3,4,3,4,54,24,exp2,7,32,8,8,0.111667238,0.113307357,-25,0x3de80db0,0.113307357,0x3f800000,1,0xbf2c5e87,-0.673317373,0xbf2c5e87,-0.673317373,101010,0,10,1010,110010,2,2,010,0xbd45e870,-0.0483173728,0xbd45e870,-0.0483173728,0x00000000,0
l2,0.0625,0,min-error,metric_min,exp1,0,1,1,0.111667238,0.113307357,0.111667238,0.113307357,0.00164011866,25,raw-and-scaled,6,1,fp6_e1m4,fp6_e2m3,4,3,4,54,25,exp2,7,32,8,8,0.111667238,0.113307357,-25,0x3de80db0,0.113307357,0x3f800000,1,0x3cce0283,0.0251476821,0x3cce0283,0.0251476821,000000,0,0,0000,000000,0,0,000,0x3cce0283,0.0251476821,0x3cce0283,0.0251476821,0x00000000,0
l2,0.0625,0,min-error,metric_min,exp1,0,1,1,0.111667238,0.113307357,0.111667238,0.113307357,0.00164011866,26,raw-and-scaled,6,1,fp6_e1m4,fp6_e2m3,4,3,4,54,26,exp2,7,32,8,8,0.111667238,0.113307357,-25,0x3de80db0,0.113307357,0x3f800000,1,0xbe2942fc,-0.165294588,0xbe2942fc,-0.165294588,100010,0,2,0010,100101,0,5,101,0xbd250bf0,-0.0402945876,0xbc142fc0,-0.00904458761,0xbf800000,-1
l2,0.0625,0,min-error,metric_min,exp1,0,1,1,0.111667238,0.113307357,0.111667238,0.113307357,0.00164011866,27,raw-and-scaled,6,1,fp6_e1m4,fp6_e2m3,4,3,4,54,27,exp2,7,32,8,8,0.111667238,0.113307357,-25,0x3de80db0,0.113307357,0x3f800000,1,0x3ad4d388,0.00162373576,0x3ad4d388,0.00162373576,000000,0,0,0000,000000,0,0,000,0x3ad4d388,0.00162373576,0x3ad4d388,0.00162373576,0x00000000,0
l2,0.0625,0,min-error,metric_min,exp1,0,1,1,0.111667238,0.113307357,0.111667238,0.113307357,0.00164011866,28,raw-and-scaled,6,1,fp6_e1m4,fp6_e2m3,4,3,4,54,28,exp2,7,32,8,8,0.111667238,0.113307357,-25,0x3de80db0,0.113307357,0x3f800000,1,0x3f48cd00,0.784378052,0x3f48cd00,0.784378052,001100,0,12,1100,010100,2,4,100,0x3d0cd000,0.0343780518,0x3d0cd000,0.0343780518,0x00000000,0
l2,0.0625,0,min-error,metric_min,exp1,0,1,1,0.111667238,0.113307357,0.111667238,0.113307357,0.00164011866,29,raw-and-scaled,6,1,fp6_e1m4,fp6_e2m3,4,3,4,54,29,exp2,7,32,8,8,0.111667238,0.113307357,-25,0x3de80db0,0.113307357,0x3f800000,1,0x3aefc3aa,0.00182925654,0x3aefc3aa,0.00182925654,000000,0,0,0000,000000,0,0,000,0x3aefc3aa,0.00182925654,0x3aefc3aa,0.00182925654,0x00000000,0
l2,0.0625,0,min-error,metric_min,exp1,0,1,1,0.111667238,0.113307357,0.111667238,0.113307357,0.00164011866,30,raw-and-scaled,6,1,fp6_e1m4,fp6_e2m3,4,3,4,54,30,exp2,7,32,8,8,0.111667238,0.113307357,-25,0x3de80db0,0.113307357,0x3f800000,1,0xbdb9d36a,-0.0907352716,0xbdb9d36a,-0.0907352716,100001,0,1,0001,100010,0,2,010,0xbce74da8,-0.0282352716,0xbce74da8,-0.0282352716,0x80000000,-0
l2,0.0625,0,min-error,metric_min,exp1,0,1,1,0.111667238,0.113307357,0.111667238,0.113307357,0.00164011866,31,raw-and-scaled,6,1,fp6_e1m4,fp6_e2m3,4,3,4,54,31,exp2,7,32,8,8,0.111667238,0.113307357,-25,0x3de80db0,0.113307357,0x3f800000,1,0x3d9d33ba,0.0767588168,0x3d9d33ba,0.0767588168,000001,0,1,0001,000010,0,2,010,0x3c699dd0,0.0142588168,0x3c699dd0,0.0142588168,0x80000000,-0
l2,0.0625,0,min-error,metric_min,exp1,0,1,1,0.111667238,0.113307357,0.111667238,0.113307357,0.00164011866,32,raw-and-scaled,6,1,fp6_e1m4,fp6_e2m3,4,3,4,54,32,exp2,7,32,8,8,0.111667238,0.113307357,-25,0x3de80db0,0.113307357,0x3f800000,1,0x3d2a7520,0.0416156054,0x3d2a7520,0.0416156054,000000,0,0,0000,000001,0,1,001,0x3d2a7520,0.0416156054,0x3c29d480,0.0103656054,0xbf800000,-1
l2,0.0625,0,min-error,metric_min,exp1,0,1,1,0.111667238,0.113307357,0.111667238,0.113307357,0.00164011866,33,raw-and-scaled,6,1,fp6_e1m4,fp6_e2m3,4,3,4,54,33,exp2,7,32,8,8,0.111667238,0.113307357,-25,0x3de80db0,0.113307357,0x3f800000,1,0x3b0ebf06,0.00217813393,0x3b0ebf06,0.00217813393,000000,0,0,0000,000000,0,0,000,0x3b0ebf06,0.00217813393,0x3b0ebf06,0.00217813393,0x00000000,0
l2,0.0625,0,min-error,metric_min,exp1,0,1,1,0.111667238,0.113307357,0.111667238,0.113307357,0.00164011866,34,raw-and-scaled,6,1,fp6_e1m4,fp6_e2m3,4,3,4,54,34,exp2,7,32,8,8,0.111667238,0.113307357,-25,0x3de80db0,0.113307357,0x3f800000,1,0xbca8fd68,-0.020628646,0xbca8fd68,-0.020628646,100000,0,0,0000,100000,0,0,000,0xbca8fd68,-0.020628646,0xbca8fd68,-0.020628646,0x00000000,0
l2,0.0625,0,min-error,metric_min,exp1,0,1,1,0.111667238,0.113307357,0.111667238,0.113307357,0.00164011866,35,raw-and-scaled,6,1,fp6_e1m4,fp6_e2m3,4,3,4,54,35,exp2,7,32,8,8,0.111667238,0.113307357,-25,0x3de80db0,0.113307357,0x3f800000,1,0x3e206a9c,0.156656682,0x3e206a9c,0.156656682,000010,0,2,0010,000101,0,5,101,0x3d01aa70,0.0316566825,0x39d53800,0.000406682491,0xbf800000,-1
l2,0.0625,0,min-error,metric_min,exp1,0,1,1,0.111667238,0.113307357,0.111667238,0.113307357,0.00164011866,36,raw-and-scaled,6,1,fp6_e1m4,fp6_e2m3,4,3,4,54,36,exp2,7,32,8,8,0.111667238,0.113307357,-25,0x3de80db0,0.113307357,0x3f800000,1,0x3d0cf256,0.0344107971,0x3d0cf256,0.0344107971,000000,0,0,0000,000001,0,1,001,0x3d0cf256,0.0344107971,0x3b4f2560,0.00316079706,0xbf800000,-1
l2,0.0625,0,min-error,metric_min,exp1,0,1,1,0.111667238,0.113307357,0.111667238,0.113307357,0.00164011866,37,raw-and-scaled,6,1,fp6_e1m4,fp6_e2m3,4,3,4,54,37,exp2,7,32,8,8,0.111667238,0.113307357,-25,0x3de80db0,0.113307357,0x3f800000,1,0x3f8364d7,1.02651489,0x3f8364d7,1.02651489,010000,1,0,0000,011000,3,0,000,0x3cd935c0,0.0265148878,0x3cd935c0,0.0265148878,0x00000000,0
l2,0.0625,0,min-error,metric_min,exp1,0,1,1,0.111667238,0.113307357,0.111667238,0.113307357,0.00164011866,38,raw-and-scaled,6,1,fp6_e1m4,fp6_e2m3,4,3,4,54,38,exp2,7,32,8,8,0.111667238,0.113307357,-25,0x3de80db0,0.113307357,0x3f800000,1,0xbc08d980,-0.00835263729,0xbc08d980,-0.00835263729,100000,0,0,0000,100000,0,0,000,0xbc08d980,-0.00835263729,0xbc08d980,-0.00835263729,0x00000000,0
l2,0.0625,0,min-error,metric_min,exp1,0,1,1,0.111667238,0.113307357,0.111667238,0.113307357,0.00164011866,39,raw-and-scaled,6,1,fp6_e1m4,fp6_e2m3,4,3,4,54,39,exp2,7,32,8,8,0.111667238,0.113307357,-25,0x3de80db0,0.113307357,0x3f800000,1,0xbadc34e7,-0.00168004341,0xbadc34e7,-0.00168004341,100000,0,0,0000,100000,0,0,000,0xbadc34e7,-0.00168004341,0xbadc34e7,-0.00168004341,0x00000000,0
l2,0.0625,0,min-error,metric_min,exp1,0,1,1,0.111667238,0.113307357,0.111667238,0.113307357,0.00164011866,40,raw-and-scaled,6,1,fp6_e1m4,fp6_e2m3,4,3,4,54,40,exp2,7,32,8,8,0.111667238,0.113307357,-25,0x3de80db0,0.113307357,0x3f800000,1,0x3b252032,0.00251961919,0x3b252032,0.00251961919,000000,0,0,0000,000000,0,0,000,0x3b252032,0.00251961919,0x3b252032,0.00251961919,0x00000000,0
l2,0.0625,0,min-error,metric_min,exp1,0,1,1,0.111667238,0.113307357,0.111667238,0.113307357,0.00164011866,41,raw-and-scaled,6,1,fp6_e1m4,fp6_e2m3,4,3,4,54,41,exp2,7,32,8,8,0.111667238,0.113307357,-25,0x3de80db0,0.113307357,0x3f800000,1,0xbe758608,-0.239769101,0xbe758608,-0.239769101,100011,0,3,0011,100111,0,7,111,0xbd561820,-0.0522691011,0xbcac3040,-0.0210191011,0xbf800000,-1
l2,0.0625,0,min-error,metric_min,exp1,0,1,1,0.111667238,0.113307357,0.111667238,0.113307357,0.00164011866,42,raw-and-scaled,6,1,fp6_e1m4,fp6_e2m3,4,3,4,54,42,exp2,7,32,8,8,0.111667238,0.113307357,-25,0x3de80db0,0.113307357,0x3f800000,1,0xbb24cb62,-0.00251456397,0xbb24cb62,-0.00251456397,100000,0,0,0000,100000,0,0,000,0xbb24cb62,-0.00251456397,0xbb24cb62,-0.00251456397,0x00000000,0
l2,0.0625,0,min-error,metric_min,exp1,0,1,1,0.111667238,0.113307357,0.111667238,0.113307357,0.00164011866,43,raw-and-scaled,6,1,fp6_e1m4,fp6_e2m3,4,3,4,54,43,exp2,7,32,8,8,0.111667238,0.113307357,-25,0x3de80db0,0.113307357,0x3f800000,1,0x3ddbee80,0.107388496,0x3ddbee80,0.107388496,000001,0,1,0001,000011,0,3,011,0x3d37dd00,0.0448884964,0x3c5f7400,0.0136384964,0xbf800000,-1
l2,0.0625,0,min-error,metric_min,exp1,0,1,1,0.111667238,0.113307357,0.111667238,0.113307357,0.00164011866,44,raw-and-scaled,6,1,fp6_e1m4,fp6_e2m3,4,3,4,54,44,exp2,7,32,8,8,0.111667238,0.113307357,-25,0x3de80db0,0.113307357,0x3f800000,1,0xba9873c0,-0.00116311759,0xba9873c0,-0.00116311759,100000,0,0,0000,100000,0,0,000,0xba9873c0,-0.00116311759,0xba9873c0,-0.00116311759,0x00000000,0
l2,0.0625,0,min-error,metric_min,exp1,0,1,1,0.111667238,0.113307357,0.111667238,0.113307357,0.00164011866,45,raw-and-scaled,6,1,fp6_e1m4,fp6_e2m3,4,3,4,54,45,exp2,7,32,8,8,0.111667238,0.113307357,-25,0x3de80db0,0.113307357,0x3f800000,1,0xbafd247a,-0.0019313239,0xbafd247a,-0.0019313239,100000,0,0,0000,100000,0,0,000,0xbafd247a,-0.0019313239,0xbafd247a,-0.0019313239,0x00000000,0
l2,0.0625,0,min-error,metric_min,exp1,0,1,1,0.111667238,0.113307357,0.111667238,0.113307357,0.00164011866,46,raw-and-scaled,6,1,fp6_e1m4,fp6_e2m3,4,3,4,54,46,exp2,7,32,8,8,0.111667238,0.113307357,-25,0x3de80db0,0.113307357,0x3f800000,1,0x3bceeaae,0.00631459709,0x3bceeaae,0.00631459709,000000,0,0,0000,000000,0,0,000,0x3bceeaae,0.00631459709,0x3bceeaae,0.00631459709,0x00000000,0
l2,0.0625,0,min-error,metric_min,exp1,0,1,1,0.111667238,0.113307357,0.111667238,0.113307357,0.00164011866,47,raw-and-scaled,6,1,fp6_e1m4,fp6_e2m3,4,3,4,54,47,exp2,7,32,8,8,0.111667238,0.113307357,-25,0x3de80db0,0.113307357,0x3f800000,1,0xbd48767c,-0.0489411205,0xbd48767c,-0.0489411205,100000,0,0,0000,100001,0,1,001,0xbd48767c,-0.0489411205,0xbc90ecf8,-0.0176911205,0xbf800000,-1
l2,0.0625,0,min-error,metric_min,exp1,0,1,1,0.111667238,0.113307357,0.111667238,0.113307357,0.00164011866,48,raw-and-scaled,6,1,fp6_e1m4,fp6_e2m3,4,3,4,54,48,exp2,7,32,8,8,0.111667238,0.113307357,-25,0x3de80db0,0.113307357,0x3f800000,1,0xbad33034,-0.00161123881,0xbad33034,-0.00161123881,100000,0,0,0000,100000,0,0,000,0xbad33034,-0.00161123881,0xbad33034,-0.00161123881,0x00000000,0
l2,0.0625,0,min-error,metric_min,exp1,0,1,1,0.111667238,0.113307357,0.111667238,0.113307357,0.00164011866,49,raw-and-scaled,6,1,fp6_e1m4,fp6_e2m3,4,3,4,54,49,exp2,7,32,8,8,0.111667238,0.113307357,-25,0x3de80db0,0.113307357,0x3f800000,1,0x3dcf215a,0.101137832,0x3dcf215a,0.101137832,000001,0,1,0001,000011,0,3,011,0x3d1e42b4,0.0386378318,0x3bf215a0,0.00738783181,0xbf800000,-1
l2,0.0625,0,min-error,metric_min,exp1,0,1,1,0.111667238,0.113307357,0.111667238,0.113307357,0.00164011866,50,raw-and-scaled,6,1,fp6_e1m4,fp6_e2m3,4,3,4,54,50,exp2,7,32,8,8,0.111667238,0.113307357,-25,0x3de80db0,0.113307357,0x3f800000,1,0xbf26eb4d,-0.652027905,0xbf26eb4d,-0.652027905,101010,0,10,1010,110010,2,2,010,0xbcdd69a0,-0.027027905,0xbcdd69a0,-0.027027905,0x00000000,0
l2,0.0625,0,min-error,metric_min,exp1,0,1,1,0.111667238,0.113307357,0.111667238,0.113307357,0.00164011866,51,raw-and-scaled,6,1,fp6_e1m4,fp6_e2m3,4,3,4,54,51,exp2,7,32,8,8,0.111667238,0.113307357,-25,0x3de80db0,0.113307357,0x3f800000,1,0x3fcf4a8f,1.61946285,0x3fcf4a8f,1.61946285,011001,1,9,1001,011100,3,4,100,0x3d6951e0,0.0569628477,0x3df4a8f0,0.119462848,0x3f800000,1
l2,0.0625,0,min-error,metric_min,exp1,0,1,1,0.111667238,0.113307357,0.111667238,0.113307357,0.00164011866,52,raw-and-scaled,6,1,fp6_e1m4,fp6_e2m3,4,3,4,54,52,exp2,7,32,8,8,0.111667238,0.113307357,-25,0x3de80db0,0.113307357,0x3f800000,1,0xba9a9654,-0.00117940689,0xba9a9654,-0.00117940689,100000,0,0,0000,100000,0,0,000,0xba9a9654,-0.00117940689,0xba9a9654,-0.00117940689,0x00000000,0
l2,0.0625,0,min-error,metric_min,exp1,0,1,1,0.111667238,0.113307357,0.111667238,0.113307357,0.00164011866,53,raw-and-scaled,6,1,fp6_e1m4,fp6_e2m3,4,3,4,54,53,exp2,7,32,8,8,0.111667238,0.113307357,-25,0x3de80db0,0.113307357,0x3f800000,1,0x3fdf06d2,1.74239564,0x3fdf06d2,1.74239564,011011,1,11,1011,011101,3,5,101,0x3d60da40,0.0548956394,0x3df06d20,0.117395639,0x3f800000,1
l2,0.0625,0,min-error,metric_min,exp1,0,1,1,0.111667238,0.113307357,0.111667238,0.113307357,0.00164011866,54,raw-and-scaled,6,1,fp6_e1m4,fp6_e2m3,4,3,4,54,54,exp2,7,32,8,8,0.111667238,0.113307357,-25,0x3de80db0,0.113307357,0x3f800000,1,0xbb7d5a17,-0.00386584341,0xbb7d5a17,-0.00386584341,100000,0,0,0000,100000,0,0,000,0xbb7d5a17,-0.00386584341,0xbb7d5a17,-0.00386584341,0x00000000,0
l2,0.0625,0,min-error,metric_min,exp1,0,1,1,0.111667238,0.113307357,0.111667238,0.113307357,0.00164011866,55,raw-and-scaled,6,1,fp6_e1m4,fp6_e2m3,4,3,4,54,55,exp2,7,32,8,8,0.111667238,0.113307357,-25,0x3de80db0,0.113307357,0x3f800000,1,0x3cfdda15,0.0309877787,0x3cfdda15,0.0309877787,000000,0,0,0000,000000,0,0,000,0x3cfdda15,0.0309877787,0x3cfdda15,0.0309877787,0x00000000,0
l2,0.0625,0,min-error,metric_min,exp1,0,1,1,0.111667238,0.113307357,0.111667238,0.113307357,0.00164011866,56,raw-and-scaled,6,1,fp6_e1m4,fp6_e2m3,4,3,4,54,56,exp2,7,32,8,8,0.111667238,0.113307357,-25,0x3de80db0,0.113307357,0x3f800000,1,0x3f3306a0,0.699319839,0x3f3306a0,0.699319839,001011,0,11,1011,010011,2,3,011,0x3c41a800,0.0118198395,0x3c41a800,0.0118198395,0x00000000,0
l2,0.0625,0,min-error,metric_min,exp1,0,1,1,0.111667238,0.113307357,0.111667238,0.113307357,0.00164011866,57,raw-and-scaled,6,1,fp6_e1m4,fp6_e2m3,4,3,4,54,57,exp2,7,32,8,8,0.111667238,0.113307357,-25,0x3de80db0,0.113307357,0x3f800000,1,0xbb337998,-0.00273857079,0xbb337998,-0.00273857079,100000,0,0,0000,100000,0,0,000,0xbb337998,-0.00273857079,0xbb337998,-0.00273857079,0x00000000,0
l2,0.0625,0,min-error,metric_min,exp1,0,1,1,0.111667238,0.113307357,0.111667238,0.113307357,0.00164011866,58,raw-and-scaled,6,1,fp6_e1m4,fp6_e2m3,4,3,4,54,58,exp2,7,32,8,8,0.111667238,0.113307357,-25,0x3de80db0,0.113307357,0x3f800000,1,0x3f78846e,0.970770717,0x3f78846e,0.970770717,001111,0,15,1111,010111,2,7,111,0x3d0846e0,0.0332707167,0x3d0846e0,0.0332707167,0x00000000,0
l2,0.0625,0,min-error,metric_min,exp1,0,1,1,0.111667238,0.113307357,0.111667238,0.113307357,0.00164011866,59,raw-and-scaled,6,1,fp6_e1m4,fp6_e2m3,4,3,4,54,59,exp2,7,32,8,8,0.111667238,0.113307357,-25,0x3de80db0,0.113307357,0x3f800000,1,0xbe164b00,-0.146770477,0xbe164b00,-0.146770477,100010,0,2,0010,100100,0,4,100,0xbcb25800,-0.0217704773,0xbcb25800,-0.0217704773,0x80000000,-0
l2,0.0625,0,min-error,metric_min,exp1,0,1,1,0.111667238,0.113307357,0.111667238,0.113307357,0.00164011866,60,raw-and-scaled,6,1,fp6_e1m4,fp6_e2m3,4,3,4,54,60,exp2,7,32,8,8,0.111667238,0.113307357,-25,0x3de80db0,0.113307357,0x3f800000,1,0xbdd34764,-0.103163511,0xbdd34764,-0.103163511,100001,0,1,0001,100011,0,3,011,0xbd268ec8,-0.0406635106,0xbc1a3b20,-0.00941351056,0xbf800000,-1
l2,0.0625,0,min-error,metric_min,exp1,0,1,1,0.111667238,0.113307357,0.111667238,0.113307357,0.00164011866,61,raw-and-scaled,6,1,fp6_e1m4,fp6_e2m3,4,3,4,54,61,exp2,7,32,8,8,0.111667238,0.113307357,-25,0x3de80db0,0.113307357,0x3f800000,1,0x3b4e36dc,0.00314658042,0x3b4e36dc,0.00314658042,000000,0,0,0000,000000,0,0,000,0x3b4e36dc,0.00314658042,0x3b4e36dc,0.00314658042,0x00000000,0
l2,0.0625,0,min-error,metric_min,exp1,0,1,1,0.111667238,0.113307357,0.111667238,0.113307357,0.00164011866,62,raw-and-scaled,6,1,fp6_e1m4,fp6_e2m3,4,3,4,54,62,exp2,7,32,8,8,0.111667238,0.113307357,-25,0x3de80db0,0.113307357,0x3f800000,1,0x3cf99c48,0.0304700285,0x3cf99c48,0.0304700285,000000,0,0,0000,000000,0,0,000,0x3cf99c48,0.0304700285,0x3cf99c48,0.0304700285,0x00000000,0
l2,0.0625,0,min-error,metric_min,exp1,0,1,1,0.111667238,0.113307357,0.111667238,0.113307357,0.00164011866,63,raw-and-scaled,6,1,fp6_e1m4,fp6_e2m3,4,3,4,54,63,exp2,7,32,8,8,0.111667238,0.113307357,-25,0x3de80db0,0.113307357,0x3f800000,1,0xbaa731bc,-0.00127559109,0xbaa731bc,-0.00127559109,100000,0,0,0000,100000,0,0,000,0xbaa731bc,-0.00127559109,0xbaa731bc,-0.00127559109,0x00000000,0
l2,0.0625,0,min-error,metric_min,exp1,0,1,1,0.111667238,0.113307357,0.111667238,0.113307357,0.00164011866,64,raw-and-scaled,6,1,fp6_e1m4,fp6_e2m3,4,3,4,54,64,exp2,7,32,8,8,0.111667238,0.113307357,-25,0x3de80db0,0.113307357,0x3f800000,1,0x3bf35e0e,0.00742698368,0x3bf35e0e,0.00742698368,000000,0,0,0000,000000,0,0,000,0x3bf35e0e,0.00742698368,0x3bf35e0e,0.00742698368,0x00000000,0
l2,0.0625,0,min-error,metric_min,exp1,0,1,1,0.111667238,0.113307357,0.111667238,0.113307357,0.00164011866,65,raw-and-scaled,6,1,fp6_e1m4,fp6_e2m3,4,3,4,54,65,exp2,7,32,8,8,0.111667238,0.113307357,-25,0x3de80db0,0.113307357,0x3f800000,1,0xbeb8abaa,-0.360684693,0xbeb8abaa,-0.360684693,100101,0,5,0101,101011,1,3,011,0xbd455d50,-0.0481846929,0xbc8abaa0,-0.0169346929,0xbf800000,-1
l2,0.0625,0,min-error,metric_min,exp1,0,1,1,0.111667238,0.113307357,0.111667238,0.113307357,0.00164011866,66,raw-and-scaled,6,1,fp6_e1m4,fp6_e2m3,4,3,4,54,66,exp2,7,32,8,8,0.111667238,0.113307357,-25,0x3de80db0,0.113307357,0x3f800000,1,0x3d7e0ba8,0.062022835,0x3d7e0ba8,0.062022835,000000,0,0,0000,000001,0,1,001,0x3d7e0ba8,0.062022835,0x3cfc1750,0.030772835,0xbf800000,-1
l2,0.0625,0,min-error,metric_min,exp1,0,1,1,0.111667238,0.113307357,0.111667238,0.113307357,0.00164011866,67,raw-and-scaled,6,1,fp6_e1m4,fp6_e2m3,4,3,4,54,67,exp2,7,32,8,8,0.111667238,0.113307357,-25,0x3de80db0,0.113307357,0x3f800000,1,0x3e80118a,0.250133812,0x3e80118a,0.250133812,000100,0,4,0100,001000,1,0,000,0x390c5000,0.000133812428,0x390c5000,0.000133812428,0x80000000,-0
l2,0.0625,0,min-error,metric_min,exp1,0,1,1,0.111667238,0.113307357,0.111667238,0.113307357,0.00164011866,68,raw-and-scaled,6,1,fp6_e1m4,fp6_e2m3,4,3,4,54,68,exp2,7,32,8,8,0.111667238,0.113307357,-25,0x3de80db0,0.113307357,0x3f800000,1,0xbd1b2914,-0.037880972,0xbd1b2914,-0.037880972,100000,0,0,0000,100001,0,1,001,0xbd1b2914,-0.037880972,0xbbd948a0,-0.00663097203,0xbf800000,-1
l2,0.0625,0,min-error,metric_min,exp1,0,1,1,0.111667238,0.113307357,0.111667238,0.113307357,0.00164011866,69,raw-and-scaled,6,1,fp6_e1m4,fp6_e2m3,4,3,4,54,69,exp2,7,32,8,8,0.111667238,0.113307357,-25,0x3de80db0,0.113307357,0x3f800000,1,0xbbb269a6,-0.00544472318,0xbbb269a6,-0.00544472318,100000,0,0,0000,100000,0,0,000,0xbbb269a6,-0.00544472318,0xbbb269a6,-0.00544472318,0x00000000,0
l2,0.0625,0,min-error,metric_min,exp1,0,1,1,0.111667238,0.113307357,0.111667238,0.113307357,0.00164011866,70,raw-and-scaled,6,1,fp6_e1m4,fp6_e2m3,4,3,4,54,70,exp2,7,32,8,8,0.111667238,0.113307357,-25,0x3de80db0,0.113307357,0x3f800000,1,0x3b80d149,0.00393119873,0x3b80d149,0.00393119873,000000,0,0,0000,000000,0,0,000,0x3b80d149,0.00393119873,0x3b80d149,0.00393119873,0x00000000,0
l2,0.0625,0,min-error,metric_min,exp1,0,1,1,0.111667238,0.113307357,0.111667238,0.113307357,0.00164011866,71,raw-and-scaled,6,1,fp6_e1m4,fp6_e2m3,4,3,4,54,71,exp2,7,32,8,8,0.111667238,0.113307357,-25,0x3de80db0,0.113307357,0x3f800000,1,0x3bba2fac,0.00568195246,0x3bba2fac,0.00568195246,000000,0,0,0000,000000,0,0,000,0x3bba2fac,0.00568195246,0x3bba2fac,0.00568195246,0x00000000,0
l2,0.0625,0,min-error,metric_min,exp1,0,1,1,0.111667238,0.113307357,0.111667238,0.113307357,0.00164011866,72,raw-and-scaled,6,1,fp6_e1m4,fp6_e2m3,4,3,4,54,72,exp2,7,32,8,8,0.111667238,0.113307357,-25,0x3de80db0,0.113307357,0x3f800000,1,0x3e0d2f58,0.137875915,0x3e0d2f58,0.137875915,000010,0,2,0010,000100,0,4,100,0x3c52f580,0.0128759146,0x3c52f580,0.0128759146,0x80000000,-0
l2,0.0625,0,min-error,metric_min,exp1,0,1,1,0.111667238,0.113307357,0.111667238,0.113307357,0.00164011866,73,raw-and-scaled,6,1,fp6_e1m4,fp6_e2m3,4,3,4,54,73,exp2,7,32,8,8,0.111667238,0.113307357,-25,0x3de80db0,0.113307357,0x3f800000,1,0x3ee7ff9d,0.45312205,0x3ee7ff9d,0.45312205,000111,0,7,0111,001110,1,6,110,0x3c7ff3a0,0.0156220496,0x3c7ff3a0,0.0156220496,0x80000000,-0
l2,0.0625,0,min-error,metric_min,exp1,0,1,1,0.111667238,0.113307357,0.111667238,0.113307357,0.00164011866,74,raw-and-scaled,6,1,fp6_e1m4,fp6_e2m3,4,3,4,54,74,exp2,7,32,8,8,0.111667238,0.113307357,-25,0x3de80db0,0.113307357,0x3f800000,1,0xbc765da2,-0.0150369722,0xbc765da2,-0.0150369722,100000,0,0,0000,100000,0,0,000,0xbc765da2,-0.0150369722,0xbc765da2,-0.0150369722,0x00000000,0
l2,0.0625,0,min-error,metric_min,exp1,0,1,1,0.111667238,0.113307357,0.111667238,0.113307357,0.00164011866,75,raw-and-scaled,6,1,fp6_e1m4,fp6_e2m3,4,3,4,54,75,exp2,7,32,8,8,0.111667238,0.113307357,-25,0x3de80db0,0.113307357,0x3f800000,1,0x3ebba1fd,0.366470248,0x3ebba1fd,0.366470248,000101,0,5,0101,001011,1,3,011,0x3d5d0fe8,0.0539702475,0x3cba1fd0,0.0227202475,0xbf800000,-1
l2,0.0625,0,min-error,metric_min,exp1,0,1,1,0.111667238,0.113307357,0.111667238,0.113307357,0.00164011866,76,raw-and-scaled,6,1,fp6_e1m4,fp6_e2m3,4,3,4,54,76,exp2,7,32,8,8,0.111667238,0.113307357,-25,0x3de80db0,0.113307357,0x3f800000,1,0x3de563d0,0.112006783,0x3de563d0,0.112006783,000001,0,1,0001,000011,0,3,011,0x3d4ac7a0,0.0495067835,0x3c958f40,0.0182567835,0xbf800000,-1
l2,0.0625,0,min-error,metric_min,exp1,0,1,1,0.111667238,0.113307357,0.111667238,0.113307357,0.00164011866,77,raw-and-scaled,6,1,fp6_e1m4,fp6_e2m3,4,3,4,54,77,exp2,7,32,8,8,0.111667238,0.113307357,-25,0x3de80db0,0.113307357,0x3f800000,1,0xbfdfb253,-1.74762952,0xbfdfb253,-1.74762952,111011,1,11,1011,111101,3,5,101,0xbd764a60,-0.0601295233,0xbdfb2530,-0.122629523,0x3f800000,1
l2,0.0625,0,min-error,metric_min,exp1,0,1,1,0.111667238,0.113307357,0.111667238,0.113307357,0.00164011866,78,raw-and-scaled,6,1,fp6_e1m4,fp6_e2m3,4,3,4,54,78,exp2,7,32,8,8,0.111667238,0.113307357,-25,0x3de80db0,0.113307357,0x3f800000,1,0x3b59773d,0.00331826438,0x3b59773d,0.00331826438,000000,0,0,0000,000000,0,0,000,0x3b59773d,0.00331826438,0x3b59773d,0.00331826438,0x00000000,0
l2,0.0625,0,min-error,metric_min,exp1,0,1,1,0.111667238,0.113307357,0.111667238,0.113307357,0.00164011866,79,raw-and-scaled,6,1,fp6_e1m4,fp6_e2m3,4,3,4,54,79,exp2,7,32,8,8,0.111667238,0.113307357,-25,0x3de80db0,0.113307357,0x3f800000,1,0xbac80724,-0.00152609171,0xbac80724,-0.00152609171,100000,0,0,0000,100000,0,0,000,0xbac80724,-0.00152609171,0xbac80724,-0.00152609171,0x00000000,0
l2,0.0625,0,min-error,metric_min,exp1,0,1,1,0.111667238,0.113307357,0.111667238,0.113307357,0.00164011866,80,raw-and-scaled,6,1,fp6_e1m4,fp6_e2m3,4,3,4,54,80,exp2,7,32,8,8,0.111667238,0.113307357,-25,0x3de80db0,0.113307357,0x3f800000,1,0x3e162977,0.146642551,0x3e162977,0.146642551,000010,0,2,0010,000100,0,4,100,0x3cb14bb8,0.0216425508,0x3cb14bb8,0.0216425508,0x80000000,-0
l2,0.0625,0,min-error,metric_min,exp1,0,1,1,0.111667238,0.113307357,0.111667238,0.113307357,0.00164011866,81,raw-and-scaled,6,1,fp6_e1m4,fp6_e2m3,4,3,4,54,81,exp2,7,32,8,8,0.111667238,0.113307357,-25,0x3de80db0,0.113307357,0x3f800000,1,0xbb87247c,-0.00412422232,0xbb87247c,-0.00412422232,100000,0,0,0000,100000,0,0,000,0xbb87247c,-0.00412422232,0xbb87247c,-0.00412422232,0x00000000,0
l2,0.0625,0,min-error,metric_min,exp1,0,1,1,0.111667238,0.113307357,0.111667238,0.113307357,0.00164011866,82,raw-and-scaled,6,1,fp6_e1m4,fp6_e2m3,4,3,4,54,82,exp2,7,32,8,8,0.111667238,0.113307357,-25,0x3de80db0,0.113307357,0x3f800000,1,0xbfd9a183,-1.70024145,0xbfd9a183,-1.70024145,111011,1,11,1011,111101,3,5,101,0xbc50c180,-0.0127414465,0xbd9a1830,-0.0752414465,0x3f800000,1
l2,0.0625,0,min-error,metric_min,exp1,0,1,1,0.111667238,0.113307357,0.111667238,0.113307357,0.00164011866,83,raw-and-scaled,6,1,fp6_e1m4,fp6_e2m3,4,3,4,54,83,exp2,7,32,8,8,0.111667238,0.113307357,-25,0x3de80db0,0.113307357,0x3f800000,1,0xbe94a57e,-0.290325105,0xbe94a57e,-0.290325105,100100,0,4,0100,101001,1,1,001,0xbd252bf0,-0.0403251052,0xbc14afc0,-0.00907510519,0xbf800000,-1
l2,0.0625,0,min-error,metric_min,exp1,0,1,1,0.111667238,0.113307357,0.111667238,0.113307357,0.00164011866,84,raw-and-scaled,6,1,fp6_e1m4,fp6_e2m3,4,3,4,54,84,exp2,7,32,8,8,0.111667238,0.113307357,-25,0x3de80db0,0.113307357,0x3f800000,1,0x3df152b2,0.11783351,0x3df152b2,0.11783351,000001,0,1,0001,000011,0,3,011,0x3d62a564,0.05533351,0x3cc54ac8,0.02408351,0xbf800000,-1
l2,0.0625,0,min-error,metric_min,exp1,0,1,1,0.111667238,0.113307357,0.111667238,0.113307357,0.00164011866,85,raw-and-scaled,6,1,fp6_e1m4,fp6_e2m3,4,3,4,54,85,exp2,7,32,8,8,0.111667238,0.113307357,-25,0x3de80db0,0.113307357,0x3f800000,1,0x3ccd4637,0.0250578951,0x3ccd4637,0.0250578951,000000,0,0,0000,000000,0,0,000,0x3ccd4637,0.0250578951,0x3ccd4637,0.0250578951,0x00000000,0
l2,0.0625,0,min-error,metric_min,exp1,0,1,1,0.111667238,0.113307357,0.111667238,0.113307357,0.00164011866,86,raw-and-scaled,6,1,fp6_e1m4,fp6_e2m3,4,3,4,54,86,exp2,7,32,8,8,0.111667238,0.113307357,-25,0x3de80db0,0.113307357,0x3f800000,1,0xbf1f995a,-0.623433709,0xbf1f995a,-0.623433709,101001,0,9,1001,110001,2,1,001,0xbd7995a0,-0.0609337091,0xbd7995a0,-0.0609337091,0x00000000,0
l2,0.0625,0,min-error,metric_min,exp1,0,1,1,0.111667238,0.113307357,0.111667238,0.113307357,0.00164011866,87,raw-and-scaled,6,1,fp6_e1m4,fp6_e2m3,4,3,4,54,87,exp2,7,32,8,8,0.111667238,0.113307357,-25,0x3de80db0,0.113307357,0x3f800000,1,0xbba50f5e,-0.0050372323,0xbba50f5e,-0.0050372323,100000,0,0,0000,100000,0,0,000,0xbba50f5e,-0.0050372323,0xbba50f5e,-0.0050372323,0x00000000,0
l2,0.0625,0,min-error,metric_min,exp1,0,1,1,0.111667238,0.113307357,0.111667238,0.113307357,0.00164011866,88,raw-and-scaled,6,1,fp6_e1m4,fp6_e2m3,4,3,4,54,88,exp2,7,32,8,8,0.111667238,0.113307357,-25,0x3de80db0,0.113307357,0x3f800000,1,0x3ccf9d9a,0.025343705,0x3ccf9d9a,0.025343705,000000,0,0,0000,000000,0,0,000,0x3ccf9d9a,0.025343705,0x3ccf9d9a,0.025343705,0x00000000,0
l2,0.0625,0,min-error,metric_min,exp1,0,1,1,0.111667238,0.113307357,0.111667238,0.113307357,0.00164011866,89,raw-and-scaled,6,1,fp6_e1m4,fp6_e2m3,4,3,4,54,89,exp2,7,32,8,8,0.111667238,0.113307357,-25,0x3de80db0,0.113307357,0x3f800000,1,0xbcbd9967,-0.023144437,0xbcbd9967,-0.023144437,100000,0,0,0000,100000,0,0,000,0xbcbd9967,-0.023144437,0xbcbd9967,-0.023144437,0x00000000,0
l2,0.0625,0,min-error,metric_min,exp1,0,1,1,0.111667238,0.113307357,0.111667238,0.113307357,0.00164011866,90,raw-and-scaled,6,1,fp6_e1m4,fp6_e2m3,4,3,4,54,90,exp2,7,32,8,8,0.111667238,0.113307357,-25,0x3de80db0,0.113307357,0x3f800000,1,0xbe780874,-0.242219746,0xbe780874,-0.242219746,100011,0,3,0011,100111,0,7,111,0xbd6021d0,-0.0547197461,0xbcc043a0,-0.0234697461,0xbf800000,-1
l2,0.0625,0,min-error,metric_min,exp1,0,1,1,0.111667238,0.113307357,0.111667238,0.113307357,0.00164011866,91,raw-and-scaled,6,1,fp6_e1m4,fp6_e2m3,4,3,4,54,91,exp2,7,32,8,8,0.111667238,0.113307357,-25,0x3de80db0,0.113307357,0x3f800000,1,0xbf27ac0c,-0.654968977,0xbf27ac0c,-0.654968977,101010,0,10,1010,110010,2,2,010,0xbcf58180,-0.029968977,0xbcf58180,-0.029968977,0x00000000,0
l2,0.0625,0,min-error,metric_min,exp1,0,1,1,0.111667238,0.113307357,0.111667238,0.113307357,0.00164011866,92,raw-and-scaled,6,1,fp6_e1m4,fp6_e2m3,4,3,4,54,92,exp2,7,32,8,8,0.111667238,0.113307357,-25,0x3de80db0,0.113307357,0x3f800000,1,0xbb9a460c,-0.00470805727,0xbb9a460c,-0.00470805727,100000,0,0,0000,100000,0,0,000,0xbb9a460c,-0.00470805727,0xbb9a460c,-0.00470805727,0x00000000,0
l2,0.0625,0,min-error,metric_min,exp1,0,1,1,0.111667238,0.113307357,0.111667238,0.113307357,0.00164011866,93,raw-and-scaled,6,1,fp6_e1m4,fp6_e2m3,4,3,4,54,93,exp2,7,32,8,8,0.111667238,0.113307357,-25,0x3de80db0,0.113307357,0x3f800000,1,0xbd0582be,-0.0325953886,0xbd0582be,-0.0325953886,100000,0,0,0000,100001,0,1,001,0xbd0582be,-0.0325953886,0xbab057c0,-0.00134538859,0xbf800000,-1
l2,0.0625,0,min-error,metric_min,exp1,0,1,1,0.111667238,0.113307357,0.111667238,0.113307357,0.00164011866,94,raw-and-scaled,6,1,fp6_e1m4,fp6_e2m3,4,3,4,54,94,exp2,7,32,8,8,0.111667238,0.113307357,-25,0x3de80db0,0.113307357,0x3f800000,1,0xbe4bf76c,-0.199186027,0xbe4bf76c,-0.199186027,100011,0,3,0011,100110,0,6,110,0xbc3f76c0,-0.0116860271,0xbc3f76c0,-0.0116860271,0x80000000,-0
l2,0.0625,0,min-error,metric_min,exp1,0,1,1,0.111667238,0.113307357,0.111667238,0.113307357,0.00164011866,95,raw-and-scaled,6,1,fp6_e1m4,fp6_e2m3,4,3,4,54,95,exp2,7,32,8,8,0.111667238,0.113307357,-25,0x3de80db0,0.113307357,0x3f800000,1,0x3e9049f6,0.281814277,0x3e9049f6,0.281814277,000100,0,4,0100,001001,1,1,001,0x3d024fb0,0.0318142772,0x3a13ec00,0.000564277172,0xbf800000,-1
l2,0.0625,0,min-error,metric_min,exp1,0,1,1,0.111667238,0.113307357,0.111667238,0.113307357,0.00164011866,96,raw-and-scaled,6,1,fp6_e1m4,fp6_e2m3,4,3,4,54,96,exp2,7,32,8,8,0.111667238,0.113307357,-25,0x3de80db0,0.113307357,0x3f800000,1,0x3db982ac,0.0905812681,0x3db982ac,0.0905812681,000001,0,1,0001,000010,0,2,010,0x3ce60ab0,0.0280812681,0x3ce60ab0,0.0280812681,0x80000000,-0
l2,0.0625,0,min-error,metric_min,exp1,0,1,1,0.111667238,0.113307357,0.111667238,0.113307357,0.00164011866,97,raw-and-scaled,6,1,fp6_e1m4,fp6_e2m3,4,3,4,54,97,exp2,7,32,8,8,0.111667238,0.113307357,-25,0x3de80db0,0.113307357,0x3f800000,1,0x3cfeeabc,0.0311177894,0x3cfeeabc,0.0311177894,000000,0,0,0000,000000,0,0,000,0x3cfeeabc,0.0311177894,0x3cfeeabc,0.0311177894,0x00000000,0
l2,0.0625,0,min-error,metric_min,exp1,0,1,1,0.111667238,0.113307357,0.111667238,0.113307357,0.00164011866,98,raw-and-scaled,6,1,fp6_e1m4,fp6_e2m3,4,3,4,54,98,exp2,7,32,8,8,0.111667238,0.113307357,-25,0x3de80db0,0.113307357,0x3f800000,1,0xbfa3cd04,-1.27969408,0xbfa3cd04,-1.27969408,110100,1,4,0100,111010,3,2,010,0xbcf34100,-0.0296940804,0xbcf34100,-0.0296940804,0x00000000,0
l2,0.0625,0,min-error,metric_min,exp1,0,1,1,0.111667238,0.113307357,0.111667238,0.113307357,0.00164011866,99,raw-and-scaled,6,1,fp6_e1m4,fp6_e2m3,4,3,4,54,99,exp2,7,32,8,8,0.111667238,0.113307357,-25,0x3de80db0,0.113307357,0x3f800000,1,0xbc78a408,-0.0151758268,0xbc78a408,-0.0151758268,100000,0,0,0000,100000,0,0,000,0xbc78a408,-0.0151758268,0xbc78a408,-0.0151758268,0x00000000,0
l2,0.0625,0,min-error,metric_min,exp1,0,1,1,0.111667238,0.113307357,0.111667238,0.113307357,0.00164011866,100,raw-and-scaled,6,1,fp6_e1m4,fp6_e2m3,4,3,4,54,100,exp2,7,32,8,8,0.111667238,0.113307357,-25,0x3de80db0,0.113307357,0x3f800000,1,0xbc66f47a,-0.0140963737,0xbc66f47a,-0.0140963737,100000,0,0,0000,100000,0,0,000,0xbc66f47a,-0.0140963737,0xbc66f47a,-0.0140963737,0x00000000,0
l2,0.0625,0,min-error,metric_min,exp1,0,1,1,0.111667238,0.113307357,0.111667238,0.113307357,0.00164011866,101,raw-and-scaled,6,1,fp6_e1m4,fp6_e2m3,4,3,4,54,101,exp2,7,32,8,8,0.111667238,0.113307357,-25,0x3de80db0,0.113307357,0x3f800000,1,0xbb98c566,-0.0046622036,0xbb98c566,-0.0046622036,100000,0,0,0000,100000,0,0,000,0xbb98c566,-0.0046622036,0xbb98c566,-0.0046622036,0x00000000,0
l2,0.0625,0,min-error,metric_min,exp1,0,1,1,0.111667238,0.113307357,0.111667238,0.113307357,0.00164011866,102,raw-and-scaled,6,1,fp6_e1m4,fp6_e2m3,4,3,4,54,102,exp2,7,32,8,8,0.111667238,0.113307357,-25,0x3de80db0,0.113307357,0x3f800000,1,0x3c61e580,0.0137876272,0x3c61e580,0.0137876272,000000,0,0,0000,000000,0,0,000,0x3c61e580,0.0137876272,0x3c61e580,0.0137876272,0x00000000,0
l2,0.0625,0,min-error,metric_min,exp1,0,1,1,0.111667238,0.113307357,0.111667238,0.113307357,0.00164011866,103,raw-and-scaled,6,1,fp6_e1m4,fp6_e2m3,4,3,4,54,103,exp2,7,32,8,8,0.111667238,0.113307357,-25,0x3de80db0,0.113307357,0x3f800000,1,0xbf26af38,-0.651111126,0xbf26af38,-0.651111126,101010,0,10,1010,110010,2,2,010,0xbcd5e700,-0.0261111259,0xbcd5e700,-0.0261111259,0x00000000,0
l2,0.0625,0,min-error,metric_min,exp1,0,1,1,0.111667238,0.113307357,0.111667238,0.113307357,0.00164011866,104,raw-and-scaled,6,1,fp6_e1m4,fp6_e2m3,4,3,4,54,104,exp2,7,32,8,8,0.111667238,0.113307357,-25,0x3de80db0,0.113307357,0x3f800000,1,0xbfe28166,-1.76957393,0xbfe28166,-1.76957393,111100,1,12,1100,111110,3,6,110,0xbca05980,-0.0195739269,0xbca05980,-0.0195739269,0x00000000,0
l2,0.0625,0,min-error,metric_min,exp1,0,1,1,0.111667238,0.113307357,0.111667238,0.113307357,0.00164011866,105,raw-and-scaled,6,1,fp6_e1m4,fp6_e2m3,4,3,4,54,105,exp2,7,32,8,8,0.111667238,0.113307357,-25,0x3de80db0,0.113307357,0x3f800000,1,0xbc1a9b0d,-0.00943638105,0xbc1a9b0d,-0.00943638105,100000,0,0,0000,100000,0,0,000,0xbc1a9b0d,-0.00943638105,0xbc1a9b0d,-0.00943638105,0x00000000,0
l2,0.0625,0,min-error,metric_min,exp1,0,1,1,0.111667238,0.113307357,0.111667238,0.113307357,0.00164011866,106,raw-and-scaled,6,1,fp6_e1m4,fp6_e2m3,4,3,4,54,106,exp2,7,32,8,8,0.111667238,0.113307357,-25,0x3de80db0,0.113307357,0x3f800000,1,0xbb50e7e4,-0.00318764988,0xbb50e7e4,-0.00318764988,100000,0,0,0000,100000,0,0,000,0xbb50e7e4,-0.00318764988,0xbb50e7e4,-0.00318764988,0x00000000,0
l2,0.0625,0,min-error,metric_min,exp1,0,1,1,0.111667238,0.113307357,0.111667238,0.113307357,0.00164011866,107,raw-and-scaled,6,1,fp6_e1m4,fp6_e2m3,4,3,4,54,107,exp2,7,32,8,8,0.111667238,0.113307357,-25,0x3de80db0,0.113307357,0x3f800000,1,0x3ae3ff23,0.00173947623,0x3ae3ff23,0.00173947623,000000,0,0,0000,000000,0,0,000,0x3ae3ff23,0.00173947623,0x3ae3ff23,0.00173947623,0x00000000,0
l2,0.0625,0,min-error,metric_min,exp1,0,1,1,0.111667238,0.113307357,0.111667238,0.113307357,0.00164011866,108,raw-and-scaled,6,1,fp6_e1m4,fp6_e2m3,4,3,4,54,108,exp2,7,32,8,8,0.111667238,0.113307357,-25,0x3de80db0,0.113307357,0x3f800000,1,0xbeef0358,-0.466822386,0xbeef0358,-0.466822386,100111,0,7,0111,101110,1,6,110,0xbcf03580,-0.0293223858,0xbcf03580,-0.0293223858,0x80000000,-0
l2,0.0625,0,min-error,metric_min,exp1,0,1,1,0.111667238,0.113307357,0.111667238,0.113307357,0.00164011866,109,raw-and-scaled,6,1,fp6_e1m4,fp6_e2m3,4,3,4,54,109,exp2,7,32,8,8,0.111667238,0.113307357,-25,0x3de80db0,0.113307357,0x3f800000,1,0xbf283264,-0.6570189,0xbf283264,-0.6570189,101010,0,10,1010,110010,2,2,010,0xbd032640,-0.0320188999,0xbd032640,-0.0320188999,0x00000000,0
l2,0.0625,0,min-error,metric_min,exp1,0,1,1,0.111667238,0.113307357,0.111667238,0.113307357,0.00164011866,110,raw-and-scaled,6,1,fp6_e1m4,fp6_e2m3,4,3,4,54,110,exp2,7,32,8,8,0.111667238,0.113307357,-25,0x3de80db0,0.113307357,0x3f800000,1,0xbe65aa7c,-0.224283159,0xbe65aa7c,-0.224283159,100011,0,3,0011,100111,0,7,111,0xbd16a9f0,-0.0367831588,0xbbb54f80,-0.00553315878,0xbf800000,-1
l2,0.0625,0,min-error,metric_min,exp1,0,1,1,0.111667238,0.113307357,0.111667238,0.113307357,0.00164011866,111,raw-and-scaled,6,1,fp6_e1m4,fp6_e2m3,4,3,4,54,111,exp2,7,32,8,8,0.111667238,0.113307357,-25,0x3de80db0,0.113307357,0x3f800000,1,0x3b6dcc3a,0.00362850586,0x3b6dcc3a,0.00362850586,000000,0,0,0000,000000,0,0,000,0x3b6dcc3a,0.00362850586,0x3b6dcc3a,0.00362850586,0x00000000,0
l2,0.0625,0,min-error,metric_min,exp1,0,1,1,0.111667238,0.113307357,0.111667238,0.113307357,0.00164011866,112,raw-and-scaled,6,1,fp6_e1m4,fp6_e2m3,4,3,4,54,112,exp2,7,32,8,8,0.111667238,0.113307357,-25,0x3de80db0,0.113307357,0x3f800000,1,0x3cafe004,0.0214691237,0x3cafe004,0.0214691237,000000,0,0,0000,000000,0,0,000,0x3cafe004,0.0214691237,0x3cafe004,0.0214691237,0x00000000,0
l2,0.0625,0,min-error,metric_min,exp1,0,1,1,0.111667238,0.113307357,0.111667238,0.113307357,0.00164011866,113,raw-and-scaled,6,1,fp6_e1m4,fp6_e2m3,4,3,4,54,113,exp2,7,32,8,8,0.111667238,0.113307357,-25,0x3de80db0,0.113307357,0x3f800000,1,0xbfecb12a,-1.84915662,0xbfecb12a,-1.84915662,111101,1,13,1101,111110,3,6,110,0xbd162540,-0.0366566181,0xbdcb12a0,-0.0991566181,0x3f800000,1
l2,0.0625,0,min-error,metric_min,exp1,0,1,1,0.111667238,0.113307357,0.111667238,0.113307357,0.00164011866,114,raw-and-scaled,6,1,fp6_e1m4,fp6_e2m3,4,3,4,54,114,exp2,7,32,8,8,0.111667238,0.113307357,-25,0x3de80db0,0.113307357,0x3f800000,1,0xbd32680b,-0.0435562544,0xbd32680b,-0.0435562544,100000,0,0,0000,100001,0,1,001,0xbd32680b,-0.0435562544,0xbc49a02c,-0.0123062544,0xbf800000,-1
l2,0.0625,0,min-error,metric_min,exp1,0,1,1,0.111667238,0.113307357,0.111667238,0.113307357,0.00164011866,115,raw-and-scaled,6,1,fp6_e1m4,fp6_e2m3,4,3,4,54,115,exp2,7,32,8,8,0.111667238,0.113307357,-25,0x3de80db0,0.113307357,0x3f800000,1,0xbf9b8be3,-1.2152065,0xbf9b8be3,-1.2152065,110011,1,3,0011,111001,3,1,001,0xbce2f8c0,-0.0277065039,0xbdb8be30,-0.0902065039,0x3f800000,1
l2,0.0625,0,min-error,metric_min,exp1,0,1,1,0.111667238,0.113307357,0.111667238,0.113307357,0.00164011866,116,raw-and-scaled,6,1,fp6_e1m4,fp6_e2m3,4,3,4,54,116,exp2,7,32,8,8,0.111667238,0.113307357,-25,0x3de80db0,0.113307357,0x3f800000,1,0xbd566c78,-0.0523495376,0xbd566c78,-0.0523495376,100000,0,0,0000,100001,0,1,001,0xbd566c78,-0.0523495376,0xbcacd8f0,-0.0210995376,0xbf800000,-1
l2,0.0625,0,min-error,metric_min,exp1,0,1,1,0.111667238,0.113307357,0.111667238,0.113307357,0.00164011866,117,raw-and-scaled,6,1,fp6_e1m4,fp6_e2m3,4,3,4,54,117,exp2,7,32,8,8,0.111667238,0.113307357,-25,0x3de80db0,0.113307357,0x3f800000,1,0xbed1f324,-0.410058141,0xbed1f324,-0.410058141,100110,0,6,0110,101101,1,5,101,0xbd0f9920,-0.0350581408,0xbb799200,-0.00380814075,0xbf800000,-1
l2,0.0625,0,min-error,metric_min,exp1,0,1,1,0.111667238,0.113307357,0.111667238,0.113307357,0.00164011866,118,raw-and-scaled,6,1,fp6_e1m4,fp6_e2m3,4,3,4,54,118,exp2,7,32,8,8,0.111667238,0.113307357,-25,0x3de80db0,0.113307357,0x3f800000,1,0x3d05dc0d,0.0326805599,0x3d05dc0d,0.0326805599,000000,0,0,0000,000001,0,1,001,0x3d05dc0d,0.0326805599,0x3abb81a0,0.0014305599,0xbf800000,-1
l2,0.0625,0,min-error,metric_min,exp1,0,1,1,0.111667238,0.113307357,0.111667238,0.113307357,0.00164011866,119,raw-and-scaled,6,1,fp6_e1m4,fp6_e2m3,4,3,4,54,119,exp2,7,32,8,8,0.111667238,0.113307357,-25,0x3de80db0,0.113307357,0x3f800000,1,0xbea595ec,-0.323409438,0xbea595ec,-0.323409438,100101,0,5,0101,101010,1,2,010,0xbc32bd80,-0.0109094381,0xbc32bd80,-0.0109094381,0x80000000,-0
l2,0.0625,0,min-error,metric_min,exp1,0,1,1,0.111667238,0.113307357,0.111667238,0.113307357,0.00164011866,120,raw-and-scaled,6,1,fp6_e1m4,fp6_e2m3,4,3,4,54,120,exp2,7,32,8,8,0.111667238,0.113307357,-25,0x3de80db0,0.113307357,0x3f800000,1,0x3bb01fae,0.00537487026,0x3bb01fae,0.00537487026,000000,0,0,0000,000000,0,0,000,0x3bb01fae,0.00537487026,0x3bb01fae,0.00537487026,0x00000000,0
l2,0.0625,0,min-error,metric_min,exp1,0,1,1,0.111667238,0.113307357,0.111667238,0.113307357,0.00164011866,121,raw-and-scaled,6,1,fp6_e1m4,fp6_e2m3,4,3,4,54,121,exp2,7,32,8,8,0.111667238,0.113307357,-25,0x3de80db0,0.113307357,0x3f800000,1,0x3f6a1a28,0.914461613,0x3f6a1a28,0.914461613,001110,0,14,1110,010110,2,6,110,0x3d21a280,0.0394616127,0x3d21a280,0.0394616127,0x00000000,0
l2,0.0625,0,min-error,metric_min,exp1,0,1,1,0.111667238,0.113307357,0.111667238,0.113307357,0.00164011866,122,raw-and-scaled,6,1,fp6_e1m4,fp6_e2m3,4,3,4,54,122,exp2,7,32,8,8,0.111667238,0.113307357,-25,0x3de80db0,0.113307357,0x3f800000,1,0x3ebba72a,0.366509736,0x3ebba72a,0.366509736,000101,0,5,0101,001011,1,3,011,0x3d5d3950,0.0540097356,0x3cba72a0,0.0227597356,0xbf800000,-1
l2,0.0625,0,min-error,metric_min,exp1,0,1,1,0.111667238,0.113307357,0.111667238,0.113307357,0.00164011866,123,raw-and-scaled,6,1,fp6_e1m4,fp6_e2m3,4,3,4,54,123,exp2,7,32,8,8,0.111667238,0.113307357,-25,0x3de80db0,0.113307357,0x3f800000,1,0xbd030463,-0.0319866054,0xbd030463,-0.0319866054,100000,0,0,0000,100001,0,1,001,0xbd030463,-0.0319866054,0xba4118c0,-0.000736605376,0xbf800000,-1
l2,0.0625,0,min-error,metric_min,exp1,0,1,1,0.111667238,0.113307357,0.111667238,0.113307357,0.00164011866,124,raw-and-scaled,6,1,fp6_e1m4,fp6_e2m3,4,3,4,54,124,exp2,7,32,8,8,0.111667238,0.113307357,-25,0x3de80db0,0.113307357,0x3f800000,1,0x3bca2715,0.00616920972,0x3bca2715,0.00616920972,000000,0,0,0000,000000,0,0,000,0x3bca2715,0.00616920972,0x3bca2715,0.00616920972,0x00000000,0
l2,0.0625,0,min-error,metric_min,exp1,0,1,1,0.111667238,0.113307357,0.111667238,0.113307357,0.00164011866,125,raw-and-scaled,6,1,fp6_e1m4,fp6_e2m3,4,3,4,54,125,exp2,7,32,8,8,0.111667238,0.113307357,-25,0x3de80db0,0.113307357,0x3f800000,1,0x3fd0f7f4,1.63256693,0x3fd0f7f4,1.63256693,011010,1,10,1010,011101,3,5,101,0x3bf7f400,0.00756692886,0x3bf7f400,0.00756692886,0x00000000,0
l2,0.0625,0,min-error,metric_min,exp1,0,1,1,0.111667238,0.113307357,0.111667238,0.113307357,0.00164011866,126,raw-and-scaled,6,1,fp6_e1m4,fp6_e2m3,4,3,4,54,126,exp2,7,32,8,8,0.111667238,0.113307357,-25,0x3de80db0,0.113307357,0x3f800000,1,0x3f4a8583,0.791099727,0x3f4a8583,0.791099727,001100,0,12,1100,010100,2,4,100,0x3d285830,0.0410997272,0x3d285830,0.0410997272,0x00000000,0
l2,0.0625,0,min-error,metric_min,exp1,0,1,1,0.111667238,0.113307357,0.111667238,0.113307357,0.00164011866,127,raw-and-scaled,6,1,fp6_e1m4,fp6_e2m3,4,3,4,54,127,exp2,7,32,8,8,0.111667238,0.113307357,-25,0x3de80db0,0.113307357,0x3f800000,1,0x3ff3b02e,1.90381408,0x3ff3b02e,1.90381408,011110,1,14,1110,011111,3,7,111,0x3cec0b80,0.0288140774,0x3cec0b80,0.0288140774,0x00000000,0
l2,0.0625,0,min-error,metric_min,exp1,0,1,1,0.0218674652,0.024410706,0.0218674652,0.024410706,0.00254324079,0,raw-and-scaled,6,1,fp6_e1m4,fp6_e2m3,4,3,4,57,0,exp2,1,4,1,1,0.0218674652,0.024410706,-3,0x3cc7f8f6,0.024410706,0x3f800000,1,0x00000000,0,0x00000000,0,000000,0,0,0000,000000,0,0,000,0x00000000,0,0x00000000,0,0x00000000,0
l2,0.0625,0,min-error,metric_min,exp1,0,1,1,0.0218674652,0.024410706,0.0218674652,0.024410706,0.00254324079,1,raw-and-scaled,6,1,fp6_e1m4,fp6_e2m3,4,3,4,57,1,exp2,1,4,1,1,0.0218674652,0.024410706,-3,0x3cc7f8f6,0.024410706,0x3f800000,1,0x00000000,0,0x00000000,0,000000,0,0,0000,000000,0,0,000,0x00000000,0,0x00000000,0,0x00000000,0
l2,0.0625,0,min-error,metric_min,exp1,0,1,1,0.0218674652,0.024410706,0.0218674652,0.024410706,0.00254324079,2,raw-and-scaled,6,1,fp6_e1m4,fp6_e2m3,4,3,4,57,2,exp2,1,4,1,1,0.0218674652,0.024410706,-3,0x3cc7f8f6,0.024410706,0x3f800000,1,0xbbe10cb8,-0.00686797127,0xbbe10cb8,-0.00686797127,100000,0,0,0000,100000,0,0,000,0xbbe10cb8,-0.00686797127,0xbbe10cb8,-0.00686797127,0x00000000,0
l2,0.0625,0,min-error,metric_min,exp1,0,1,1,0.0218674652,0.024410706,0.0218674652,0.024410706,0.00254324079,3,raw-and-scaled,6,1,fp6_e1m4,fp6_e2m3,4,3,4,57,3,exp2,1,4,1,1,0.0218674652,0.024410706,-3,0x3cc7f8f6,0.024410706,0x3f800000,1,0x00000000,0,0x00000000,0,000000,0,0,0000,000000,0,0,000,0x00000000,0,0x00000000,0,0x00000000,0
l2,0.0625,0,min-error,metric_min,exp1,0,1,1,0.0218674652,0.024410706,0.0218674652,0.024410706,0.00254324079,4,raw-and-scaled,6,1,fp6_e1m4,fp6_e2m3,4,3,4,57,4,exp2,1,4,1,1,0.0218674652,0.024410706,-3,0x3cc7f8f6,0.024410706,0x3f800000,1,0x00000000,0,0x00000000,0,000000,0,0,0000,000000,0,0,000,0x00000000,0,0x00000000,0,0x00000000,0
l2,0.0625,0,min-error,metric_min,exp1,0,1,1,0.0218674652,0.024410706,0.0218674652,0.024410706,0.00254324079,5,raw-and-scaled,6,1,fp6_e1m4,fp6_e2m3,4,3,4,57,5,exp2,1,4,1,1,0.0218674652,0.024410706,-3,0x3cc7f8f6,0.024410706,0x3f800000,1,0x00000000,0,0x00000000,0,000000,0,0,0000,000000,0,0,000,0x00000000,0,0x00000000,0,0x00000000,0
l2,0.0625,0,min-error,metric_min,exp1,0,1,1,0.0218674652,0.024410706,0.0218674652,0.024410706,0.00254324079,6,raw-and-scaled,6,1,fp6_e1m4,fp6_e2m3,4,3,4,57,6,exp2,1,4,1,1,0.0218674652,0.024410706,-3,0x3cc7f8f6,0.024410706,0x3f800000,1,0xbb92b138,-0.00447669253,0xbb92b138,-0.00447669253,100000,0,0,0000,100000,0,0,000,0xbb92b138,-0.00447669253,0xbb92b138,-0.00447669253,0x00000000,0
l2,0.0625,0,min-error,metric_min,exp1,0,1,1,0.0218674652,0.024410706,0.0218674652,0.024410706,0.00254324079,7,raw-and-scaled,6,1,fp6_e1m4,fp6_e2m3,4,3,4,57,7,exp2,1,4,1,1,0.0218674652,0.024410706,-3,0x3cc7f8f6,0.024410706,0x3f800000,1,0x00000000,0,0x00000000,0,000000,0,0,0000,000000,0,0,000,0x00000000,0,0x00000000,0,0x00000000,0
l2,0.0625,0,min-error,metric_min,exp1,0,1,1,0.0218674652,0.024410706,0.0218674652,0.024410706,0.00254324079,8,raw-and-scaled,6,1,fp6_e1m4,fp6_e2m3,4,3,4,57,8,exp2,1,4,1,1,0.0218674652,0.024410706,-3,0x3cc7f8f6,0.024410706,0x3f800000,1,0x00000000,0,0x00000000,0,000000,0,0,0000,000000,0,0,000,0x00000000,0,0x00000000,0,0x00000000,0
l2,0.0625,0,min-error,metric_min,exp1,0,1,1,0.0218674652,0.024410706,0.0218674652,0.024410706,0.00254324079,9,raw-and-scaled,6,1,fp6_e1m4,fp6_e2m3,4,3,4,57,9,exp2,1,4,1,1,0.0218674652,0.024410706,-3,0x3cc7f8f6,0.024410706,0x3f800000,1,0x00000000,0,0x00000000,0,000000,0,0,0000,000000,0,0,000,0x00000000,0,0x00000000,0,0x00000000,0
l2,0.0625,0,min-error,metric_min,exp1,0,1,1,0.0218674652,0.024410706,0.0218674652,0.024410706,0.00254324079,10,raw-and-scaled,6,1,fp6_e1m4,fp6_e2m3,4,3,4,57,10,exp2,1,4,1,1,0.0218674652,0.024410706,-3,0x3cc7f8f6,0.024410706,0x3f800000,1,0x00000000,0,0x00000000,0,000000,0,0,0000,000000,0,0,000,0x00000000,0,0x00000000,0,0x00000000,0
l2,0.0625,0,min-error,metric_min,exp1,0,1,1,0.0218674652,0.024410706,0.0218674652,0.024410706,0.00254324079,11,raw-and-scaled,6,1,fp6_e1m4,fp6_e2m3,4,3,4,57,11,exp2,1,4,1,1,0.0218674652,0.024410706,-3,0x3cc7f8f6,0.024410706,0x3f800000,1,0x00000000,0,0x00000000,0,000000,0,0,0000,000000,0,0,000,0x00000000,0,0x00000000,0,0x00000000,0
l2,0.0625,0,min-error,metric_min,exp1,0,1,1,0.0218674652,0.024410706,0.0218674652,0.024410706,0.00254324079,12,raw-and-scaled,6,1,fp6_e1m4,fp6_e2m3,4,3,4,57,12,exp2,1,4,1,1,0.0218674652,0.024410706,-3,0x3cc7f8f6,0.024410706,0x3f800000,1,0x00000000,0,0x00000000,0,000000,0,0,0000,000000,0,0,000,0x00000000,0,0x00000000,0,0x00000000,0
l2,0.0625,0,min-error,metric_min,exp1,0,1,1,0.0218674652,0.024410706,0.0218674652,0.024410706,0.00254324079,13,raw-and-scaled,6,1,fp6_e1m4,fp6_e2m3,4,3,4,57,13,exp2,1,4,1,1,0.0218674652,0.024410706,-3,0x3cc7f8f6,0.024410706,0x3f800000,1,0x00000000,0,0x00000000,0,000000,0,0,0000,000000,0,0,000,0x00000000,0,0x00000000,0,0x00000000,0
l2,0.0625,0,min-error,metric_min,exp1,0,1,1,0.0218674652,0.024410706,0.0218674652,0.024410706,0.00254324079,14,raw-and-scaled,6,1,fp6_e1m4,fp6_e2m3,4,3,4,57,14,exp2,1,4,1,1,0.0218674652,0.024410706,-3,0x3cc7f8f6,0.024410706,0x3f800000,1,0x00000000,0,0x00000000,0,000000,0,0,0000,000000,0,0,000,0x00000000,0,0x00000000,0,0x00000000,0
l2,0.0625,0,min-error,metric_min,exp1,0,1,1,0.0218674652,0.024410706,0.0218674652,0.024410706,0.00254324079,15,raw-and-scaled,6,1,fp6_e1m4,fp6_e2m3,4,3,4,57,15,exp2,1,4,1,1,0.0218674652,0.024410706,-3,0x3cc7f8f6,0.024410706,0x3f800000,1,0x00000000,0,0x00000000,0,000000,0,0,0000,000000,0,0,000,0x00000000,0,0x00000000,0,0x00000000,0
l2,0.0625,0,min-error,metric_min,exp1,0,1,1,0.0218674652,0.024410706,0.0218674652,0.024410706,0.00254324079,16,raw-and-scaled,6,1,fp6_e1m4,fp6_e2m3,4,3,4,57,16,exp2,1,4,1,1,0.0218674652,0.024410706,-3,0x3cc7f8f6,0.024410706,0x3f800000,1,0x00000000,0,0x00000000,0,000000,0,0,0000,000000,0,0,000,0x00000000,0,0x00000000,0,0x00000000,0
l2,0.0625,0,min-error,metric_min,exp1,0,1,1,0.0218674652,0.024410706,0.0218674652,0.024410706,0.00254324079,17,raw-and-scaled,6,1,fp6_e1m4,fp6_e2m3,4,3,4,57,17,exp2,1,4,1,1,0.0218674652,0.024410706,-3,0x3cc7f8f6,0.024410706,0x3f800000,1,0x00000000,0,0x00000000,0,000000,0,0,0000,000000,0,0,000,0x00000000,0,0x00000000,0,0x00000000,0
l2,0.0625,0,min-error,metric_min,exp1,0,1,1,0.0218674652,0.024410706,0.0218674652,0.024410706,0.00254324079,18,raw-and-scaled,6,1,fp6_e1m4,fp6_e2m3,4,3,4,57,18,exp2,1,4,1,1,0.0218674652,0.024410706,-3,0x3cc7f8f6,0.024410706,0x3f800000,1,0x00000000,0,0x00000000,0,000000,0,0,0000,000000,0,0,000,0x00000000,0,0x00000000,0,0x00000000,0
l2,0.0625,0,min-error,metric_min,exp1,0,1,1,0.0218674652,0.024410706,0.0218674652,0.024410706,0.00254324079,19,raw-and-scaled,6,1,fp6_e1m4,fp6_e2m3,4,3,4,57,19,exp2,1,4,1,1,0.0218674652,0.024410706,-3,0x3cc7f8f6,0.024410706,0x3f800000,1,0x00000000,0,0x00000000,0,000000,0,0,0000,000000,0,0,000,0x00000000,0,0x00000000,0,0x00000000,0
l2,0.0625,0,min-error,metric_min,exp1,0,1,1,0.0218674652,0.024410706,0.0218674652,0.024410706,0.00254324079,20,raw-and-scaled,6,1,fp6_e1m4,fp6_e2m3,4,3,4,57,20,exp2,1,4,1,1,0.0218674652,0.024410706,-3,0x3cc7f8f6,0.024410706,0x3f800000,1,0x00000000,0,0x00000000,0,000000,0,0,0000,000000,0,0,000,0x00000000,0,0x00000000,0,0x00000000,0
l2,0.0625,0,min-error,metric_min,exp1,0,1,1,0.0218674652,0.024410706,0.0218674652,0.024410706,0.00254324079,21,raw-and-scaled,6,1,fp6_e1m4,fp6_e2m3,4,3,4,57,21,exp2,1,4,1,1,0.0218674652,0.024410706,-3,0x3cc7f8f6,0.024410706,0x3f800000,1,0x00000000,0,0x00000000,0,000000,0,0,0000,000000,0,0,000,0x00000000,0,0x00000000,0,0x00000000,0
l2,0.0625,0,min-error,metric_min,exp1,0,1,1,0.0218674652,0.024410706,0.0218674652,0.024410706,0.00254324079,22,raw-and-scaled,6,1,fp6_e1m4,fp6_e2m3,4,3,4,57,22,exp2,1,4,1,1,0.0218674652,0.024410706,-3,0x3cc7f8f6,0.024410706,0x3f800000,1,0xbae06e86,-0.00171227823,0xbae06e86,-0.00171227823,100000,0,0,0000,100000,0,0,000,0xbae06e86,-0.00171227823,0xbae06e86,-0.00171227823,0x00000000,0
l2,0.0625,0,min-error,metric_min,exp1,0,1,1,0.0218674652,0.024410706,0.0218674652,0.024410706,0.00254324079,23,raw-and-scaled,6,1,fp6_e1m4,fp6_e2m3,4,3,4,57,23,exp2,1,4,1,1,0.0218674652,0.024410706,-3,0x3cc7f8f6,0.024410706,0x3f800000,1,0x00000000,0,0x00000000,0,000000,0,0,0000,000000,0,0,000,0x00000000,0,0x00000000,0,0x00000000,0
l2,0.0625,0,min-error,metric_min,exp1,0,1,1,0.0218674652,0.024410706,0.0218674652,0.024410706,0.00254324079,24,raw-and-scaled,6,1,fp6_e1m4,fp6_e2m3,4,3,4,57,24,exp2,1,4,1,1,0.0218674652,0.024410706,-3,0x3cc7f8f6,0.024410706,0x3f800000,1,0x00000000,0,0x00000000,0,000000,0,0,0000,000000,0,0,000,0x00000000,0,0x00000000,0,0x00000000,0
l2,0.0625,0,min-error,metric_min,exp1,0,1,1,0.0218674652,0.024410706,0.0218674652,0.024410706,0.00254324079,25,raw-and-scaled,6,1,fp6_e1m4,fp6_e2m3,4,3,4,57,25,exp2,1,4,1,1,0.0218674652,0.024410706,-3,0x3cc7f8f6,0.024410706,0x3f800000,1,0xbd1d450f,-0.0383959375,0xbd1d450f,-0.0383959375,100000,0,0,0000,100001,0,1,001,0xbd1d450f,-0.0383959375,0xbbea2878,-0.00714593753,0xbf800000,-1
l2,0.0625,0,min-error,metric_min,exp1,0,1,1,0.0218674652,0.024410706,0.0218674652,0.024410706,0.00254324079,26,raw-and-scaled,6,1,fp6_e1m4,fp6_e2m3,4,3,4,57,26,exp2,1,4,1,1,0.0218674652,0.024410706,-3,0x3cc7f8f6,0.024410706,0x3f800000,1,0x00000000,0,0x00000000,0,000000,0,0,0000,000000,0,0,000,0x00000000,0,0x00000000,0,0x00000000,0
l2,0.0625,0,min-error,metric_min,exp1,0,1,1,0.0218674652,0.024410706,0.0218674652,0.024410706,0.00254324079,27,raw-and-scaled,6,1,fp6_e1m4,fp6_e2m3,4,3,4,57,27,exp2,1,4,1,1,0.0218674652,0.024410706,-3,0x3cc7f8f6,0.024410706,0x3f800000,1,0x00000000,0,0x00000000,0,000000,0,0,0000,000000,0,0,000,0x00000000,0,0x00000000,0,0x00000000,0
l2,0.0625,0,min-error,metric_min,exp1,0,1,1,0.0218674652,0.024410706,0.0218674652,0.024410706,0.00254324079,28,raw-and-scaled,6,1,fp6_e1m4,fp6_e2m3,4,3,4,57,28,exp2,1,4,1,1,0.0218674652,0.024410706,-3,0x3cc7f8f6,0.024410706,0x3f800000,1,0x00000000,0,0x00000000,0,000000,0,0,0000,000000,0,0,000,0x00000000,0,0x00000000,0,0x00000000,0
l2,0.0625,0,min-error,metric_min,exp1,0,1,1,0.0218674652,0.024410706,0.0218674652,0.024410706,0.00254324079,29,raw-and-scaled,6,1,fp6_e1m4,fp6_e2m3,4,3,4,57,29,exp2,1,4,1,1,0.0218674652,0.024410706,-3,0x3cc7f8f6,0.024410706,0x3f800000,1,0x3f2164e9,0.630446017,0x3f2164e9,0.630446017,001010,0,10,1010,010010,2,2,010,0x3bb27480,0.00544601679,0x3bb27480,0.00544601679,0x00000000,0
l2,0.0625,0,min-error,metric_min,exp1,0,1,1,0.0218674652,0.024410706,0.0218674652,0.024410706,0.00254324079,30,raw-and-scaled,6,1,fp6_e1m4,fp6_e2m3,4,3,4,57,30,exp2,1,4,1,1,0.0218674652,0.024410706,-3,0x3cc7f8f6,0.024410706,0x3f800000,1,0x00000000,0,0x00000000,0,000000,0,0,0000,000000,0,0,000,0x00000000,0,0x00000000,0,0x00000000,0
l2,0.0625,0,min-error,metric_min,exp1,0,1,1,0.0218674652,0.024410706,0.0218674652,0.024410706,0.00254324079,31,raw-and-scaled,6,1,fp6_e1m4,fp6_e2m3,4,3,4,57,31,exp2,1,4,1,1,0.0218674652,0.024410706,-3,0x3cc7f8f6,0.024410706,0x3f800000,1,0x00000000,0,0x00000000,0,000000,0,0,0000,000000,0,0,000,0x00000000,0,0x00000000,0,0x00000000,0
l2,0.0625,0,min-error,metric_min,exp1,0,1,1,0.0218674652,0.024410706,0.0218674652,0.024410706,0.00254324079,32,raw-and-scaled,6,1,fp6_e1m4,fp6_e2m3,4,3,4,57,32,exp2,1,4,1,1,0.0218674652,0.024410706,-3,0x3cc7f8f6,0.024410706,0x3f800000,1,0x3dabf720,0.0839674473,0x3dabf720,0.0839674473,000001,0,1,0001,000010,0,2,010,0x3cafdc80,0.0214674473,0x3cafdc80,0.0214674473,0x80000000,-0
l2,0.0625,0,min-error,metric_min,exp1,0,1,1,0.0218674652,0.024410706,0.0218674652,0.024410706,0.00254324079,33,raw-and-scaled,6,1,fp6_e1m4,fp6_e2m3,4,3,4,57,33,exp2,1,4,1,1,0.0218674652,0.024410706,-3,0x3cc7f8f6,0.024410706,0x3f800000,1,0x00000000,0,0x00000000,0,000000,0,0,0000,000000,0,0,000,0x00000000,0,0x00000000,0,0x00000000,0
l2,0.0625,0,min-error,metric_min,exp1,0,1,1,0.0218674652,0.024410706,0.0218674652,0.024410706,0.00254324079,34,raw-and-scaled,6,1,fp6_e1m4,fp6_e2m3,4,3,4,57,34,exp2,1,4,1,1,0.0218674652,0.024410706,-3,0x3cc7f8f6,0.024410706,0x3f800000,1,0x00000000,0,0x00000000,0,000000,0,0,0000,000000,0,0,000,0x00000000,0,0x00000000,0,0x00000000,0
l2,0.0625,0,min-error,metric_min,exp1,0,1,1,0.0218674652,0.024410706,0.0218674652,0.024410706,0.00254324079,35,raw-and-scaled,6,1,fp6_e1m4,fp6_e2m3,4,3,4,57,35,exp2,1,4,1,1,0.0218674652,0.024410706,-3,0x3cc7f8f6,0.024410706,0x3f800000,1,0x00000000,0,0x00000000,0,000000,0,0,0000,000000,0,0,000,0x00000000,0,0x00000000,0,0x00000000,0
l2,0.0625,0,min-error,metric_min,exp1,0,1,1,0.0218674652,0.024410706,0.0218674652,0.024410706,0.00254324079,36,raw-and-scaled,6,1,fp6_e1m4,fp6_e2m3,4,3,4,57,36,exp2,1,4,1,1,0.0218674652,0.024410706,-3,0x3cc7f8f6,0.024410706,0x3f800000,1,0x00000000,0,0x00000000,0,000000,0,0,0000,000000,0,0,000,0x00000000,0,0x00000000,0,0x00000000,0
l2,0.0625,0,min-error,metric_min,exp1,0,1,1,0.0218674652,0.024410706,0.0218674652,0.024410706,0.00254324079,37,raw-and-scaled,6,1,fp6_e1m4,fp6_e2m3,4,3,4,57,37,exp2,1,4,1,1,0.0218674652,0.024410706,-3,0x3cc7f8f6,0.024410706,0x3f800000,1,0x3f35c00d,0.709961712,0x3f35c00d,0.709961712,001011,0,11,1011,010011,2,3,011,0x3cb801a0,0.0224617124,0x3cb801a0,0.0224617124,0x00000000,0
l2,0.0625,0,min-error,metric_min,exp1,0,1,1,0.0218674652,0.024410706,0.0218674652,0.024410706,0.00254324079,38,raw-and-scaled,6,1,fp6_e1m4,fp6_e2m3,4,3,4,57,38,exp2,1,4,1,1,0.0218674652,0.024410706,-3,0x3cc7f8f6,0.024410706,0x3f800000,1,0x00000000,0,0x00000000,0,000000,0,0,0000,000000,0,0,000,0x00000000,0,0x00000000,0,0x00000000,0
l2,0.0625,0,min-error,metric_min,exp1,0,1,1,0.0218674652,0.024410706,0.0218674652,0.024410706,0.00254324079,39,raw-and-scaled,6,1,fp6_e1m4,fp6_e2m3,4,3,4,57,39,exp2,1,4,1,1,0.0218674652,0.024410706,-3,0x3cc7f8f6,0.024410706,0x3f800000,1,0x3eaa6566,0.332804859,0x3eaa6566,0.332804859,000101,0,5,0101,001010,1,2,010,0x3ca65660,0.0203048587,0x3ca65660,0.0203048587,0x80000000,-0
l2,0.0625,0,min-error,metric_min,exp1,0,1,1,0.0218674652,0.024410706,0.0218674652,0.024410706,0.00254324079,40,raw-and-scaled,6,1,fp6_e1m4,fp6_e2m3,4,3,4,57,40,exp2,1,4,1,1,0.0218674652,0.024410706,-3,0x3cc7f8f6,0.024410706,0x3f800000,1,0x00000000,0,0x00000000,0,000000,0,0,0000,000000,0,0,000,0x00000000,0,0x00000000,0,0x00000000,0
l2,0.0625,0,min-error,metric_min,exp1,0,1,1,0.0218674652,0.024410706,0.0218674652,0.024410706,0.00254324079,41,raw-and-scaled,6,1,fp6_e1m4,fp6_e2m3,4,3,4,57,41,exp2,1,4,1,1,0.0218674652,0.024410706,-3,0x3cc7f8f6,0.024410706,0x3f800000,1,0x00000000,0,0x00000000,0,000000,0,0,0000,000000,0,0,000,0x00000000,0,0x00000000,0,0x00000000,0
l2,0.0625,0,min-error,metric_min,exp1,0,1,1,0.0218674652,0.024410706,0.0218674652,0.024410706,0.00254324079,42,raw-and-scaled,6,1,fp6_e1m4,fp6_e2m3,4,3,4,57,42,exp2,1,4,1,1,0.0218674652,0.024410706,-3,0x3cc7f8f6,0.024410706,0x3f800000,1,0x00000000,0,0x00000000,0,000000,0,0,0000,000000,0,0,000,0x00000000,0,0x00000000,0,0x00000000,0
l2,0.0625,0,min-error,metric_min,exp1,0,1,1,0.0218674652,0.024410706,0.0218674652,0.024410706,0.00254324079,43,raw-and-scaled,6,1,fp6_e1m4,fp6_e2m3,4,3,4,57,43,exp2,1,4,1,1,0.0218674652,0.024410706,-3,0x3cc7f8f6,0.024410706,0x3f800000,1,0x00000000,0,0x00000000,0,000000,0,0,0000,000000,0,0,000,0x00000000,0,0x00000000,0,0x00000000,0
l2,0.0625,0,min-error,metric_min,exp1,0,1,1,0.0218674652,0.024410706,0.0218674652,0.024410706,0.00254324079,44,raw-and-scaled,6,1,fp6_e1m4,fp6_e2m3,4,3,4,57,44,exp2,1,4,1,1,0.0218674652,0.024410706,-3,0x3cc7f8f6,0.024410706,0x3f800000,1,0x3f0fba9b,0.561441123,0x3f0fba9b,0.561441123,001000,0,8,1000,010000,2,0,000,0x3d7ba9b0,0.0614411235,0x3d7ba9b0,0.0614411235,0x00000000,0
l2,0.0625,0,min-error,metric_min,exp1,0,1,1,0.0218674652,0.024410706,0.0218674652,0.024410706,0.00254324079,45,raw-and-scaled,6,1,fp6_e1m4,fp6_e2m3,4,3,4,57,45,exp2,1,4,1,1,0.0218674652,0.024410706,-3,0x3cc7f8f6,0.024410706,0x3f800000,1,0x00000000,0,0x00000000,0,000000,0,0,0000,000000,0,0,000,0x00000000,0,0x00000000,0,0x00000000,0
l2,0.0625,0,min-error,metric_min,exp1,0,1,1,0.0218674652,0.024410706,0.0218674652,0.024410706,0.00254324079,46,raw-and-scaled,6,1,fp6_e1m4,fp6_e2m3,4,3,4,57,46,exp2,1,4,1,1,0.0218674652,0.024410706,-3,0x3cc7f8f6,0.024410706,0x3f800000,1,0x00000000,0,0x00000000,0,000000,0,0,0000,000000,0,0,000,0x00000000,0,0x00000000,0,0x00000000,0
l2,0.0625,0,min-error,metric_min,exp1,0,1,1,0.0218674652,0.024410706,0.0218674652,0.024410706,0.00254324079,47,raw-and-scaled,6,1,fp6_e1m4,fp6_e2m3,4,3,4,57,47,exp2,1,4,1,1,0.0218674652,0.024410706,-3,0x3cc7f8f6,0.024410706,0x3f800000,1,0x00000000,0,0x00000000,0,000000,0,0,0000,000000,0,0,000,0x00000000,0,0x00000000,0,0x00000000,0
l2,0.0625,0,min-error,metric_min,exp1,0,1,1,0.0218674652,0.024410706,0.0218674652,0.024410706,0.00254324079,48,raw-and-scaled,6,1,fp6_e1m4,fp6_e2m3,4,3,4,57,48,exp2,1,4,1,1,0.0218674652,0.024410706,-3,0x3cc7f8f6,0.024410706,0x3f800000,1,0xbbe7739a,-0.00706334133,0xbbe7739a,-0.00706334133,100000,0,0,0000,100000,0,0,000,0xbbe7739a,-0.00706334133,0xbbe7739a,-0.00706334133,0x00000000,0
l2,0.0625,0,min-error,metric_min,exp1,0,1,1,0.0218674652,0.024410706,0.0218674652,0.024410706,0.00254324079,49,raw-and-scaled,6,1,fp6_e1m4,fp6_e2m3,4,3,4,57,49,exp2,1,4,1,1,0.0218674652,0.024410706,-3,0x3cc7f8f6,0.024410706,0x3f800000,1,0x00000000,0,0x00000000,0,000000,0,0,0000,000000,0,0,000,0x00000000,0,0x00000000,0,0x00000000,0
l2,0.0625,0,min-error,metric_min,exp1,0,1,1,0.0218674652,0.024410706,0.0218674652,0.024410706,0.00254324079,50,raw-and-scaled,6,1,fp6_e1m4,fp6_e2m3,4,3,4,57,50,exp2,1,4,1,1,0.0218674652,0.024410706,-3,0x3cc7f8f6,0.024410706,0x3f800000,1,0xbd8d348d,-0.0689478889,0xbd8d348d,-0.0689478889,100001,0,1,0001,100010,0,2,010,0xbbd348d0,-0.00644788891,0xbbd348d0,-0.00644788891,0x80000000,-0
l2,0.0625,0,min-error,metric_min,exp1,0,1,1,0.0218674652,0.024410706,0.0218674652,0.024410706,0.00254324079,51,raw-and-scaled,6,1,fp6_e1m4,fp6_e2m3,4,3,4,57,51,exp2,1,4,1,1,0.0218674652,0.024410706,-3,0x3cc7f8f6,0.024410706,0x3f800000,1,0x3bb0450c,0.00537932478,0x3bb0450c,0.00537932478,000000,0,0,0000,000000,0,0,000,0x3bb0450c,0.00537932478,0x3bb0450c,0.00537932478,0x00000000,0
l2,0.0625,0,min-error,metric_min,exp1,0,1,1,0.0218674652,0.024410706,0.0218674652,0.024410706,0.00254324079,52,raw-and-scaled,6,1,fp6_e1m4,fp6_e2m3,4,3,4,57,52,exp2,1,4,1,1,0.0218674652,0.024410706,-3,0x3cc7f8f6,0.024410706,0x3f800000,1,0x00000000,0,0x00000000,0,000000,0,0,0000,000000,0,0,000,0x00000000,0,0x00000000,0,0x00000000,0
l2,0.0625,0,min-error,metric_min,exp1,0,1,1,0.0218674652,0.024410706,0.0218674652,0.024410706,0.00254324079,53,raw-and-scaled,6,1,fp6_e1m4,fp6_e2m3,4,3,4,57,53,exp2,1,4,1,1,0.0218674652,0.024410706,-3,0x3cc7f8f6,0.024410706,0x3f800000,1,0x00000000,0,0x00000000,0,000000,0,0,0000,000000,0,0,000,0x00000000,0,0x00000000,0,0x00000000,0
l2,0.0625,0,min-error,metric_min,exp1,0,1,1,0.0218674652,0.024410706,0.0218674652,0.024410706,0.00254324079,54,raw-and-scaled,6,1,fp6_e1m4,fp6_e2m3,4,3,4,57,54,exp2,1,4,1,1,0.0218674652,0.024410706,-3,0x3cc7f8f6,0.024410706,0x3f800000,1,0x00000000,0,0x00000000,0,000000,0,0,0000,000000,0,0,000,0x00000000,0,0x00000000,0,0x00000000,0
l2,0.0625,0,min-error,metric_min,exp1,0,1,1,0.0218674652,0.024410706,0.0218674652,0.024410706,0.00254324079,55,raw-and-scaled,6,1,fp6_e1m4,fp6_e2m3,4,3,4,57,55,exp2,1,4,1,1,0.0218674652,0.024410706,-3,0x3cc7f8f6,0.024410706,0x3f800000,1,0x00000000,0,0x00000000,0,000000,0,0,0000,000000,0,0,000,0x00000000,0,0x00000000,0,0x00000000,0
l2,0.0625,0,min-error,metric_min,exp1,0,1,1,0.0218674652,0.024410706,0.0218674652,0.024410706,0.00254324079,56,raw-and-scaled,6,1,fp6_e1m4,fp6_e2m3,4,3,4,57,56,exp2,1,4,1,1,0.0218674652,0.024410706,-3,0x3cc7f8f6,0.024410706,0x3f800000,1,0xbef3e762,-0.476374686,0xbef3e762,-0.476374686,100111,0,7,0111,101111,1,7,111,0xbd1f3b10,-0.0388746858,0xbbf9d880,-0.00762468576,0xbf800000,-1
l2,0.0625,0,min-error,metric_min,exp1,0,1,1,0.0218674652,0.024410706,0.0218674652,0.024410706,0.00254324079,57,raw-and-scaled,6,1,fp6_e1m4,fp6_e2m3,4,3,4,57,57,exp2,1,4,1,1,0.0218674652,0.024410706,-3,0x3cc7f8f6,0.024410706,0x3f800000,1,0xbe598677,-0.212427005,0xbe598677,-0.212427005,100011,0,3,0011,100110,0,6,110,0xbccc33b8,-0.0249270052,0xbccc33b8,-0.0249270052,0x80000000,-0
l2,0.0625,0,min-error,metric_min,exp1,0,1,1,0.0218674652,0.024410706,0.0218674652,0.024410706,0.00254324079,58,raw-and-scaled,6,1,fp6_e1m4,fp6_e2m3,4,3,4,57,58,exp2,1,4,1,1,0.0218674652,0.024410706,-3,0x3cc7f8f6,0.024410706,0x3f800000,1,0x00000000,0,0x00000000,0,000000,0,0,0000,000000,0,0,000,0x00000000,0,0x00000000,0,0x00000000,0
l2,0.0625,0,min-error,metric_min,exp1,0,1,1,0.0218674652,0.024410706,0.0218674652,0.024410706,0.00254324079,59,raw-and-scaled,6,1,fp6_e1m4,fp6_e2m3,4,3,4,57,59,exp2,1,4,1,1,0.0218674652,0.024410706,-3,0x3cc7f8f6,0.024410706,0x3f800000,1,0x00000000,0,0x00000000,0,000000,0,0,0000,000000,0,0,000,0x00000000,0,0x00000000,0,0x00000000,0
l2,0.0625,0,min-error,metric_min,exp1,0,1,1,0.0218674652,0.024410706,0.0218674652,0.024410706,0.00254324079,60,raw-and-scaled,6,1,fp6_e1m4,fp6_e2m3,4,3,4,57,60,exp2,1,4,1,1,0.0218674652,0.024410706,-3,0x3cc7f8f6,0.024410706,0x3f800000,1,0x00000000,0,0x00000000,0,000000,0,0,0000,000000,0,0,000,0x00000000,0,0x00000000,0,0x00000000,0
l2,0.0625,0,min-error,metric_min,exp1,0,1,1,0.0218674652,0.024410706,0.0218674652,0.024410706,0.00254324079,61,raw-and-scaled,6,1,fp6_e1m4,fp6_e2m3,4,3,4,57,61,exp2,1,4,1,1,0.0218674652,0.024410706,-3,0x3cc7f8f6,0.024410706,0x3f800000,1,0x00000000,0,0x00000000,0,000000,0,0,0000,000000,0,0,000,0x00000000,0,0x00000000,0,0x00000000,0
l2,0.0625,0,min-error,metric_min,exp1,0,1,1,0.0218674652,0.024410706,0.0218674652,0.024410706,0.00254324079,62,raw-and-scaled,6,1,fp6_e1m4,fp6_e2m3,4,3,4,57,62,exp2,1,4,1,1,0.0218674652,0.024410706,-3,0x3cc7f8f6,0.024410706,0x3f800000,1,0x00000000,0,0x00000000,0,000000,0,0,0000,000000,0,0,000,0x00000000,0,0x00000000,0,0x00000000,0
l2,0.0625,0,min-error,metric_min,exp1,0,1,1,0.0218674652,0.024410706,0.0218674652,0.024410706,0.00254324079,63,raw-and-scaled,6,1,fp6_e1m4,fp6_e2m3,4,3,4,57,63,exp2,1,4,1,1,0.0218674652,0.024410706,-3,0x3cc7f8f6,0.024410706,0x3f800000,1,0x00000000,0,0x00000000,0,000000,0,0,0000,000000,0,0,000,0x00000000,0,0x00000000,0,0x00000000,0
l2,0.0625,0,min-error,metric_min,exp1,0,1,1,0.0218674652,0.024410706,0.0218674652,0.024410706,0.00254324079,64,raw-and-scaled,6,1,fp6_e1m4,fp6_e2m3,4,3,4,57,64,exp2,1,4,1,1,0.0218674652,0.024410706,-3,0x3cc7f8f6,0.024410706,0x3f800000,1,0x00000000,0,0x00000000,0,000000,0,0,0000,000000,0,0,000,0x00000000,0,0x00000000,0,0x00000000,0
l2,0.0625,0,min-error,metric_min,exp1,0,1,1,0.0218674652,0.024410706,0.0218674652,0.024410706,0.00254324079,65,raw-and-scaled,6,1,fp6_e1m4,fp6_e2m3,4,3,4,57,65,exp2,1,4,1,1,0.0218674652,0.024410706,-3,0x3cc7f8f6,0.024410706,0x3f800000,1,0x00000000,0,0x00000000,0,000000,0,0,0000,000000,0,0,000,0x00000000,0,0x00000000,0,0x00000000,0
l2,0.0625,0,min-error,metric_min,exp1,0,1,1,0.0218674652,0.024410706,0.0218674652,0.024410706,0.00254324079,66,raw-and-scaled,6,1,fp6_e1m4,fp6_e2m3,4,3,4,57,66,exp2,1,4,1,1,0.0218674652,0.024410706,-3,0x3cc7f8f6,0.024410706,0x3f800000,1,0x00000000,0,0x00000000,0,000000,0,0,0000,000000,0,0,000,0x00000000,0,0x00000000,0,0x00000000,0
l2,0.0625,0,min-error,metric_min,exp1,0,1,1,0.0218674652,0.024410706,0.0218674652,0.024410706,0.00254324079,67,raw-and-scaled,6,1,fp6_e1m4,fp6_e2m3,4,3,4,57,67,exp2,1,4,1,1,0.0218674652,0.024410706,-3,0x3cc7f8f6,0.024410706,0x3f800000,1,0x00000000,0,0x00000000,0,000000,0,0,0000,000000,0,0,000,0x00000000,0,0x00000000,0,0x00000000,0
l2,0.0625,0,min-error,metric_min,exp1,0,1,1,0.0218674652,0.024410706,0.0218674652,0.024410706,0.00254324079,68,raw-and-scaled,6,1,fp6_e1m4,fp6_e2m3,4,3,4,57,68,exp2,1,4,1,1,0.0218674652,0.024410706,-3,0x3cc7f8f6,0.024410706,0x3f800000,1,0x00000000,0,0x00000000,0,000000,0,0,0000,000000,0,0,000,0x00000000,0,0x00000000,0,0x00000000,0
l2,0.0625,0,min-error,metric_min,exp1,0,1,1,0.0218674652,0.024410706,0.0218674652,0.024410706,0.00254324079,69,raw-and-scaled,6,1,fp6_e1m4,fp6_e2m3,4,3,4,57,69,exp2,1,4,1,1,0.0218674652,0.024410706,-3,0x3cc7f8f6,0.024410706,0x3f800000,1,0xbad642b2,-0.0016346781,0xbad642b2,-0.0016346781,100000,0,0,0000,100000,0,0,000,0xbad642b2,-0.0016346781,0xbad642b2,-0.0016346781,0x00000000,0
l2,0.0625,0,min-error,metric_min,exp1,0,1,1,0.0218674652,0.024410706,0.0218674652,0.024410706,0.00254324079,70,raw-and-scaled,6,1,fp6_e1m4,fp6_e2m3,4,3,4,57,70,exp2,1,4,1,1,0.0218674652,0.024410706,-3,0x3cc7f8f6,0.024410706,0x3f800000,1,0x00000000,0,0x00000000,0,000000,0,0,0000,000000,0,0,000,0x00000000,0,0x00000000,0,0x00000000,0
l2,0.0625,0,min-error,metric_min,exp1,0,1,1,0.0218674652,0.024410706,0.0218674652,0.024410706,0.00254324079,71,raw-and-scaled,6,1,fp6_e1m4,fp6_e2m3,4,3,4,57,71,exp2,1,4,1,1,0.0218674652,0.024410706,-3,0x3cc7f8f6,0.024410706,0x3f800000,1,0x00000000,0,0x00000000,0,000000,0,0,0000,000000,0,0,000,0x00000000,0,0x00000000,0,0x00000000,0
l2,0.0625,0,min-error,metric_min,exp1,0,1,1,0.0218674652,0.024410706,0.0218674652,0.024410706,0.00254324079,72,raw-and-scaled,6,1,fp6_e1m4,fp6_e2m3,4,3,4,57,72,exp2,1,4,1,1,0.0218674652,0.024410706,-3,0x3cc7f8f6,0.024410706,0x3f800000,1,0x00000000,0,0x00000000,0,000000,0,0,0000,000000,0,0,000,0x00000000,0,0x00000000,0,0x00000000,0
l2,0.0625,0,min-error,metric_min,exp1,0,1,1,0.0218674652,0.024410706,0.0218674652,0.024410706,0.00254324079,73,raw-and-scaled,6,1,fp6_e1m4,fp6_e2m3,4,3,4,57,73,exp2,1,4,1,1,0.0218674652,0.024410706,-3,0x3cc7f8f6,0.024410706,0x3f800000,1,0x3f112971,0.567038596,0x3f112971,0.567038596,001001,0,9,1001,010001,2,1,001,0x3b94b880,0.00453859568,0x3b94b880,0.00453859568,0x00000000,0
l2,0.0625,0,min-error,metric_min,exp1,0,1,1,0.0218674652,0.024410706,0.0218674652,0.024410706,0.00254324079,74,raw-and-scaled,6,1,fp6_e1m4,fp6_e2m3,4,3,4,57,74,exp2,1,4,1,1,0.0218674652,0.024410706,-3,0x3cc7f8f6,0.024410706,0x3f800000,1,0xbadd66e5,-0.00168916269,0xbadd66e5,-0.00168916269,100000,0,0,0000,100000,0,0,000,0xbadd66e5,-0.00168916269,0xbadd66e5,-0.00168916269,0x00000000,0
l2,0.0625,0,min-error,metric_min,exp1,0,1,1,0.0218674652,0.024410706,0.0218674652,0.024410706,0.00254324079,75,raw-and-scaled,6,1,fp6_e1m4,fp6_e2m3,4,3,4,57,75,exp2,1,4,1,1,0.0218674652,0.024410706,-3,0x3cc7f8f6,0.024410706,0x3f800000,1,0x00000000,0,0x00000000,0,000000,0,0,0000,000000,0,0,000,0x00000000,0,0x00000000,0,0x00000000,0
l2,0.0625,0,min-error,metric_min,exp1,0,1,1,0.0218674652,0.024410706,0.0218674652,0.024410706,0.00254324079,76,raw-and-scaled,6,1,fp6_e1m4,fp6_e2m3,4,3,4,57,76,exp2,1,4,1,1,0.0218674652,0.024410706,-3,0x3cc7f8f6,0.024410706,0x3f800000,1,0x00000000,0,0x00000000,0,000000,0,0,0000,000000,0,0,000,0x00000000,0,0x00000000,0,0x00000000,0
l2,0.0625,0,min-error,metric_min,exp1,0,1,1,0.0218674652,0.024410706,0.0218674652,0.024410706,0.00254324079,77,raw-and-scaled,6,1,fp6_e1m4,fp6_e2m3,4,3,4,57,77,exp2,1,4,1,1,0.0218674652,0.024410706,-3,0x3cc7f8f6,0.024410706,0x3f800000,1,0x00000000,0,0x00000000,0,000000,0,0,0000,000000,0,0,000,0x00000000,0,0x00000000,0,0x00000000,0
l2,0.0625,0,min-error,metric_min,exp1,0,1,1,0.0218674652,0.024410706,0.0218674652,0.024410706,0.00254324079,78,raw-and-scaled,6,1,fp6_e1m4,fp6_e2m3,4,3,4,57,78,exp2,1,4,1,1,0.0218674652,0.024410706,-3,0x3cc7f8f6,0.024410706,0x3f800000,1,0x00000000,0,0x00000000,0,000000,0,0,0000,000000,0,0,000,0x00000000,0,0x00000000,0,0x00000000,0
l2,0.0625,0,min-error,metric_min,exp1,0,1,1,0.0218674652,0.024410706,0.0218674652,0.024410706,0.00254324079,79,raw-and-scaled,6,1,fp6_e1m4,fp6_e2m3,4,3,4,57,79,exp2,1,4,1,1,0.0218674652,0.024410706,-3,0x3cc7f8f6,0.024410706,0x3f800000,1,0x00000000,0,0x00000000,0,000000,0,0,0000,000000,0,0,000,0x00000000,0,0x00000000,0,0x00000000,0
l2,0.0625,0,min-error,metric_min,exp1,0,1,1,0.0218674652,0.024410706,0.0218674652,0.024410706,0.00254324079,80,raw-and-scaled,6,1,fp6_e1m4,fp6_e2m3,4,3,4,57,80,exp2,1,4,1,1,0.0218674652,0.024410706,-3,0x3cc7f8f6,0.024410706,0x3f800000,1,0x00000000,0,0x00000000,0,000000,0,0,0000,000000,0,0,000,0x00000000,0,0x00000000,0,0x00000000,0
l2,0.0625,0,min-error,metric_min,exp1,0,1,1,0.0218674652,0.024410706,0.0218674652,0.024410706,0.00254324079,81,raw-and-scaled,6,1,fp6_e1m4,fp6_e2m3,4,3,4,57,81,exp2,1,4,1,1,0.0218674652,0.024410706,-3,0x3cc7f8f6,0.024410706,0x3f800000,1,0x00000000,0,0x00000000,0,000000,0,0,0000,000000,0,0,000,0x00000000,0,0x00000000,0,0x00000000,0
l2,0.0625,0,min-error,metric_min,exp1,0,1,1,0.0218674652,0.024410706,0.0218674652,0.024410706,0.00254324079,82,raw-and-scaled,6,1,fp6_e1m4,fp6_e2m3,4,3,4,57,82,exp2,1,4,1,1,0.0218674652,0.024410706,-3,0x3cc7f8f6,0.024410706,0x3f800000,1,0x00000000,0,0x00000000,0,000000,0,0,0000,000000,0,0,000,0x00000000,0,0x00000000,0,0x00000000,0
l2,0.0625,0,min-error,metric_min,exp1,0,1,1,0.0218674652,0.024410706,0.0218674652,0.024410706,0.00254324079,83,raw-and-scaled,6,1,fp6_e1m4,fp6_e2m3,4,3,4,57,83,exp2,1,4,1,1,0.0218674652,0.024410706,-3,0x3cc7f8f6,0.024410706,0x3f800000,1,0x00000000,0,0x00000000,0,000000,0,0,0000,000000,0,0,000,0x00000000,0,0x00000000,0,0x00000000,0
l2,0.0625,0,min-error,metric_min,exp1,0,1,1,0.0218674652,0.024410706,0.0218674652,0.024410706,0.00254324079,84,raw-and-scaled,6,1,fp6_e1m4,fp6_e2m3,4,3,4,57,84,exp2,1,4,1,1,0.0218674652,0.024410706,-3,0x3cc7f8f6,0.024410706,0x3f800000,1,0x00000000,0,0x00000000,0,000000,0,0,0000,000000,0,0,000,0x00000000,0,0x00000000,0,0x00000000,0
l2,0.0625,0,min-error,metric_min,exp1,0,1,1,0.0218674652,0.024410706,0.0218674652,0.024410706,0.00254324079,85,raw-and-scaled,6,1,fp6_e1m4,fp6_e2m3,4,3,4,57,85,exp2,1,4,1,1,0.0218674652,0.024410706,-3,0x3cc7f8f6,0.024410706,0x3f800000,1,0x00000000,0,0x00000000,0,000000,0,0,0000,000000,0,0,000,0x00000000,0,0x00000000,0,0x00000000,0
l2,0.0625,0,min-error,metric_min,exp1,0,1,1,0.0218674652,0.024410706,0.0218674652,0.024410706,0.00254324079,86,raw-and-scaled,6,1,fp6_e1m4,fp6_e2m3,4,3,4,57,86,exp2,1,4,1,1,0.0218674652,0.024410706,-3,0x3cc7f8f6,0.024410706,0x3f800000,1,0x00000000,0,0x00000000,0,000000,0,0,0000,000000,0,0,000,0x00000000,0,0x00000000,0,0x00000000,0
l2,0.0625,0,min-error,metric_min,exp1,0,1,1,0.0218674652,0.024410706,0.0218674652,0.024410706,0.00254324079,87,raw-and-scaled,6,1,fp6_e1m4,fp6_e2m3,4,3,4,57,87,exp2,1,4,1,1,0.0218674652,0.024410706,-3,0x3cc7f8f6,0.024410706,0x3f800000,1,0x00000000,0,0x00000000,0,000000,0,0,0000,000000,0,0,000,0x00000000,0,0x00000000,0,0x00000000,0
l2,0.0625,0,min-error,metric_min,exp1,0,1,1,0.0218674652,0.024410706,0.0218674652,0.024410706,0.00254324079,88,raw-and-scaled,6,1,fp6_e1m4,fp6_e2m3,4,3,4,57,88,exp2,1,4,1,1,0.0218674652,0.024410706,-3,0x3cc7f8f6,0.024410706,0x3f800000,1,0x00000000,0,0x00000000,0,000000,0,0,0000,000000,0,0,000,0x00000000,0,0x00000000,0,0x00000000,0
l2,0.0625,0,min-error,metric_min,exp1,0,1,1,0.0218674652,0.024410706,0.0218674652,0.024410706,0.00254324079,89,raw-and-scaled,6,1,fp6_e1m4,fp6_e2m3,4,3,4,57,89,exp2,1,4,1,1,0.0218674652,0.024410706,-3,0x3cc7f8f6,0.024410706,0x3f800000,1,0x3e3eb4ef,0.186237082,0x3e3eb4ef,0.186237082,000010,0,2,0010,000101,0,5,101,0x3d7ad3bc,0.0612370819,0x3cf5a778,0.0299870819,0xbf800000,-1
l2,0.0625,0,min-error,metric_min,exp1,0,1,1,0.0218674652,0.024410706,0.0218674652,0.024410706,0.00254324079,90,raw-and-scaled,6,1,fp6_e1m4,fp6_e2m3,4,3,4,57,90,exp2,1,4,1,1,0.0218674652,0.024410706,-3,0x3cc7f8f6,0.024410706,0x3f800000,1,0x3b21e105,0.00247007725,0x3b21e105,0.00247007725,000000,0,0,0000,000000,0,0,000,0x3b21e105,0.00247007725,0x3b21e105,0.00247007725,0x00000000,0
l2,0.0625,0,min-error,metric_min,exp1,0,1,1,0.0218674652,0.024410706,0.0218674652,0.024410706,0.00254324079,91,raw-and-scaled,6,1,fp6_e1m4,fp6_e2m3,4,3,4,57,91,exp2,1,4,1,1,0.0218674652,0.024410706,-3,0x3cc7f8f6,0.024410706,0x3f800000,1,0x00000000,0,0x00000000,0,000000,0,0,0000,000000,0,0,000,0x00000000,0,0x00000000,0,0x00000000,0
l2,0.0625,0,min-error,metric_min,exp1,0,1,1,0.0218674652,0.024410706,0.0218674652,0.024410706,0.00254324079,92,raw-and-scaled,6,1,fp6_e1m4,fp6_e2m3,4,3,4,57,92,exp2,1,4,1,1,0.0218674652,0.024410706,-3,0x3cc7f8f6,0.024410706,0x3f800000,1,0x00000000,0,0x00000000,0,000000,0,0,0000,000000,0,0,000,0x00000000,0,0x00000000,0,0x00000000,0
l2,0.0625,0,min-error,metric_min,exp1,0,1,1,0.0218674652,0.024410706,0.0218674652,0.024410706,0.00254324079,93,raw-and-scaled,6,1,fp6_e1m4,fp6_e2m3,4,3,4,57,93,exp2,1,4,1,1,0.0218674652,0.024410706,-3,0x3cc7f8f6,0.024410706,0x3f800000,1,0x00000000,0,0x00000000,0,000000,0,0,0000,000000,0,0,000,0x00000000,0,0x00000000,0,0x00000000,0
l2,0.0625,0,min-error,metric_min,exp1,0,1,1,0.0218674652,0.024410706,0.0218674652,0.024410706,0.00254324079,94,raw-and-scaled,6,1,fp6_e1m4,fp6_e2m3,4,3,4,57,94,exp2,1,4,1,1,0.0218674652,0.024410706,-3,0x3cc7f8f6,0.024410706,0x3f800000,1,0x00000000,0,0x00000000,0,000000,0,0,0000,000000,0,0,000,0x00000000,0,0x00000000,0,0x00000000,0
l2,0.0625,0,min-error,metric_min,exp1,0,1,1,0.0218674652,0.024410706,0.0218674652,0.024410706,0.00254324079,95,raw-and-scaled,6,1,fp6_e1m4,fp6_e2m3,4,3,4,57,95,exp2,1,4,1,1,0.0218674652,0.024410706,-3,0x3cc7f8f6,0.024410706,0x3f800000,1,0xbc804174,-0.0156562105,0xbc804174,-0.0156562105,100000,0,0,0000,100000,0,0,000,0xbc804174,-0.0156562105,0xbc804174,-0.0156562105,0x00000000,0
l2,0.0625,0,min-error,metric_min,exp1,0,1,1,0.0218674652,0.024410706,0.0218674652,0.024410706,0.00254324079,96,raw-and-scaled,6,1,fp6_e1m4,fp6_e2m3,4,3,4,57,96,exp2,1,4,1,1,0.0218674652,0.024410706,-3,0x3cc7f8f6,0.024410706,0x3f800000,1,0x00000000,0,0x00000000,0,000000,0,0,0000,000000,0,0,000,0x00000000,0,0x00000000,0,0x00000000,0
l2,0.0625,0,min-error,metric_min,exp1,0,1,1,0.0218674652,0.024410706,0.0218674652,0.024410706,0.00254324079,97,raw-and-scaled,6,1,fp6_e1m4,fp6_e2m3,4,3,4,57,97,exp2,1,4,1,1,0.0218674652,0.024410706,-3,0x3cc7f8f6,0.024410706,0x3f800000,1,0x00000000,0,0x00000000,0,000000,0,0,0000,000000,0,0,000,0x00000000,0,0x00000000,0,0x00000000,0
l2,0.0625,0,min-error,metric_min,exp1,0,1,1,0.0218674652,0.024410706,0.0218674652,0.024410706,0.00254324079,98,raw-and-scaled,6,1,fp6_e1m4,fp6_e2m3,4,3,4,57,98,exp2,1,4,1,1,0.0218674652,0.024410706,-3,0x3cc7f8f6,0.024410706,0x3f800000,1,0xbc67b700,-0.0141427517,0xbc67b700,-0.0141427517,100000,0,0,0000,100000,0,0,000,0xbc67b700,-0.0141427517,0xbc67b700,-0.0141427517,0x00000000,0
l2,0.0625,0,min-error,metric_min,exp1,0,1,1,0.0218674652,0.024410706,0.0218674652,0.024410706,0.00254324079,99,raw-and-scaled,6,1,fp6_e1m4,fp6_e2m3,4,3,4,57,99,exp2,1,4,1,1,0.0218674652,0.024410706,-3,0x3cc7f8f6,0.024410706,0x3f800000,1,0x00000000,0,0x00000000,0,000000,0,0,0000,000000,0,0,000,0x00000000,0,0x00000000,0,0x00000000,0
l2,0.0625,0,min-error,metric_min,exp1,0,1,1,0.0218674652,0.024410706,0.0218674652,0.024410706,0.00254324079,100,raw-and-scaled,6,1,fp6_e1m4,fp6_e2m3,4,3,4,57,100,exp2,1,4,1,1,0.0218674652,0.024410706,-3,0x3cc7f8f6,0.024410706,0x3f800000,1,0x00000000,0,0x00000000,0,000000,0,0,0000,000000,0,0,000,0x00000000,0,0x00000000,0,0x00000000,0
l2,0.0625,0,min-error,metric_min,exp1,0,1,1,0.0218674652,0.024410706,0.0218674652,0.024410706,0.00254324079,101,raw-and-scaled,6,1,fp6_e1m4,fp6_e2m3,4,3,4,57,101,exp2,1,4,1,1,0.0218674652,0.024410706,-3,0x3cc7f8f6,0.024410706,0x3f800000,1,0xbbfa45e4,-0.00763772614,0xbbfa45e4,-0.00763772614,100000,0,0,0000,100000,0,0,000,0xbbfa45e4,-0.00763772614,0xbbfa45e4,-0.00763772614,0x00000000,0
l2,0.0625,0,min-error,metric_min,exp1,0,1,1,0.0218674652,0.024410706,0.0218674652,0.024410706,0.00254324079,102,raw-and-scaled,6,1,fp6_e1m4,fp6_e2m3,4,3,4,57,102,exp2,1,4,1,1,0.0218674652,0.024410706,-3,0x3cc7f8f6,0.024410706,0x3f800000,1,0x00000000,0,0x00000000,0,000000,0,0,0000,000000,0,0,000,0x00000000,0,0x00000000,0,0x00000000,0
l2,0.0625,0,min-error,metric_min,exp1,0,1,1,0.0218674652,0.024410706,0.0218674652,0.024410706,0.00254324079,103,raw-and-scaled,6,1,fp6_e1m4,fp6_e2m3,4,3,4,57,103,exp2,1,4,1,1,0.0218674652,0.024410706,-3,0x3cc7f8f6,0.024410706,0x3f800000,1,0x00000000,0,0x00000000,0,000000,0,0,0000,000000,0,0,000,0x00000000,0,0x00000000,0,0x00000000,0
l2,0.0625,0,min-error,metric_min,exp1,0,1,1,0.0218674652,0.024410706,0.0218674652,0.024410706,0.00254324079,104,raw-and-scaled,6,1,fp6_e1m4,fp6_e2m3,4,3,4,57,104,exp2,1,4,1,1,0.0218674652,0.024410706,-3,0x3cc7f8f6,0.024410706,0x3f800000,1,0x00000000,0,0x00000000,0,000000,0,0,0000,000000,0,0,000,0x00000000,0,0x00000000,0,0x00000000,0
l2,0.0625,0,min-error,metric_min,exp1,0,1,1,0.0218674652,0.024410706,0.0218674652,0.024410706,0.00254324079,105,raw-and-scaled,6,1,fp6_e1m4,fp6_e2m3,4,3,4,57,105,exp2,1,4,1,1,0.0218674652,0.024410706,-3,0x3cc7f8f6,0.024410706,0x3f800000,1,0x3f93d994,1.15507746,0x3f93d994,1.15507746,010010,1,2,0010,011001,3,1,001,0x3cf66500,0.0300774574,0x3cf66500,0.0300774574,0x00000000,0
l2,0.0625,0,min-error,metric_min,exp1,0,1,1,0.0218674652,0.024410706,0.0218674652,0.024410706,0.00254324079,106,raw-and-scaled,6,1,fp6_e1m4,fp6_e2m3,4,3,4,57,106,exp2,1,4,1,1,0.0218674652,0.024410706,-3,0x3cc7f8f6,0.024410706,0x3f800000,1,0x00000000,0,0x00000000,0,000000,0,0,0000,000000,0,0,000,0x00000000,0,0x00000000,0,0x00000000,0
l2,0.0625,0,min-error,metric_min,exp1,0,1,1,0.0218674652,0.024410706,0.0218674652,0.024410706,0.00254324079,107,raw-and-scaled,6,1,fp6_e1m4,fp6_e2m3,4,3,4,57,107,exp2,1,4,1,1,0.0218674652,0.024410706,-3,0x3cc7f8f6,0.024410706,0x3f800000,1,0x00000000,0,0x00000000,0,000000,0,0,0000,000000,0,0,000,0x00000000,0,0x00000000,0,0x00000000,0
l2,0.0625,0,min-error,metric_min,exp1,0,1,1,0.0218674652,0.024410706,0.0218674652,0.024410706,0.00254324079,108,raw-and-scaled,6,1,fp6_e1m4,fp6_e2m3,4,3,4,57,108,exp2,1,4,1,1,0.0218674652,0.024410706,-3,0x3cc7f8f6,0.024410706,0x3f800000,1,0x3e8b5d01,0.272193938,0x3e8b5d01,0.272193938,000100,0,4,0100,001000,1,0,000,0x3cb5d010,0.0221939385,0x3cb5d010,0.0221939385,0x80000000,-0
l2,0.0625,0,min-error,metric_min,exp1,0,1,1,0.0218674652,0.024410706,0.0218674652,0.024410706,0.00254324079,109,raw-and-scaled,6,1,fp6_e1m4,fp6_e2m3,4,3,4,57,109,exp2,1,4,1,1,0.0218674652,0.024410706,-3,0x3cc7f8f6,0.024410706,0x3f800000,1,0x00000000,0,0x00000000,0,000000,0,0,0000,000000,0,0,000,0x00000000,0,0x00000000,0,0x00000000,0
l2,0.0625,0,min-error,metric_min,exp1,0,1,1,0.0218674652,0.024410706,0.0218674652,0.024410706,0.00254324079,110,raw-and-scaled,6,1,fp6_e1m4,fp6_e2m3,4,3,4,57,110,exp2,1,4,1,1,0.0218674652,0.024410706,-3,0x3cc7f8f6,0.024410706,0x3f800000,1,0x00000000,0,0x00000000,0,000000,0,0,0000,000000,0,0,000,0x00000000,0,0x00000000,0,0x00000000,0
l2,0.0625,0,min-error,metric_min,exp1,0,1,1,0.0218674652,0.024410706,0.0218674652,0.024410706,0.00254324079,111,raw-and-scaled,6,1,fp6_e1m4,fp6_e2m3,4,3,4,57,111,exp2,1,4,1,1,0.0218674652,0.024410706,-3,0x3cc7f8f6,0.024410706,0x3f800000,1,0x00000000,0,0x00000000,0,000000,0,0,0000,000000,0,0,000,0x00000000,0,0x00000000,0,0x00000000,0
l2,0.0625,0,min-error,metric_min,exp1,0,1,1,0.0218674652,0.024410706,0.0218674652,0.024410706,0.00254324079,112,raw-and-scaled,6,1,fp6_e1m4,fp6_e2m3,4,3,4,57,112,exp2,1,4,1,1,0.0218674652,0.024410706,-3,0x3cc7f8f6,0.024410706,0x3f800000,1,0x3ab40a8e,0.00137360557,0x3ab40a8e,0.00137360557,000000,0,0,0000,000000,0,0,000,0x3ab40a8e,0.00137360557,0x3ab40a8e,0.00137360557,0x00000000,0
l2,0.0625,0,min-error,metric_min,exp1,0,1,1,0.0218674652,0.024410706,0.0218674652,0.024410706,0.00254324079,113,raw-and-scaled,6,1,fp6_e1m4,fp6_e2m3,4,3,4,57,113,exp2,1,4,1,1,0.0218674652,0.024410706,-3,0x3cc7f8f6,0.024410706,0x3f800000,1,0x00000000,0,0x00000000,0,000000,0,0,0000,000000,0,0,000,0x00000000,0,0x00000000,0,0x00000000,0
l2,0.0625,0,min-error,metric_min,exp1,0,1,1,0.0218674652,0.024410706,0.0218674652,0.024410706,0.00254324079,114,raw-and-scaled,6,1,fp6_e1m4,fp6_e2m3,4,3,4,57,114,exp2,1,4,1,1,0.0218674652,0.024410706,-3,0x3cc7f8f6,0.024410706,0x3f800000,1,0xbfaf6a5f,-1.37043369,0xbfaf6a5f,-1.37043369,110101,1,5,0101,111010,3,2,010,0xbd6d4be0,-0.0579336882,0xbdf6a5f0,-0.120433688,0x3f800000,1
l2,0.0625,0,min-error,metric_min,exp1,0,1,1,0.0218674652,0.024410706,0.0218674652,0.024410706,0.00254324079,115,raw-and-scaled,6,1,fp6_e1m4,fp6_e2m3,4,3,4,57,115,exp2,1,4,1,1,0.0218674652,0.024410706,-3,0x3cc7f8f6,0.024410706,0x3f800000,1,0x00000000,0,0x00000000,0,000000,0,0,0000,000000,0,0,000,0x00000000,0,0x00000000,0,0x00000000,0
l2,0.0625,0,min-error,metric_min,exp1,0,1,1,0.0218674652,0.024410706,0.0218674652,0.024410706,0.00254324079,116,raw-and-scaled,6,1,fp6_e1m4,fp6_e2m3,4,3,4,57,116,exp2,1,4,1,1,0.0218674652,0.024410706,-3,0x3cc7f8f6,0.024410706,0x3f800000,1,0x00000000,0,0x00000000,0,000000,0,0,0000,000000,0,0,000,0x00000000,0,0x00000000,0,0x00000000,0
l2,0.0625,0,min-error,metric_min,exp1,0,1,1,0.0218674652,0.024410706,0.0218674652,0.024410706,0.00254324079,117,raw-and-scaled,6,1,fp6_e1m4,fp6_e2m3,4,3,4,57,117,exp2,1,4,1,1,0.0218674652,0.024410706,-3,0x3cc7f8f6,0.024410706,0x3f800000,1,0x00000000,0,0x00000000,0,000000,0,0,0000,000000,0,0,000,0x00000000,0,0x00000000,0,0x00000000,0
l2,0.0625,0,min-error,metric_min,exp1,0,1,1,0.0218674652,0.024410706,0.0218674652,0.024410706,0.00254324079,118,raw-and-scaled,6,1,fp6_e1m4,fp6_e2m3,4,3,4,57,118,exp2,1,4,1,1,0.0218674652,0.024410706,-3,0x3cc7f8f6,0.024410706,0x3f800000,1,0x3bd83331,0.00659789937,0x3bd83331,0.00659789937,000000,0,0,0000,000000,0,0,000,0x3bd83331,0.00659789937,0x3bd83331,0.00659789937,0x00000000,0
l2,0.0625,0,min-error,metric_min,exp1,0,1,1,0.0218674652,0.024410706,0.0218674652,0.024410706,0.00254324079,119,raw-and-scaled,6,1,fp6_e1m4,fp6_e2m3,4,3,4,57,119,exp2,1,4,1,1,0.0218674652,0.024410706,-3,0x3cc7f8f6,0.024410706,0x3f800000,1,0x00000000,0,0x00000000,0,000000,0,0,0000,000000,0,0,000,0x00000000,0,0x00000000,0,0x00000000,0
l2,0.0625,0,min-error,metric_min,exp1,0,1,1,0.0218674652,0.024410706,0.0218674652,0.024410706,0.00254324079,120,raw-and-scaled,6,1,fp6_e1m4,fp6_e2m3,4,3,4,57,120,exp2,1,4,1,1,0.0218674652,0.024410706,-3,0x3cc7f8f6,0.024410706,0x3f800000,1,0x00000000,0,0x00000000,0,000000,0,0,0000,000000,0,0,000,0x00000000,0,0x00000000,0,0x00000000,0
l2,0.0625,0,min-error,metric_min,exp1,0,1,1,0.0218674652,0.024410706,0.0218674652,0.024410706,0.00254324079,121,raw-and-scaled,6,1,fp6_e1m4,fp6_e2m3,4,3,4,57,121,exp2,1,4,1,1,0.0218674652,0.024410706,-3,0x3cc7f8f6,0.024410706,0x3f800000,1,0x00000000,0,0x00000000,0,000000,0,0,0000,000000,0,0,000,0x00000000,0,0x00000000,0,0x00000000,0
l2,0.0625,0,min-error,metric_min,exp1,0,1,1,0.0218674652,0.024410706,0.0218674652,0.024410706,0.00254324079,122,raw-and-scaled,6,1,fp6_e1m4,fp6_e2m3,4,3,4,57,122,exp2,1,4,1,1,0.0218674652,0.024410706,-3,0x3cc7f8f6,0.024410706,0x3f800000,1,0x3d80e166,0.0629299134,0x3d80e166,0.0629299134,000001,0,1,0001,000010,0,2,010,0x39e16600,0.000429913402,0x39e16600,0.000429913402,0x80000000,-0
l2,0.0625,0,min-error,metric_min,exp1,0,1,1,0.0218674652,0.024410706,0.0218674652,0.024410706,0.00254324079,123,raw-and-scaled,6,1,fp6_e1m4,fp6_e2m3,4,3,4,57,123,exp2,1,4,1,1,0.0218674652,0.024410706,-3,0x3cc7f8f6,0.024410706,0x3f800000,1,0xbe7f25da,-0.24916783,0xbe7f25da,-0.24916783,100011,0,3,0011,100111,0,7,111,0xbd7c9768,-0.0616678298,0xbcf92ed0,-0.0304178298,0xbf800000,-1
l2,0.0625,0,min-error,metric_min,exp1,0,1,1,0.0218674652,0.024410706,0.0218674652,0.024410706,0.00254324079,124,raw-and-scaled,6,1,fp6_e1m4,fp6_e2m3,4,3,4,57,124,exp2,1,4,1,1,0.0218674652,0.024410706,-3,0x3cc7f8f6,0.024410706,0x3f800000,1,0x00000000,0,0x00000000,0,000000,0,0,0000,000000,0,0,000,0x00000000,0,0x00000000,0,0x00000000,0
l2,0.0625,0,min-error,metric_min,exp1,0,1,1,0.0218674652,0.024410706,0.0218674652,0.024410706,0.00254324079,125,raw-and-scaled,6,1,fp6_e1m4,fp6_e2m3,4,3,4,57,125,exp2,1,4,1,1,0.0218674652,0.024410706,-3,0x3cc7f8f6,0.024410706,0x3f800000,1,0x00000000,0,0x00000000,0,000000,0,0,0000,000000,0,0,000,0x00000000,0,0x00000000,0,0x00000000,0
l2,0.0625,0,min-error,metric_min,exp1,0,1,1,0.0218674652,0.024410706,0.0218674652,0.024410706,0.00254324079,126,raw-and-scaled,6,1,fp6_e1m4,fp6_e2m3,4,3,4,57,126,exp2,1,4,1,1,0.0218674652,0.024410706,-3,0x3cc7f8f6,0.024410706,0x3f800000,1,0x00000000,0,0x00000000,0,000000,0,0,0000,000000,0,0,000,0x00000000,0,0x00000000,0,0x00000000,0
l2,0.0625,0,min-error,metric_min,exp1,0,1,1,0.0218674652,0.024410706,0.0218674652,0.024410706,0.00254324079,127,raw-and-scaled,6,1,fp6_e1m4,fp6_e2m3,4,3,4,57,127,exp2,1,4,1,1,0.0218674652,0.024410706,-3,0x3cc7f8f6,0.024410706,0x3f800000,1,0x00000000,0,0x00000000,0,000000,0,0,0000,000000,0,0,000,0x00000000,0,0x00000000,0,0x00000000,0
l2,0.0625,0,min-error,metric_min,exp1,0,1,1,0.0291609094,0.0299319383,0.0291609094,0.0299319383,0.000771028921,0,raw-and-scaled,6,1,fp6_e1m4,fp6_e2m3,4,3,4,69,0,exp2,2,8,2,2,0.0291609094,0.0299319383,-6,0x3cf533d3,0.0299319383,0x3f800000,1,0x00000000,0,0x00000000,0,000000,0,0,0000,000000,0,0,000,0x00000000,0,0x00000000,0,0x00000000,0
l2,0.0625,0,min-error,metric_min,exp1,0,1,1,0.0291609094,0.0299319383,0.0291609094,0.0299319383,0.000771028921,1,raw-and-scaled,6,1,fp6_e1m4,fp6_e2m3,4,3,4,69,1,exp2,2,8,2,2,0.0291609094,0.0299319383,-6,0x3cf533d3,0.0299319383,0x3f800000,1,0x00000000,0,0x00000000,0,000000,0,0,0000,000000,0,0,000,0x00000000,0,0x00000000,0,0x00000000,0
l2,0.0625,0,min-error,metric_min,exp1,0,1,1,0.0291609094,0.0299319383,0.0291609094,0.0299319383,0.000771028921,2,raw-and-scaled,6,1,fp6_e1m4,fp6_e2m3,4,3,4,69,2,exp2,2,8,2,2,0.0291609094,0.0299319383,-6,0x3cf533d3,0.0299319383,0x3f800000,1,0x00000000,0,0x00000000,0,000000,0,0,0000,000000,0,0,000,0x00000000,0,0x00000000,0,0x00000000,0
l2,0.0625,0,min-error,metric_min,exp1,0,1,1,0.0291609094,0.0299319383,0.0291609094,0.0299319383,0.000771028921,3,raw-and-scaled,6,1,fp6_e1m4,fp6_e2m3,4,3,4,69,3,exp2,2,8,2,2,0.0291609094,0.0299319383,-6,0x3cf533d3,0.0299319383,0x3f800000,1,0x00000000,0,0x00000000,0,000000,0,0,0000,000000,0,0,000,0x00000000,0,0x00000000,0,0x00000000,0
l2,0.0625,0,min-error,metric_min,exp1,0,1,1,0.0291609094,0.0299319383,0.0291609094,0.0299319383,0.000771028921,4,raw-and-scaled,6,1,fp6_e1m4,fp6_e2m3,4,3,4,69,4,exp2,2,8,2,2,0.0291609094,0.0299319383,-6,0x3cf533d3,0.0299319383,0x3f800000,1,0x00000000,0,0x00000000,0,000000,0,0,0000,000000,0,0,000,0x00000000,0,0x00000000,0,0x00000000,0
l2,0.0625,0,min-error,metric_min,exp1,0,1,1,0.0291609094,0.0299319383,0.0291609094,0.0299319383,0.000771028921,5,raw-and-scaled,6,1,fp6_e1m4,fp6_e2m3,4,3,4,69,5,exp2,2,8,2,2,0.0291609094,0.0299319383,-6,0x3cf533d3,0.0299319383,0x3f800000,1,0xbfc61b59,-1.54770958,0xbfc61b59,-1.54770958,111000,1,8,1000,111100,3,4,100,0xbd436b20,-0.0477095842,0xbd436b20,-0.0477095842,0x00000000,0
l2,0.0625,0,min-error,metric_min,exp1,0,1,1,0.0291609094,0.0299319383,0.0291609094,0.0299319383,0.000771028921,6,raw-and-scaled,6,1,fp6_e1m4,fp6_e2m3,4,3,4,69,6,exp2,2,8,2,2,0.0291609094,0.0299319383,-6,0x3cf533d3,0.0299319383,0x3f800000,1,0xba8aeb66,-0.00105987187,0xba8aeb66,-0.00105987187,100000,0,0,0000,100000,0,0,000,0xba8aeb66,-0.00105987187,0xba8aeb66,-0.00105987187,0x00000000,0
l2,0.0625,0,min-error,metric_min,exp1,0,1,1,0.0291609094,0.0299319383,0.0291609094,0.0299319383,0.000771028921,7,raw-and-scaled,6,1,fp6_e1m4,fp6_e2m3,4,3,4,69,7,exp2,2,8,2,2,0.0291609094,0.0299319383,-6,0x3cf533d3,0.0299319383,0x3f800000,1,0x00000000,0,0x00000000,0,000000,0,0,0000,000000,0,0,000,0x00000000,0,0x00000000,0,0x00000000,0
l2,0.0625,0,min-error,metric_min,exp1,0,1,1,0.0291609094,0.0299319383,0.0291609094,0.0299319383,0.000771028921,8,raw-and-scaled,6,1,fp6_e1m4,fp6_e2m3,4,3,4,69,8,exp2,2,8,2,2,0.0291609094,0.0299319383,-6,0x3cf533d3,0.0299319383,0x3f800000,1,0x00000000,0,0x00000000,0,000000,0,0,0000,000000,0,0,000,0x00000000,0,0x00000000,0,0x00000000,0
l2,0.0625,0,min-error,metric_min,exp1,0,1,1,0.0291609094,0.0299319383,0.0291609094,0.0299319383,0.000771028921,9,raw-and-scaled,6,1,fp6_e1m4,fp6_e2m3,4,3,4,69,9,exp2,2,8,2,2,0.0291609094,0.0299319383,-6,0x3cf533d3,0.0299319383,0x3f800000,1,0x3b431844,0.00297691021,0x3b431844,0.00297691021,000000,0,0,0000,000000,0,0,000,0x3b431844,0.00297691021,0x3b431844,0.00297691021,0x00000000,0
l2,0.0625,0,min-error,metric_min,exp1,0,1,1,0.0291609094,0.0299319383,0.0291609094,0.0299319383,0.000771028921,10,raw-and-scaled,6,1,fp6_e1m4,fp6_e2m3,4,3,4,69,10,exp2,2,8,2,2,0.0291609094,0.0299319383,-6,0x3cf533d3,0.0299319383,0x3f800000,1,0x00000000,0,0x00000000,0,000000,0,0,0000,000000,0,0,000,0x00000000,0,0x00000000,0,0x00000000,0
l2,0.0625,0,min-error,metric_min,exp1,0,1,1,0.0291609094,0.0299319383,0.0291609094,0.0299319383,0.000771028921,11,raw-and-scaled,6,1,fp6_e1m4,fp6_e2m3,4,3,4,69,11,exp2,2,8,2,2,0.0291609094,0.0299319383,-6,0x3cf533d3,0.0299319383,0x3f800000,1,0xbe906171,-0.281993419,0xbe906171,-0.281993419,100100,0,4,0100,101001,1,1,001,0xbd030b88,-0.0319934189,0xba42e200,-0.000743418932,0xbf800000,-1
l2,0.0625,0,min-error,metric_min,exp1,0,1,1,0.0291609094,0.0299319383,0.0291609094,0.0299319383,0.000771028921,12,raw-and-scaled,6,1,fp6_e1m4,fp6_e2m3,4,3,4,69,12,exp2,2,8,2,2,0.0291609094,0.0299319383,-6,0x3cf533d3,0.0299319383,0x3f800000,1,0x00000000,0,0x00000000,0,000000,0,0,0000,000000,0,0,000,0x00000000,0,0x00000000,0,0x00000000,0
l2,0.0625,0,min-error,metric_min,exp1,0,1,1,0.0291609094,0.0299319383,0.0291609094,0.0299319383,0.000771028921,13,raw-and-scaled,6,1,fp6_e1m4,fp6_e2m3,4,3,4,69,13,exp2,2,8,2,2,0.0291609094,0.0299319383,-6,0x3cf533d3,0.0299319383,0x3f800000,1,0xbdbc2bf2,-0.091880694,0xbdbc2bf2,-0.091880694,100001,0,1,0001,100010,0,2,010,0xbcf0afc8,-0.029380694,0xbcf0afc8,-0.029380694,0x80000000,-0
l2,0.0625,0,min-error,metric_min,exp1,0,1,1,0.0291609094,0.0299319383,0.0291609094,0.0299319383,0.000771028921,14,raw-and-scaled,6,1,fp6_e1m4,fp6_e2m3,4,3,4,69,14,exp2,2,8,2,2,0.0291609094,0.0299319383,-6,0x3cf533d3,0.0299319383,0x3f800000,1,0x00000000,0,0x00000000,0,000000,0,0,0000,000000,0,0,000,0x00000000,0,0x00000000,0,0x00000000,0
l2,0.0625,0,min-error,metric_min,exp1,0,1,1,0.0291609094,0.0299319383,0.0291609094,0.0299319383,0.000771028921,15,raw-and-scaled,6,1,fp6_e1m4,fp6_e2m3,4,3,4,69,15,exp2,2,8,2,2,0.0291609094,0.0299319383,-6,0x3cf533d3,0.0299319383,0x3f800000,1,0x3da797cf,0.0818325207,0x3da797cf,0.0818325207,000001,0,1,0001,000010,0,2,010,0x3c9e5f3c,0.0193325207,0x3c9e5f3c,0.0193325207,0x80000000,-0
l2,0.0625,0,min-error,metric_min,exp1,0,1,1,0.0291609094,0.0299319383,0.0291609094,0.0299319383,0.000771028921,16,raw-and-scaled,6,1,fp6_e1m4,fp6_e2m3,4,3,4,69,16,exp2,2,8,2,2,0.0291609094,0.0299319383,-6,0x3cf533d3,0.0299319383,0x3f800000,1,0x3ab7e493,0.00140299124,0x3ab7e493,0.00140299124,000000,0,0,0000,000000,0,0,000,0x3ab7e493,0.00140299124,0x3ab7e493,0.00140299124,0x00000000,0
l2,0.0625,0,min-error,metric_min,exp1,0,1,1,0.0291609094,0.0299319383,0.0291609094,0.0299319383,0.000771028921,17,raw-and-scaled,6,1,fp6_e1m4,fp6_e2m3,4,3,4,69,17,exp2,2,8,2,2,0.0291609094,0.0299319383,-6,0x3cf533d3,0.0299319383,0x3f800000,1,0x00000000,0,0x00000000,0,000000,0,0,0000,000000,0,0,000,0x00000000,0,0x00000000,0,0x00000000,0
l2,0.0625,0,min-error,metric_min,exp1,0,1,1,0.0291609094,0.0299319383,0.0291609094,0.0299319383,0.000771028921,18,raw-and-scaled,6,1,fp6_e1m4,fp6_e2m3,4,3,4,69,18,exp2,2,8,2,2,0.0291609094,0.0299319383,-6,0x3cf533d3,0.0299319383,0x3f800000,1,0x00000000,0,0x00000000,0,000000,0,0,0000,000000,0,0,000,0x00000000,0,0x00000000,0,0x00000000,0
l2,0.0625,0,min-error,metric_min,exp1,0,1,1,0.0291609094,0.0299319383,0.0291609094,0.0299319383,0.000771028921,19,raw-and-scaled,6,1,fp6_e1m4,fp6_e2m3,4,3,4,69,19,exp2,2,8,2,2,0.0291609094,0.0299319383,-6,0x3cf533d3,0.0299319383,0x3f800000,1,0x00000000,0,0x00000000,0,000000,0,0,0000,000000,0,0,000,0x00000000,0,0x00000000,0,0x00000000,0
l2,0.0625,0,min-error,metric_min,exp1,0,1,1,0.0291609094,0.0299319383,0.0291609094,0.0299319383,0.000771028921,20,raw-and-scaled,6,1,fp6_e1m4,fp6_e2m3,4,3,4,69,20,exp2,2,8,2,2,0.0291609094,0.0299319383,-6,0x3cf533d3,0.0299319383,0x3f800000,1,0x00000000,0,0x00000000,0,000000,0,0,0000,000000,0,0,000,0x00000000,0,0x00000000,0,0x00000000,0
l2,0.0625,0,min-error,metric_min,exp1,0,1,1,0.0291609094,0.0299319383,0.0291609094,0.0299319383,0.000771028921,21,raw-and-scaled,6,1,fp6_e1m4,fp6_e2m3,4,3,4,69,21,exp2,2,8,2,2,0.0291609094,0.0299319383,-6,0x3cf533d3,0.0299319383,0x3f800000,1,0x00000000,0,0x00000000,0,000000,0,0,0000,000000,0,0,000,0x00000000,0,0x00000000,0,0x00000000,0
l2,0.0625,0,min-error,metric_min,exp1,0,1,1,0.0291609094,0.0299319383,0.0291609094,0.0299319383,0.000771028921,22,raw-and-scaled,6,1,fp6_e1m4,fp6_e2m3,4,3,4,69,22,exp2,2,8,2,2,0.0291609094,0.0299319383,-6,0x3cf533d3,0.0299319383,0x3f800000,1,0xbf728329,-0.947313845,0xbf728329,-0.947313845,101111,0,15,1111,110111,2,7,111,0xbc20ca40,-0.00981384516,0xbc20ca40,-0.00981384516,0x00000000,0
l2,0.0625,0,min-error,metric_min,exp1,0,1,1,0.0291609094,0.0299319383,0.0291609094,0.0299319383,0.000771028921,23,raw-and-scaled,6,1,fp6_e1m4,fp6_e2m3,4,3,4,69,23,exp2,2,8,2,2,0.0291609094,0.0299319383,-6,0x3cf533d3,0.0299319383,0x3f800000,1,0x00000000,0,0x00000000,0,000000,0,0,0000,000000,0,0,000,0x00000000,0,0x00000000,0,0x00000000,0
l2,0.0625,0,min-error,metric_min,exp1,0,1,1,0.0291609094,0.0299319383,0.0291609094,0.0299319383,0.000771028921,24,raw-and-scaled,6,1,fp6_e1m4,fp6_e2m3,4,3,4,69,24,exp2,2,8,2,2,0.0291609094,0.0299319383,-6,0x3cf533d3,0.0299319383,0x3f800000,1,0x00000000,0,0x00000000,0,000000,0,0,0000,000000,0,0,000,0x00000000,0,0x00000000,0,0x00000000,0
l2,0.0625,0,min-error,metric_min,exp1,0,1,1,0.0291609094,0.0299319383,0.0291609094,0.0299319383,0.000771028921,25,raw-and-scaled,6,1,fp6_e1m4,fp6_e2m3,4,3,4,69,25,exp2,2,8,2,2,0.0291609094,0.0299319383,-6,0x3cf533d3,0.0299319383,0x3f800000,1,0xbbfd020f,-0.00772119267,0xbbfd020f,-0.00772119267,100000,0,0,0000,100000,0,0,000,0xbbfd020f,-0.00772119267,0xbbfd020f,-0.00772119267,0x00000000,0
l2,0.0625,0,min-error,metric_min,exp1,0,1,1,0.0291609094,0.0299319383,0.0291609094,0.0299319383,0.000771028921,26,raw-and-scaled,6,1,fp6_e1m4,fp6_e2m3,4,3,4,69,26,exp2,2,8,2,2,0.0291609094,0.0299319383,-6,0x3cf533d3,0.0299319383,0x3f800000,1,0x00000000,0,0x00000000,0,000000,0,0,0000,000000,0,0,000,0x00000000,0,0x00000000,0,0x00000000,0
l2,0.0625,0,min-error,metric_min,exp1,0,1,1,0.0291609094,0.0299319383,0.0291609094,0.0299319383,0.000771028921,27,raw-and-scaled,6,1,fp6_e1m4,fp6_e2m3,4,3,4,69,27,exp2,2,8,2,2,0.0291609094,0.0299319383,-6,0x3cf533d3,0.0299319383,0x3f800000,1,0x00000000,0,0x00000000,0,000000,0,0,0000,000000,0,0,000,0x00000000,0,0x00000000,0,0x00000000,0
l2,0.0625,0,min-error,metric_min,exp1,0,1,1,0.0291609094,0.0299319383,0.0291609094,0.0299319383,0.000771028921,28,raw-and-scaled,6,1,fp6_e1m4,fp6_e2m3,4,3,4,69,28,exp2,2,8,2,2,0.0291609094,0.0299319383,-6,0x3cf533d3,0.0299319383,0x3f800000,1,0x00000000,0,0x00000000,0,000000,0,0,0000,000000,0,0,000,0x00000000,0,0x00000000,0,0x00000000,0
l2,0.0625,0,min-error,metric_min,exp1,0,1,1,0.0291609094,0.0299319383,0.0291609094,0.0299319383,0.000771028921,29,raw-and-scaled,6,1,fp6_e1m4,fp6_e2m3,4,3,4,69,29,exp2,2,8,2,2,0.0291609094,0.0299319383,-6,0x3cf533d3,0.0299319383,0x3f800000,1,0x00000000,0,0x00000000,0,000000,0,0,0000,000000,0,0,000,0x00000000,0,0x00000000,0,0x00000000,0
l2,0.0625,0,min-error,metric_min,exp1,0,1,1,0.0291609094,0.0299319383,0.0291609094,0.0299319383,0.000771028921,30,raw-and-scaled,6,1,fp6_e1m4,fp6_e2m3,4,3,4,69,30,exp2,2,8,2,2,0.0291609094,0.0299319383,-6,0x3cf533d3,0.0299319383,0x3f800000,1,0x00000000,0,0x00000000,0,000000,0,0,0000,000000,0,0,000,0x00000000,0,0x00000000,0,0x00000000,0
l2,0.0625,0,min-error,metric_min,exp1,0,1,1,0.0291609094,0.0299319383,0.0291609094,0.0299319383,0.000771028921,31,raw-and-scaled,6,1,fp6_e1m4,fp6_e2m3,4,3,4,69,31,exp2,2,8,2,2,0.0291609094,0.0299319383,-6,0x3cf533d3,0.0299319383,0x3f800000,1,0x00000000,0,0x00000000,0,000000,0,0,0000,000000,0,0,000,0x00000000,0,0x00000000,0,0x00000000,0
l2,0.0625,0,min-error,metric_min,exp1,0,1,1,0.0291609094,0.0299319383,0.0291609094,0.0299319383,0.000771028921,32,raw-and-scaled,6,1,fp6_e1m4,fp6_e2m3,4,3,4,69,32,exp2,2,8,2,2,0.0291609094,0.0299319383,-6,0x3cf533d3,0.0299319383,0x3f800000,1,0x00000000,0,0x00000000,0,000000,0,0,0000,000000,0,0,000,0x00000000,0,0x00000000,0,0x00000000,0
l2,0.0625,0,min-error,metric_min,exp1,0,1,1,0.0291609094,0.0299319383,0.0291609094,0.0299319383,0.000771028921,33,raw-and-scaled,6,1,fp6_e1m4,fp6_e2m3,4,3,4,69,33,exp2,2,8,2,2,0.0291609094,0.0299319383,-6,0x3cf533d3,0.0299319383,0x3f800000,1,0x00000000,0,0x00000000,0,000000,0,0,0000,000000,0,0,000,0x00000000,0,0x00000000,0,0x00000000,0
l2,0.0625,0,min-error,metric_min,exp1,0,1,1,0.0291609094,0.0299319383,0.0291609094,0.0299319383,0.000771028921,34,raw-and-scaled,6,1,fp6_e1m4,fp6_e2m3,4,3,4,69,34,exp2,2,8,2,2,0.0291609094,0.0299319383,-6,0x3cf533d3,0.0299319383,0x3f800000,1,0x00000000,0,0x00000000,0,000000,0,0,0000,000000,0,0,000,0x00000000,0,0x00000000,0,0x00000000,0
l2,0.0625,0,min-error,metric_min,exp1,0,1,1,0.0291609094,0.0299319383,0.0291609094,0.0299319383,0.000771028921,35,raw-and-scaled,6,1,fp6_e1m4,fp6_e2m3,4,3,4,69,35,exp2,2,8,2,2,0.0291609094,0.0299319383,-6,0x3cf533d3,0.0299319383,0x3f800000,1,0xbc49b866,-0.0123120304,0xbc49b866,-0.0123120304,100000,0,0,0000,100000,0,0,000,0xbc49b866,-0.0123120304,0xbc49b866,-0.0123120304,0x00000000,0
l2,0.0625,0,min-error,metric_min,exp1,0,1,1,0.0291609094,0.0299319383,0.0291609094,0.0299319383,0.000771028921,36,raw-and-scaled,6,1,fp6_e1m4,fp6_e2m3,4,3,4,69,36,exp2,2,8,2,2,0.0291609094,0.0299319383,-6,0x3cf533d3,0.0299319383,0x3f800000,1,0x00000000,0,0x00000000,0,000000,0,0,0000,000000,0,0,000,0x00000000,0,0x00000000,0,0x00000000,0
l2,0.0625,0,min-error,metric_min,exp1,0,1,1,0.0291609094,0.0299319383,0.0291609094,0.0299319383,0.000771028921,37,raw-and-scaled,6,1,fp6_e1m4,fp6_e2m3,4,3,4,69,37,exp2,2,8,2,2,0.0291609094,0.0299319383,-6,0x3cf533d3,0.0299319383,0x3f800000,1,0x00000000,0,0x00000000,0,000000,0,0,0000,000000,0,0,000,0x00000000,0,0x00000000,0,0x00000000,0
l2,0.0625,0,min-error,metric_min,exp1,0,1,1,0.0291609094,0.0299319383,0.0291609094,0.0299319383,0.000771028921,38,raw-and-scaled,6,1,fp6_e1m4,fp6_e2m3,4,3,4,69,38,exp2,2,8,2,2,0.0291609094,0.0299319383,-6,0x3cf533d3,0.0299319383,0x3f800000,1,0x00000000,0,0x00000000,0,000000,0,0,0000,000000,0,0,000,0x00000000,0,0x00000000,0,0x00000000,0
l2,0.0625,0,min-error,metric_min,exp1,0,1,1,0.0291609094,0.0299319383,0.0291609094,0.0299319383,0.000771028921,39,raw-and-scaled,6,1,fp6_e1m4,fp6_e2m3,4,3,4,69,39,exp2,2,8,2,2,0.0291609094,0.0299319383,-6,0x3cf533d3,0.0299319383,0x3f800000,1,0xbd63be3a,-0.0556013361,0xbd63be3a,-0.0556013361,100000,0,0,0000,100001,0,1,001,0xbd63be3a,-0.0556013361,0xbcc77c74,-0.0243513361,0xbf800000,-1
l2,0.0625,0,min-error,metric_min,exp1,0,1,1,0.0291609094,0.0299319383,0.0291609094,0.0299319383,0.000771028921,40,raw-and-scaled,6,1,fp6_e1m4,fp6_e2m3,4,3,4,69,40,exp2,2,8,2,2,0.0291609094,0.0299319383,-6,0x3cf533d3,0.0299319383,0x3f800000,1,0xbb6c5cdb,-0.00360660884,0xbb6c5cdb,-0.00360660884,100000,0,0,0000,100000,0,0,000,0xbb6c5cdb,-0.00360660884,0xbb6c5cdb,-0.00360660884,0x00000000,0
l2,0.0625,0,min-error,metric_min,exp1,0,1,1,0.0291609094,0.0299319383,0.0291609094,0.0299319383,0.000771028921,41,raw-and-scaled,6,1,fp6_e1m4,fp6_e2m3,4,3,4,69,41,exp2,2,8,2,2,0.0291609094,0.0299319383,-6,0x3cf533d3,0.0299319383,0x3f800000,1,0x00000000,0,0x00000000,0,000000,0,0,0000,000000,0,0,000,0x00000000,0,0x00000000,0,0x00000000,0
l2,0.0625,0,min-error,metric_min,exp1,0,1,1,0.0291609094,0.0299319383,0.0291609094,0.0299319383,0.000771028921,42,raw-and-scaled,6,1,fp6_e1m4,fp6_e2m3,4,3,4,69,42,exp2,2,8,2,2,0.0291609094,0.0299319383,-6,0x3cf533d3,0.0299319383,0x3f800000,1,0x00000000,0,0x00000000,0,000000,0,0,0000,000000,0,0,000,0x00000000,0,0x00000000,0,0x00000000,0
l2,0.0625,0,min-error,metric_min,exp1,0,1,1,0.0291609094,0.0299319383,0.0291609094,0.0299319383,0.000771028921,43,raw-and-scaled,6,1,fp6_e1m4,fp6_e2m3,4,3,4,69,43,exp2,2,8,2,2,0.0291609094,0.0299319383,-6,0x3cf533d3,0.0299319383,0x3f800000,1,0xbc31994f,-0.0108397743,0xbc31994f,-0.0108397743,100000,0,0,0000,100000,0,0,000,0xbc31994f,-0.0108397743,0xbc31994f,-0.0108397743,0x00000000,0
l2,0.0625,0,min-error,metric_min,exp1,0,1,1,0.0291609094,0.0299319383,0.0291609094,0.0299319383,0.000771028921,44,raw-and-scaled,6,1,fp6_e1m4,fp6_e2m3,4,3,4,69,44,exp2,2,8,2,2,0.0291609094,0.0299319383,-6,0x3cf533d3,0.0299319383,0x3f800000,1,0x00000000,0,0x00000000,0,000000,0,0,0000,000000,0,0,000,0x00000000,0,0x00000000,0,0x00000000,0
l2,0.0625,0,min-error,metric_min,exp1,0,1,1,0.0291609094,0.0299319383,0.0291609094,0.0299319383,0.000771028921,45,raw-and-scaled,6,1,fp6_e1m4,fp6_e2m3,4,3,4,69,45,exp2,2,8,2,2,0.0291609094,0.0299319383,-6,0x3cf533d3,0.0299319383,0x3f800000,1,0x00000000,0,0x00000000,0,000000,0,0,0000,000000,0,0,000,0x00000000,0,0x00000000,0,0x00000000,0
l2,0.0625,0,min-error,metric_min,exp1,0,1,1,0.0291609094,0.0299319383,0.0291609094,0.0299319383,0.000771028921,46,raw-and-scaled,6,1,fp6_e1m4,fp6_e2m3,4,3,4,69,46,exp2,2,8,2,2,0.0291609094,0.0299319383,-6,0x3cf533d3,0.0299319383,0x3f800000,1,0x00000000,0,0x00000000,0,000000,0,0,0000,000000,0,0,000,0x00000000,0,0x00000000,0,0x00000000,0
l2,0.0625,0,min-error,metric_min,exp1,0,1,1,0.0291609094,0.0299319383,0.0291609094,0.0299319383,0.000771028921,47,raw-and-scaled,6,1,fp6_e1m4,fp6_e2m3,4,3,4,69,47,exp2,2,8,2,2,0.0291609094,0.0299319383,-6,0x3cf533d3,0.0299319383,0x3f800000,1,0x00000000,0,0x00000000,0,000000,0,0,0000,000000,0,0,000,0x00000000,0,0x00000000,0,0x00000000,0
l2,0.0625,0,min-error,metric_min,exp1,0,1,1,0.0291609094,0.0299319383,0.0291609094,0.0299319383,0.000771028921,48,raw-and-scaled,6,1,fp6_e1m4,fp6_e2m3,4,3,4,69,48,exp2,2,8,2,2,0.0291609094,0.0299319383,-6,0x3cf533d3,0.0299319383,0x3f800000,1,0x00000000,0,0x00000000,0,000000,0,0,0000,000000,0,0,000,0x00000000,0,0x00000000,0,0x00000000,0
l2,0.0625,0,min-error,metric_min,exp1,0,1,1,0.0291609094,0.0299319383,0.0291609094,0.0299319383,0.000771028921,49,raw-and-scaled,6,1,fp6_e1m4,fp6_e2m3,4,3,4,69,49,exp2,2,8,2,2,0.0291609094,0.0299319383,-6,0x3cf533d3,0.0299319383,0x3f800000,1,0x00000000,0,0x00000000,0,000000,0,0,0000,000000,0,0,000,0x00000000,0,0x00000000,0,0x00000000,0
l2,0.0625,0,min-error,metric_min,exp1,0,1,1,0.0291609094,0.0299319383,0.0291609094,0.0299319383,0.000771028921,50,raw-and-scaled,6,1,fp6_e1m4,fp6_e2m3,4,3,4,69,50,exp2,2,8,2,2,0.0291609094,0.0299319383,-6,0x3cf533d3,0.0299319383,0x3f800000,1,0x00000000,0,0x00000000,0,000000,0,0,0000,000000,0,0,000,0x00000000,0,0x00000000,0,0x00000000,0
l2,0.0625,0,min-error,metric_min,exp1,0,1,1,0.0291609094,0.0299319383,0.0291609094,0.0299319383,0.000771028921,51,raw-and-scaled,6,1,fp6_e1m4,fp6_e2m3,4,3,4,69,51,exp2,2,8,2,2,0.0291609094,0.0299319383,-6,0x3cf533d3,0.0299319383,0x3f800000,1,0xbf499a37,-0.787509382,0xbf499a37,-0.787509382,101100,0,12,1100,110100,2,4,100,0xbd19a370,-0.0375093818,0xbd19a370,-0.0375093818,0x00000000,0
l2,0.0625,0,min-error,metric_min,exp1,0,1,1,0.0291609094,0.0299319383,0.0291609094,0.0299319383,0.000771028921,52,raw-and-scaled,6,1,fp6_e1m4,fp6_e2m3,4,3,4,69,52,exp2,2,8,2,2,0.0291609094,0.0299319383,-6,0x3cf533d3,0.0299319383,0x3f800000,1,0x3ef1e332,0.472436488,0x3ef1e332,0.472436488,000111,0,7,0111,001111,1,7,111,0x3d0f1990,0.0349364877,0x3b719900,0.00368648767,0xbf800000,-1
l2,0.0625,0,min-error,metric_min,exp1,0,1,1,0.0291609094,0.0299319383,0.0291609094,0.0299319383,0.000771028921,53,raw-and-scaled,6,1,fp6_e1m4,fp6_e2m3,4,3,4,69,53,exp2,2,8,2,2,0.0291609094,0.0299319383,-6,0x3cf533d3,0.0299319383,0x3f800000,1,0x00000000,0,0x00000000,0,000000,0,0,0000,000000,0,0,000,0x00000000,0,0x00000000,0,0x00000000,0
l2,0.0625,0,min-error,metric_min,exp1,0,1,1,0.0291609094,0.0299319383,0.0291609094,0.0299319383,0.000771028921,54,raw-and-scaled,6,1,fp6_e1m4,fp6_e2m3,4,3,4,69,54,exp2,2,8,2,2,0.0291609094,0.0299319383,-6,0x3cf533d3,0.0299319383,0x3f800000,1,0x00000000,0,0x00000000,0,000000,0,0,0000,000000,0,0,000,0x00000000,0,0x00000000,0,0x00000000,0
l2,0.0625,0,min-error,metric_min,exp1,0,1,1,0.0291609094,0.0299319383,0.0291609094,0.0299319383,0.000771028921,55,raw-and-scaled,6,1,fp6_e1m4,fp6_e2m3,4,3,4,69,55,exp2,2,8,2,2,0.0291609094,0.0299319383,-6,0x3cf533d3,0.0299319383,0x3f800000,1,0x00000000,0,0x00000000,0,000000,0,0,0000,000000,0,0,000,0x00000000,0,0x00000000,0,0x00000000,0
l2,0.0625,0,min-error,metric_min,exp1,0,1,1,0.0291609094,0.0299319383,0.0291609094,0.0299319383,0.000771028921,56,raw-and-scaled,6,1,fp6_e1m4,fp6_e2m3,4,3,4,69,56,exp2,2,8,2,2,0.0291609094,0.0299319383,-6,0x3cf533d3,0.0299319383,0x3f800000,1,0x00000000,0,0x00000000,0,000000,0,0,0000,000000,0,0,000,0x00000000,0,0x00000000,0,0x00000000,0
l2,0.0625,0,min-error,metric_min,exp1,0,1,1,0.0291609094,0.0299319383,0.0291609094,0.0299319383,0.000771028921,57,raw-and-scaled,6,1,fp6_e1m4,fp6_e2m3,4,3,4,69,57,exp2,2,8,2,2,0.0291609094,0.0299319383,-6,0x3cf533d3,0.0299319383,0x3f800000,1,0x00000000,0,0x00000000,0,000000,0,0,0000,000000,0,0,000,0x00000000,0,0x00000000,0,0x00000000,0
l2,0.0625,0,min-error,metric_min,exp1,0,1,1,0.0291609094,0.0299319383,0.0291609094,0.0299319383,0.000771028921,58,raw-and-scaled,6,1,fp6_e1m4,fp6_e2m3,4,3,4,69,58,exp2,2,8,2,2,0.0291609094,0.0299319383,-6,0x3cf533d3,0.0299319383,0x3f800000,1,0x00000000,0,0x00000000,0,000000,0,0,0000,000000,0,0,000,0x00000000,0,0x00000000,0,0x00000000,0
l2,0.0625,0,min-error,metric_min,exp1,0,1,1,0.0291609094,0.0299319383,0.0291609094,0.0299319383,0.000771028921,59,raw-and-scaled,6,1,fp6_e1m4,fp6_e2m3,4,3,4,69,59,exp2,2,8,2,2,0.0291609094,0.0299319383,-6,0x3cf533d3,0.0299319383,0x3f800000,1,0x00000000,0,0x00000000,0,000000,0,0,0000,000000,0,0,000,0x00000000,0,0x00000000,0,0x00000000,0
l2,0.0625,0,min-error,metric_min,exp1,0,1,1,0.0291609094,0.0299319383,0.0291609094,0.0299319383,0.000771028921,60,raw-and-scaled,6,1,fp6_e1m4,fp6_e2m3,4,3,4,69,60,exp2,2,8,2,2,0.0291609094,0.0299319383,-6,0x3cf533d3,0.0299319383,0x3f800000,1,0x00000000,0,0x00000000,0,000000,0,0,0000,000000,0,0,000,0x00000000,0,0x00000000,0,0x00000000,0
l2,0.0625,0,min-error,metric_min,exp1,0,1,1,0.0291609094,0.0299319383,0.0291609094,0.0299319383,0.000771028921,61,raw-and-scaled,6,1,fp6_e1m4,fp6_e2m3,4,3,4,69,61,exp2,2,8,2,2,0.0291609094,0.0299319383,-6,0x3cf533d3,0.0299319383,0x3f800000,1,0x00000000,0,0x00000000,0,000000,0,0,0000,000000,0,0,000,0x00000000,0,0x00000000,0,0x00000000,0
l2,0.0625,0,min-error,metric_min,exp1,0,1,1,0.0291609094,0.0299319383,0.0291609094,0.0299319383,0.000771028921,62,raw-and-scaled,6,1,fp6_e1m4,fp6_e2m3,4,3,4,69,62,exp2,2,8,2,2,0.0291609094,0.0299319383,-6,0x3cf533d3,0.0299319383,0x3f800000,1,0x00000000,0,0x00000000,0,000000,0,0,0000,000000,0,0,000,0x00000000,0,0x00000000,0,0x00000000,0
l2,0.0625,0,min-error,metric_min,exp1,0,1,1,0.0291609094,0.0299319383,0.0291609094,0.0299319383,0.000771028921,63,raw-and-scaled,6,1,fp6_e1m4,fp6_e2m3,4,3,4,69,63,exp2,2,8,2,2,0.0291609094,0.0299319383,-6,0x3cf533d3,0.0299319383,0x3f800000,1,0x00000000,0,0x00000000,0,000000,0,0,0000,000000,0,0,000,0x00000000,0,0x00000000,0,0x00000000,0
l2,0.0625,0,min-error,metric_min,exp1,0,1,1,0.0291609094,0.0299319383,0.0291609094,0.0299319383,0.000771028921,64,raw-and-scaled,6,1,fp6_e1m4,fp6_e2m3,4,3,4,69,64,exp2,2,8,2,2,0.0291609094,0.0299319383,-6,0x3cf533d3,0.0299319383,0x3f800000,1,0x00000000,0,0x00000000,0,000000,0,0,0000,000000,0,0,000,0x00000000,0,0x00000000,0,0x00000000,0
l2,0.0625,0,min-error,metric_min,exp1,0,1,1,0.0291609094,0.0299319383,0.0291609094,0.0299319383,0.000771028921,65,raw-and-scaled,6,1,fp6_e1m4,fp6_e2m3,4,3,4,69,65,exp2,2,8,2,2,0.0291609094,0.0299319383,-6,0x3cf533d3,0.0299319383,0x3f800000,1,0xbf597358,-0.849416256,0xbf597358,-0.849416256,101101,0,13,1101,110101,2,5,101,0xbd173580,-0.036916256,0xbd173580,-0.036916256,0x00000000,0
l2,0.0625,0,min-error,metric_min,exp1,0,1,1,0.0291609094,0.0299319383,0.0291609094,0.0299319383,0.000771028921,66,raw-and-scaled,6,1,fp6_e1m4,fp6_e2m3,4,3,4,69,66,exp2,2,8,2,2,0.0291609094,0.0299319383,-6,0x3cf533d3,0.0299319383,0x3f800000,1,0x00000000,0,0x00000000,0,000000,0,0,0000,000000,0,0,000,0x00000000,0,0x00000000,0,0x00000000,0
l2,0.0625,0,min-error,metric_min,exp1,0,1,1,0.0291609094,0.0299319383,0.0291609094,0.0299319383,0.000771028921,67,raw-and-scaled,6,1,fp6_e1m4,fp6_e2m3,4,3,4,69,67,exp2,2,8,2,2,0.0291609094,0.0299319383,-6,0x3cf533d3,0.0299319383,0x3f800000,1,0x00000000,0,0x00000000,0,000000,0,0,0000,000000,0,0,000,0x00000000,0,0x00000000,0,0x00000000,0
l2,0.0625,0,min-error,metric_min,exp1,0,1,1,0.0291609094,0.0299319383,0.0291609094,0.0299319383,0.000771028921,68,raw-and-scaled,6,1,fp6_e1m4,fp6_e2m3,4,3,4,69,68,exp2,2,8,2,2,0.0291609094,0.0299319383,-6,0x3cf533d3,0.0299319383,0x3f800000,1,0x00000000,0,0x00000000,0,000000,0,0,0000,000000,0,0,000,0x00000000,0,0x00000000,0,0x00000000,0
l2,0.0625,0,min-error,metric_min,exp1,0,1,1,0.0291609094,0.0299319383,0.0291609094,0.0299319383,0.000771028921,69,raw-and-scaled,6,1,fp6_e1m4,fp6_e2m3,4,3,4,69,69,exp2,2,8,2,2,0.0291609094,0.0299319383,-6,0x3cf533d3,0.0299319383,0x3f800000,1,0x00000000,0,0x00000000,0,000000,0,0,0000,000000,0,0,000,0x00000000,0,0x00000000,0,0x00000000,0
l2,0.0625,0,min-error,metric_min,exp1,0,1,1,0.0291609094,0.0299319383,0.0291609094,0.0299319383,0.000771028921,70,raw-and-scaled,6,1,fp6_e1m4,fp6_e2m3,4,3,4,69,70,exp2,2,8,2,2,0.0291609094,0.0299319383,-6,0x3cf533d3,0.0299319383,0x3f800000,1,0x00000000,0,0x00000000,0,000000,0,0,0000,000000,0,0,000,0x00000000,0,0x00000000,0,0x00000000,0
l2,0.0625,0,min-error,metric_min,exp1,0,1,1,0.0291609094,0.0299319383,0.0291609094,0.0299319383,0.000771028921,71,raw-and-scaled,6,1,fp6_e1m4,fp6_e2m3,4,3,4,69,71,exp2,2,8,2,2,0.0291609094,0.0299319383,-6,0x3cf533d3,0.0299319383,0x3f800000,1,0x00000000,0,0x00000000,0,000000,0,0,0000,000000,0,0,000,0x00000000,0,0x00000000,0,0x00000000,0
l2,0.0625,0,min-error,metric_min,exp1,0,1,1,0.0291609094,0.0299319383,0.0291609094,0.0299319383,0.000771028921,72,raw-and-scaled,6,1,fp6_e1m4,fp6_e2m3,4,3,4,69,72,exp2,2,8,2,2,0.0291609094,0.0299319383,-6,0x3cf533d3,0.0299319383,0x3f800000,1,0x00000000,0,0x00000000,0,000000,0,0,0000,000000,0,0,000,0x00000000,0,0x00000000,0,0x00000000,0
l2,0.0625,0,min-error,metric_min,exp1,0,1,1,0.0291609094,0.0299319383,0.0291609094,0.0299319383,0.000771028921,73,raw-and-scaled,6,1,fp6_e1m4,fp6_e2m3,4,3,4,69,73,exp2,2,8,2,2,0.0291609094,0.0299319383,-6,0x3cf533d3,0.0299319383,0x3f800000,1,0x00000000,0,0x00000000,0,000000,0,0,0000,000000,0,0,000,0x00000000,0,0x00000000,0,0x00000000,0
l2,0.0625,0,min-error,metric_min,exp1,0,1,1,0.0291609094,0.0299319383,0.0291609094,0.0299319383,0.000771028921,74,raw-and-scaled,6,1,fp6_e1m4,fp6_e2m3,4,3,4,69,74,exp2,2,8,2,2,0.0291609094,0.0299319383,-6,0x3cf533d3,0.0299319383,0x3f800000,1,0x00000000,0,0x00000000,0,000000,0,0,0000,000000,0,0,000,0x00000000,0,0x00000000,0,0x00000000,0
l2,0.0625,0,min-error,metric_min,exp1,0,1,1,0.0291609094,0.0299319383,0.0291609094,0.0299319383,0.000771028921,75,raw-and-scaled,6,1,fp6_e1m4,fp6_e2m3,4,3,4,69,75,exp2,2,8,2,2,0.0291609094,0.0299319383,-6,0x3cf533d3,0.0299319383,0x3f800000,1,0x00000000,0,0x00000000,0,000000,0,0,0000,000000,0,0,000,0x00000000,0,0x00000000,0,0x00000000,0
l2,0.0625,0,min-error,metric_min,exp1,0,1,1,0.0291609094,0.0299319383,0.0291609094,0.0299319383,0.000771028921,76,raw-and-scaled,6,1,fp6_e1m4,fp6_e2m3,4,3,4,69,76,exp2,2,8,2,2,0.0291609094,0.0299319383,-6,0x3cf533d3,0.0299319383,0x3f800000,1,0x3e2c2f5f,0.168149456,0x3e2c2f5f,0.168149456,000010,0,2,0010,000101,0,5,101,0x3d30bd7c,0.0431494564,0x3c42f5f0,0.0118994564,0xbf800000,-1
l2,0.0625,0,min-error,metric_min,exp1,0,1,1,0.0291609094,0.0299319383,0.0291609094,0.0299319383,0.000771028921,77,raw-and-scaled,6,1,fp6_e1m4,fp6_e2m3,4,3,4,69,77,exp2,2,8,2,2,0.0291609094,0.0299319383,-6,0x3cf533d3,0.0299319383,0x3f800000,1,0x00000000,0,0x00000000,0,000000,0,0,0000,000000,0,0,000,0x00000000,0,0x00000000,0,0x00000000,0
l2,0.0625,0,min-error,metric_min,exp1,0,1,1,0.0291609094,0.0299319383,0.0291609094,0.0299319383,0.000771028921,78,raw-and-scaled,6,1,fp6_e1m4,fp6_e2m3,4,3,4,69,78,exp2,2,8,2,2,0.0291609094,0.0299319383,-6,0x3cf533d3,0.0299319383,0x3f800000,1,0x00000000,0,0x00000000,0,000000,0,0,0000,000000,0,0,000,0x00000000,0,0x00000000,0,0x00000000,0
l2,0.0625,0,min-error,metric_min,exp1,0,1,1,0.0291609094,0.0299319383,0.0291609094,0.0299319383,0.000771028921,79,raw-and-scaled,6,1,fp6_e1m4,fp6_e2m3,4,3,4,69,79,exp2,2,8,2,2,0.0291609094,0.0299319383,-6,0x3cf533d3,0.0299319383,0x3f800000,1,0x00000000,0,0x00000000,0,000000,0,0,0000,000000,0,0,000,0x00000000,0,0x00000000,0,0x00000000,0
l2,0.0625,0,min-error,metric_min,exp1,0,1,1,0.0291609094,0.0299319383,0.0291609094,0.0299319383,0.000771028921,80,raw-and-scaled,6,1,fp6_e1m4,fp6_e2m3,4,3,4,69,80,exp2,2,8,2,2,0.0291609094,0.0299319383,-6,0x3cf533d3,0.0299319383,0x3f800000,1,0x00000000,0,0x00000000,0,000000,0,0,0000,000000,0,0,000,0x00000000,0,0x00000000,0,0x00000000,0
l2,0.0625,0,min-error,metric_min,exp1,0,1,1,0.0291609094,0.0299319383,0.0291609094,0.0299319383,0.000771028921,81,raw-and-scaled,6,1,fp6_e1m4,fp6_e2m3,4,3,4,69,81,exp2,2,8,2,2,0.0291609094,0.0299319383,-6,0x3cf533d3,0.0299319383,0x3f800000,1,0x00000000,0,0x00000000,0,000000,0,0,0000,000000,0,0,000,0x00000000,0,0x00000000,0,0x00000000,0
l2,0.0625,0,min-error,metric_min,exp1,0,1,1,0.0291609094,0.0299319383,0.0291609094,0.0299319383,0.000771028921,82,raw-and-scaled,6,1,fp6_e1m4,fp6_e2m3,4,3,4,69,82,exp2,2,8,2,2,0.0291609094,0.0299319383,-6,0x3cf533d3,0.0299319383,0x3f800000,1,0x00000000,0,0x00000000,0,000000,0,0,0000,000000,0,0,000,0x00000000,0,0x00000000,0,0x00000000,0
l2,0.0625,0,min-error,metric_min,exp1,0,1,1,0.0291609094,0.0299319383,0.0291609094,0.0299319383,0.000771028921,83,raw-and-scaled,6,1,fp6_e1m4,fp6_e2m3,4,3,4,69,83,exp2,2,8,2,2,0.0291609094,0.0299319383,-6,0x3cf533d3,0.0299319383,0x3f800000,1,0x00000000,0,0x00000000,0,000000,0,0,0000,000000,0,0,000,0x00000000,0,0x00000000,0,0x00000000,0
l2,0.0625,0,min-error,metric_min,exp1,0,1,1,0.0291609094,0.0299319383,0.0291609094,0.0299319383,0.000771028921,84,raw-and-scaled,6,1,fp6_e1m4,fp6_e2m3,4,3,4,69,84,exp2,2,8,2,2,0.0291609094,0.0299319383,-6,0x3cf533d3,0.0299319383,0x3f800000,1,0x00000000,0,0x00000000,0,000000,0,0,0000,000000,0,0,000,0x00000000,0,0x00000000,0,0x00000000,0
l2,0.0625,0,min-error,metric_min,exp1,0,1,1,0.0291609094,0.0299319383,0.0291609094,0.0299319383,0.000771028921,85,raw-and-scaled,6,1,fp6_e1m4,fp6_e2m3,4,3,4,69,85,exp2,2,8,2,2,0.0291609094,0.0299319383,-6,0x3cf533d3,0.0299319383,0x3f800000,1,0x00000000,0,0x00000000,0,000000,0,0,0000,000000,0,0,000,0x00000000,0,0x00000000,0,0x00000000,0
l2,0.0625,0,min-error,metric_min,exp1,0,1,1,0.0291609094,0.0299319383,0.0291609094,0.0299319383,0.000771028921,86,raw-and-scaled,6,1,fp6_e1m4,fp6_e2m3,4,3,4,69,86,exp2,2,8,2,2,0.0291609094,0.0299319383,-6,0x3cf533d3,0.0299319383,0x3f800000,1,0x3d6ac478,0.0573162735,0x3d6ac478,0.0573162735,000000,0,0,0000,000001,0,1,001,0x3d6ac478,0.0573162735,0x3cd588f0,0.0260662735,0xbf800000,-1
l2,0.0625,0,min-error,metric_min,exp1,0,1,1,0.0291609094,0.0299319383,0.0291609094,0.0299319383,0.000771028921,87,raw-and-scaled,6,1,fp6_e1m4,fp6_e2m3,4,3,4,69,87,exp2,2,8,2,2,0.0291609094,0.0299319383,-6,0x3cf533d3,0.0299319383,0x3f800000,1,0x00000000,0,0x00000000,0,000000,0,0,0000,000000,0,0,000,0x00000000,0,0x00000000,0,0x00000000,0
l2,0.0625,0,min-error,metric_min,exp1,0,1,1,0.0291609094,0.0299319383,0.0291609094,0.0299319383,0.000771028921,88,raw-and-scaled,6,1,fp6_e1m4,fp6_e2m3,4,3,4,69,88,exp2,2,8,2,2,0.0291609094,0.0299319383,-6,0x3cf533d3,0.0299319383,0x3f800000,1,0x00000000,0,0x00000000,0,000000,0,0,0000,000000,0,0,000,0x00000000,0,0x00000000,0,0x00000000,0
l2,0.0625,0,min-error,metric_min,exp1,0,1,1,0.0291609094,0.0299319383,0.0291609094,0.0299319383,0.000771028921,89,raw-and-scaled,6,1,fp6_e1m4,fp6_e2m3,4,3,4,69,89,exp2,2,8,2,2,0.0291609094,0.0299319383,-6,0x3cf533d3,0.0299319383,0x3f800000,1,0x00000000,0,0x00000000,0,000000,0,0,0000,000000,0,0,000,0x00000000,0,0x00000000,0,0x00000000,0
l2,0.0625,0,min-error,metric_min,exp1,0,1,1,0.0291609094,0.0299319383,0.0291609094,0.0299319383,0.000771028921,90,raw-and-scaled,6,1,fp6_e1m4,fp6_e2m3,4,3,4,69,90,exp2,2,8,2,2,0.0291609094,0.0299319383,-6,0x3cf533d3,0.0299319383,0x3f800000,1,0x00000000,0,0x00000000,0,000000,0,0,0000,000000,0,0,000,0x00000000,0,0x00000000,0,0x00000000,0
l2,0.0625,0,min-error,metric_min,exp1,0,1,1,0.0291609094,0.0299319383,0.0291609094,0.0299319383,0.000771028921,91,raw-and-scaled,6,1,fp6_e1m4,fp6_e2m3,4,3,4,69,91,exp2,2,8,2,2,0.0291609094,0.0299319383,-6,0x3cf533d3,0.0299319383,0x3f800000,1,0x00000000,0,0x00000000,0,000000,0,0,0000,000000,0,0,000,0x00000000,0,0x00000000,0,0x00000000,0
l2,0.0625,0,min-error,metric_min,exp1,0,1,1,0.0291609094,0.0299319383,0.0291609094,0.0299319383,0.000771028921,92,raw-and-scaled,6,1,fp6_e1m4,fp6_e2m3,4,3,4,69,92,exp2,2,8,2,2,0.0291609094,0.0299319383,-6,0x3cf533d3,0.0299319383,0x3f800000,1,0x00000000,0,0x00000000,0,000000,0,0,0000,000000,0,0,000,0x00000000,0,0x00000000,0,0x00000000,0
l2,0.0625,0,min-error,metric_min,exp1,0,1,1,0.0291609094,0.0299319383,0.0291609094,0.0299319383,0.000771028921,93,raw-and-scaled,6,1,fp6_e1m4,fp6_e2m3,4,3,4,69,93,exp2,2,8,2,2,0.0291609094,0.0299319383,-6,0x3cf533d3,0.0299319383,0x3f800000,1,0x00000000,0,0x00000000,0,000000,0,0,0000,000000,0,0,000,0x00000000,0,0x00000000,0,0x00000000,0
l2,0.0625,0,min-error,metric_min,exp1,0,1,1,0.0291609094,0.0299319383,0.0291609094,0.0299319383,0.000771028921,94,raw-and-scaled,6,1,fp6_e1m4,fp6_e2m3,4,3,4,69,94,exp2,2,8,2,2,0.0291609094,0.0299319383,-6,0x3cf533d3,0.0299319383,0x3f800000,1,0xbaa5f7d0,-0.00126623549,0xbaa5f7d0,-0.00126623549,100000,0,0,0000,100000,0,0,000,0xbaa5f7d0,-0.00126623549,0xbaa5f7d0,-0.00126623549,0x00000000,0
l2,0.0625,0,min-error,metric_min,exp1,0,1,1,0.0291609094,0.0299319383,0.0291609094,0.0299319383,0.000771028921,95,raw-and-scaled,6,1,fp6_e1m4,fp6_e2m3,4,3,4,69,95,exp2,2,8,2,2,0.0291609094,0.0299319383,-6,0x3cf533d3,0.0299319383,0x3f800000,1,0x00000000,0,0x00000000,0,000000,0,0,0000,000000,0,0,000,0x00000000,0,0x00000000,0,0x00000000,0
l2,0.0625,0,min-error,metric_min,exp1,0,1,1,0.0291609094,0.0299319383,0.0291609094,0.0299319383,0.000771028921,96,raw-and-scaled,6,1,fp6_e1m4,fp6_e2m3,4,3,4,69,96,exp2,2,8,2,2,0.0291609094,0.0299319383,-6,0x3cf533d3,0.0299319383,0x3f800000,1,0x00000000,0,0x00000000,0,000000,0,0,0000,000000,0,0,000,0x00000000,0,0x00000000,0,0x00000000,0
l2,0.0625,0,min-error,metric_min,exp1,0,1,1,0.0291609094,0.0299319383,0.0291609094,0.0299319383,0.000771028921,97,raw-and-scaled,6,1,fp6_e1m4,fp6_e2m3,4,3,4,69,97,exp2,2,8,2,2,0.0291609094,0.0299319383,-6,0x3cf533d3,0.0299319383,0x3f800000,1,0x00000000,0,0x00000000,0,000000,0,0,0000,000000,0,0,000,0x00000000,0,0x00000000,0,0x00000000,0
l2,0.0625,0,min-error,metric_min,exp1,0,1,1,0.0291609094,0.0299319383,0.0291609094,0.0299319383,0.000771028921,98,raw-and-scaled,6,1,fp6_e1m4,fp6_e2m3,4,3,4,69,98,exp2,2,8,2,2,0.0291609094,0.0299319383,-6,0x3cf533d3,0.0299319383,0x3f800000,1,0x00000000,0,0x00000000,0,000000,0,0,0000,000000,0,0,000,0x00000000,0,0x00000000,0,0x00000000,0
l2,0.0625,0,min-error,metric_min,exp1,0,1,1,0.0291609094,0.0299319383,0.0291609094,0.0299319383,0.000771028921,99,raw-and-scaled,6,1,fp6_e1m4,fp6_e2m3,4,3,4,69,99,exp2,2,8,2,2,0.0291609094,0.0299319383,-6,0x3cf533d3,0.0299319383,0x3f800000,1,0x00000000,0,0x00000000,0,000000,0,0,0000,000000,0,0,000,0x00000000,0,0x00000000,0,0x00000000,0
l2,0.0625,0,min-error,metric_min,exp1,0,1,1,0.0291609094,0.0299319383,0.0291609094,0.0299319383,0.000771028921,100,raw-and-scaled,6,1,fp6_e1m4,fp6_e2m3,4,3,4,69,100,exp2,2,8,2,2,0.0291609094,0.0299319383,-6,0x3cf533d3,0.0299319383,0x3f800000,1,0x3ba8e827,0.00515462784,0x3ba8e827,0.00515462784,000000,0,0,0000,000000,0,0,000,0x3ba8e827,0.00515462784,0x3ba8e827,0.00515462784,0x00000000,0
l2,0.0625,0,min-error,metric_min,exp1,0,1,1,0.0291609094,0.0299319383,0.0291609094,0.0299319383,0.000771028921,101,raw-and-scaled,6,1,fp6_e1m4,fp6_e2m3,4,3,4,69,101,exp2,2,8,2,2,0.0291609094,0.0299319383,-6,0x3cf533d3,0.0299319383,0x3f800000,1,0xbb2b55ed,-0.00261437451,0xbb2b55ed,-0.00261437451,100000,0,0,0000,100000,0,0,000,0xbb2b55ed,-0.00261437451,0xbb2b55ed,-0.00261437451,0x00000000,0
l2,0.0625,0,min-error,metric_min,exp1,0,1,1,0.0291609094,0.0299319383,0.0291609094,0.0299319383,0.000771028921,102,raw-and-scaled,6,1,fp6_e1m4,fp6_e2m3,4,3,4,69,102,exp2,2,8,2,2,0.0291609094,0.0299319383,-6,0x3cf533d3,0.0299319383,0x3f800000,1,0xbc675eeb,-0.0141217513,0xbc675eeb,-0.0141217513,100000,0,0,0000,100000,0,0,000,0xbc675eeb,-0.0141217513,0xbc675eeb,-0.0141217513,0x00000000,0
l2,0.0625,0,min-error,metric_min,exp1,0,1,1,0.0291609094,0.0299319383,0.0291609094,0.0299319383,0.000771028921,103,raw-and-scaled,6,1,fp6_e1m4,fp6_e2m3,4,3,4,69,103,exp2,2,8,2,2,0.0291609094,0.0299319383,-6,0x3cf533d3,0.0299319383,0x3f800000,1,0x00000000,0,0x00000000,0,000000,0,0,0000,000000,0,0,000,0x00000000,0,0x00000000,0,0x00000000,0
l2,0.0625,0,min-error,metric_min,exp1,0,1,1,0.0291609094,0.0299319383,0.0291609094,0.0299319383,0.000771028921,104,raw-and-scaled,6,1,fp6_e1m4,fp6_e2m3,4,3,4,69,104,exp2,2,8,2,2,0.0291609094,0.0299319383,-6,0x3cf533d3,0.0299319383,0x3f800000,1,0x00000000,0,0x00000000,0,000000,0,0,0000,000000,0,0,000,0x00000000,0,0x00000000,0,0x00000000,0
l2,0.0625,0,min-error,metric_min,exp1,0,1,1,0.0291609094,0.0299319383,0.0291609094,0.0299319383,0.000771028921,105,raw-and-scaled,6,1,fp6_e1m4,fp6_e2m3,4,3,4,69,105,exp2,2,8,2,2,0.0291609094,0.0299319383,-6,0x3cf533d3,0.0299319383,0x3f800000,1,0x00000000,0,0x00000000,0,000000,0,0,0000,000000,0,0,000,0x00000000,0,0x00000000,0,0x00000000,0
l2,0.0625,0,min-error,metric_min,exp1,0,1,1,0.0291609094,0.0299319383,0.0291609094,0.0299319383,0.000771028921,106,raw-and-scaled,6,1,fp6_e1m4,fp6_e2m3,4,3,4,69,106,exp2,2,8,2,2,0.0291609094,0.0299319383,-6,0x3cf533d3,0.0299319383,0x3f800000,1,0x3f9ad680,1.20967102,0x3f9ad680,1.20967102,010011,1,3,0011,011001,3,1,001,0x3cb5a000,0.0221710205,0x3dad6800,0.0846710205,0x3f800000,1
l2,0.0625,0,min-error,metric_min,exp1,0,1,1,0.0291609094,0.0299319383,0.0291609094,0.0299319383,0.000771028921,107,raw-and-scaled,6,1,fp6_e1m4,fp6_e2m3,4,3,4,69,107,exp2,2,8,2,2,0.0291609094,0.0299319383,-6,0x3cf533d3,0.0299319383,0x3f800000,1,0x3d4f5f5e,0.0506280586,0x3d4f5f5e,0.0506280586,000000,0,0,0000,000001,0,1,001,0x3d4f5f5e,0.0506280586,0x3c9ebebc,0.0193780586,0xbf800000,-1
l2,0.0625,0,min-error,metric_min,exp1,0,1,1,0.0291609094,0.0299319383,0.0291609094,0.0299319383,0.000771028921,108,raw-and-scaled,6,1,fp6_e1m4,fp6_e2m3,4,3,4,69,108,exp2,2,8,2,2,0.0291609094,0.0299319383,-6,0x3cf533d3,0.0299319383,0x3f800000,1,0x00000000,0,0x00000000,0,000000,0,0,0000,000000,0,0,000,0x00000000,0,0x00000000,0,0x00000000,0
l2,0.0625,0,min-error,metric_min,exp1,0,1,1,0.0291609094,0.0299319383,0.0291609094,0.0299319383,0.000771028921,109,raw-and-scaled,6,1,fp6_e1m4,fp6_e2m3,4,3,4,69,109,exp2,2,8,2,2,0.0291609094,0.0299319383,-6,0x3cf533d3,0.0299319383,0x3f800000,1,0x00000000,0,0x00000000,0,000000,0,0,0000,000000,0,0,000,0x00000000,0,0x00000000,0,0x00000000,0
l2,0.0625,0,min-error,metric_min,exp1,0,1,1,0.0291609094,0.0299319383,0.0291609094,0.0299319383,0.000771028921,110,raw-and-scaled,6,1,fp6_e1m4,fp6_e2m3,4,3,4,69,110,exp2,2,8,2,2,0.0291609094,0.0299319383,-6,0x3cf533d3,0.0299319383,0x3f800000,1,0x3b094630,0.0020946376,0x3b094630,0.0020946376,000000,0,0,0000,000000,0,0,000,0x3b094630,0.0020946376,0x3b094630,0.0020946376,0x00000000,0
l2,0.0625,0,min-error,metric_min,exp1,0,1,1,0.0291609094,0.0299319383,0.0291609094,0.0299319383,0.000771028921,111,raw-and-scaled,6,1,fp6_e1m4,fp6_e2m3,4,3,4,69,111,exp2,2,8,2,2,0.0291609094,0.0299319383,-6,0x3cf533d3,0.0299319383,0x3f800000,1,0xbd8f45f1,-0.0699576214,0xbd8f45f1,-0.0699576214,100001,0,1,0001,100010,0,2,010,0xbbf45f10,-0.0074576214,0xbbf45f10,-0.0074576214,0x80000000,-0
l2,0.0625,0,min-error,metric_min,exp1,0,1,1,0.0291609094,0.0299319383,0.0291609094,0.0299319383,0.000771028921,112,raw-and-scaled,6,1,fp6_e1m4,fp6_e2m3,4,3,4,69,112,exp2,2,8,2,2,0.0291609094,0.0299319383,-6,0x3cf533d3,0.0299319383,0x3f800000,1,0x3cccb4cb,0.0249885526,0x3cccb4cb,0.0249885526,000000,0,0,0000,000000,0,0,000,0x3cccb4cb,0.0249885526,0x3cccb4cb,0.0249885526,0x00000000,0
l2,0.0625,0,min-error,metric_min,exp1,0,1,1,0.0291609094,0.0299319383,0.0291609094,0.0299319383,0.000771028921,113,raw-and-scaled,6,1,fp6_e1m4,fp6_e2m3,4,3,4,69,113,exp2,2,8,2,2,0.0291609094,0.0299319383,-6,0x3cf533d3,0.0299319383,0x3f800000,1,0x00000000,0,0x00000000,0,000000,0,0,0000,000000,0,0,000,0x00000000,0,0x00000000,0,0x00000000,0
l2,0.0625,0,min-error,metric_min,exp1,0,1,1,0.0291609094,0.0299319383,0.0291609094,0.0299319383,0.000771028921,114,raw-and-scaled,6,1,fp6_e1m4,fp6_e2m3,4,3,4,69,114,exp2,2,8,2,2,0.0291609094,0.0299319383,-6,0x3cf533d3,0.0299319383,0x3f800000,1,0x3d046c82,0.0323300436,0x3d046c82,0.0323300436,000000,0,0,0000,000001,0,1,001,0x3d046c82,0.0323300436,0x3a8d9040,0.00108004361,0xbf800000,-1
l2,0.0625,0,min-error,metric_min,exp1,0,1,1,0.0291609094,0.0299319383,0.0291609094,0.0299319383,0.000771028921,115,raw-and-scaled,6,1,fp6_e1m4,fp6_e2m3,4,3,4,69,115,exp2,2,8,2,2,0.0291609094,0.0299319383,-6,0x3cf533d3,0.0299319383,0x3f800000,1,0x3bf667e8,0.00751971081,0x3bf667e8,0.00751971081,000000,0,0,0000,000000,0,0,000,0x3bf667e8,0.00751971081,0x3bf667e8,0.00751971081,0x00000000,0
l2,0.0625,0,min-error,metric_min,exp1,0,1,1,0.0291609094,0.0299319383,0.0291609094,0.0299319383,0.000771028921,116,raw-and-scaled,6,1,fp6_e1m4,fp6_e2m3,4,3,4,69,116,exp2,2,8,2,2,0.0291609094,0.0299319383,-6,0x3cf533d3,0.0299319383,0x3f800000,1,0xbc30f38c,-0.0108002536,0xbc30f38c,-0.0108002536,100000,0,0,0000,100000,0,0,000,0xbc30f38c,-0.0108002536,0xbc30f38c,-0.0108002536,0x00000000,0
l2,0.0625,0,min-error,metric_min,exp1,0,1,1,0.0291609094,0.0299319383,0.0291609094,0.0299319383,0.000771028921,117,raw-and-scaled,6,1,fp6_e1m4,fp6_e2m3,4,3,4,69,117,exp2,2,8,2,2,0.0291609094,0.0299319383,-6,0x3cf533d3,0.0299319383,0x3f800000,1,0x3d7b67ed,0.0613784082,0x3d7b67ed,0.0613784082,000000,0,0,0000,000001,0,1,001,0x3d7b67ed,0.0613784082,0x3cf6cfda,0.0301284082,0xbf800000,-1
l2,0.0625,0,min-error,metric_min,exp1,0,1,1,0.0291609094,0.0299319383,0.0291609094,0.0299319383,0.000771028921,118,raw-and-scaled,6,1,fp6_e1m4,fp6_e2m3,4,3,4,69,118,exp2,2,8,2,2,0.0291609094,0.0299319383,-6,0x3cf533d3,0.0299319383,0x3f800000,1,0x00000000,0,0x00000000,0,000000,0,0,0000,000000,0,0,000,0x00000000,0,0x00000000,0,0x00000000,0
l2,0.0625,0,min-error,metric_min,exp1,0,1,1,0.0291609094,0.0299319383,0.0291609094,0.0299319383,0.000771028921,119,raw-and-scaled,6,1,fp6_e1m4,fp6_e2m3,4,3,4,69,119,exp2,2,8,2,2,0.0291609094,0.0299319383,-6,0x3cf533d3,0.0299319383,0x3f800000,1,0xbf12be8d,-0.573220074,0xbf12be8d,-0.573220074,101001,0,9,1001,110001,2,1,001,0xbc2fa340,-0.0107200742,0xbc2fa340,-0.0107200742,0x00000000,0
l2,0.0625,0,min-error,metric_min,exp1,0,1,1,0.0291609094,0.0299319383,0.0291609094,0.0299319383,0.000771028921,120,raw-and-scaled,6,1,fp6_e1m4,fp6_e2m3,4,3,4,69,120,exp2,2,8,2,2,0.0291609094,0.0299319383,-6,0x3cf533d3,0.0299319383,0x3f800000,1,0x3fbd7603,1.48016393,0x3fbd7603,1.48016393,010111,1,7,0111,011011,3,3,011,0x3d2ec060,0.0426639318,0x3dd76030,0.105163932,0x3f800000,1
l2,0.0625,0,min-error,metric_min,exp1,0,1,1,0.0291609094,0.0299319383,0.0291609094,0.0299319383,0.000771028921,121,raw-and-scaled,6,1,fp6_e1m4,fp6_e2m3,4,3,4,69,121,exp2,2,8,2,2,0.0291609094,0.0299319383,-6,0x3cf533d3,0.0299319383,0x3f800000,1,0x00000000,0,0x00000000,0,000000,0,0,0000,000000,0,0,000,0x00000000,0,0x00000000,0,0x00000000,0
l2,0.0625,0,min-error,metric_min,exp1,0,1,1,0.0291609094,0.0299319383,0.0291609094,0.0299319383,0.000771028921,122,raw-and-scaled,6,1,fp6_e1m4,fp6_e2m3,4,3,4,69,122,exp2,2,8,2,2,0.0291609094,0.0299319383,-6,0x3cf533d3,0.0299319383,0x3f800000,1,0x3e579555,0.210530594,0x3e579555,0.210530594,000011,0,3,0011,000110,0,6,110,0x3cbcaaa8,0.023030594,0x3cbcaaa8,0.023030594,0x80000000,-0
l2,0.0625,0,min-error,metric_min,exp1,0,1,1,0.0291609094,0.0299319383,0.0291609094,0.0299319383,0.000771028921,123,raw-and-scaled,6,1,fp6_e1m4,fp6_e2m3,4,3,4,69,123,exp2,2,8,2,2,0.0291609094,0.0299319383,-6,0x3cf533d3,0.0299319383,0x3f800000,1,0x00000000,0,0x00000000,0,000000,0,0,0000,000000,0,0,000,0x00000000,0,0x00000000,0,0x00000000,0
l2,0.0625,0,min-error,metric_min,exp1,0,1,1,0.0291609094,0.0299319383,0.0291609094,0.0299319383,0.000771028921,124,raw-and-scaled,6,1,fp6_e1m4,fp6_e2m3,4,3,4,69,124,exp2,2,8,2,2,0.0291609094,0.0299319383,-6,0x3cf533d3,0.0299319383,0x3f800000,1,0x00000000,0,0x00000000,0,000000,0,0,0000,000000,0,0,000,0x00000000,0,0x00000000,0,0x00000000,0
l2,0.0625,0,min-error,metric_min,exp1,0,1,1,0.0291609094,0.0299319383,0.0291609094,0.0299319383,0.000771028921,125,raw-and-scaled,6,1,fp6_e1m4,fp6_e2m3,4,3,4,69,125,exp2,2,8,2,2,0.0291609094,0.0299319383,-6,0x3cf533d3,0.0299319383,0x3f800000,1,0x00000000,0,0x00000000,0,000000,0,0,0000,000000,0,0,000,0x00000000,0,0x00000000,0,0x00000000,0
l2,0.0625,0,min-error,metric_min,exp1,0,1,1,0.0291609094,0.0299319383,0.0291609094,0.0299319383,0.000771028921,126,raw-and-scaled,6,1,fp6_e1m4,fp6_e2m3,4,3,4,69,126,exp2,2,8,2,2,0.0291609094,0.0299319383,-6,0x3cf533d3,0.0299319383,0x3f800000,1,0x00000000,0,0x00000000,0,000000,0,0,0000,000000,0,0,000,0x00000000,0,0x00000000,0,0x00000000,0
l2,0.0625,0,min-error,metric_min,exp1,0,1,1,0.0291609094,0.0299319383,0.0291609094,0.0299319383,0.000771028921,127,raw-and-scaled,6,1,fp6_e1m4,fp6_e2m3,4,3,4,69,127,exp2,2,8,2,2,0.0291609094,0.0299319383,-6,0x3cf533d3,0.0299319383,0x3f800000,1,0xbdaeb886,-0.085312888,0xbdaeb886,-0.085312888,100001,0,1,0001,100010,0,2,010,0xbcbae218,-0.022812888,0xbcbae218,-0.022812888,0x80000000,-0
l2,0.0625,0,min-error,metric_min,exp2,0,1,1,0.0426440276,0.0369588993,0.0369588993,0.0426440276,0.00568512827,0,raw-and-scaled,6,1,fp6_e1m4,fp6_e2m3,4,3,4,87,0,exp1,3,10,2,2,0.0426440276,0.0369588993,-7,0x3d2eab81,0.0426440276,0x3f800000,1,0x00000000,0,0x00000000,0,000000,0,0,0000,000000,0,0,000,0x00000000,0,0x00000000,0,0x00000000,0
l2,0.0625,0,min-error,metric_min,exp2,0,1,1,0.0426440276,0.0369588993,0.0369588993,0.0426440276,0.00568512827,1,raw-and-scaled,6,1,fp6_e1m4,fp6_e2m3,4,3,4,87,1,exp1,3,10,2,2,0.0426440276,0.0369588993,-7,0x3d2eab81,0.0426440276,0x3f800000,1,0x00000000,0,0x00000000,0,000000,0,0,0000,000000,0,0,000,0x00000000,0,0x00000000,0,0x00000000,0
l2,0.0625,0,min-error,metric_min,exp2,0,1,1,0.0426440276,0.0369588993,0.0369588993,0.0426440276,0.00568512827,2,raw-and-scaled,6,1,fp6_e1m4,fp6_e2m3,4,3,4,87,2,exp1,3,10,2,2,0.0426440276,0.0369588993,-7,0x3d2eab81,0.0426440276,0x3f800000,1,0xbdff3238,-0.124607503,0xbdff3238,-0.124607503,100001,0,1,0001,100011,0,3,011,0xbd7e6470,-0.0621075034,0xbcfcc8e0,-0.0308575034,0xbf800000,-1
l2,0.0625,0,min-error,metric_min,exp2,0,1,1,0.0426440276,0.0369588993,0.0369588993,0.0426440276,0.00568512827,3,raw-and-scaled,6,1,fp6_e1m4,fp6_e2m3,4,3,4,87,3,exp1,3,10,2,2,0.0426440276,0.0369588993,-7,0x3d2eab81,0.0426440276,0x3f800000,1,0xbda716fd,-0.0815868154,0xbda716fd,-0.0815868154,100001,0,1,0001,100010,0,2,010,0xbc9c5bf4,-0.0190868154,0xbc9c5bf4,-0.0190868154,0x80000000,-0
l2,0.0625,0,min-error,metric_min,exp2,0,1,1,0.0426440276,0.0369588993,0.0369588993,0.0426440276,0.00568512827,4,raw-and-scaled,6,1,fp6_e1m4,fp6_e2m3,4,3,4,87,4,exp1,3,10,2,2,0.0426440276,0.0369588993,-7,0x3d2eab81,0.0426440276,0x3f800000,1,0x00000000,0,0x00000000,0,000000,0,0,0000,000000,0,0,000,0x00000000,0,0x00000000,0,0x00000000,0
l2,0.0625,0,min-error,metric_min,exp2,0,1,1,0.0426440276,0.0369588993,0.0369588993,0.0426440276,0.00568512827,5,raw-and-scaled,6,1,fp6_e1m4,fp6_e2m3,4,3,4,87,5,exp1,3,10,2,2,0.0426440276,0.0369588993,-7,0x3d2eab81,0.0426440276,0x3f800000,1,0x3d7cdeec,0.0617360324,0x3d7cdeec,0.0617360324,000000,0,0,0000,000001,0,1,001,0x3d7cdeec,0.0617360324,0x3cf9bdd8,0.0304860324,0xbf800000,-1
l2,0.0625,0,min-error,metric_min,exp2,0,1,1,0.0426440276,0.0369588993,0.0369588993,0.0426440276,0.00568512827,6,raw-and-scaled,6,1,fp6_e1m4,fp6_e2m3,4,3,4,87,6,exp1,3,10,2,2,0.0426440276,0.0369588993,-7,0x3d2eab81,0.0426440276,0x3f800000,1,0x3d90c0d4,0.0706802905,0x3d90c0d4,0.0706802905,000001,0,1,0001,000010,0,2,010,0x3c0606a0,0.00818029046,0x3c0606a0,0.00818029046,0x80000000,-0
l2,0.0625,0,min-error,metric_min,exp2,0,1,1,0.0426440276,0.0369588993,0.0369588993,0.0426440276,0.00568512827,7,raw-and-scaled,6,1,fp6_e1m4,fp6_e2m3,4,3,4,87,7,exp1,3,10,2,2,0.0426440276,0.0369588993,-7,0x3d2eab81,0.0426440276,0x3f800000,1,0x3eb508d4,0.353582978,0x3eb508d4,0.353582978,000101,0,5,0101,001011,1,3,011,0x3d2846a0,0.0410829782,0x3c211a80,0.00983297825,0xbf800000,-1
l2,0.0625,0,min-error,metric_min,exp2,0,1,1,0.0426440276,0.0369588993,0.0369588993,0.0426440276,0.00568512827,8,raw-and-scaled,6,1,fp6_e1m4,fp6_e2m3,4,3,4,87,8,exp1,3,10,2,2,0.0426440276,0.0369588993,-7,0x3d2eab81,0.0426440276,0x3f800000,1,0x00000000,0,0x00000000,0,000000,0,0,0000,000000,0,0,000,0x00000000,0,0x00000000,0,0x00000000,0
l2,0.0625,0,min-error,metric_min,exp2,0,1,1,0.0426440276,0.0369588993,0.0369588993,0.0426440276,0.00568512827,9,raw-and-scaled,6,1,fp6_e1m4,fp6_e2m3,4,3,4,87,9,exp1,3,10,2,2,0.0426440276,0.0369588993,-7,0x3d2eab81,0.0426440276,0x3f800000,1,0x00000000,0,0x00000000,0,000000,0,0,0000,000000,0,0,000,0x00000000,0,0x00000000,0,0x00000000,0
l2,0.0625,0,min-error,metric_min,exp2,0,1,1,0.0426440276,0.0369588993,0.0369588993,0.0426440276,0.00568512827,10,raw-and-scaled,6,1,fp6_e1m4,fp6_e2m3,4,3,4,87,10,exp1,3,10,2,2,0.0426440276,0.0369588993,-7,0x3d2eab81,0.0426440276,0x3f800000,1,0x00000000,0,0x00000000,0,000000,0,0,0000,000000,0,0,000,0x00000000,0,0x00000000,0,0x00000000,0
l2,0.0625,0,min-error,metric_min,exp2,0,1,1,0.0426440276,0.0369588993,0.0369588993,0.0426440276,0.00568512827,11,raw-and-scaled,6,1,fp6_e1m4,fp6_e2m3,4,3,4,87,11,exp1,3,10,2,2,0.0426440276,0.0369588993,-7,0x3d2eab81,0.0426440276,0x3f800000,1,0x00000000,0,0x00000000,0,000000,0,0,0000,000000,0,0,000,0x00000000,0,0x00000000,0,0x00000000,0
l2,0.0625,0,min-error,metric_min,exp2,0,1,1,0.0426440276,0.0369588993,0.0369588993,0.0426440276,0.00568512827,12,raw-and-scaled,6,1,fp6_e1m4,fp6_e2m3,4,3,4,87,12,exp1,3,10,2,2,0.0426440276,0.0369588993,-7,0x3d2eab81,0.0426440276,0x3f800000,1,0x00000000,0,0x00000000,0,000000,0,0,0000,000000,0,0,000,0x00000000,0,0x00000000,0,0x00000000,0
l2,0.0625,0,min-error,metric_min,exp2,0,1,1,0.0426440276,0.0369588993,0.0369588993,0.0426440276,0.00568512827,13,raw-and-scaled,6,1,fp6_e1m4,fp6_e2m3,4,3,4,87,13,exp1,3,10,2,2,0.0426440276,0.0369588993,-7,0x3d2eab81,0.0426440276,0x3f800000,1,0x00000000,0,0x00000000,0,000000,0,0,0000,000000,0,0,000,0x00000000,0,0x00000000,0,0x00000000,0
l2,0.0625,0,min-error,metric_min,exp2,0,1,1,0.0426440276,0.0369588993,0.0369588993,0.0426440276,0.00568512827,14,raw-and-scaled,6,1,fp6_e1m4,fp6_e2m3,4,3,4,87,14,exp1,3,10,2,2,0.0426440276,0.0369588993,-7,0x3d2eab81,0.0426440276,0x3f800000,1,0x3d55c3db,0.0521887355,0x3d55c3db,0.0521887355,000000,0,0,0000,000001,0,1,001,0x3d55c3db,0.0521887355,0x3cab87b6,0.0209387355,0xbf800000,-1
l2,0.0625,0,min-error,metric_min,exp2,0,1,1,0.0426440276,0.0369588993,0.0369588993,0.0426440276,0.00568512827,15,raw-and-scaled,6,1,fp6_e1m4,fp6_e2m3,4,3,4,87,15,exp1,3,10,2,2,0.0426440276,0.0369588993,-7,0x3d2eab81,0.0426440276,0x3f800000,1,0x00000000,0,0x00000000,0,000000,0,0,0000,000000,0,0,000,0x00000000,0,0x00000000,0,0x00000000,0
l2,0.0625,0,min-error,metric_min,exp2,0,1,1,0.0426440276,0.0369588993,0.0369588993,0.0426440276,0.00568512827,16,raw-and-scaled,6,1,fp6_e1m4,fp6_e2m3,4,3,4,87,16,exp1,3,10,2,2,0.0426440276,0.0369588993,-7,0x3d2eab81,0.0426440276,0x3f800000,1,0x00000000,0,0x00000000,0,000000,0,0,0000,000000,0,0,000,0x00000000,0,0x00000000,0,0x00000000,0
l2,0.0625,0,min-error,metric_min,exp2,0,1,1,0.0426440276,0.0369588993,0.0369588993,0.0426440276,0.00568512827,17,raw-and-scaled,6,1,fp6_e1m4,fp6_e2m3,4,3,4,87,17,exp1,3,10,2,2,0.0426440276,0.0369588993,-7,0x3d2eab81,0.0426440276,0x3f800000,1,0x00000000,0,0x00000000,0,000000,0,0,0000,000000,0,0,000,0x00000000,0,0x00000000,0,0x00000000,0
l2,0.0625,0,min-error,metric_min,exp2,0,1,1,0.0426440276,0.0369588993,0.0369588993,0.0426440276,0.00568512827,18,raw-and-scaled,6,1,fp6_e1m4,fp6_e2m3,4,3,4,87,18,exp1,3,10,2,2,0.0426440276,0.0369588993,-7,0x3d2eab81,0.0426440276,0x3f800000,1,0x3b5ebb6a,0.00339862192,0x3b5ebb6a,0.00339862192,000000,0,0,0000,000000,0,0,000,0x3b5ebb6a,0.00339862192,0x3b5ebb6a,0.00339862192,0x00000000,0
l2,0.0625,0,min-error,metric_min,exp2,0,1,1,0.0426440276,0.0369588993,0.0369588993,0.0426440276,0.00568512827,19,raw-and-scaled,6,1,fp6_e1m4,fp6_e2m3,4,3,4,87,19,exp1,3,10,2,2,0.0426440276,0.0369588993,-7,0x3d2eab81,0.0426440276,0x3f800000,1,0x3f03cba8,0.514826298,0x3f03cba8,0.514826298,001000,0,8,1000,010000,2,0,000,0x3c72ea00,0.0148262978,0x3c72ea00,0.0148262978,0x00000000,0
l2,0.0625,0,min-error,metric_min,exp2,0,1,1,0.0426440276,0.0369588993,0.0369588993,0.0426440276,0.00568512827,20,raw-and-scaled,6,1,fp6_e1m4,fp6_e2m3,4,3,4,87,20,exp1,3,10,2,2,0.0426440276,0.0369588993,-7,0x3d2eab81,0.0426440276,0x3f800000,1,0x00000000,0,0x00000000,0,000000,0,0,0000,000000,0,0,000,0x00000000,0,0x00000000,0,0x00000000,0
l2,0.0625,0,min-error,metric_min,exp2,0,1,1,0.0426440276,0.0369588993,0.0369588993,0.0426440276,0.00568512827,21,raw-and-scaled,6,1,fp6_e1m4,fp6_e2m3,4,3,4,87,21,exp1,3,10,2,2,0.0426440276,0.0369588993,-7,0x3d2eab81,0.0426440276,0x3f800000,1,0x3d5340e1,0.0515755452,0x3d5340e1,0.0515755452,000000,0,0,0000,000001,0,1,001,0x3d5340e1,0.0515755452,0x3ca681c2,0.0203255452,0xbf800000,-1
l2,0.0625,0,min-error,metric_min,exp2,0,1,1,0.0426440276,0.0369588993,0.0369588993,0.0426440276,0.00568512827,22,raw-and-scaled,6,1,fp6_e1m4,fp6_e2m3,4,3,4,87,22,exp1,3,10,2,2,0.0426440276,0.0369588993,-7,0x3d2eab81,0.0426440276,0x3f800000,1,0x00000000,0,0x00000000,0,000000,0,0,0000,000000,0,0,000,0x00000000,0,0x00000000,0,0x00000000,0
l2,0.0625,0,min-error,metric_min,exp2,0,1,1,0.0426440276,0.0369588993,0.0369588993,0.0426440276,0.00568512827,23,raw-and-scaled,6,1,fp6_e1m4,fp6_e2m3,4,3,4,87,23,exp1,3,10,2,2,0.0426440276,0.0369588993,-7,0x3d2eab81,0.0426440276,0x3f800000,1,0x3e69d27a,0.228341967,0x3e69d27a,0.228341967,000011,0,3,0011,000111,0,7,111,0x3d2749e8,0.0408419669,0x3c1d27a0,0.00959196687,0xbf800000,-1
l2,0.0625,0,min-error,metric_min,exp2,0,1,1,0.0426440276,0.0369588993,0.0369588993,0.0426440276,0.00568512827,24,raw-and-scaled,6,1,fp6_e1m4,fp6_e2m3,4,3,4,87,24,exp1,3,10,2,2,0.0426440276,0.0369588993,-7,0x3d2eab81,0.0426440276,0x3f800000,1,0x00000000,0,0x00000000,0,000000,0,0,0000,000000,0,0,000,0x00000000,0,0x00000000,0,0x00000000,0
l2,0.0625,0,min-error,metric_min,exp2,0,1,1,0.0426440276,0.0369588993,0.0369588993,0.0426440276,0.00568512827,25,raw-and-scaled,6,1,fp6_e1m4,fp6_e2m3,4,3,4,87,25,exp1,3,10,2,2,0.0426440276,0.0369588993,-7,0x3d2eab81,0.0426440276,0x3f800000,1,0x00000000,0,0x00000000,0,000000,0,0,0000,000000,0,0,000,0x00000000,0,0x00000000,0,0x00000000,0
l2,0.0625,0,min-error,metric_min,exp2,0,1,1,0.0426440276,0.0369588993,0.0369588993,0.0426440276,0.00568512827,26,raw-and-scaled,6,1,fp6_e1m4,fp6_e2m3,4,3,4,87,26,exp1,3,10,2,2,0.0426440276,0.0369588993,-7,0x3d2eab81,0.0426440276,0x3f800000,1,0x00000000,0,0x00000000,0,000000,0,0,0000,000000,0,0,000,0x00000000,0,0x00000000,0,0x00000000,0
l2,0.0625,0,min-error,metric_min,exp2,0,1,1,0.0426440276,0.0369588993,0.0369588993,0.0426440276,0.00568512827,27,raw-and-scaled,6,1,fp6_e1m4,fp6_e2m3,4,3,4,87,27,exp1,3,10,2,2,0.0426440276,0.0369588993,-7,0x3d2eab81,0.0426440276,0x3f800000,1,0xbe92c79f,-0.286679238,0xbe92c79f,-0.286679238,100100,0,4,0100,101001,1,1,001,0xbd163cf8,-0.0366792381,0xbbb1e7c0,-0.00542923808,0xbf800000,-1
l2,0.0625,0,min-error,metric_min,exp2,0,1,1,0.0426440276,0.0369588993,0.0369588993,0.0426440276,0.00568512827,28,raw-and-scaled,6,1,fp6_e1m4,fp6_e2m3,4,3,4,87,28,exp1,3,10,2,2,0.0426440276,0.0369588993,-7,0x3d2eab81,0.0426440276,0x3f800000,1,0x3e4d6a69,0.200601235,0x3e4d6a69,0.200601235,000011,0,3,0011,000110,0,6,110,0x3c56a690,0.013101235,0x3c56a690,0.013101235,0x80000000,-0
l2,0.0625,0,min-error,metric_min,exp2,0,1,1,0.0426440276,0.0369588993,0.0369588993,0.0426440276,0.00568512827,29,raw-and-scaled,6,1,fp6_e1m4,fp6_e2m3,4,3,4,87,29,exp1,3,10,2,2,0.0426440276,0.0369588993,-7,0x3d2eab81,0.0426440276,0x3f800000,1,0x00000000,0,0x00000000,0,000000,0,0,0000,000000,0,0,000,0x00000000,0,0x00000000,0,0x00000000,0
l2,0.0625,0,min-error,metric_min,exp2,0,1,1,0.0426440276,0.0369588993,0.0369588993,0.0426440276,0.00568512827,30,raw-and-scaled,6,1,fp6_e1m4,fp6_e2m3,4,3,4,87,30,exp1,3,10,2,2,0.0426440276,0.0369588993,-7,0x3d2eab81,0.0426440276,0x3f800000,1,0x00000000,0,0x00000000,0,000000,0,0,0000,000000,0,0,000,0x00000000,0,0x00000000,0,0x00000000,0
l2,0.0625,0,min-error,metric_min,exp2,0,1,1,0.0426440276,0.0369588993,0.0369588993,0.0426440276,0.00568512827,31,raw-and-scaled,6,1,fp6_e1m4,fp6_e2m3,4,3,4,87,31,exp1,3,10,2,2,0.0426440276,0.0369588993,-7,0x3d2eab81,0.0426440276,0x3f800000,1,0x3ae6a283,0.00175960397,0x3ae6a283,0.00175960397,000000,0,0,0000,000000,0,0,000,0x3ae6a283,0.00175960397,0x3ae6a283,0.00175960397,0x00000000,0
l2,0.0625,0,min-error,metric_min,exp2,0,1,1,0.0426440276,0.0369588993,0.0369588993,0.0426440276,0.00568512827,32,raw-and-scaled,6,1,fp6_e1m4,fp6_e2m3,4,3,4,87,32,exp1,3,10,2,2,0.0426440276,0.0369588993,-7,0x3d2eab81,0.0426440276,0x3f800000,1,0x00000000,0,0x00000000,0,000000,0,0,0000,000000,0,0,000,0x00000000,0,0x00000000,0,0x00000000,0
l2,0.0625,0,min-error,metric_min,exp2,0,1,1,0.0426440276,0.0369588993,0.0369588993,0.0426440276,0.00568512827,33,raw-and-scaled,6,1,fp6_e1m4,fp6_e2m3,4,3,4,87,33,exp1,3,10,2,2,0.0426440276,0.0369588993,-7,0x3d2eab81,0.0426440276,0x3f800000,1,0x3ced26c8,0.0289491564,0x3ced26c8,0.0289491564,000000,0,0,0000,000000,0,0,000,0x3ced26c8,0.0289491564,0x3ced26c8,0.0289491564,0x00000000,0
l2,0.0625,0,min-error,metric_min,exp2,0,1,1,0.0426440276,0.0369588993,0.0369588993,0.0426440276,0.00568512827,34,raw-and-scaled,6,1,fp6_e1m4,fp6_e2m3,4,3,4,87,34,exp1,3,10,2,2,0.0426440276,0.0369588993,-7,0x3d2eab81,0.0426440276,0x3f800000,1,0xbf6b3e54,-0.918919802,0xbf6b3e54,-0.918919802,101110,0,14,1110,110110,2,6,110,0xbd33e540,-0.0439198017,0xbd33e540,-0.0439198017,0x00000000,0
l2,0.0625,0,min-error,metric_min,exp2,0,1,1,0.0426440276,0.0369588993,0.0369588993,0.0426440276,0.00568512827,35,raw-and-scaled,6,1,fp6_e1m4,fp6_e2m3,4,3,4,87,35,exp1,3,10,2,2,0.0426440276,0.0369588993,-7,0x3d2eab81,0.0426440276,0x3f800000,1,0x00000000,0,0x00000000,0,000000,0,0,0000,000000,0,0,000,0x00000000,0,0x00000000,0,0x00000000,0
l2,0.0625,0,min-error,metric_min,exp2,0,1,1,0.0426440276,0.0369588993,0.0369588993,0.0426440276,0.00568512827,36,raw-and-scaled,6,1,fp6_e1m4,fp6_e2m3,4,3,4,87,36,exp1,3,10,2,2,0.0426440276,0.0369588993,-7,0x3d2eab81,0.0426440276,0x3f800000,1,0x00000000,0,0x00000000,0,000000,0,0,0000,000000,0,0,000,0x00000000,0,0x00000000,0,0x00000000,0
l2,0.0625,0,min-error,metric_min,exp2,0,1,1,0.0426440276,0.0369588993,0.0369588993,0.0426440276,0.00568512827,37,raw-and-scaled,6,1,fp6_e1m4,fp6_e2m3,4,3,4,87,37,exp1,3,10,2,2,0.0426440276,0.0369588993,-7,0x3d2eab81,0.0426440276,0x3f800000,1,0xbfda8e84,-1.70747423,0xbfda8e84,-1.70747423,111011,1,11,1011,111101,3,5,101,0xbca3a100,-0.0199742317,0xbda8e840,-0.0824742317,0x3f800000,1
l2,0.0625,0,min-error,metric_min,exp2,0,1,1,0.0426440276,0.0369588993,0.0369588993,0.0426440276,0.00568512827,38,raw-and-scaled,6,1,fp6_e1m4,fp6_e2m3,4,3,4,87,38,exp1,3,10,2,2,0.0426440276,0.0369588993,-7,0x3d2eab81,0.0426440276,0x3f800000,1,0x00000000,0,0x00000000,0,000000,0,0,0000,000000,0,0,000,0x00000000,0,0x00000000,0,0x00000000,0
l2,0.0625,0,min-error,metric_min,exp2,0,1,1,0.0426440276,0.0369588993,0.0369588993,0.0426440276,0.00568512827,39,raw-and-scaled,6,1,fp6_e1m4,fp6_e2m3,4,3,4,87,39,exp1,3,10,2,2,0.0426440276,0.0369588993,-7,0x3d2eab81,0.0426440276,0x3f800000,1,0x00000000,0,0x00000000,0,000000,0,0,0000,000000,0,0,000,0x00000000,0,0x00000000,0,0x00000000,0
l2,0.0625,0,min-error,metric_min,exp2,0,1,1,0.0426440276,0.0369588993,0.0369588993,0.0426440276,0.00568512827,40,raw-and-scaled,6,1,fp6_e1m4,fp6_e2m3,4,3,4,87,40,exp1,3,10,2,2,0.0426440276,0.0369588993,-7,0x3d2eab81,0.0426440276,0x3f800000,1,0xbc127611,-0.00893928204,0xbc127611,-0.00893928204,100000,0,0,0000,100000,0,0,000,0xbc127611,-0.00893928204,0xbc127611,-0.00893928204,0x00000000,0
l2,0.0625,0,min-error,metric_min,exp2,0,1,1,0.0426440276,0.0369588993,0.0369588993,0.0426440276,0.00568512827,41,raw-and-scaled,6,1,fp6_e1m4,fp6_e2m3,4,3,4,87,41,exp1,3,10,2,2,0.0426440276,0.0369588993,-7,0x3d2eab81,0.0426440276,0x3f800000,1,0x00000000,0,0x00000000,0,000000,0,0,0000,000000,0,0,000,0x00000000,0,0x00000000,0,0x00000000,0
l2,0.0625,0,min-error,metric_min,exp2,0,1,1,0.0426440276,0.0369588993,0.0369588993,0.0426440276,0.00568512827,42,raw-and-scaled,6,1,fp6_e1m4,fp6_e2m3,4,3,4,87,42,exp1,3,10,2,2,0.0426440276,0.0369588993,-7,0x3d2eab81,0.0426440276,0x3f800000,1,0x00000000,0,0x00000000,0,000000,0,0,0000,000000,0,0,000,0x00000000,0,0x00000000,0,0x00000000,0
l2,0.0625,0,min-error,metric_min,exp2,0,1,1,0.0426440276,0.0369588993,0.0369588993,0.0426440276,0.00568512827,43,raw-and-scaled,6,1,fp6_e1m4,fp6_e2m3,4,3,4,87,43,exp1,3,10,2,2,0.0426440276,0.0369588993,-7,0x3d2eab81,0.0426440276,0x3f800000,1,0xbfc929c9,-1.57158768,0xbfc929c9,-1.57158768,111001,1,9,1001,111100,3,4,100,0xbc14e480,-0.00908768177,0xbd929c90,-0.0715876818,0x3f800000,1
l2,0.0625,0,min-error,metric_min,exp2,0,1,1,0.0426440276,0.0369588993,0.0369588993,0.0426440276,0.00568512827,44,raw-and-scaled,6,1,fp6_e1m4,fp6_e2m3,4,3,4,87,44,exp1,3,10,2,2,0.0426440276,0.0369588993,-7,0x3d2eab81,0.0426440276,0x3f800000,1,0x00000000,0,0x00000000,0,000000,0,0,0000,000000,0,0,000,0x00000000,0,0x00000000,0,0x00000000,0
l2,0.0625,0,min-error,metric_min,exp2,0,1,1,0.0426440276,0.0369588993,0.0369588993,0.0426440276,0.00568512827,45,raw-and-scaled,6,1,fp6_e1m4,fp6_e2m3,4,3,4,87,45,exp1,3,10,2,2,0.0426440276,0.0369588993,-7,0x3d2eab81,0.0426440276,0x3f800000,1,0x00000000,0,0x00000000,0,000000,0,0,0000,000000,0,0,000,0x00000000,0,0x00000000,0,0x00000000,0
l2,0.0625,0,min-error,metric_min,exp2,0,1,1,0.0426440276,0.0369588993,0.0369588993,0.0426440276,0.00568512827,46,raw-and-scaled,6,1,fp6_e1m4,fp6_e2m3,4,3,4,87,46,exp1,3,10,2,2,0.0426440276,0.0369588993,-7,0x3d2eab81,0.0426440276,0x3f800000,1,0x00000000,0,0x00000000,0,000000,0,0,0000,000000,0,0,000,0x00000000,0,0x00000000,0,0x00000000,0
l2,0.0625,0,min-error,metric_min,exp2,0,1,1,0.0426440276,0.0369588993,0.0369588993,0.0426440276,0.00568512827,47,raw-and-scaled,6,1,fp6_e1m4,fp6_e2m3,4,3,4,87,47,exp1,3,10,2,2,0.0426440276,0.0369588993,-7,0x3d2eab81,0.0426440276,0x3f800000,1,0x00000000,0,0x00000000,0,000000,0,0,0000,000000,0,0,000,0x00000000,0,0x00000000,0,0x00000000,0
l2,0.0625,0,min-error,metric_min,exp2,0,1,1,0.0426440276,0.0369588993,0.0369588993,0.0426440276,0.00568512827,48,raw-and-scaled,6,1,fp6_e1m4,fp6_e2m3,4,3,4,87,48,exp1,3,10,2,2,0.0426440276,0.0369588993,-7,0x3d2eab81,0.0426440276,0x3f800000,1,0x00000000,0,0x00000000,0,000000,0,0,0000,000000,0,0,000,0x00000000,0,0x00000000,0,0x00000000,0
l2,0.0625,0,min-error,metric_min,exp2,0,1,1,0.0426440276,0.0369588993,0.0369588993,0.0426440276,0.00568512827,49,raw-and-scaled,6,1,fp6_e1m4,fp6_e2m3,4,3,4,87,49,exp1,3,10,2,2,0.0426440276,0.0369588993,-7,0x3d2eab81,0.0426440276,0x3f800000,1,0x00000000,0,0x00000000,0,000000,0,0,0000,000000,0,0,000,0x00000000,0,0x00000000,0,0x00000000,0
l2,0.0625,0,min-error,metric_min,exp2,0,1,1,0.0426440276,0.0369588993,0.0369588993,0.0426440276,0.00568512827,50,raw-and-scaled,6,1,fp6_e1m4,fp6_e2m3,4,3,4,87,50,exp1,3,10,2,2,0.0426440276,0.0369588993,-7,0x3d2eab81,0.0426440276,0x3f800000,1,0x00000000,0,0x00000000,0,000000,0,0,0000,000000,0,0,000,0x00000000,0,0x00000000,0,0x00000000,0
l2,0.0625,0,min-error,metric_min,exp2,0,1,1,0.0426440276,0.0369588993,0.0369588993,0.0426440276,0.00568512827,51,raw-and-scaled,6,1,fp6_e1m4,fp6_e2m3,4,3,4,87,51,exp1,3,10,2,2,0.0426440276,0.0369588993,-7,0x3d2eab81,0.0426440276,0x3f800000,1,0x00000000,0,0x00000000,0,000000,0,0,0000,000000,0,0,000,0x00000000,0,0x00000000,0,0x00000000,0
l2,0.0625,0,min-error,metric_min,exp2,0,1,1,0.0426440276,0.0369588993,0.0369588993,0.0426440276,0.00568512827,52,raw-and-scaled,6,1,fp6_e1m4,fp6_e2m3,4,3,4,87,52,exp1,3,10,2,2,0.0426440276,0.0369588993,-7,0x3d2eab81,0.0426440276,0x3f800000,1,0xbab297af,-0.00136255275,0xbab297af,-0.00136255275,100000,0,0,0000,100000,0,0,000,0xbab297af,-0.00136255275,0xbab297af,-0.00136255275,0x00000000,0
l2,0.0625,0,min-error,metric_min,exp2,0,1,1,0.0426440276,0.0369588993,0.0369588993,0.0426440276,0.00568512827,53,raw-and-scaled,6,1,fp6_e1m4,fp6_e2m3,4,3,4,87,53,exp1,3,10,2,2,0.0426440276,0.0369588993,-7,0x3d2eab81,0.0426440276,0x3f800000,1,0x3f0356d5,0.513043702,0x3f0356d5,0.513043702,001000,0,8,1000,010000,2,0,000,0x3c55b540,0.0130437016,0x3c55b540,0.0130437016,0x00000000,0
l2,0.0625,0,min-error,metric_min,exp2,0,1,1,0.0426440276,0.0369588993,0.0369588993,0.0426440276,0.00568512827,54,raw-and-scaled,6,1,fp6_e1m4,fp6_e2m3,4,3,4,87,54,exp1,3,10,2,2,0.0426440276,0.0369588993,-7,0x3d2eab81,0.0426440276,0x3f800000,1,0xbf5c5a2a,-0.860750794,0xbf5c5a2a,-0.860750794,101101,0,13,1101,110101,2,5,101,0xbd45a2a0,-0.0482507944,0xbd45a2a0,-0.0482507944,0x00000000,0
l2,0.0625,0,min-error,metric_min,exp2,0,1,1,0.0426440276,0.0369588993,0.0369588993,0.0426440276,0.00568512827,55,raw-and-scaled,6,1,fp6_e1m4,fp6_e2m3,4,3,4,87,55,exp1,3,10,2,2,0.0426440276,0.0369588993,-7,0x3d2eab81,0.0426440276,0x3f800000,1,0x00000000,0,0x00000000,0,000000,0,0,0000,000000,0,0,000,0x00000000,0,0x00000000,0,0x00000000,0
l2,0.0625,0,min-error,metric_min,exp2,0,1,1,0.0426440276,0.0369588993,0.0369588993,0.0426440276,0.00568512827,56,raw-and-scaled,6,1,fp6_e1m4,fp6_e2m3,4,3,4,87,56,exp1,3,10,2,2,0.0426440276,0.0369588993,-7,0x3d2eab81,0.0426440276,0x3f800000,1,0x00000000,0,0x00000000,0,000000,0,0,0000,000000,0,0,000,0x00000000,0,0x00000000,0,0x00000000,0
l2,0.0625,0,min-error,metric_min,exp2,0,1,1,0.0426440276,0.0369588993,0.0369588993,0.0426440276,0.00568512827,57,raw-and-scaled,6,1,fp6_e1m4,fp6_e2m3,4,3,4,87,57,exp1,3,10,2,2,0.0426440276,0.0369588993,-7,0x3d2eab81,0.0426440276,0x3f800000,1,0x3c689383,0.0141953258,0x3c689383,0.0141953258,000000,0,0,0000,000000,0,0,000,0x3c689383,0.0141953258,0x3c689383,0.0141953258,0x00000000,0
l2,0.0625,0,min-error,metric_min,exp2,0,1,1,0.0426440276,0.0369588993,0.0369588993,0.0426440276,0.00568512827,58,raw-and-scaled,6,1,fp6_e1m4,fp6_e2m3,4,3,4,87,58,exp1,3,10,2,2,0.0426440276,0.0369588993,-7,0x3d2eab81,0.0426440276,0x3f800000,1,0xbc7c76f1,-0.0154092172,0xbc7c76f1,-0.0154092172,100000,0,0,0000,100000,0,0,000,0xbc7c76f1,-0.0154092172,0xbc7c76f1,-0.0154092172,0x00000000,0
l2,0.0625,0,min-error,metric_min,exp2,0,1,1,0.0426440276,0.0369588993,0.0369588993,0.0426440276,0.00568512827,59,raw-and-scaled,6,1,fp6_e1m4,fp6_e2m3,4,3,4,87,59,exp1,3,10,2,2,0.0426440276,0.0369588993,-7,0x3d2eab81,0.0426440276,0x3f800000,1,0x00000000,0,0x00000000,0,000000,0,0,0000,000000,0,0,000,0x00000000,0,0x00000000,0,0x00000000,0
l2,0.0625,0,min-error,metric_min,exp2,0,1,1,0.0426440276,0.0369588993,0.0369588993,0.0426440276,0.00568512827,60,raw-and-scaled,6,1,fp6_e1m4,fp6_e2m3,4,3,4,87,60,exp1,3,10,2,2,0.0426440276,0.0369588993,-7,0x3d2eab81,0.0426440276,0x3f800000,1,0x3edfe297,0.437275618,0x3edfe297,0.437275618,000110,0,6,0110,001101,1,5,101,0x3d7f14b8,0.0622756183,0x3cfe2970,0.0310256183,0xbf800000,-1
l2,0.0625,0,min-error,metric_min,exp2,0,1,1,0.0426440276,0.0369588993,0.0369588993,0.0426440276,0.00568512827,61,raw-and-scaled,6,1,fp6_e1m4,fp6_e2m3,4,3,4,87,61,exp1,3,10,2,2,0.0426440276,0.0369588993,-7,0x3d2eab81,0.0426440276,0x3f800000,1,0x3f21263e,0.629489779,0x3f21263e,0.629489779,001010,0,10,1010,010010,2,2,010,0x3b931f00,0.00448977947,0x3b931f00,0.00448977947,0x00000000,0
l2,0.0625,0,min-error,metric_min,exp2,0,1,1,0.0426440276,0.0369588993,0.0369588993,0.0426440276,0.00568512827,62,raw-and-scaled,6,1,fp6_e1m4,fp6_e2m3,4,3,4,87,62,exp1,3,10,2,2,0.0426440276,0.0369588993,-7,0x3d2eab81,0.0426440276,0x3f800000,1,0x00000000,0,0x00000000,0,000000,0,0,0000,000000,0,0,000,0x00000000,0,0x00000000,0,0x00000000,0
l2,0.0625,0,min-error,metric_min,exp2,0,1,1,0.0426440276,0.0369588993,0.0369588993,0.0426440276,0.00568512827,63,raw-and-scaled,6,1,fp6_e1m4,fp6_e2m3,4,3,4,87,63,exp1,3,10,2,2,0.0426440276,0.0369588993,-7,0x3d2eab81,0.0426440276,0x3f800000,1,0xbbf767de,-0.00755022373,0xbbf767de,-0.00755022373,100000,0,0,0000,100000,0,0,000,0xbbf767de,-0.00755022373,0xbbf767de,-0.00755022373,0x00000000,0
l2,0.0625,0,min-error,metric_min,exp2,0,1,1,0.0426440276,0.0369588993,0.0369588993,0.0426440276,0.00568512827,64,raw-and-scaled,6,1,fp6_e1m4,fp6_e2m3,4,3,4,87,64,exp1,3,10,2,2,0.0426440276,0.0369588993,-7,0x3d2eab81,0.0426440276,0x3f800000,1,0x00000000,0,0x00000000,0,000000,0,0,0000,000000,0,0,000,0x00000000,0,0x00000000,0,0x00000000,0
l2,0.0625,0,min-error,metric_min,exp2,0,1,1,0.0426440276,0.0369588993,0.0369588993,0.0426440276,0.00568512827,65,raw-and-scaled,6,1,fp6_e1m4,fp6_e2m3,4,3,4,87,65,exp1,3,10,2,2,0.0426440276,0.0369588993,-7,0x3d2eab81,0.0426440276,0x3f800000,1,0x00000000,0,0x00000000,0,000000,0,0,0000,000000,0,0,000,0x00000000,0,0x00000000,0,0x00000000,0
l2,0.0625,0,min-error,metric_min,exp2,0,1,1,0.0426440276,0.0369588993,0.0369588993,0.0426440276,0.00568512827,66,raw-and-scaled,6,1,fp6_e1m4,fp6_e2m3,4,3,4,87,66,exp1,3,10,2,2,0.0426440276,0.0369588993,-7,0x3d2eab81,0.0426440276,0x3f800000,1,0xbab98ca5,-0.00141562952,0xbab98ca5,-0.00141562952,100000,0,0,0000,100000,0,0,000,0xbab98ca5,-0.00141562952,0xbab98ca5,-0.00141562952,0x00000000,0
l2,0.0625,0,min-error,metric_min,exp2,0,1,1,0.0426440276,0.0369588993,0.0369588993,0.0426440276,0.00568512827,67,raw-and-scaled,6,1,fp6_e1m4,fp6_e2m3,4,3,4,87,67,exp1,3,10,2,2,0.0426440276,0.0369588993,-7,0x3d2eab81,0.0426440276,0x3f800000,1,0x00000000,0,0x00000000,0,000000,0,0,0000,000000,0,0,000,0x00000000,0,0x00000000,0,0x00000000,0
l2,0.0625,0,min-error,metric_min,exp2,0,1,1,0.0426440276,0.0369588993,0.0369588993,0.0426440276,0.00568512827,68,raw-and-scaled,6,1,fp6_e1m4,fp6_e2m3,4,3,4,87,68,exp1,3,10,2,2,0.0426440276,0.0369588993,-7,0x3d2eab81,0.0426440276,0x3f800000,1,0x00000000,0,0x00000000,0,000000,0,0,0000,000000,0,0,000,0x00000000,0,0x00000000,0,0x00000000,0
l2,0.0625,0,min-error,metric_min,exp2,0,1,1,0.0426440276,0.0369588993,0.0369588993,0.0426440276,0.00568512827,69,raw-and-scaled,6,1,fp6_e1m4,fp6_e2m3,4,3,4,87,69,exp1,3,10,2,2,0.0426440276,0.0369588993,-7,0x3d2eab81,0.0426440276,0x3f800000,1,0x00000000,0,0x00000000,0,000000,0,0,0000,000000,0,0,000,0x00000000,0,0x00000000,0,0x00000000,0
l2,0.0625,0,min-error,metric_min,exp2,0,1,1,0.0426440276,0.0369588993,0.0369588993,0.0426440276,0.00568512827,70,raw-and-scaled,6,1,fp6_e1m4,fp6_e2m3,4,3,4,87,70,exp1,3,10,2,2,0.0426440276,0.0369588993,-7,0x3d2eab81,0.0426440276,0x3f800000,1,0x00000000,0,0x00000000,0,000000,0,0,0000,000000,0,0,000,0x00000000,0,0x00000000,0,0x00000000,0
l2,0.0625,0,min-error,metric_min,exp2,0,1,1,0.0426440276,0.0369588993,0.0369588993,0.0426440276,0.00568512827,71,raw-and-scaled,6,1,fp6_e1m4,fp6_e2m3,4,3,4,87,71,exp1,3,10,2,2,0.0426440276,0.0369588993,-7,0x3d2eab81,0.0426440276,0x3f800000,1,0x00000000,0,0x00000000,0,000000,0,0,0000,000000,0,0,000,0x00000000,0,0x00000000,0,0x00000000,0
l2,0.0625,0,min-error,metric_min,exp2,0,1,1,0.0426440276,0.0369588993,0.0369588993,0.0426440276,0.00568512827,72,raw-and-scaled,6,1,fp6_e1m4,fp6_e2m3,4,3,4,87,72,exp1,3,10,2,2,0.0426440276,0.0369588993,-7,0x3d2eab81,0.0426440276,0x3f800000,1,0x00000000,0,0x00000000,0,000000,0,0,0000,000000,0,0,000,0x00000000,0,0x00000000,0,0x00000000,0
l2,0.0625,0,min-error,metric_min,exp2,0,1,1,0.0426440276,0.0369588993,0.0369588993,0.0426440276,0.00568512827,73,raw-and-scaled,6,1,fp6_e1m4,fp6_e2m3,4,3,4,87,73,exp1,3,10,2,2,0.0426440276,0.0369588993,-7,0x3d2eab81,0.0426440276,0x3f800000,1,0x00000000,0,0x00000000,0,000000,0,0,0000,000000,0,0,000,0x00000000,0,0x00000000,0,0x00000000,0
l2,0.0625,0,min-error,metric_min,exp2,0,1,1,0.0426440276,0.0369588993,0.0369588993,0.0426440276,0.00568512827,74,raw-and-scaled,6,1,fp6_e1m4,fp6_e2m3,4,3,4,87,74,exp1,3,10,2,2,0.0426440276,0.0369588993,-7,0x3d2eab81,0.0426440276,0x3f800000,1,0x00000000,0,0x00000000,0,000000,0,0,0000,000000,0,0,000,0x00000000,0,0x00000000,0,0x00000000,0
l2,0.0625,0,min-error,metric_min,exp2,0,1,1,0.0426440276,0.0369588993,0.0369588993,0.0426440276,0.00568512827,75,raw-and-scaled,6,1,fp6_e1m4,fp6_e2m3,4,3,4,87,75,exp1,3,10,2,2,0.0426440276,0.0369588993,-7,0x3d2eab81,0.0426440276,0x3f800000,1,0x00000000,0,0x00000000,0,000000,0,0,0000,000000,0,0,000,0x00000000,0,0x00000000,0,0x00000000,0
l2,0.0625,0,min-error,metric_min,exp2,0,1,1,0.0426440276,0.0369588993,0.0369588993,0.0426440276,0.00568512827,76,raw-and-scaled,6,1,fp6_e1m4,fp6_e2m3,4,3,4,87,76,exp1,3,10,2,2,0.0426440276,0.0369588993,-7,0x3d2eab81,0.0426440276,0x3f800000,1,0x00000000,0,0x00000000,0,000000,0,0,0000,000000,0,0,000,0x00000000,0,0x00000000,0,0x00000000,0
l2,0.0625,0,min-error,metric_min,exp2,0,1,1,0.0426440276,0.0369588993,0.0369588993,0.0426440276,0.00568512827,77,raw-and-scaled,6,1,fp6_e1m4,fp6_e2m3,4,3,4,87,77,exp1,3,10,2,2,0.0426440276,0.0369588993,-7,0x3d2eab81,0.0426440276,0x3f800000,1,0x00000000,0,0x00000000,0,000000,0,0,0000,000000,0,0,000,0x00000000,0,0x00000000,0,0x00000000,0
l2,0.0625,0,min-error,metric_min,exp2,0,1,1,0.0426440276,0.0369588993,0.0369588993,0.0426440276,0.00568512827,78,raw-and-scaled,6,1,fp6_e1m4,fp6_e2m3,4,3,4,87,78,exp1,3,10,2,2,0.0426440276,0.0369588993,-7,0x3d2eab81,0.0426440276,0x3f800000,1,0x00000000,0,0x00000000,0,000000,0,0,0000,000000,0,0,000,0x00000000,0,0x00000000,0,0x00000000,0
l2,0.0625,0,min-error,metric_min,exp2,0,1,1,0.0426440276,0.0369588993,0.0369588993,0.0426440276,0.00568512827,79,raw-and-scaled,6,1,fp6_e1m4,fp6_e2m3,4,3,4,87,79,exp1,3,10,2,2,0.0426440276,0.0369588993,-7,0x3d2eab81,0.0426440276,0x3f800000,1,0x00000000,0,0x00000000,0,000000,0,0,0000,000000,0,0,000,0x00000000,0,0x00000000,0,0x00000000,0
l2,0.0625,0,min-error,metric_min,exp2,0,1,1,0.0426440276,0.0369588993,0.0369588993,0.0426440276,0.00568512827,80,raw-and-scaled,6,1,fp6_e1m4,fp6_e2m3,4,3,4,87,80,exp1,3,10,2,2,0.0426440276,0.0369588993,-7,0x3d2eab81,0.0426440276,0x3f800000,1,0x00000000,0,0x00000000,0,000000,0,0,0000,000000,0,0,000,0x00000000,0,0x00000000,0,0x00000000,0
l2,0.0625,0,min-error,metric_min,exp2,0,1,1,0.0426440276,0.0369588993,0.0369588993,0.0426440276,0.00568512827,81,raw-and-scaled,6,1,fp6_e1m4,fp6_e2m3,4,3,4,87,81,exp1,3,10,2,2,0.0426440276,0.0369588993,-7,0x3d2eab81,0.0426440276,0x3f800000,1,0xbce44bde,-0.0278682075,0xbce44bde,-0.0278682075,100000,0,0,0000,100000,0,0,000,0xbce44bde,-0.0278682075,0xbce44bde,-0.0278682075,0x00000000,0
l2,0.0625,0,min-error,metric_min,exp2,0,1,1,0.0426440276,0.0369588993,0.0369588993,0.0426440276,0.00568512827,82,raw-and-scaled,6,1,fp6_e1m4,fp6_e2m3,4,3,4,87,82,exp1,3,10,2,2,0.0426440276,0.0369588993,-7,0x3d2eab81,0.0426440276,0x3f800000,1,0x3fda14ec,1.70376348,0x3fda14ec,1.70376348,011011,1,11,1011,011101,3,5,101,0x3c853b00,0.016263485,0x3da14ec0,0.078763485,0x3f800000,1
l2,0.0625,0,min-error,metric_min,exp2,0,1,1,0.0426440276,0.0369588993,0.0369588993,0.0426440276,0.00568512827,83,raw-and-scaled,6,1,fp6_e1m4,fp6_e2m3,4,3,4,87,83,exp1,3,10,2,2,0.0426440276,0.0369588993,-7,0x3d2eab81,0.0426440276,0x3f800000,1,0xbecfbc4f,-0.405733556,0xbecfbc4f,-0.405733556,100110,0,6,0110,101100,1,4,100,0xbcfbc4f0,-0.0307335556,0xbcfbc4f0,-0.0307335556,0x80000000,-0
l2,0.0625,0,min-error,metric_min,exp2,0,1,1,0.0426440276,0.0369588993,0.0369588993,0.0426440276,0.00568512827,84,raw-and-scaled,6,1,fp6_e1m4,fp6_e2m3,4,3,4,87,84,exp1,3,10,2,2,0.0426440276,0.0369588993,-7,0x3d2eab81,0.0426440276,0x3f800000,1,0x00000000,0,0x00000000,0,000000,0,0,0000,000000,0,0,000,0x00000000,0,0x00000000,0,0x00000000,0
l2,0.0625,0,min-error,metric_min,exp2,0,1,1,0.0426440276,0.0369588993,0.0369588993,0.0426440276,0.00568512827,85,raw-and-scaled,6,1,fp6_e1m4,fp6_e2m3,4,3,4,87,85,exp1,3,10,2,2,0.0426440276,0.0369588993,-7,0x3d2eab81,0.0426440276,0x3f800000,1,0x00000000,0,0x00000000,0,000000,0,0,0000,000000,0,0,000,0x00000000,0,0x00000000,0,0x00000000,0
l2,0.0625,0,min-error,metric_min,exp2,0,1,1,0.0426440276,0.0369588993,0.0369588993,0.0426440276,0.00568512827,86,raw-and-scaled,6,1,fp6_e1m4,fp6_e2m3,4,3,4,87,86,exp1,3,10,2,2,0.0426440276,0.0369588993,-7,0x3d2eab81,0.0426440276,0x3f800000,1,0x00000000,0,0x00000000,0,000000,0,0,0000,000000,0,0,000,0x00000000,0,0x00000000,0,0x00000000,0
l2,0.0625,0,min-error,metric_min,exp2,0,1,1,0.0426440276,0.0369588993,0.0369588993,0.0426440276,0.00568512827,87,raw-and-scaled,6,1,fp6_e1m4,fp6_e2m3,4,3,4,87,87,exp1,3,10,2,2,0.0426440276,0.0369588993,-7,0x3d2eab81,0.0426440276,0x3f800000,1,0x00000000,0,0x00000000,0,000000,0,0,0000,000000,0,0,000,0x00000000,0,0x00000000,0,0x00000000,0
l2,0.0625,0,min-error,metric_min,exp2,0,1,1,0.0426440276,0.0369588993,0.0369588993,0.0426440276,0.00568512827,88,raw-and-scaled,6,1,fp6_e1m4,fp6_e2m3,4,3,4,87,88,exp1,3,10,2,2,0.0426440276,0.0369588993,-7,0x3d2eab81,0.0426440276,0x3f800000,1,0x00000000,0,0x00000000,0,000000,0,0,0000,000000,0,0,000,0x00000000,0,0x00000000,0,0x00000000,0
l2,0.0625,0,min-error,metric_min,exp2,0,1,1,0.0426440276,0.0369588993,0.0369588993,0.0426440276,0.00568512827,89,raw-and-scaled,6,1,fp6_e1m4,fp6_e2m3,4,3,4,87,89,exp1,3,10,2,2,0.0426440276,0.0369588993,-7,0x3d2eab81,0.0426440276,0x3f800000,1,0x00000000,0,0x00000000,0,000000,0,0,0000,000000,0,0,000,0x00000000,0,0x00000000,0,0x00000000,0
l2,0.0625,0,min-error,metric_min,exp2,0,1,1,0.0426440276,0.0369588993,0.0369588993,0.0426440276,0.00568512827,90,raw-and-scaled,6,1,fp6_e1m4,fp6_e2m3,4,3,4,87,90,exp1,3,10,2,2,0.0426440276,0.0369588993,-7,0x3d2eab81,0.0426440276,0x3f800000,1,0xbb298073,-0.00258639152,0xbb298073,-0.00258639152,100000,0,0,0000,100000,0,0,000,0xbb298073,-0.00258639152,0xbb298073,-0.00258639152,0x00000000,0
l2,0.0625,0,min-error,metric_min,exp2,0,1,1,0.0426440276,0.0369588993,0.0369588993,0.0426440276,0.00568512827,91,raw-and-scaled,6,1,fp6_e1m4,fp6_e2m3,4,3,4,87,91,exp1,3,10,2,2,0.0426440276,0.0369588993,-7,0x3d2eab81,0.0426440276,0x3f800000,1,0x00000000,0,0x00000000,0,000000,0,0,0000,000000,0,0,000,0x00000000,0,0x00000000,0,0x00000000,0
l2,0.0625,0,min-error,metric_min,exp2,0,1,1,0.0426440276,0.0369588993,0.0369588993,0.0426440276,0.00568512827,92,raw-and-scaled,6,1,fp6_e1m4,fp6_e2m3,4,3,4,87,92,exp1,3,10,2,2,0.0426440276,0.0369588993,-7,0x3d2eab81,0.0426440276,0x3f800000,1,0xbdb3b8cd,-0.0877548233,0xbdb3b8cd,-0.0877548233,100001,0,1,0001,100010,0,2,010,0xbccee334,-0.0252548233,0xbccee334,-0.0252548233,0x80000000,-0
l2,0.0625,0,min-error,metric_min,exp2,0,1,1,0.0426440276,0.0369588993,0.0369588993,0.0426440276,0.00568512827,93,raw-and-scaled,6,1,fp6_e1m4,fp6_e2m3,4,3,4,87,93,exp1,3,10,2,2,0.0426440276,0.0369588993,-7,0x3d2eab81,0.0426440276,0x3f800000,1,0x00000000,0,0x00000000,0,000000,0,0,0000,000000,0,0,000,0x00000000,0,0x00000000,0,0x00000000,0
l2,0.0625,0,min-error,metric_min,exp2,0,1,1,0.0426440276,0.0369588993,0.0369588993,0.0426440276,0.00568512827,94,raw-and-scaled,6,1,fp6_e1m4,fp6_e2m3,4,3,4,87,94,exp1,3,10,2,2,0.0426440276,0.0369588993,-7,0x3d2eab81,0.0426440276,0x3f800000,1,0x00000000,0,0x00000000,0,000000,0,0,0000,000000,0,0,000,0x00000000,0,0x00000000,0,0x00000000,0
l2,0.0625,0,min-error,metric_min,exp2,0,1,1,0.0426440276,0.0369588993,0.0369588993,0.0426440276,0.00568512827,95,raw-and-scaled,6,1,fp6_e1m4,fp6_e2m3,4,3,4,87,95,exp1,3,10,2,2,0.0426440276,0.0369588993,-7,0x3d2eab81,0.0426440276,0x3f800000,1,0xbe9e7464,-0.30948174,0xbe9e7464,-0.30948174,100100,0,4,0100,101001,1,1,001,0xbd73a320,-0.05948174,0xbce74640,-0.02823174,0xbf800000,-1
l2,0.0625,0,min-error,metric_min,exp2,0,1,1,0.0426440276,0.0369588993,0.0369588993,0.0426440276,0.00568512827,96,raw-and-scaled,6,1,fp6_e1m4,fp6_e2m3,4,3,4,87,96,exp1,3,10,2,2,0.0426440276,0.0369588993,-7,0x3d2eab81,0.0426440276,0x3f800000,1,0x00000000,0,0x00000000,0,000000,0,0,0000,000000,0,0,000,0x00000000,0,0x00000000,0,0x00000000,0
l2,0.0625,0,min-error,metric_min,exp2,0,1,1,0.0426440276,0.0369588993,0.0369588993,0.0426440276,0.00568512827,97,raw-and-scaled,6,1,fp6_e1m4,fp6_e2m3,4,3,4,87,97,exp1,3,10,2,2,0.0426440276,0.0369588993,-7,0x3d2eab81,0.0426440276,0x3f800000,1,0xbc9210ee,-0.0178303383,0xbc9210ee,-0.0178303383,100000,0,0,0000,100000,0,0,000,0xbc9210ee,-0.0178303383,0xbc9210ee,-0.0178303383,0x00000000,0
l2,0.0625,0,min-error,metric_min,exp2,0,1,1,0.0426440276,0.0369588993,0.0369588993,0.0426440276,0.00568512827,98,raw-and-scaled,6,1,fp6_e1m4,fp6_e2m3,4,3,4,87,98,exp1,3,10,2,2,0.0426440276,0.0369588993,-7,0x3d2eab81,0.0426440276,0x3f800000,1,0x00000000,0,0x00000000,0,000000,0,0,0000,000000,0,0,000,0x00000000,0,0x00000000,0,0x00000000,0
l2,0.0625,0,min-error,metric_min,exp2,0,1,1,0.0426440276,0.0369588993,0.0369588993,0.0426440276,0.00568512827,99,raw-and-scaled,6,1,fp6_e1m4,fp6_e2m3,4,3,4,87,99,exp1,3,10,2,2,0.0426440276,0.0369588993,-7,0x3d2eab81,0.0426440276,0x3f800000,1,0x00000000,0,0x00000000,0,000000,0,0,0000,000000,0,0,000,0x00000000,0,0x00000000,0,0x00000000,0
l2,0.0625,0,min-error,metric_min,exp2,0,1,1,0.0426440276,0.0369588993,0.0369588993,0.0426440276,0.00568512827,100,raw-and-scaled,6,1,fp6_e1m4,fp6_e2m3,4,3,4,87,100,exp1,3,10,2,2,0.0426440276,0.0369588993,-7,0x3d2eab81,0.0426440276,0x3f800000,1,0x00000000,0,0x00000000,0,000000,0,0,0000,000000,0,0,000,0x00000000,0,0x00000000,0,0x00000000,0
l2,0.0625,0,min-error,metric_min,exp2,0,1,1,0.0426440276,0.0369588993,0.0369588993,0.0426440276,0.00568512827,101,raw-and-scaled,6,1,fp6_e1m4,fp6_e2m3,4,3,4,87,101,exp1,3,10,2,2,0.0426440276,0.0369588993,-7,0x3d2eab81,0.0426440276,0x3f800000,1,0x3f37590c,0.716202497,0x3f37590c,0.716202497,001011,0,11,1011,010011,2,3,011,0x3ceb2180,0.0287024975,0x3ceb2180,0.0287024975,0x00000000,0
l2,0.0625,0,min-error,metric_min,exp2,0,1,1,0.0426440276,0.0369588993,0.0369588993,0.0426440276,0.00568512827,102,raw-and-scaled,6,1,fp6_e1m4,fp6_e2m3,4,3,4,87,102,exp1,3,10,2,2,0.0426440276,0.0369588993,-7,0x3d2eab81,0.0426440276,0x3f800000,1,0x00000000,0,0x00000000,0,000000,0,0,0000,000000,0,0,000,0x00000000,0,0x00000000,0,0x00000000,0
l2,0.0625,0,min-error,metric_min,exp2,0,1,1,0.0426440276,0.0369588993,0.0369588993,0.0426440276,0.00568512827,103,raw-and-scaled,6,1,fp6_e1m4,fp6_e2m3,4,3,4,87,103,exp1,3,10,2,2,0.0426440276,0.0369588993,-7,0x3d2eab81,0.0426440276,0x3f800000,1,0x00000000,0,0x00000000,0,000000,0,0,0000,000000,0,0,000,0x00000000,0,0x00000000,0,0x00000000,0
l2,0.0625,0,min-error,metric_min,exp2,0,1,1,0.0426440276,0.0369588993,0.0369588993,0.0426440276,0.00568512827,104,raw-and-scaled,6,1,fp6_e1m4,fp6_e2m3,4,3,4,87,104,exp1,3,10,2,2,0.0426440276,0.0369588993,-7,0x3d2eab81,0.0426440276,0x3f800000,1,0x3c254fd0,0.0100898296,0x3c254fd0,0.0100898296,000000,0,0,0000,000000,0,0,000,0x3c254fd0,0.0100898296,0x3c254fd0,0.0100898296,0x00000000,0
l2,0.0625,0,min-error,metric_min,exp2,0,1,1,0.0426440276,0.0369588993,0.0369588993,0.0426440276,0.00568512827,105,raw-and-scaled,6,1,fp6_e1m4,fp6_e2m3,4,3,4,87,105,exp1,3,10,2,2,0.0426440276,0.0369588993,-7,0x3d2eab81,0.0426440276,0x3f800000,1,0x00000000,0,0x00000000,0,000000,0,0,0000,000000,0,0,000,0x00000000,0,0x00000000,0,0x00000000,0
l2,0.0625,0,min-error,metric_min,exp2,0,1,1,0.0426440276,0.0369588993,0.0369588993,0.0426440276,0.00568512827,106,raw-and-scaled,6,1,fp6_e1m4,fp6_e2m3,4,3,4,87,106,exp1,3,10,2,2,0.0426440276,0.0369588993,-7,0x3d2eab81,0.0426440276,0x3f800000,1,0xbdb73a5b,-0.089466773,0xbdb73a5b,-0.089466773,100001,0,1,0001,100010,0,2,010,0xbcdce96c,-0.026966773,0xbcdce96c,-0.026966773,0x80000000,-0
l2,0.0625,0,min-error,metric_min,exp2,0,1,1,0.0426440276,0.0369588993,0.0369588993,0.0426440276,0.00568512827,107,raw-and-scaled,6,1,fp6_e1m4,fp6_e2m3,4,3,4,87,107,exp1,3,10,2,2,0.0426440276,0.0369588993,-7,0x3d2eab81,0.0426440276,0x3f800000,1,0x00000000,0,0x00000000,0,000000,0,0,0000,000000,0,0,000,0x00000000,0,0x00000000,0,0x00000000,0
l2,0.0625,0,min-error,metric_min,exp2,0,1,1,0.0426440276,0.0369588993,0.0369588993,0.0426440276,0.00568512827,108,raw-and-scaled,6,1,fp6_e1m4,fp6_e2m3,4,3,4,87,108,exp1,3,10,2,2,0.0426440276,0.0369588993,-7,0x3d2eab81,0.0426440276,0x3f800000,1,0x00000000,0,0x00000000,0,000000,0,0,0000,000000,0,0,000,0x00000000,0,0x00000000,0,0x00000000,0
l2,0.0625,0,min-error,metric_min,exp2,0,1,1,0.0426440276,0.0369588993,0.0369588993,0.0426440276,0.00568512827,109,raw-and-scaled,6,1,fp6_e1m4,fp6_e2m3,4,3,4,87,109,exp1,3,10,2,2,0.0426440276,0.0369588993,-7,0x3d2eab81,0.0426440276,0x3f800000,1,0x00000000,0,0x00000000,0,000000,0,0,0000,000000,0,0,000,0x00000000,0,0x00000000,0,0x00000000,0
l2,0.0625,0,min-error,metric_min,exp2,0,1,1,0.0426440276,0.0369588993,0.0369588993,0.0426440276,0.00568512827,110,raw-and-scaled,6,1,fp6_e1m4,fp6_e2m3,4,3,4,87,110,exp1,3,10,2,2,0.0426440276,0.0369588993,-7,0x3d2eab81,0.0426440276,0x3f800000,1,0x00000000,0,0x00000000,0,000000,0,0,0000,000000,0,0,000,0x00000000,0,0x00000000,0,0x00000000,0
l2,0.0625,0,min-error,metric_min,exp2,0,1,1,0.0426440276,0.0369588993,0.0369588993,0.0426440276,0.00568512827,111,raw-and-scaled,6,1,fp6_e1m4,fp6_e2m3,4,3,4,87,111,exp1,3,10,2,2,0.0426440276,0.0369588993,-7,0x3d2eab81,0.0426440276,0x3f800000,1,0x3ea231d6,0.316786468,0x3ea231d6,0.316786468,000101,0,5,0101,001010,1,2,010,0x3b8c7580,0.00428646803,0x3b8c7580,0.00428646803,0x80000000,-0
l2,0.0625,0,min-error,metric_min,exp2,0,1,1,0.0426440276,0.0369588993,0.0369588993,0.0426440276,0.00568512827,112,raw-and-scaled,6,1,fp6_e1m4,fp6_e2m3,4,3,4,87,112,exp1,3,10,2,2,0.0426440276,0.0369588993,-7,0x3d2eab81,0.0426440276,0x3f800000,1,0x00000000,0,0x00000000,0,000000,0,0,0000,000000,0,0,000,0x00000000,0,0x00000000,0,0x00000000,0
l2,0.0625,0,min-error,metric_min,exp2,0,1,1,0.0426440276,0.0369588993,0.0369588993,0.0426440276,0.00568512827,113,raw-and-scaled,6,1,fp6_e1m4,fp6_e2m3,4,3,4,87,113,exp1,3,10,2,2,0.0426440276,0.0369588993,-7,0x3d2eab81,0.0426440276,0x3f800000,1,0x00000000,0,0x00000000,0,000000,0,0,0000,000000,0,0,000,0x00000000,0,0x00000000,0,0x00000000,0
l2,0.0625,0,min-error,metric_min,exp2,0,1,1,0.0426440276,0.0369588993,0.0369588993,0.0426440276,0.00568512827,114,raw-and-scaled,6,1,fp6_e1m4,fp6_e2m3,4,3,4,87,114,exp1,3,10,2,2,0.0426440276,0.0369588993,-7,0x3d2eab81,0.0426440276,0x3f800000,1,0xbfe547e7,-1.79125679,0xbfe547e7,-1.79125679,111100,1,12,1100,111110,3,6,110,0xbd28fce0,-0.0412567854,0xbd28fce0,-0.0412567854,0x00000000,0
l2,0.0625,0,min-error,metric_min,exp2,0,1,1,0.0426440276,0.0369588993,0.0369588993,0.0426440276,0.00568512827,115,raw-and-scaled,6,1,fp6_e1m4,fp6_e2m3,4,3,4,87,115,exp1,3,10,2,2,0.0426440276,0.0369588993,-7,0x3d2eab81,0.0426440276,0x3f800000,1,0x00000000,0,0x00000000,0,000000,0,0,0000,000000,0,0,000,0x00000000,0,0x00000000,0,0x00000000,0
l2,0.0625,0,min-error,metric_min,exp2,0,1,1,0.0426440276,0.0369588993,0.0369588993,0.0426440276,0.00568512827,116,raw-and-scaled,6,1,fp6_e1m4,fp6_e2m3,4,3,4,87,116,exp1,3,10,2,2,0.0426440276,0.0369588993,-7,0x3d2eab81,0.0426440276,0x3f800000,1,0x00000000,0,0x00000000,0,000000,0,0,0000,000000,0,0,000,0x00000000,0,0x00000000,0,0x00000000,0
l2,0.0625,0,min-error,metric_min,exp2,0,1,1,0.0426440276,0.0369588993,0.0369588993,0.0426440276,0.00568512827,117,raw-and-scaled,6,1,fp6_e1m4,fp6_e2m3,4,3,4,87,117,exp1,3,10,2,2,0.0426440276,0.0369588993,-7,0x3d2eab81,0.0426440276,0x3f800000,1,0x00000000,0,0x00000000,0,000000,0,0,0000,000000,0,0,000,0x00000000,0,0x00000000,0,0x00000000,0
l2,0.0625,0,min-error,metric_min,exp2,0,1,1,0.0426440276,0.0369588993,0.0369588993,0.0426440276,0.00568512827,118,raw-and-scaled,6,1,fp6_e1m4,fp6_e2m3,4,3,4,87,118,exp1,3,10,2,2,0.0426440276,0.0369588993,-7,0x3d2eab81,0.0426440276,0x3f800000,1,0x3e7ac555,0.244893387,0x3e7ac555,0.244893387,000011,0,3,0011,000111,0,7,111,0x3d6b1554,0.057393387,0x3cd62aa8,0.026143387,0xbf800000,-1
l2,0.0625,0,min-error,metric_min,exp2,0,1,1,0.0426440276,0.0369588993,0.0369588993,0.0426440276,0.00568512827,119,raw-and-scaled,6,1,fp6_e1m4,fp6_e2m3,4,3,4,87,119,exp1,3,10,2,2,0.0426440276,0.0369588993,-7,0x3d2eab81,0.0426440276,0x3f800000,1,0xbec0e9f9,-0.37678507,0xbec0e9f9,-0.37678507,100110,0,6,0110,101100,1,4,100,0xbae9f900,-0.0017850697,0xbae9f900,-0.0017850697,0x80000000,-0
l2,0.0625,0,min-error,metric_min,exp2,0,1,1,0.0426440276,0.0369588993,0.0369588993,0.0426440276,0.00568512827,120,raw-and-scaled,6,1,fp6_e1m4,fp6_e2m3,4,3,4,87,120,exp1,3,10,2,2,0.0426440276,0.0369588993,-7,0x3d2eab81,0.0426440276,0x3f800000,1,0xbda4b393,-0.0804206356,0xbda4b393,-0.0804206356,100001,0,1,0001,100010,0,2,010,0xbc92ce4c,-0.0179206356,0xbc92ce4c,-0.0179206356,0x80000000,-0
l2,0.0625,0,min-error,metric_min,exp2,0,1,1,0.0426440276,0.0369588993,0.0369588993,0.0426440276,0.00568512827,121,raw-and-scaled,6,1,fp6_e1m4,fp6_e2m3,4,3,4,87,121,exp1,3,10,2,2,0.0426440276,0.0369588993,-7,0x3d2eab81,0.0426440276,0x3f800000,1,0x00000000,0,0x00000000,0,000000,0,0,0000,000000,0,0,000,0x00000000,0,0x00000000,0,0x00000000,0
l2,0.0625,0,min-error,metric_min,exp2,0,1,1,0.0426440276,0.0369588993,0.0369588993,0.0426440276,0.00568512827,122,raw-and-scaled,6,1,fp6_e1m4,fp6_e2m3,4,3,4,87,122,exp1,3,10,2,2,0.0426440276,0.0369588993,-7,0x3d2eab81,0.0426440276,0x3f800000,1,0x00000000,0,0x00000000,0,000000,0,0,0000,000000,0,0,000,0x00000000,0,0x00000000,0,0x00000000,0
l2,0.0625,0,min-error,metric_min,exp2,0,1,1,0.0426440276,0.0369588993,0.0369588993,0.0426440276,0.00568512827,123,raw-and-scaled,6,1,fp6_e1m4,fp6_e2m3,4,3,4,87,123,exp1,3,10,2,2,0.0426440276,0.0369588993,-7,0x3d2eab81,0.0426440276,0x3f800000,1,0xbbdeec6c,-0.00680308603,0xbbdeec6c,-0.00680308603,100000,0,0,0000,100000,0,0,000,0xbbdeec6c,-0.00680308603,0xbbdeec6c,-0.00680308603,0x00000000,0
l2,0.0625,0,min-error,metric_min,exp2,0,1,1,0.0426440276,0.0369588993,0.0369588993,0.0426440276,0.00568512827,124,raw-and-scaled,6,1,fp6_e1m4,fp6_e2m3,4,3,4,87,124,exp1,3,10,2,2,0.0426440276,0.0369588993,-7,0x3d2eab81,0.0426440276,0x3f800000,1,0x00000000,0,0x00000000,0,000000,0,0,0000,000000,0,0,000,0x00000000,0,0x00000000,0,0x00000000,0
l2,0.0625,0,min-error,metric_min,exp2,0,1,1,0.0426440276,0.0369588993,0.0369588993,0.0426440276,0.00568512827,125,raw-and-scaled,6,1,fp6_e1m4,fp6_e2m3,4,3,4,87,125,exp1,3,10,2,2,0.0426440276,0.0369588993,-7,0x3d2eab81,0.0426440276,0x3f800000,1,0xbda3b485,-0.0799341574,0xbda3b485,-0.0799341574,100001,0,1,0001,100010,0,2,010,0xbc8ed214,-0.0174341574,0xbc8ed214,-0.0174341574,0x80000000,-0
l2,0.0625,0,min-error,metric_min,exp2,0,1,1,0.0426440276,0.0369588993,0.0369588993,0.0426440276,0.00568512827,126,raw-and-scaled,6,1,fp6_e1m4,fp6_e2m3,4,3,4,87,126,exp1,3,10,2,2,0.0426440276,0.0369588993,-7,0x3d2eab81,0.0426440276,0x3f800000,1,0x00000000,0,0x00000000,0,000000,0,0,0000,000000,0,0,000,0x00000000,0,0x00000000,0,0x00000000,0
l2,0.0625,0,min-error,metric_min,exp2,0,1,1,0.0426440276,0.0369588993,0.0369588993,0.0426440276,0.00568512827,127,raw-and-scaled,6,1,fp6_e1m4,fp6_e2m3,4,3,4,87,127,exp1,3,10,2,2,0.0426440276,0.0369588993,-7,0x3d2eab81,0.0426440276,0x3f800000,1,0x00000000,0,0x00000000,0,000000,0,0,0000,000000,0,0,000,0x00000000,0,0x00000000,0,0x00000000,0
l2,0.0625,0,min-error,metric_min,exp1,0,1,1,0.106430404,0.108867355,0.106430404,0.108867355,0.0024369508,0,raw-and-scaled,6,1,fp6_e1m4,fp6_e2m3,4,3,4,90,0,exp2,7,28,7,7,0.106430404,0.108867355,-21,0x3ddef5d9,0.108867355,0x3f800000,1,0x3b0f511f,0.00218684203,0x3b0f511f,0.00218684203,000000,0,0,0000,000000,0,0,000,0x3b0f511f,0.00218684203,0x3b0f511f,0.00218684203,0x00000000,0
l2,0.0625,0,min-error,metric_min,exp1,0,1,1,0.106430404,0.108867355,0.106430404,0.108867355,0.0024369508,1,raw-and-scaled,6,1,fp6_e1m4,fp6_e2m3,4,3,4,90,1,exp2,7,28,7,7,0.106430404,0.108867355,-21,0x3ddef5d9,0.108867355,0x3f800000,1,0xbfcec06e,-1.61524749,0xbfcec06e,-1.61524749,111001,1,9,1001,111100,3,4,100,0xbd580dc0,-0.052747488,0xbdec06e0,-0.115247488,0x3f800000,1
l2,0.0625,0,min-error,metric_min,exp1,0,1,1,0.106430404,0.108867355,0.106430404,0.108867355,0.0024369508,2,raw-and-scaled,6,1,fp6_e1m4,fp6_e2m3,4,3,4,90,2,exp2,7,28,7,7,0.106430404,0.108867355,-21,0x3ddef5d9,0.108867355,0x3f800000,1,0x3c30a99d,0.0107826265,0x3c30a99d,0.0107826265,000000,0,0,0000,000000,0,0,000,0x3c30a99d,0.0107826265,0x3c30a99d,0.0107826265,0x00000000,0
l2,0.0625,0,min-error,metric_min,exp1,0,1,1,0.106430404,0.108867355,0.106430404,0.108867355,0.0024369508,3,raw-and-scaled,6,1,fp6_e1m4,fp6_e2m3,4,3,4,90,3,exp2,7,28,7,7,0.106430404,0.108867355,-21,0x3ddef5d9,0.108867355,0x3f800000,1,0x3f3e53ee,0.743468165,0x3f3e53ee,0.743468165,001011,0,11,1011,010011,2,3,011,0x3d653ee0,0.0559681654,0x3d653ee0,0.0559681654,0x00000000,0
l2,0.0625,0,min-error,metric_min,exp1,0,1,1,0.106430404,0.108867355,0.106430404,0.108867355,0.0024369508,4,raw-and-scaled,6,1,fp6_e1m4,fp6_e2m3,4,3,4,90,4,exp2,7,28,7,7,0.106430404,0.108867355,-21,0x3ddef5d9,0.108867355,0x3f800000,1,0xbf449528,-0.767900944,0xbf449528,-0.767900944,101100,0,12,1100,110100,2,4,100,0xbc92a500,-0.0179009438,0xbc92a500,-0.0179009438,0x00000000,0
l2,0.0625,0,min-error,metric_min,exp1,0,1,1,0.106430404,0.108867355,0.106430404,0.108867355,0.0024369508,5,raw-and-scaled,6,1,fp6_e1m4,fp6_e2m3,4,3,4,90,5,exp2,7,28,7,7,0.106430404,0.108867355,-21,0x3ddef5d9,0.108867355,0x3f800000,1,0xbd04aaf6,-0.0323896036,0xbd04aaf6,-0.0323896036,100000,0,0,0000,100001,0,1,001,0xbd04aaf6,-0.0323896036,0xba955ec0,-0.00113960356,0xbf800000,-1
l2,0.0625,0,min-error,metric_min,exp1,0,1,1,0.106430404,0.108867355,0.106430404,0.108867355,0.0024369508,6,raw-and-scaled,6,1,fp6_e1m4,fp6_e2m3,4,3,4,90,6,exp2,7,28,7,7,0.106430404,0.108867355,-21,0x3ddef5d9,0.108867355,0x3f800000,1,0xbbe84178,-0.00708788261,0xbbe84178,-0.00708788261,100000,0,0,0000,100000,0,0,000,0xbbe84178,-0.00708788261,0xbbe84178,-0.00708788261,0x00000000,0
l2,0.0625,0,min-error,metric_min,exp1,0,1,1,0.106430404,0.108867355,0.106430404,0.108867355,0.0024369508,7,raw-and-scaled,6,1,fp6_e1m4,fp6_e2m3,4,3,4,90,7,exp2,7,28,7,7,0.106430404,0.108867355,-21,0x3ddef5d9,0.108867355,0x3f800000,1,0x3f89ba7e,1.07600379,0x3f89ba7e,1.07600379,010001,1,1,0001,011000,3,0,000,0x3c5d3f00,0.0135037899,0x3d9ba7e0,0.0760037899,0x3f800000,1
l2,0.0625,0,min-error,metric_min,exp1,0,1,1,0.106430404,0.108867355,0.106430404,0.108867355,0.0024369508,8,raw-and-scaled,6,1,fp6_e1m4,fp6_e2m3,4,3,4,90,8,exp2,7,28,7,7,0.106430404,0.108867355,-21,0x3ddef5d9,0.108867355,0x3f800000,1,0x3edddb1a,0.433312237,0x3edddb1a,0.433312237,000110,0,6,0110,001101,1,5,101,0x3d6ed8d0,0.0583122373,0x3cddb1a0,0.0270622373,0xbf800000,-1
l2,0.0625,0,min-error,metric_min,exp1,0,1,1,0.106430404,0.108867355,0.106430404,0.108867355,0.0024369508,9,raw-and-scaled,6,1,fp6_e1m4,fp6_e2m3,4,3,4,90,9,exp2,7,28,7,7,0.106430404,0.108867355,-21,0x3ddef5d9,0.108867355,0x3f800000,1,0x3c930ea0,0.0179513097,0x3c930ea0,0.0179513097,000000,0,0,0000,000000,0,0,000,0x3c930ea0,0.0179513097,0x3c930ea0,0.0179513097,0x00000000,0
l2,0.0625,0,min-error,metric_min,exp1,0,1,1,0.106430404,0.108867355,0.106430404,0.108867355,0.0024369508,10,raw-and-scaled,6,1,fp6_e1m4,fp6_e2m3,4,3,4,90,10,exp2,7,28,7,7,0.106430404,0.108867355,-21,0x3ddef5d9,0.108867355,0x3f800000,1,0xbaba4e13,-0.00142139418,0xbaba4e13,-0.00142139418,100000,0,0,0000,100000,0,0,000,0xbaba4e13,-0.00142139418,0xbaba4e13,-0.00142139418,0x00000000,0
l2,0.0625,0,min-error,metric_min,exp1,0,1,1,0.106430404,0.108867355,0.106430404,0.108867355,0.0024369508,11,raw-and-scaled,6,1,fp6_e1m4,fp6_e2m3,4,3,4,90,11,exp2,7,28,7,7,0.106430404,0.108867355,-21,0x3ddef5d9,0.108867355,0x3f800000,1,0x3b12f1fe,0.00224220706,0x3b12f1fe,0.00224220706,000000,0,0,0000,000000,0,0,000,0x3b12f1fe,0.00224220706,0x3b12f1fe,0.00224220706,0x00000000,0
l2,0.0625,0,min-error,metric_min,exp1,0,1,1,0.106430404,0.108867355,0.106430404,0.108867355,0.0024369508,12,raw-and-scaled,6,1,fp6_e1m4,fp6_e2m3,4,3,4,90,12,exp2,7,28,7,7,0.106430404,0.108867355,-21,0x3ddef5d9,0.108867355,0x3f800000,1,0xbdd052e8,-0.101720631,0xbdd052e8,-0.101720631,100001,0,1,0001,100011,0,3,011,0xbd20a5d0,-0.0392206311,0xbc029740,-0.00797063112,0xbf800000,-1
l2,0.0625,0,min-error,metric_min,exp1,0,1,1,0.106430404,0.108867355,0.106430404,0.108867355,0.0024369508,13,raw-and-scaled,6,1,fp6_e1m4,fp6_e2m3,4,3,4,90,13,exp2,7,28,7,7,0.106430404,0.108867355,-21,0x3ddef5d9,0.108867355,0x3f800000,1,0x3eee0f81,0.464962035,0x3eee0f81,0.464962035,000111,0,7,0111,001110,1,6,110,0x3ce0f810,0.0274620354,0x3ce0f810,0.0274620354,0x80000000,-0
l2,0.0625,0,min-error,metric_min,exp1,0,1,1,0.106430404,0.108867355,0.106430404,0.108867355,0.0024369508,14,raw-and-scaled,6,1,fp6_e1m4,fp6_e2m3,4,3,4,90,14,exp2,7,28,7,7,0.106430404,0.108867355,-21,0x3ddef5d9,0.108867355,0x3f800000,1,0xbd1163d4,-0.0354955941,0xbd1163d4,-0.0354955941,100000,0,0,0000,100001,0,1,001,0xbd1163d4,-0.0354955941,0xbb8b1ea0,-0.00424559414,0xbf800000,-1
l2,0.0625,0,min-error,metric_min,exp1,0,1,1,0.106430404,0.108867355,0.106430404,0.108867355,0.0024369508,15,raw-and-scaled,6,1,fp6_e1m4,fp6_e2m3,4,3,4,90,15,exp2,7,28,7,7,0.106430404,0.108867355,-21,0x3ddef5d9,0.108867355,0x3f800000,1,0x3e50cba3,0.203901812,0x3e50cba3,0.203901812,000011,0,3,0011,000110,0,6,110,0x3c865d18,0.0164018124,0x3c865d18,0.0164018124,0x80000000,-0
l2,0.0625,0,min-error,metric_min,exp1,0,1,1,0.106430404,0.108867355,0.106430404,0.108867355,0.0024369508,16,raw-and-scaled,6,1,fp6_e1m4,fp6_e2m3,4,3,4,90,16,exp2,7,28,7,7,0.106430404,0.108867355,-21,0x3ddef5d9,0.108867355,0x3f800000,1,0x3ac31ecd,0.00148864987,0x3ac31ecd,0.00148864987,000000,0,0,0000,000000,0,0,000,0x3ac31ecd,0.00148864987,0x3ac31ecd,0.00148864987,0x00000000,0
l2,0.0625,0,min-error,metric_min,exp1,0,1,1,0.106430404,0.108867355,0.106430404,0.108867355,0.0024369508,17,raw-and-scaled,6,1,fp6_e1m4,fp6_e2m3,4,3,4,90,17,exp2,7,28,7,7,0.106430404,0.108867355,-21,0x3ddef5d9,0.108867355,0x3f800000,1,0x3eb966ce,0.362112463,0x3eb966ce,0.362112463,000101,0,5,0101,001011,1,3,011,0x3d4b3670,0.0496124625,0x3c966ce0,0.0183624625,0xbf800000,-1
l2,0.0625,0,min-error,metric_min,exp1,0,1,1,0.106430404,0.108867355,0.106430404,0.108867355,0.0024369508,18,raw-and-scaled,6,1,fp6_e1m4,fp6_e2m3,4,3,4,90,18,exp2,7,28,7,7,0.106430404,0.108867355,-21,0x3ddef5d9,0.108867355,0x3f800000,1,0xbba58cf6,-0.00505220424,0xbba58cf6,-0.00505220424,100000,0,0,0000,100000,0,0,000,0xbba58cf6,-0.00505220424,0xbba58cf6,-0.00505220424,0x00000000,0
l2,0.0625,0,min-error,metric_min,exp1,0,1,1,0.106430404,0.108867355,0.106430404,0.108867355,0.0024369508,19,raw-and-scaled,6,1,fp6_e1m4,fp6_e2m3,4,3,4,90,19,exp2,7,28,7,7,0.106430404,0.108867355,-21,0x3ddef5d9,0.108867355,0x3f800000,1,0xbe8590da,-0.260870755,0xbe8590da,-0.260870755,100100,0,4,0100,101000,1,0,000,0xbc321b40,-0.0108707547,0xbc321b40,-0.0108707547,0x80000000,-0
l2,0.0625,0,min-error,metric_min,exp1,0,1,1,0.106430404,0.108867355,0.106430404,0.108867355,0.0024369508,20,raw-and-scaled,6,1,fp6_e1m4,fp6_e2m3,4,3,4,90,20,exp2,7,28,7,7,0.106430404,0.108867355,-21,0x3ddef5d9,0.108867355,0x3f800000,1,0x3fed70ef,1.85500896,0x3fed70ef,1.85500896,011101,1,13,1101,011110,3,6,110,0x3d2e1de0,0.0425089598,0x3dd70ef0,0.10500896,0x3f800000,1
l2,0.0625,0,min-error,metric_min,exp1,0,1,1,0.106430404,0.108867355,0.106430404,0.108867355,0.0024369508,21,raw-and-scaled,6,1,fp6_e1m4,fp6_e2m3,4,3,4,90,21,exp2,7,28,7,7,0.106430404,0.108867355,-21,0x3ddef5d9,0.108867355,0x3f800000,1,0x3f106187,0.563988149,0x3f106187,0.563988149,001001,0,9,1001,010001,2,1,001,0x3ac30e00,0.00148814917,0x3ac30e00,0.00148814917,0x00000000,0
l2,0.0625,0,min-error,metric_min,exp1,0,1,1,0.106430404,0.108867355,0.106430404,0.108867355,0.0024369508,22,raw-and-scaled,6,1,fp6_e1m4,fp6_e2m3,4,3,4,90,22,exp2,7,28,7,7,0.106430404,0.108867355,-21,0x3ddef5d9,0.108867355,0x3f800000,1,0x3bfa7ffb,0.00764465099,0x3bfa7ffb,0.00764465099,000000,0,0,0000,000000,0,0,000,0x3bfa7ffb,0.00764465099,0x3bfa7ffb,0.00764465099,0x00000000,0
l2,0.0625,0,min-error,metric_min,exp1,0,1,1,0.106430404,0.108867355,0.106430404,0.108867355,0.0024369508,23,raw-and-scaled,6,1,fp6_e1m4,fp6_e2m3,4,3,4,90,23,exp2,7,28,7,7,0.106430404,0.108867355,-21,0x3ddef5d9,0.108867355,0x3f800000,1,0x3aaabdda,0.00130265509,0x3aaabdda,0.00130265509,000000,0,0,0000,000000,0,0,000,0x3aaabdda,0.00130265509,0x3aaabdda,0.00130265509,0x00000000,0
l2,0.0625,0,min-error,metric_min,exp1,0,1,1,0.106430404,0.108867355,0.106430404,0.108867355,0.0024369508,24,raw-and-scaled,6,1,fp6_e1m4,fp6_e2m3,4,3,4,90,24,exp2,7,28,7,7,0.106430404,0.108867355,-21,0x3ddef5d9,0.108867355,0x3f800000,1,0x3e5629f8,0.209144473,0x3e5629f8,0.209144473,000011,0,3,0011,000110,0,6,110,0x3cb14fc0,0.0216444731,0x3cb14fc0,0.0216444731,0x80000000,-0
l2,0.0625,0,min-error,metric_min,exp1,0,1,1,0.106430404,0.108867355,0.106430404,0.108867355,0.0024369508,25,raw-and-scaled,6,1,fp6_e1m4,fp6_e2m3,4,3,4,90,25,exp2,7,28,7,7,0.106430404,0.108867355,-21,0x3ddef5d9,0.108867355,0x3f800000,1,0xbcd96824,-0.0265389159,0xbcd96824,-0.0265389159,100000,0,0,0000,100000,0,0,000,0xbcd96824,-0.0265389159,0xbcd96824,-0.0265389159,0x00000000,0
l2,0.0625,0,min-error,metric_min,exp1,0,1,1,0.106430404,0.108867355,0.106430404,0.108867355,0.0024369508,26,raw-and-scaled,6,1,fp6_e1m4,fp6_e2m3,4,3,4,90,26,exp2,7,28,7,7,0.106430404,0.108867355,-21,0x3ddef5d9,0.108867355,0x3f800000,1,0x3eb61922,0.355660498,0x3eb61922,0.355660498,000101,0,5,0101,001011,1,3,011,0x3d30c910,0.0431604981,0x3c432440,0.0119104981,0xbf800000,-1
l2,0.0625,0,min-error,metric_min,exp1,0,1,1,0.106430404,0.108867355,0.106430404,0.108867355,0.0024369508,27,raw-and-scaled,6,1,fp6_e1m4,fp6_e2m3,4,3,4,90,27,exp2,7,28,7,7,0.106430404,0.108867355,-21,0x3ddef5d9,0.108867355,0x3f800000,1,0x3a9de06e,0.00120450347,0x3a9de06e,0.00120450347,000000,0,0,0000,000000,0,0,000,0x3a9de06e,0.00120450347,0x3a9de06e,0.00120450347,0x00000000,0
l2,0.0625,0,min-error,metric_min,exp1,0,1,1,0.106430404,0.108867355,0.106430404,0.108867355,0.0024369508,28,raw-and-scaled,6,1,fp6_e1m4,fp6_e2m3,4,3,4,90,28,exp2,7,28,7,7,0.106430404,0.108867355,-21,0x3ddef5d9,0.108867355,0x3f800000,1,0x3d199202,0.0374927595,0x3d199202,0.0374927595,000000,0,0,0000,000001,0,1,001,0x3d199202,0.0374927595,0x3bcc9010,0.00624275953,0xbf800000,-1
l2,0.0625,0,min-error,metric_min,exp1,0,1,1,0.106430404,0.108867355,0.106430404,0.108867355,0.0024369508,29,raw-and-scaled,6,1,fp6_e1m4,fp6_e2m3,4,3,4,90,29,exp2,7,28,7,7,0.106430404,0.108867355,-21,0x3ddef5d9,0.108867355,0x3f800000,1,0xbaf94fae,-0.00190209388,0xbaf94fae,-0.00190209388,100000,0,0,0000,100000,0,0,000,0xbaf94fae,-0.00190209388,0xbaf94fae,-0.00190209388,0x00000000,0
l2,0.0625,0,min-error,metric_min,exp1,0,1,1,0.106430404,0.108867355,0.106430404,0.108867355,0.0024369508,30,raw-and-scaled,6,1,fp6_e1m4,fp6_e2m3,4,3,4,90,30,exp2,7,28,7,7,0.106430404,0.108867355,-21,0x3ddef5d9,0.108867355,0x3f800000,1,0x3c856df5,0.0162877832,0x3c856df5,0.0162877832,000000,0,0,0000,000000,0,0,000,0x3c856df5,0.0162877832,0x3c856df5,0.0162877832,0x00000000,0
l2,0.0625,0,min-error,metric_min,exp1,0,1,1,0.106430404,0.108867355,0.106430404,0.108867355,0.0024369508,31,raw-and-scaled,6,1,fp6_e1m4,fp6_e2m3,4,3,4,90,31,exp2,7,28,7,7,0.106430404,0.108867355,-21,0x3ddef5d9,0.108867355,0x3f800000,1,0x3afadfc8,0.00191401783,0x3afadfc8,0.00191401783,000000,0,0,0000,000000,0,0,000,0x3afadfc8,0.00191401783,0x3afadfc8,0.00191401783,0x00000000,0
l2,0.0625,0,min-error,metric_min,exp1,0,1,1,0.106430404,0.108867355,0.106430404,0.108867355,0.0024369508,32,raw-and-scaled,6,1,fp6_e1m4,fp6_e2m3,4,3,4,90,32,exp2,7,28,7,7,0.106430404,0.108867355,-21,0x3ddef5d9,0.108867355,0x3f800000,1,0xbda8a090,-0.0823374987,0xbda8a090,-0.0823374987,100001,0,1,0001,100010,0,2,010,0xbca28240,-0.0198374987,0xbca28240,-0.0198374987,0x80000000,-0
l2,0.0625,0,min-error,metric_min,exp1,0,1,1,0.106430404,0.108867355,0.106430404,0.108867355,0.0024369508,33,raw-and-scaled,6,1,fp6_e1m4,fp6_e2m3,4,3,4,90,33,exp2,7,28,7,7,0.106430404,0.108867355,-21,0x3ddef5d9,0.108867355,0x3f800000,1,0x3ce8a0be,0.0283969603,0x3ce8a0be,0.0283969603,000000,0,0,0000,000000,0,0,000,0x3ce8a0be,0.0283969603,0x3ce8a0be,0.0283969603,0x00000000,0
l2,0.0625,0,min-error,metric_min,exp1,0,1,1,0.106430404,0.108867355,0.106430404,0.108867355,0.0024369508,34,raw-and-scaled,6,1,fp6_e1m4,fp6_e2m3,4,3,4,90,34,exp2,7,28,7,7,0.106430404,0.108867355,-21,0x3ddef5d9,0.108867355,0x3f800000,1,0x3e8c57c2,0.274107039,0x3e8c57c2,0.274107039,000100,0,4,0100,001000,1,0,000,0x3cc57c20,0.024107039,0x3cc57c20,0.024107039,0x80000000,-0
l2,0.0625,0,min-error,metric_min,exp1,0,1,1,0.106430404,0.108867355,0.106430404,0.108867355,0.0024369508,35,raw-and-scaled,6,1,fp6_e1m4,fp6_e2m3,4,3,4,90,35,exp2,7,28,7,7,0.106430404,0.108867355,-21,0x3ddef5d9,0.108867355,0x3f800000,1,0x3ebc9592,0.368328631,0x3ebc9592,0.368328631,000101,0,5,0101,001011,1,3,011,0x3d64ac90,0.0558286309,0x3cc95920,0.0245786309,0xbf800000,-1
l2,0.0625,0,min-error,metric_min,exp1,0,1,1,0.106430404,0.108867355,0.106430404,0.108867355,0.0024369508,36,raw-and-scaled,6,1,fp6_e1m4,fp6_e2m3,4,3,4,90,36,exp2,7,28,7,7,0.106430404,0.108867355,-21,0x3ddef5d9,0.108867355,0x3f800000,1,0xbea112b1,-0.314595729,0xbea112b1,-0.314595729,100101,0,5,0101,101010,1,2,010,0xbb095880,-0.00209572911,0xbb095880,-0.00209572911,0x80000000,-0
l2,0.0625,0,min-error,metric_min,exp1,0,1,1,0.106430404,0.108867355,0.106430404,0.108867355,0.0024369508,37,raw-and-scaled,6,1,fp6_e1m4,fp6_e2m3,4,3,4,90,37,exp2,7,28,7,7,0.106430404,0.108867355,-21,0x3ddef5d9,0.108867355,0x3f800000,1,0xbf1d0d73,-0.613486469,0xbf1d0d73,-0.613486469,101001,0,9,1001,110001,2,1,001,0xbd50d730,-0.0509864688,0xbd50d730,-0.0509864688,0x00000000,0
l2,0.0625,0,min-error,metric_min,exp1,0,1,1,0.106430404,0.108867355,0.106430404,0.108867355,0.0024369508,38,raw-and-scaled,6,1,fp6_e1m4,fp6_e2m3,4,3,4,90,38,exp2,7,28,7,7,0.106430404,0.108867355,-21,0x3ddef5d9,0.108867355,0x3f800000,1,0xbc5783d3,-0.0131539879,0xbc5783d3,-0.0131539879,100000,0,0,0000,100000,0,0,000,0xbc5783d3,-0.0131539879,0xbc5783d3,-0.0131539879,0x00000000,0
l2,0.0625,0,min-error,metric_min,exp1,0,1,1,0.106430404,0.108867355,0.106430404,0.108867355,0.0024369508,39,raw-and-scaled,6,1,fp6_e1m4,fp6_e2m3,4,3,4,90,39,exp2,7,28,7,7,0.106430404,0.108867355,-21,0x3ddef5d9,0.108867355,0x3f800000,1,0xbb6b5428,-0.00359083153,0xbb6b5428,-0.00359083153,100000,0,0,0000,100000,0,0,000,0xbb6b5428,-0.00359083153,0xbb6b5428,-0.00359083153,0x00000000,0
l2,0.0625,0,min-error,metric_min,exp1,0,1,1,0.106430404,0.108867355,0.106430404,0.108867355,0.0024369508,40,raw-and-scaled,6,1,fp6_e1m4,fp6_e2m3,4,3,4,90,40,exp2,7,28,7,7,0.106430404,0.108867355,-21,0x3ddef5d9,0.108867355,0x3f800000,1,0xbb10b020,-0.00220776349,0xbb10b020,-0.00220776349,100000,0,0,0000,100000,0,0,000,0xbb10b020,-0.00220776349,0xbb10b020,-0.00220776349,0x00000000,0
l2,0.0625,0,min-error,metric_min,exp1,0,1,1,0.106430404,0.108867355,0.106430404,0.108867355,0.0024369508,41,raw-and-scaled,6,1,fp6_e1m4,fp6_e2m3,4,3,4,90,41,exp2,7,28,7,7,0.106430404,0.108867355,-21,0x3ddef5d9,0.108867355,0x3f800000,1,0x3ade8444,0.00169766741,0x3ade8444,0.00169766741,000000,0,0,0000,000000,0,0,000,0x3ade8444,0.00169766741,0x3ade8444,0.00169766741,0x00000000,0
l2,0.0625,0,min-error,metric_min,exp1,0,1,1,0.106430404,0.108867355,0.106430404,0.108867355,0.0024369508,42,raw-and-scaled,6,1,fp6_e1m4,fp6_e2m3,4,3,4,90,42,exp2,7,28,7,7,0.106430404,0.108867355,-21,0x3ddef5d9,0.108867355,0x3f800000,1,0x3b8ab8c7,0.00423345296,0x3b8ab8c7,0.00423345296,000000,0,0,0000,000000,0,0,000,0x3b8ab8c7,0.00423345296,0x3b8ab8c7,0.00423345296,0x00000000,0
l2,0.0625,0,min-error,metric_min,exp1,0,1,1,0.106430404,0.108867355,0.106430404,0.108867355,0.0024369508,43,raw-and-scaled,6,1,fp6_e1m4,fp6_e2m3,4,3,4,90,43,exp2,7,28,7,7,0.106430404,0.108867355,-21,0x3ddef5d9,0.108867355,0x3f800000,1,0x3d5f075f,0.054450389,0x3d5f075f,0.054450389,000000,0,0,0000,000001,0,1,001,0x3d5f075f,0.054450389,0x3cbe0ebe,0.023200389,0xbf800000,-1
l2,0.0625,0,min-error,metric_min,exp1,0,1,1,0.106430404,0.108867355,0.106430404,0.108867355,0.0024369508,44,raw-and-scaled,6,1,fp6_e1m4,fp6_e2m3,4,3,4,90,44,exp2,7,28,7,7,0.106430404,0.108867355,-21,0x3ddef5d9,0.108867355,0x3f800000,1,0xbc5c38ad,-0.0134412469,0xbc5c38ad,-0.0134412469,100000,0,0,0000,100000,0,0,000,0xbc5c38ad,-0.0134412469,0xbc5c38ad,-0.0134412469,0x00000000,0
l2,0.0625,0,min-error,metric_min,exp1,0,1,1,0.106430404,0.108867355,0.106430404,0.108867355,0.0024369508,45,raw-and-scaled,6,1,fp6_e1m4,fp6_e2m3,4,3,4,90,45,exp2,7,28,7,7,0.106430404,0.108867355,-21,0x3ddef5d9,0.108867355,0x3f800000,1,0x3e62a7a8,0.221342683,0x3e62a7a8,0.221342683,000011,0,3,0011,000111,0,7,111,0x3d0a9ea0,0.0338426828,0x3b29ea00,0.00259268284,0xbf800000,-1
l2,0.0625,0,min-error,metric_min,exp1,0,1,1,0.106430404,0.108867355,0.106430404,0.108867355,0.0024369508,46,raw-and-scaled,6,1,fp6_e1m4,fp6_e2m3,4,3,4,90,46,exp2,7,28,7,7,0.106430404,0.108867355,-21,0x3ddef5d9,0.108867355,0x3f800000,1,0x3e6f1be0,0.233504772,0x3e6f1be0,0.233504772,000011,0,3,0011,000111,0,7,111,0x3d3c6f80,0.0460047722,0x3c71be00,0.0147547722,0xbf800000,-1
l2,0.0625,0,min-error,metric_min,exp1,0,1,1,0.106430404,0.108867355,0.106430404,0.108867355,0.0024369508,47,raw-and-scaled,6,1,fp6_e1m4,fp6_e2m3,4,3,4,90,47,exp2,7,28,7,7,0.106430404,0.108867355,-21,0x3ddef5d9,0.108867355,0x3f800000,1,0xbcd52c1d,-0.0260220114,0xbcd52c1d,-0.0260220114,100000,0,0,0000,100000,0,0,000,0xbcd52c1d,-0.0260220114,0xbcd52c1d,-0.0260220114,0x00000000,0
l2,0.0625,0,min-error,metric_min,exp1,0,1,1,0.106430404,0.108867355,0.106430404,0.108867355,0.0024369508,48,raw-and-scaled,6,1,fp6_e1m4,fp6_e2m3,4,3,4,90,48,exp2,7,28,7,7,0.106430404,0.108867355,-21,0x3ddef5d9,0.108867355,0x3f800000,1,0xbbfe4184,-0.00775927491,0xbbfe4184,-0.00775927491,100000,0,0,0000,100000,0,0,000,0xbbfe4184,-0.00775927491,0xbbfe4184,-0.00775927491,0x00000000,0
l2,0.0625,0,min-error,metric_min,exp1,0,1,1,0.106430404,0.108867355,0.106430404,0.108867355,0.0024369508,49,raw-and-scaled,6,1,fp6_e1m4,fp6_e2m3,4,3,4,90,49,exp2,7,28,7,7,0.106430404,0.108867355,-21,0x3ddef5d9,0.108867355,0x3f800000,1,0x3e4c0503,0.199237868,0x3e4c0503,0.199237868,000011,0,3,0011,000110,0,6,110,0x3c405030,0.0117378682,0x3c405030,0.0117378682,0x80000000,-0
l2,0.0625,0,min-error,metric_min,exp1,0,1,1,0.106430404,0.108867355,0.106430404,0.108867355,0.0024369508,50,raw-and-scaled,6,1,fp6_e1m4,fp6_e2m3,4,3,4,90,50,exp2,7,28,7,7,0.106430404,0.108867355,-21,0x3ddef5d9,0.108867355,0x3f800000,1,0x3e75d3b8,0.240065455,0x3e75d3b8,0.240065455,000011,0,3,0011,000111,0,7,111,0x3d574ee0,0.0525654554,0x3cae9dc0,0.0213154554,0xbf800000,-1
l2,0.0625,0,min-error,metric_min,exp1,0,1,1,0.106430404,0.108867355,0.106430404,0.108867355,0.0024369508,51,raw-and-scaled,6,1,fp6_e1m4,fp6_e2m3,4,3,4,90,51,exp2,7,28,7,7,0.106430404,0.108867355,-21,0x3ddef5d9,0.108867355,0x3f800000,1,0xbfcc9564,-1.59830904,0xbfcc9564,-1.59830904,111001,1,9,1001,111100,3,4,100,0xbd12ac80,-0.0358090401,0xbdc95640,-0.0983090401,0x3f800000,1
l2,0.0625,0,min-error,metric_min,exp1,0,1,1,0.106430404,0.108867355,0.106430404,0.108867355,0.0024369508,52,raw-and-scaled,6,1,fp6_e1m4,fp6_e2m3,4,3,4,90,52,exp2,7,28,7,7,0.106430404,0.108867355,-21,0x3ddef5d9,0.108867355,0x3f800000,1,0xbf4e7fa6,-0.806635261,0xbf4e7fa6,-0.806635261,101100,0,12,1100,110100,2,4,100,0xbd67fa60,-0.0566352606,0xbd67fa60,-0.0566352606,0x00000000,0
l2,0.0625,0,min-error,metric_min,exp1,0,1,1,0.106430404,0.108867355,0.106430404,0.108867355,0.0024369508,53,raw-and-scaled,6,1,fp6_e1m4,fp6_e2m3,4,3,4,90,53,exp2,7,28,7,7,0.106430404,0.108867355,-21,0x3ddef5d9,0.108867355,0x3f800000,1,0x3c173de8,0.00923106819,0x3c173de8,0.00923106819,000000,0,0,0000,000000,0,0,000,0x3c173de8,0.00923106819,0x3c173de8,0.00923106819,0x00000000,0
l2,0.0625,0,min-error,metric_min,exp1,0,1,1,0.106430404,0.108867355,0.106430404,0.108867355,0.0024369508,54,raw-and-scaled,6,1,fp6_e1m4,fp6_e2m3,4,3,4,90,54,exp2,7,28,7,7,0.106430404,0.108867355,-21,0x3ddef5d9,0.108867355,0x3f800000,1,0x3eb48e76,0.352649391,0x3eb48e76,0.352649391,000101,0,5,0101,001011,1,3,011,0x3d2473b0,0.0401493907,0x3c11cec0,0.0088993907,0xbf800000,-1
l2,0.0625,0,min-error,metric_min,exp1,0,1,1,0.106430404,0.108867355,0.106430404,0.108867355,0.0024369508,55,raw-and-scaled,6,1,fp6_e1m4,fp6_e2m3,4,3,4,90,55,exp2,7,28,7,7,0.106430404,0.108867355,-21,0x3ddef5d9,0.108867355,0x3f800000,1,0xbdd0f786,-0.102034613,0xbdd0f786,-0.102034613,100001,0,1,0001,100011,0,3,011,0xbd21ef0c,-0.0395346135,0xbc07bc30,-0.00828461349,0xbf800000,-1
l2,0.0625,0,min-error,metric_min,exp1,0,1,1,0.106430404,0.108867355,0.106430404,0.108867355,0.0024369508,56,raw-and-scaled,6,1,fp6_e1m4,fp6_e2m3,4,3,4,90,56,exp2,7,28,7,7,0.106430404,0.108867355,-21,0x3ddef5d9,0.108867355,0x3f800000,1,0xbf28c027,-0.659182012,0xbf28c027,-0.659182012,101010,0,10,1010,110010,2,2,010,0xbd0c0270,-0.0341820121,0xbd0c0270,-0.0341820121,0x00000000,0
l2,0.0625,0,min-error,metric_min,exp1,0,1,1,0.106430404,0.108867355,0.106430404,0.108867355,0.0024369508,57,raw-and-scaled,6,1,fp6_e1m4,fp6_e2m3,4,3,4,90,57,exp2,7,28,7,7,0.106430404,0.108867355,-21,0x3ddef5d9,0.108867355,0x3f800000,1,0x3e5b8316,0.214367241,0x3e5b8316,0.214367241,000011,0,3,0011,000110,0,6,110,0x3cdc18b0,0.0268672407,0x3cdc18b0,0.0268672407,0x80000000,-0
l2,0.0625,0,min-error,metric_min,exp1,0,1,1,0.106430404,0.108867355,0.106430404,0.108867355,0.0024369508,58,raw-and-scaled,6,1,fp6_e1m4,fp6_e2m3,4,3,4,90,58,exp2,7,28,7,7,0.106430404,0.108867355,-21,0x3ddef5d9,0.108867355,0x3f800000,1,0xbb519b79,-0.00319835381,0xbb519b79,-0.00319835381,100000,0,0,0000,100000,0,0,000,0xbb519b79,-0.00319835381,0xbb519b79,-0.00319835381,0x00000000,0
l2,0.0625,0,min-error,metric_min,exp1,0,1,1,0.106430404,0.108867355,0.106430404,0.108867355,0.0024369508,59,raw-and-scaled,6,1,fp6_e1m4,fp6_e2m3,4,3,4,90,59,exp2,7,28,7,7,0.106430404,0.108867355,-21,0x3ddef5d9,0.108867355,0x3f800000,1,0xbca34f90,-0.0199353993,0xbca34f90,-0.0199353993,100000,0,0,0000,100000,0,0,000,0xbca34f90,-0.0199353993,0xbca34f90,-0.0199353993,0x00000000,0
l2,0.0625,0,min-error,metric_min,exp1,0,1,1,0.106430404,0.108867355,0.106430404,0.108867355,0.0024369508,60,raw-and-scaled,6,1,fp6_e1m4,fp6_e2m3,4,3,4,90,60,exp2,7,28,7,7,0.106430404,0.108867355,-21,0x3ddef5d9,0.108867355,0x3f800000,1,0xba998f50,-0.00117156841,0xba998f50,-0.00117156841,100000,0,0,0000,100000,0,0,000,0xba998f50,-0.00117156841,0xba998f50,-0.00117156841,0x00000000,0
l2,0.0625,0,min-error,metric_min,exp1,0,1,1,0.106430404,0.108867355,0.106430404,0.108867355,0.0024369508,61,raw-and-scaled,6,1,fp6_e1m4,fp6_e2m3,4,3,4,90,61,exp2,7,28,7,7,0.106430404,0.108867355,-21,0x3ddef5d9,0.108867355,0x3f800000,1,0xbfddc439,-1.73255074,0xbfddc439,-1.73255074,111011,1,11,1011,111101,3,5,101,0xbd388720,-0.0450507402,0xbddc4390,-0.10755074,0x3f800000,1
l2,0.0625,0,min-error,metric_min,exp1,0,1,1,0.106430404,0.108867355,0.106430404,0.108867355,0.0024369508,62,raw-and-scaled,6,1,fp6_e1m4,fp6_e2m3,4,3,4,90,62,exp2,7,28,7,7,0.106430404,0.108867355,-21,0x3ddef5d9,0.108867355,0x3f800000,1,0xbd12f1ec,-0.0358752459,0xbd12f1ec,-0.0358752459,100000,0,0,0000,100001,0,1,001,0xbd12f1ec,-0.0358752459,0xbb978f60,-0.00462524593,0xbf800000,-1
l2,0.0625,0,min-error,metric_min,exp1,0,1,1,0.106430404,0.108867355,0.106430404,0.108867355,0.0024369508,63,raw-and-scaled,6,1,fp6_e1m4,fp6_e2m3,4,3,4,90,63,exp2,7,28,7,7,0.106430404,0.108867355,-21,0x3ddef5d9,0.108867355,0x3f800000,1,0xbdd762e6,-0.105169103,0xbdd762e6,-0.105169103,100001,0,1,0001,100011,0,3,011,0xbd2ec5cc,-0.0426691025,0xbc3b1730,-0.0114191025,0xbf800000,-1
l2,0.0625,0,min-error,metric_min,exp1,0,1,1,0.106430404,0.108867355,0.106430404,0.108867355,0.0024369508,64,raw-and-scaled,6,1,fp6_e1m4,fp6_e2m3,4,3,4,90,64,exp2,7,28,7,7,0.106430404,0.108867355,-21,0x3ddef5d9,0.108867355,0x3f800000,1,0x3a982b38,0.00116095599,0x3a982b38,0.00116095599,000000,0,0,0000,000000,0,0,000,0x3a982b38,0.00116095599,0x3a982b38,0.00116095599,0x00000000,0
l2,0.0625,0,min-error,metric_min,exp1,0,1,1,0.106430404,0.108867355,0.106430404,0.108867355,0.0024369508,65,raw-and-scaled,6,1,fp6_e1m4,fp6_e2m3,4,3,4,90,65,exp2,7,28,7,7,0.106430404,0.108867355,-21,0x3ddef5d9,0.108867355,0x3f800000,1,0x3e883c3e,0.266084611,0x3e883c3e,0.266084611,000100,0,4,0100,001000,1,0,000,0x3c83c3e0,0.0160846114,0x3c83c3e0,0.0160846114,0x80000000,-0
l2,0.0625,0,min-error,metric_min,exp1,0,1,1,0.106430404,0.108867355,0.106430404,0.108867355,0.0024369508,66,raw-and-scaled,6,1,fp6_e1m4,fp6_e2m3,4,3,4,90,66,exp2,7,28,7,7,0.106430404,0.108867355,-21,0x3ddef5d9,0.108867355,0x3f800000,1,0xbc409b2c,-0.0117557459,0xbc409b2c,-0.0117557459,100000,0,0,0000,100000,0,0,000,0xbc409b2c,-0.0117557459,0xbc409b2c,-0.0117557459,0x00000000,0
l2,0.0625,0,min-error,metric_min,exp1,0,1,1,0.106430404,0.108867355,0.106430404,0.108867355,0.0024369508,67,raw-and-scaled,6,1,fp6_e1m4,fp6_e2m3,4,3,4,90,67,exp2,7,28,7,7,0.106430404,0.108867355,-21,0x3ddef5d9,0.108867355,0x3f800000,1,0x3b35e51e,0.00277549727,0x3b35e51e,0.00277549727,000000,0,0,0000,000000,0,0,000,0x3b35e51e,0.00277549727,0x3b35e51e,0.00277549727,0x00000000,0
l2,0.0625,0,min-error,metric_min,exp1,0,1,1,0.106430404,0.108867355,0.106430404,0.108867355,0.0024369508,68,raw-and-scaled,6,1,fp6_e1m4,fp6_e2m3,4,3,4,90,68,exp2,7,28,7,7,0.106430404,0.108867355,-21,0x3ddef5d9,0.108867355,0x3f800000,1,0xbe5781e2,-0.210456401,0xbe5781e2,-0.210456401,100011,0,3,0011,100110,0,6,110,0xbcbc0f10,-0.0229564011,0xbcbc0f10,-0.0229564011,0x80000000,-0
l2,0.0625,0,min-error,metric_min,exp1,0,1,1,0.106430404,0.108867355,0.106430404,0.108867355,0.0024369508,69,raw-and-scaled,6,1,fp6_e1m4,fp6_e2m3,4,3,4,90,69,exp2,7,28,7,7,0.106430404,0.108867355,-21,0x3ddef5d9,0.108867355,0x3f800000,1,0xbc3e14fa,-0.0116016809,0xbc3e14fa,-0.0116016809,100000,0,0,0000,100000,0,0,000,0xbc3e14fa,-0.0116016809,0xbc3e14fa,-0.0116016809,0x00000000,0
l2,0.0625,0,min-error,metric_min,exp1,0,1,1,0.106430404,0.108867355,0.106430404,0.108867355,0.0024369508,70,raw-and-scaled,6,1,fp6_e1m4,fp6_e2m3,4,3,4,90,70,exp2,7,28,7,7,0.106430404,0.108867355,-21,0x3ddef5d9,0.108867355,0x3f800000,1,0x3b8d719e,0.00431652274,0x3b8d719e,0.00431652274,000000,0,0,0000,000000,0,0,000,0x3b8d719e,0.00431652274,0x3b8d719e,0.00431652274,0x00000000,0
l2,0.0625,0,min-error,metric_min,exp1,0,1,1,0.106430404,0.108867355,0.106430404,0.108867355,0.0024369508,71,raw-and-scaled,6,1,fp6_e1m4,fp6_e2m3,4,3,4,90,71,exp2,7,28,7,7,0.106430404,0.108867355,-21,0x3ddef5d9,0.108867355,0x3f800000,1,0xbbbff632,-0.00585820619,0xbbbff632,-0.00585820619,100000,0,0,0000,100000,0,0,000,0xbbbff632,-0.00585820619,0xbbbff632,-0.00585820619,0x00000000,0
l2,0.0625,0,min-error,metric_min,exp1,0,1,1,0.106430404,0.108867355,0.106430404,0.108867355,0.0024369508,72,raw-and-scaled,6,1,fp6_e1m4,fp6_e2m3,4,3,4,90,72,exp2,7,28,7,7,0.106430404,0.108867355,-21,0x3ddef5d9,0.108867355,0x3f800000,1,0xbe190538,-0.14943397,0xbe190538,-0.14943397,100010,0,2,0010,100100,0,4,100,0xbcc829c0,-0.0244339705,0xbcc829c0,-0.0244339705,0x80000000,-0
l2,0.0625,0,min-error,metric_min,exp1,0,1,1,0.106430404,0.108867355,0.106430404,0.108867355,0.0024369508,73,raw-and-scaled,6,1,fp6_e1m4,fp6_e2m3,4,3,4,90,73,exp2,7,28,7,7,0.106430404,0.108867355,-21,0x3ddef5d9,0.108867355,0x3f800000,1,0x3fd1ca56,1.6389873,0x3fd1ca56,1.6389873,011010,1,10,1010,011101,3,5,101,0x3c652b00,0.0139873028,0x3c652b00,0.0139873028,0x00000000,0
l2,0.0625,0,min-error,metric_min,exp1,0,1,1,0.106430404,0.108867355,0.106430404,0.108867355,0.0024369508,74,raw-and-scaled,6,1,fp6_e1m4,fp6_e2m3,4,3,4,90,74,exp2,7,28,7,7,0.106430404,0.108867355,-21,0x3ddef5d9,0.108867355,0x3f800000,1,0xbbf03ce2,-0.00733147655,0xbbf03ce2,-0.00733147655,100000,0,0,0000,100000,0,0,000,0xbbf03ce2,-0.00733147655,0xbbf03ce2,-0.00733147655,0x00000000,0
l2,0.0625,0,min-error,metric_min,exp1,0,1,1,0.106430404,0.108867355,0.106430404,0.108867355,0.0024369508,75,raw-and-scaled,6,1,fp6_e1m4,fp6_e2m3,4,3,4,90,75,exp2,7,28,7,7,0.106430404,0.108867355,-21,0x3ddef5d9,0.108867355,0x3f800000,1,0x3ca4ae2e,0.0201025866,0x3ca4ae2e,0.0201025866,000000,0,0,0000,000000,0,0,000,0x3ca4ae2e,0.0201025866,0x3ca4ae2e,0.0201025866,0x00000000,0
l2,0.0625,0,min-error,metric_min,exp1,0,1,1,0.106430404,0.108867355,0.106430404,0.108867355,0.0024369508,76,raw-and-scaled,6,1,fp6_e1m4,fp6_e2m3,4,3,4,90,76,exp2,7,28,7,7,0.106430404,0.108867355,-21,0x3ddef5d9,0.108867355,0x3f800000,1,0x3f1cc35b,0.612355888,0x3f1cc35b,0.612355888,001001,0,9,1001,010001,2,1,001,0x3d4c35b0,0.0498558879,0x3d4c35b0,0.0498558879,0x00000000,0
l2,0.0625,0,min-error,metric_min,exp1,0,1,1,0.106430404,0.108867355,0.106430404,0.108867355,0.0024369508,77,raw-and-scaled,6,1,fp6_e1m4,fp6_e2m3,4,3,4,90,77,exp2,7,28,7,7,0.106430404,0.108867355,-21,0x3ddef5d9,0.108867355,0x3f800000,1,0xbb3114c0,-0.00270204246,0xbb3114c0,-0.00270204246,100000,0,0,0000,100000,0,0,000,0xbb3114c0,-0.00270204246,0xbb3114c0,-0.00270204246,0x00000000,0
l2,0.0625,0,min-error,metric_min,exp1,0,1,1,0.106430404,0.108867355,0.106430404,0.108867355,0.0024369508,78,raw-and-scaled,6,1,fp6_e1m4,fp6_e2m3,4,3,4,90,78,exp2,7,28,7,7,0.106430404,0.108867355,-21,0x3ddef5d9,0.108867355,0x3f800000,1,0xbc338266,-0.0109563824,0xbc338266,-0.0109563824,100000,0,0,0000,100000,0,0,000,0xbc338266,-0.0109563824,0xbc338266,-0.0109563824,0x00000000,0
l2,0.0625,0,min-error,metric_min,exp1,0,1,1,0.106430404,0.108867355,0.106430404,0.108867355,0.0024369508,79,raw-and-scaled,6,1,fp6_e1m4,fp6_e2m3,4,3,4,90,79,exp2,7,28,7,7,0.106430404,0.108867355,-21,0x3ddef5d9,0.108867355,0x3f800000,1,0x3dc4d4b5,0.0961088315,0x3dc4d4b5,0.0961088315,000001,0,1,0001,000011,0,3,011,0x3d09a96a,0.0336088315,0x3b1a96a0,0.00235883147,0xbf800000,-1
l2,0.0625,0,min-error,metric_min,exp1,0,1,1,0.106430404,0.108867355,0.106430404,0.108867355,0.0024369508,80,raw-and-scaled,6,1,fp6_e1m4,fp6_e2m3,4,3,4,90,80,exp2,7,28,7,7,0.106430404,0.108867355,-21,0x3ddef5d9,0.108867355,0x3f800000,1,0xbf446761,-0.767202437,0xbf446761,-0.767202437,101100,0,12,1100,110100,2,4,100,0xbc8cec20,-0.0172024369,0xbc8cec20,-0.0172024369,0x00000000,0
l2,0.0625,0,min-error,metric_min,exp1,0,1,1,0.106430404,0.108867355,0.106430404,0.108867355,0.0024369508,81,raw-and-scaled,6,1,fp6_e1m4,fp6_e2m3,4,3,4,90,81,exp2,7,28,7,7,0.106430404,0.108867355,-21,0x3ddef5d9,0.108867355,0x3f800000,1,0xbfd54398,-1.6661253,0xbfd54398,-1.6661253,111010,1,10,1010,111101,3,5,101,0xbd287300,-0.0411252975,0xbd287300,-0.0411252975,0x00000000,0
l2,0.0625,0,min-error,metric_min,exp1,0,1,1,0.106430404,0.108867355,0.106430404,0.108867355,0.0024369508,82,raw-and-scaled,6,1,fp6_e1m4,fp6_e2m3,4,3,4,90,82,exp2,7,28,7,7,0.106430404,0.108867355,-21,0x3ddef5d9,0.108867355,0x3f800000,1,0x3fa860f8,1.31545925,0x3fa860f8,1.31545925,010101,1,5,0101,011010,3,2,010,0x3b41f000,0.0029592514,0x3d860f80,0.0654592514,0x3f800000,1
l2,0.0625,0,min-error,metric_min,exp1,0,1,1,0.106430404,0.108867355,0.106430404,0.108867355,0.0024369508,83,raw-and-scaled,6,1,fp6_e1m4,fp6_e2m3,4,3,4,90,83,exp2,7,28,7,7,0.106430404,0.108867355,-21,0x3ddef5d9,0.108867355,0x3f800000,1,0xbd25a10c,-0.0404367894,0xbd25a10c,-0.0404367894,100000,0,0,0000,100001,0,1,001,0xbd25a10c,-0.0404367894,0xbc168430,-0.00918678939,0xbf800000,-1
l2,0.0625,0,min-error,metric_min,exp1,0,1,1,0.106430404,0.108867355,0.106430404,0.108867355,0.0024369508,84,raw-and-scaled,6,1,fp6_e1m4,fp6_e2m3,4,3,4,90,84,exp2,7,28,7,7,0.106430404,0.108867355,-21,0x3ddef5d9,0.108867355,0x3f800000,1,0x3d772674,0.0603394061,0x3d772674,0.0603394061,000000,0,0,0000,000001,0,1,001,0x3d772674,0.0603394061,0x3cee4ce8,0.0290894061,0xbf800000,-1
l2,0.0625,0,min-error,metric_min,exp1,0,1,1,0.106430404,0.108867355,0.106430404,0.108867355,0.0024369508,85,raw-and-scaled,6,1,fp6_e1m4,fp6_e2m3,4,3,4,90,85,exp2,7,28,7,7,0.106430404,0.108867355,-21,0x3ddef5d9,0.108867355,0x3f800000,1,0xbce47c08,-0.027891174,0xbce47c08,-0.027891174,100000,0,0,0000,100000,0,0,000,0xbce47c08,-0.027891174,0xbce47c08,-0.027891174,0x00000000,0
l2,0.0625,0,min-error,metric_min,exp1,0,1,1,0.106430404,0.108867355,0.106430404,0.108867355,0.0024369508,86,raw-and-scaled,6,1,fp6_e1m4,fp6_e2m3,4,3,4,90,86,exp2,7,28,7,7,0.106430404,0.108867355,-21,0x3ddef5d9,0.108867355,0x3f800000,1,0xbedf8dea,-0.436629593,0xbedf8dea,-0.436629593,100110,0,6,0110,101101,1,5,101,0xbd7c6f50,-0.0616295934,0xbcf8dea0,-0.0303795934,0xbf800000,-1
l2,0.0625,0,min-error,metric_min,exp1,0,1,1,0.106430404,0.108867355,0.106430404,0.108867355,0.0024369508,87,raw-and-scaled,6,1,fp6_e1m4,fp6_e2m3,4,3,4,90,87,exp2,7,28,7,7,0.106430404,0.108867355,-21,0x3ddef5d9,0.108867355,0x3f800000,1,0xbd155246,-0.0364554152,0xbd155246,-0.0364554152,100000,0,0,0000,100001,0,1,001,0xbd155246,-0.0364554152,0xbbaa9230,-0.00520541519,0xbf800000,-1
l2,0.0625,0,min-error,metric_min,exp1,0,1,1,0.106430404,0.108867355,0.106430404,0.108867355,0.0024369508,88,raw-and-scaled,6,1,fp6_e1m4,fp6_e2m3,4,3,4,90,88,exp2,7,28,7,7,0.106430404,0.108867355,-21,0x3ddef5d9,0.108867355,0x3f800000,1,0x3deae3da,0.114692405,0x3deae3da,0.114692405,000001,0,1,0001,000011,0,3,011,0x3d55c7b4,0.0521924049,0x3cab8f68,0.0209424049,0xbf800000,-1
l2,0.0625,0,min-error,metric_min,exp1,0,1,1,0.106430404,0.108867355,0.106430404,0.108867355,0.0024369508,89,raw-and-scaled,6,1,fp6_e1m4,fp6_e2m3,4,3,4,90,89,exp2,7,28,7,7,0.106430404,0.108867355,-21,0x3ddef5d9,0.108867355,0x3f800000,1,0x3b7cbd36,0.00385649269,0x3b7cbd36,0.00385649269,000000,0,0,0000,000000,0,0,000,0x3b7cbd36,0.00385649269,0x3b7cbd36,0.00385649269,0x00000000,0
l2,0.0625,0,min-error,metric_min,exp1,0,1,1,0.106430404,0.108867355,0.106430404,0.108867355,0.0024369508,90,raw-and-scaled,6,1,fp6_e1m4,fp6_e2m3,4,3,4,90,90,exp2,7,28,7,7,0.106430404,0.108867355,-21,0x3ddef5d9,0.108867355,0x3f800000,1,0xbaa70ed2,-0.00127455057,0xbaa70ed2,-0.00127455057,100000,0,0,0000,100000,0,0,000,0xbaa70ed2,-0.00127455057,0xbaa70ed2,-0.00127455057,0x00000000,0
l2,0.0625,0,min-error,metric_min,exp1,0,1,1,0.106430404,0.108867355,0.106430404,0.108867355,0.0024369508,91,raw-and-scaled,6,1,fp6_e1m4,fp6_e2m3,4,3,4,90,91,exp2,7,28,7,7,0.106430404,0.108867355,-21,0x3ddef5d9,0.108867355,0x3f800000,1,0xbc8306e4,-0.0159944966,0xbc8306e4,-0.0159944966,100000,0,0,0000,100000,0,0,000,0xbc8306e4,-0.0159944966,0xbc8306e4,-0.0159944966,0x00000000,0
l2,0.0625,0,min-error,metric_min,exp1,0,1,1,0.106430404,0.108867355,0.106430404,0.108867355,0.0024369508,92,raw-and-scaled,6,1,fp6_e1m4,fp6_e2m3,4,3,4,90,92,exp2,7,28,7,7,0.106430404,0.108867355,-21,0x3ddef5d9,0.108867355,0x3f800000,1,0x3c554096,0.0130158868,0x3c554096,0.0130158868,000000,0,0,0000,000000,0,0,000,0x3c554096,0.0130158868,0x3c554096,0.0130158868,0x00000000,0
l2,0.0625,0,min-error,metric_min,exp1,0,1,1,0.106430404,0.108867355,0.106430404,0.108867355,0.0024369508,93,raw-and-scaled,6,1,fp6_e1m4,fp6_e2m3,4,3,4,90,93,exp2,7,28,7,7,0.106430404,0.108867355,-21,0x3ddef5d9,0.108867355,0x3f800000,1,0xbda064a9,-0.078316994,0xbda064a9,-0.078316994,100001,0,1,0001,100010,0,2,010,0xbc8192a4,-0.015816994,0xbc8192a4,-0.015816994,0x80000000,-0
l2,0.0625,0,min-error,metric_min,exp1,0,1,1,0.106430404,0.108867355,0.106430404,0.108867355,0.0024369508,94,raw-and-scaled,6,1,fp6_e1m4,fp6_e2m3,4,3,4,90,94,exp2,7,28,7,7,0.106430404,0.108867355,-21,0x3ddef5d9,0.108867355,0x3f800000,1,0x3d57d897,0.0526967905,0x3d57d897,0.0526967905,000000,0,0,0000,000001,0,1,001,0x3d57d897,0.0526967905,0x3cafb12e,0.0214467905,0xbf800000,-1
l2,0.0625,0,min-error,metric_min,exp1,0,1,1,0.106430404,0.108867355,0.106430404,0.108867355,0.0024369508,95,raw-and-scaled,6,1,fp6_e1m4,fp6_e2m3,4,3,4,90,95,exp2,7,28,7,7,0.106430404,0.108867355,-21,0x3ddef5d9,0.108867355,0x3f800000,1,0xbf2b87be,-0.670040011,0xbf2b87be,-0.670040011,101010,0,10,1010,110010,2,2,010,0xbd387be0,-0.0450400114,0xbd387be0,-0.0450400114,0x00000000,0
l2,0.0625,0,min-error,metric_min,exp1,0,1,1,0.106430404,0.108867355,0.106430404,0.108867355,0.0024369508,96,raw-and-scaled,6,1,fp6_e1m4,fp6_e2m3,4,3,4,90,96,exp2,7,28,7,7,0.106430404,0.108867355,-21,0x3ddef5d9,0.108867355,0x3f800000,1,0xbf784928,-0.969866276,0xbf784928,-0.969866276,101111,0,15,1111,110111,2,7,111,0xbd049280,-0.0323662758,0xbd049280,-0.0323662758,0x00000000,0
l2,0.0625,0,min-error,metric_min,exp1,0,1,1,0.106430404,0.108867355,0.106430404,0.108867355,0.0024369508,97,raw-and-scaled,6,1,fp6_e1m4,fp6_e2m3,4,3,4,90,97,exp2,7,28,7,7,0.106430404,0.108867355,-21,0x3ddef5d9,0.108867355,0x3f800000,1,0x3cadc826,0.0212136023,0x3cadc826,0.0212136023,000000,0,0,0000,000000,0,0,000,0x3cadc826,0.0212136023,0x3cadc826,0.0212136023,0x00000000,0
l2,0.0625,0,min-error,metric_min,exp1,0,1,1,0.106430404,0.108867355,0.106430404,0.108867355,0.0024369508,98,raw-and-scaled,6,1,fp6_e1m4,fp6_e2m3,4,3,4,90,98,exp2,7,28,7,7,0.106430404,0.108867355,-21,0x3ddef5d9,0.108867355,0x3f800000,1,0xbbc4278a,-0.00598615874,0xbbc4278a,-0.00598615874,100000,0,0,0000,100000,0,0,000,0xbbc4278a,-0.00598615874,0xbbc4278a,-0.00598615874,0x00000000,0
l2,0.0625,0,min-error,metric_min,exp1,0,1,1,0.106430404,0.108867355,0.106430404,0.108867355,0.0024369508,99,raw-and-scaled,6,1,fp6_e1m4,fp6_e2m3,4,3,4,90,99,exp2,7,28,7,7,0.106430404,0.108867355,-21,0x3ddef5d9,0.108867355,0x3f800000,1,0xbc34f1c8,-0.0110439733,0xbc34f1c8,-0.0110439733,100000,0,0,0000,100000,0,0,000,0xbc34f1c8,-0.0110439733,0xbc34f1c8,-0.0110439733,0x00000000,0
l2,0.0625,0,min-error,metric_min,exp1,0,1,1,0.106430404,0.108867355,0.106430404,0.108867355,0.0024369508,100,raw-and-scaled,6,1,fp6_e1m4,fp6_e2m3,4,3,4,90,100,exp2,7,28,7,7,0.106430404,0.108867355,-21,0x3ddef5d9,0.108867355,0x3f800000,1,0x3d1f3fda,0.038879253,0x3d1f3fda,0.038879253,000000,0,0,0000,000001,0,1,001,0x3d1f3fda,0.038879253,0x3bf9fed0,0.00762925297,0xbf800000,-1
l2,0.0625,0,min-error,metric_min,exp1,0,1,1,0.106430404,0.108867355,0.106430404,0.108867355,0.0024369508,101,raw-and-scaled,6,1,fp6_e1m4,fp6_e2m3,4,3,4,90,101,exp2,7,28,7,7,0.106430404,0.108867355,-21,0x3ddef5d9,0.108867355,0x3f800000,1,0x3b56d986,0.00327834627,0x3b56d986,0.00327834627,000000,0,0,0000,000000,0,0,000,0x3b56d986,0.00327834627,0x3b56d986,0.00327834627,0x00000000,0
l2,0.0625,0,min-error,metric_min,exp1,0,1,1,0.106430404,0.108867355,0.106430404,0.108867355,0.0024369508,102,raw-and-scaled,6,1,fp6_e1m4,fp6_e2m3,4,3,4,90,102,exp2,7,28,7,7,0.106430404,0.108867355,-21,0x3ddef5d9,0.108867355,0x3f800000,1,0x3b6c8738,0.00360913388,0x3b6c8738,0.00360913388,000000,0,0,0000,000000,0,0,000,0x3b6c8738,0.00360913388,0x3b6c8738,0.00360913388,0x00000000,0
l2,0.0625,0,min-error,metric_min,exp1,0,1,1,0.106430404,0.108867355,0.106430404,0.108867355,0.0024369508,103,raw-and-scaled,6,1,fp6_e1m4,fp6_e2m3,4,3,4,90,103,exp2,7,28,7,7,0.106430404,0.108867355,-21,0x3ddef5d9,0.108867355,0x3f800000,1,0xbd8891cc,-0.0666843355,0xbd8891cc,-0.0666843355,100001,0,1,0001,100010,0,2,010,0xbb891cc0,-0.00418433547,0xbb891cc0,-0.00418433547,0x80000000,-0
l2,0.0625,0,min-error,metric_min,exp1,0,1,1,0.106430404,0.108867355,0.106430404,0.108867355,0.0024369508,104,raw-and-scaled,6,1,fp6_e1m4,fp6_e2m3,4,3,4,90,104,exp2,7,28,7,7,0.106430404,0.108867355,-21,0x3ddef5d9,0.108867355,0x3f800000,1,0xbb423e9e,-0.00296393735,0xbb423e9e,-0.00296393735,100000,0,0,0000,100000,0,0,000,0xbb423e9e,-0.00296393735,0xbb423e9e,-0.00296393735,0x00000000,0
l2,0.0625,0,min-error,metric_min,exp1,0,1,1,0.106430404,0.108867355,0.106430404,0.108867355,0.0024369508,105,raw-and-scaled,6,1,fp6_e1m4,fp6_e2m3,4,3,4,90,105,exp2,7,28,7,7,0.106430404,0.108867355,-21,0x3ddef5d9,0.108867355,0x3f800000,1,0x3d6972fa,0.0569944158,0x3d6972fa,0.0569944158,000000,0,0,0000,000001,0,1,001,0x3d6972fa,0.0569944158,0x3cd2e5f4,0.0257444158,0xbf800000,-1
l2,0.0625,0,min-error,metric_min,exp1,0,1,1,0.106430404,0.108867355,0.106430404,0.108867355,0.0024369508,106,raw-and-scaled,6,1,fp6_e1m4,fp6_e2m3,4,3,4,90,106,exp2,7,28,7,7,0.106430404,0.108867355,-21,0x3ddef5d9,0.108867355,0x3f800000,1,0x3e548e25,0.207573488,0x3e548e25,0.207573488,000011,0,3,0011,000110,0,6,110,0x3ca47128,0.0200734884,0x3ca47128,0.0200734884,0x80000000,-0
l2,0.0625,0,min-error,metric_min,exp1,0,1,1,0.106430404,0.108867355,0.106430404,0.108867355,0.0024369508,107,raw-and-scaled,6,1,fp6_e1m4,fp6_e2m3,4,3,4,90,107,exp2,7,28,7,7,0.106430404,0.108867355,-21,0x3ddef5d9,0.108867355,0x3f800000,1,0xbc02936a,-0.00796971656,0xbc02936a,-0.00796971656,100000,0,0,0000,100000,0,0,000,0xbc02936a,-0.00796971656,0xbc02936a,-0.00796971656,0x00000000,0
l2,0.0625,0,min-error,metric_min,exp1,0,1,1,0.106430404,0.108867355,0.106430404,0.108867355,0.0024369508,108,raw-and-scaled,6,1,fp6_e1m4,fp6_e2m3,4,3,4,90,108,exp2,7,28,7,7,0.106430404,0.108867355,-21,0x3ddef5d9,0.108867355,0x3f800000,1,0x3bbc6bfa,0.0057501765,0x3bbc6bfa,0.0057501765,000000,0,0,0000,000000,0,0,000,0x3bbc6bfa,0.0057501765,0x3bbc6bfa,0.0057501765,0x00000000,0
l2,0.0625,0,min-error,metric_min,exp1,0,1,1,0.106430404,0.108867355,0.106430404,0.108867355,0.0024369508,109,raw-and-scaled,6,1,fp6_e1m4,fp6_e2m3,4,3,4,90,109,exp2,7,28,7,7,0.106430404,0.108867355,-21,0x3ddef5d9,0.108867355,0x3f800000,1,0xbadc7cb6,-0.00168218347,0xbadc7cb6,-0.00168218347,100000,0,0,0000,100000,0,0,000,0xbadc7cb6,-0.00168218347,0xbadc7cb6,-0.00168218347,0x00000000,0
l2,0.0625,0,min-error,metric_min,exp1,0,1,1,0.106430404,0.108867355,0.106430404,0.108867355,0.0024369508,110,raw-and-scaled,6,1,fp6_e1m4,fp6_e2m3,4,3,4,90,110,exp2,7,28,7,7,0.106430404,0.108867355,-21,0x3ddef5d9,0.108867355,0x3f800000,1,0x3fd42710,1.65744209,0x3fd42710,1.65744209,011010,1,10,1010,011101,3,5,101,0x3d04e200,0.0324420929,0x3d04e200,0.0324420929,0x00000000,0
l2,0.0625,0,min-error,metric_min,exp1,0,1,1,0.106430404,0.108867355,0.106430404,0.108867355,0.0024369508,111,raw-and-scaled,6,1,fp6_e1m4,fp6_e2m3,4,3,4,90,111,exp2,7,28,7,7,0.106430404,0.108867355,-21,0x3ddef5d9,0.108867355,0x3f800000,1,0x3d800546,0.0625100583,0x3d800546,0.0625100583,000001,0,1,0001,000010,0,2,010,0x3728c000,1.00582838e-05,0x3728c000,1.00582838e-05,0x80000000,-0
l2,0.0625,0,min-error,metric_min,exp1,0,1,1,0.106430404,0.108867355,0.106430404,0.108867355,0.0024369508,112,raw-and-scaled,6,1,fp6_e1m4,fp6_e2m3,4,3,4,90,112,exp2,7,28,7,7,0.106430404,0.108867355,-21,0x3ddef5d9,0.108867355,0x3f800000,1,0x3cb361f6,0.0218972974,0x3cb361f6,0.0218972974,000000,0,0,0000,000000,0,0,000,0x3cb361f6,0.0218972974,0x3cb361f6,0.0218972974,0x00000000,0
l2,0.0625,0,min-error,metric_min,exp1,0,1,1,0.106430404,0.108867355,0.106430404,0.108867355,0.0024369508,113,raw-and-scaled,6,1,fp6_e1m4,fp6_e2m3,4,3,4,90,113,exp2,7,28,7,7,0.106430404,0.108867355,-21,0x3ddef5d9,0.108867355,0x3f800000,1,0x3d172352,0.0368989184,0x3d172352,0.0368989184,000000,0,0,0000,000001,0,1,001,0x3d172352,0.0368989184,0x3bb91a90,0.00564891845,0xbf800000,-1
l2,0.0625,0,min-error,metric_min,exp1,0,1,1,0.106430404,0.108867355,0.106430404,0.108867355,0.0024369508,114,raw-and-scaled,6,1,fp6_e1m4,fp6_e2m3,4,3,4,90,114,exp2,7,28,7,7,0.106430404,0.108867355,-21,0x3ddef5d9,0.108867355,0x3f800000,1,0x3f237cc6,0.638622642,0x3f237cc6,0.638622642,001010,0,10,1010,010010,2,2,010,0x3c5f3180,0.0136226416,0x3c5f3180,0.0136226416,0x00000000,0
l2,0.0625,0,min-error,metric_min,exp1,0,1,1,0.106430404,0.108867355,0.106430404,0.108867355,0.0024369508,115,raw-and-scaled,6,1,fp6_e1m4,fp6_e2m3,4,3,4,90,115,exp2,7,28,7,7,0.106430404,0.108867355,-21,0x3ddef5d9,0.108867355,0x3f800000,1,0x3c3ee673,0.0116516231,0x3c3ee673,0.0116516231,000000,0,0,0000,000000,0,0,000,0x3c3ee673,0.0116516231,0x3c3ee673,0.0116516231,0x00000000,0
l2,0.0625,0,min-error,metric_min,exp1,0,1,1,0.106430404,0.108867355,0.106430404,0.108867355,0.0024369508,116,raw-and-scaled,6,1,fp6_e1m4,fp6_e2m3,4,3,4,90,116,exp2,7,28,7,7,0.106430404,0.108867355,-21,0x3ddef5d9,0.108867355,0x3f800000,1,0x3e797192,0.243597299,0x3e797192,0.243597299,000011,0,3,0011,000111,0,7,111,0x3d65c648,0.0560972989,0x3ccb8c90,0.0248472989,0xbf800000,-1
l2,0.0625,0,min-error,metric_min,exp1,0,1,1,0.106430404,0.108867355,0.106430404,0.108867355,0.0024369508,117,raw-and-scaled,6,1,fp6_e1m4,fp6_e2m3,4,3,4,90,117,exp2,7,28,7,7,0.106430404,0.108867355,-21,0x3ddef5d9,0.108867355,0x3f800000,1,0x3fe21a0e,1.76642013,0x3fe21a0e,1.76642013,011100,1,12,1100,011110,3,6,110,0x3c868380,0.016420126,0x3c868380,0.016420126,0x00000000,0
l2,0.0625,0,min-error,metric_min,exp1,0,1,1,0.106430404,0.108867355,0.106430404,0.108867355,0.0024369508,118,raw-and-scaled,6,1,fp6_e1m4,fp6_e2m3,4,3,4,90,118,exp2,7,28,7,7,0.106430404,0.108867355,-21,0x3ddef5d9,0.108867355,0x3f800000,1,0xbb971eed,-0.00461184094,0xbb971eed,-0.00461184094,100000,0,0,0000,100000,0,0,000,0xbb971eed,-0.00461184094,0xbb971eed,-0.00461184094,0x00000000,0
l2,0.0625,0,min-error,metric_min,exp1,0,1,1,0.106430404,0.108867355,0.106430404,0.108867355,0.0024369508,119,raw-and-scaled,6,1,fp6_e1m4,fp6_e2m3,4,3,4,90,119,exp2,7,28,7,7,0.106430404,0.108867355,-21,0x3ddef5d9,0.108867355,0x3f800000,1,0xbe61e693,-0.220606133,0xbe61e693,-0.220606133,100011,0,3,0011,100111,0,7,111,0xbd079a4c,-0.0331061333,0xbaf34980,-0.00185613334,0xbf800000,-1
l2,0.0625,0,min-error,metric_min,exp1,0,1,1,0.106430404,0.108867355,0.106430404,0.108867355,0.0024369508,120,raw-and-scaled,6,1,fp6_e1m4,fp6_e2m3,4,3,4,90,120,exp2,7,28,7,7,0.106430404,0.108867355,-21,0x3ddef5d9,0.108867355,0x3f800000,1,0xbd9d95a6,-0.076945588,0xbd9d95a6,-0.076945588,100001,0,1,0001,100010,0,2,010,0xbc6cad30,-0.014445588,0xbc6cad30,-0.014445588,0x80000000,-0
l2,0.0625,0,min-error,metric_min,exp1,0,1,1,0.106430404,0.108867355,0.106430404,0.108867355,0.0024369508,121,raw-and-scaled,6,1,fp6_e1m4,fp6_e2m3,4,3,4,90,121,exp2,7,28,7,7,0.106430404,0.108867355,-21,0x3ddef5d9,0.108867355,0x3f800000,1,0x3ccef6d5,0.0252641831,0x3ccef6d5,0.0252641831,000000,0,0,0000,000000,0,0,000,0x3ccef6d5,0.0252641831,0x3ccef6d5,0.0252641831,0x00000000,0
l2,0.0625,0,min-error,metric_min,exp1,0,1,1,0.106430404,0.108867355,0.106430404,0.108867355,0.0024369508,122,raw-and-scaled,6,1,fp6_e1m4,fp6_e2m3,4,3,4,90,122,exp2,7,28,7,7,0.106430404,0.108867355,-21,0x3ddef5d9,0.108867355,0x3f800000,1,0x3f8a39b4,1.07988596,0x3f8a39b4,1.07988596,010001,1,1,0001,011000,3,0,000,0x3c8e6d00,0.0173859596,0x3da39b40,0.0798859596,0x3f800000,1
l2,0.0625,0,min-error,metric_min,exp1,0,1,1,0.106430404,0.108867355,0.106430404,0.108867355,0.0024369508,123,raw-and-scaled,6,1,fp6_e1m4,fp6_e2m3,4,3,4,90,123,exp2,7,28,7,7,0.106430404,0.108867355,-21,0x3ddef5d9,0.108867355,0x3f800000,1,0xbfc6462d,-1.54901659,0xbfc6462d,-1.54901659,111000,1,8,1000,111100,3,4,100,0xbd48c5a0,-0.0490165949,0xbd48c5a0,-0.0490165949,0x00000000,0
l2,0.0625,0,min-error,metric_min,exp1,0,1,1,0.106430404,0.108867355,0.106430404,0.108867355,0.0024369508,124,raw-and-scaled,6,1,fp6_e1m4,fp6_e2m3,4,3,4,90,124,exp2,7,28,7,7,0.106430404,0.108867355,-21,0x3ddef5d9,0.108867355,0x3f800000,1,0x3da75039,0.0816959813,0x3da75039,0.0816959813,000001,0,1,0001,000010,0,2,010,0x3c9d40e4,0.0191959813,0x3c9d40e4,0.0191959813,0x80000000,-0
l2,0.0625,0,min-error,metric_min,exp1,0,1,1,0.106430404,0.108867355,0.106430404,0.108867355,0.0024369508,125,raw-and-scaled,6,1,fp6_e1m4,fp6_e2m3,4,3,4,90,125,exp2,7,28,7,7,0.106430404,0.108867355,-21,0x3ddef5d9,0.108867355,0x3f800000,1,0x3f7dbe4f,0.991185129,0x3f7dbe4f,0.991185129,001111,0,15,1111,010111,2,7,111,0x3d5be4f0,0.0536851287,0x3d5be4f0,0.0536851287,0x00000000,0
l2,0.0625,0,min-error,metric_min,exp1,0,1,1,0.106430404,0.108867355,0.106430404,0.108867355,0.0024369508,126,raw-and-scaled,6,1,fp6_e1m4,fp6_e2m3,4,3,4,90,126,exp2,7,28,7,7,0.106430404,0.108867355,-21,0x3ddef5d9,0.108867355,0x3f800000,1,0xbd917680,-0.0710268021,0xbd917680,-0.0710268021,100001,0,1,0001,100010,0,2,010,0xbc0bb400,-0.00852680206,0xbc0bb400,-0.00852680206,0x80000000,-0
l2,0.0625,0,min-error,metric_min,exp1,0,1,1,0.106430404,0.108867355,0.106430404,0.108867355,0.0024369508,127,raw-and-scaled,6,1,fp6_e1m4,fp6_e2m3,4,3,4,90,127,exp2,7,28,7,7,0.106430404,0.108867355,-21,0x3ddef5d9,0.108867355,0x3f800000,1,0x3ea038ba,0.312932789,0x3ea038ba,0.312932789,000101,0,5,0101,001010,1,2,010,0x39e2e800,0.000432789326,0x39e2e800,0.000432789326,0x80000000,-0
l2,0.0625,0,min-error,metric_min,exp1,0,1,1,0.386173934,0.415927112,0.386173934,0.415927112,0.0297531784,0,raw-and-scaled,5,1,fp5_e1m3,fp5_e2m2,3,2,4,12,0,exp2,6,25,6,6,0.386173934,0.415927112,-19,0x3ed4f466,0.415927112,0x3f800000,1,0xbb3ac902,-0.00285011576,0xbb3ac902,-0.00285011576,10000,0,0,000,10000,0,0,00,0xbb3ac902,-0.00285011576,0xbb3ac902,-0.00285011576,0x00000000,0
l2,0.0625,0,min-error,metric_min,exp1,0,1,1,0.386173934,0.415927112,0.386173934,0.415927112,0.0297531784,1,raw-and-scaled,5,1,fp5_e1m3,fp5_e2m2,3,2,4,12,1,exp2,6,25,6,6,0.386173934,0.415927112,-19,0x3ed4f466,0.415927112,0x3f800000,1,0x3f39db3d,0.726001561,0x3f39db3d,0.726001561,00101,0,5,101,01001,2,1,01,0x3dced9e8,0.101001561,0x3dced9e8,0.101001561,0x00000000,0
l2,0.0625,0,min-error,metric_min,exp1,0,1,1,0.386173934,0.415927112,0.386173934,0.415927112,0.0297531784,2,raw-and-scaled,5,1,fp5_e1m3,fp5_e2m2,3,2,4,12,2,exp2,6,25,6,6,0.386173934,0.415927112,-19,0x3ed4f466,0.415927112,0x3f800000,1,0x3b17e3a4,0.00231764559,0x3b17e3a4,0.00231764559,00000,0,0,000,00000,0,0,00,0x3b17e3a4,0.00231764559,0x3b17e3a4,0.00231764559,0x00000000,0
l2,0.0625,0,min-error,metric_min,exp1,0,1,1,0.386173934,0.415927112,0.386173934,0.415927112,0.0297531784,3,raw-and-scaled,5,1,fp5_e1m3,fp5_e2m2,3,2,4,12,3,exp2,6,25,6,6,0.386173934,0.415927112,-19,0x3ed4f466,0.415927112,0x3f800000,1,0xbec955b0,-0.393231869,0xbec955b0,-0.393231869,10011,0,3,011,10110,1,2,10,0xbc955b00,-0.0182318687,0xbc955b00,-0.0182318687,0x80000000,-0
l2,0.0625,0,min-error,metric_min,exp1,0,1,1,0.386173934,0.415927112,0.386173934,0.415927112,0.0297531784,4,raw-and-scaled,5,1,fp5_e1m3,fp5_e2m2,3,2,4,12,4,exp2,6,25,6,6,0.386173934,0.415927112,-19,0x3ed4f466,0.415927112,0x3f800000,1,0x3aac5a3a,0.00131494482,0x3aac5a3a,0.00131494482,00000,0,0,000,00000,0,0,00,0x3aac5a3a,0.00131494482,0x3aac5a3a,0.00131494482,0x00000000,0
l2,0.0625,0,min-error,metric_min,exp1,0,1,1,0.386173934,0.415927112,0.386173934,0.415927112,0.0297531784,5,raw-and-scaled,5,1,fp5_e1m3,fp5_e2m2,3,2,4,12,5,exp2,6,25,6,6,0.386173934,0.415927112,-19,0x3ed4f466,0.415927112,0x3f800000,1,0xbd9ef592,-0.0776168257,0xbd9ef592,-0.0776168257,10000,0,0,000,10001,0,1,01,0xbd9ef592,-0.0776168257,0xbc77ac90,-0.0151168257,0xbf800000,-1
l2,0.0625,0,min-error,metric_min,exp1,0,1,1,0.386173934,0.415927112,0.386173934,0.415927112,0.0297531784,6,raw-and-scaled,5,1,fp5_e1m3,fp5_e2m2,3,2,4,12,6,exp2,6,25,6,6,0.386173934,0.415927112,-19,0x3ed4f466,0.415927112,0x3f800000,1,0x3bab6bc6,0.00523135345,0x3bab6bc6,0.00523135345,00000,0,0,000,00000,0,0,00,0x3bab6bc6,0.00523135345,0x3bab6bc6,0.00523135345,0x00000000,0
l2,0.0625,0,min-error,metric_min,exp1,0,1,1,0.386173934,0.415927112,0.386173934,0.415927112,0.0297531784,7,raw-and-scaled,5,1,fp5_e1m3,fp5_e2m2,3,2,4,12,7,exp2,6,25,6,6,0.386173934,0.415927112,-19,0x3ed4f466,0.415927112,0x3f800000,1,0x3ea92e4f,0.330431432,0x3ea92e4f,0.330431432,00010,0,2,010,00101,1,1,01,0x3da4b93c,0.0804314315,0x3c92e4f0,0.0179314315,0xbf800000,-1
l2,0.0625,0,min-error,metric_min,exp1,0,1,1,0.386173934,0.415927112,0.386173934,0.415927112,0.0297531784,8,raw-and-scaled,5,1,fp5_e1m3,fp5_e2m2,3,2,4,12,8,exp2,6,25,6,6,0.386173934,0.415927112,-19,0x3ed4f466,0.415927112,0x3f800000,1,0xbafd3997,-0.00193195313,0xbafd3997,-0.00193195313,10000,0,0,000,10000,0,0,00,0xbafd3997,-0.00193195313,0xbafd3997,-0.00193195313,0x00000000,0
l2,0.0625,0,min-error,metric_min,exp1,0,1,1,0.386173934,0.415927112,0.386173934,0.415927112,0.0297531784,9,raw-and-scaled,5,1,fp5_e1m3,fp5_e2m2,3,2,4,12,9,exp2,6,25,6,6,0.386173934,0.415927112,-19,0x3ed4f466,0.415927112,0x3f800000,1,0xbf588c72,-0.845893025,0xbf588c72,-0.845893025,10110,0,6,110,11010,2,2,10,0xbdc46390,-0.0958930254,0xbdc46390,-0.0958930254,0x00000000,0
l2,0.0625,0,min-error,metric_min,exp1,0,1,1,0.386173934,0.415927112,0.386173934,0.415927112,0.0297531784,10,raw-and-scaled,5,1,fp5_e1m3,fp5_e2m2,3,2,4,12,10,exp2,6,25,6,6,0.386173934,0.415927112,-19,0x3ed4f466,0.415927112,0x3f800000,1,0x3c7efbb6,0.0155629423,0x3c7efbb6,0.0155629423,00000,0,0,000,00000,0,0,00,0x3c7efbb6,0.0155629423,0x3c7efbb6,0.0155629423,0x00000000,0
l2,0.0625,0,min-error,metric_min,exp1,0,1,1,0.386173934,0.415927112,0.386173934,0.415927112,0.0297531784,11,raw-and-scaled,5,1,fp5_e1m3,fp5_e2m2,3,2,4,12,11,exp2,6,25,6,6,0.386173934,0.415927112,-19,0x3ed4f466,0.415927112,0x3f800000,1,0xbb518c6c,-0.00319745671,0xbb518c6c,-0.00319745671,10000,0,0,000,10000,0,0,00,0xbb518c6c,-0.00319745671,0xbb518c6c,-0.00319745671,0x00000000,0
l2,0.0625,0,min-error,metric_min,exp1,0,1,1,0.386173934,0.415927112,0.386173934,0.415927112,0.0297531784,12,raw-and-scaled,5,1,fp5_e1m3,fp5_e2m2,3,2,4,12,12,exp2,6,25,6,6,0.386173934,0.415927112,-19,0x3ed4f466,0.415927112,0x3f800000,1,0x3dce7dda,0.10082598,0x3dce7dda,0.10082598,00000,0,0,000,00001,0,1,01,0x3dce7dda,0.10082598,0x3d1cfbb4,0.0383259803,0xbf800000,-1
l2,0.0625,0,min-error,metric_min,exp1,0,1,1,0.386173934,0.415927112,0.386173934,0.415927112,0.0297531784,13,raw-and-scaled,5,1,fp5_e1m3,fp5_e2m2,3,2,4,12,13,exp2,6,25,6,6,0.386173934,0.415927112,-19,0x3ed4f466,0.415927112,0x3f800000,1,0x3eda4f5c,0.426386714,0x3eda4f5c,0.426386714,00011,0,3,011,00110,1,2,10,0x3d527ae0,0.051386714,0x3d527ae0,0.051386714,0x80000000,-0
l2,0.0625,0,min-error,metric_min,exp1,0,1,1,0.386173934,0.415927112,0.386173934,0.415927112,0.0297531784,14,raw-and-scaled,5,1,fp5_e1m3,fp5_e2m2,3,2,4,12,14,exp2,6,25,6,6,0.386173934,0.415927112,-19,0x3ed4f466,0.415927112,0x3f800000,1,0x3fcafc07,1.58581626,0x3fcafc07,1.58581626,01100,1,4,100,01110,3,2,10,0x3dafc070,0.0858162642,0x3dafc070,0.0858162642,0x00000000,0
l2,0.0625,0,min-error,metric_min,exp1,0,1,1,0.386173934,0.415927112,0.386173934,0.415927112,0.0297531784,15,raw-and-scaled,5,1,fp5_e1m3,fp5_e2m2,3,2,4,12,15,exp2,6,25,6,6,0.386173934,0.415927112,-19,0x3ed4f466,0.415927112,0x3f800000,1,0x3e8dc64e,0.27690357,0x3e8dc64e,0.27690357,00010,0,2,010,00100,1,0,00,0x3cdc64e0,0.0269035697,0x3cdc64e0,0.0269035697,0x80000000,-0
l2,0.0625,0,min-error,metric_min,exp1,0,1,1,0.386173934,0.415927112,0.386173934,0.415927112,0.0297531784,16,raw-and-scaled,5,1,fp5_e1m3,fp5_e2m2,3,2,4,12,16,exp2,6,25,6,6,0.386173934,0.415927112,-19,0x3ed4f466,0.415927112,0x3f800000,1,0xbd9a2744,-0.0752702057,0xbd9a2744,-0.0752702057,10000,0,0,000,10001,0,1,01,0xbd9a2744,-0.0752702057,0xbc513a20,-0.0127702057,0xbf800000,-1
l2,0.0625,0,min-error,metric_min,exp1,0,1,1,0.386173934,0.415927112,0.386173934,0.415927112,0.0297531784,17,raw-and-scaled,5,1,fp5_e1m3,fp5_e2m2,3,2,4,12,17,exp2,6,25,6,6,0.386173934,0.415927112,-19,0x3ed4f466,0.415927112,0x3f800000,1,0x3ab07e82,0.00134654366,0x3ab07e82,0.00134654366,00000,0,0,000,00000,0,0,00,0x3ab07e82,0.00134654366,0x3ab07e82,0.00134654366,0x00000000,0
l2,0.0625,0,min-error,metric_min,exp1,0,1,1,0.386173934,0.415927112,0.386173934,0.415927112,0.0297531784,18,raw-and-scaled,5,1,fp5_e1m3,fp5_e2m2,3,2,4,12,18,exp2,6,25,6,6,0.386173934,0.415927112,-19,0x3ed4f466,0.415927112,0x3f800000,1,0xbe40f64e,-0.188439578,0xbe40f64e,-0.188439578,10001,0,1,001,10011,0,3,11,0xbd81ec9c,-0.0634395778,0xba764e00,-0.000939577818,0xbf800000,-1
l2,0.0625,0,min-error,metric_min,exp1,0,1,1,0.386173934,0.415927112,0.386173934,0.415927112,0.0297531784,19,raw-and-scaled,5,1,fp5_e1m3,fp5_e2m2,3,2,4,12,19,exp2,6,25,6,6,0.386173934,0.415927112,-19,0x3ed4f466,0.415927112,0x3f800000,1,0xbb581c17,-0.00329757272,0xbb581c17,-0.00329757272,10000,0,0,000,10000,0,0,00,0xbb581c17,-0.00329757272,0xbb581c17,-0.00329757272,0x00000000,0
l2,0.0625,0,min-error,metric_min,exp1,0,1,1,0.386173934,0.415927112,0.386173934,0.415927112,0.0297531784,20,raw-and-scaled,5,1,fp5_e1m3,fp5_e2m2,3,2,4,12,20,exp2,6,25,6,6,0.386173934,0.415927112,-19,0x3ed4f466,0.415927112,0x3f800000,1,0xbcd8a4a2,-0.0264456905,0xbcd8a4a2,-0.0264456905,10000,0,0,000,10000,0,0,00,0xbcd8a4a2,-0.0264456905,0xbcd8a4a2,-0.0264456905,0x00000000,0
l2,0.0625,0,min-error,metric_min,exp1,0,1,1,0.386173934,0.415927112,0.386173934,0.415927112,0.0297531784,21,raw-and-scaled,5,1,fp5_e1m3,fp5_e2m2,3,2,4,12,21,exp2,6,25,6,6,0.386173934,0.415927112,-19,0x3ed4f466,0.415927112,0x3f800000,1,0x3ef2c5a6,0.474164188,0x3ef2c5a6,0.474164188,00011,0,3,011,00111,1,3,11,0x3dcb1698,0.0991641879,0x3d162d30,0.0366641879,0xbf800000,-1
l2,0.0625,0,min-error,metric_min,exp1,0,1,1,0.386173934,0.415927112,0.386173934,0.415927112,0.0297531784,22,raw-and-scaled,5,1,fp5_e1m3,fp5_e2m2,3,2,4,12,22,exp2,6,25,6,6,0.386173934,0.415927112,-19,0x3ed4f466,0.415927112,0x3f800000,1,0x3acd0756,0.00156424451,0x3acd0756,0.00156424451,00000,0,0,000,00000,0,0,00,0x3acd0756,0.00156424451,0x3acd0756,0.00156424451,0x00000000,0
l2,0.0625,0,min-error,metric_min,exp1,0,1,1,0.386173934,0.415927112,0.386173934,0.415927112,0.0297531784,23,raw-and-scaled,5,1,fp5_e1m3,fp5_e2m2,3,2,4,12,23,exp2,6,25,6,6,0.386173934,0.415927112,-19,0x3ed4f466,0.415927112,0x3f800000,1,0x3daa2840,0.0830845833,0x3daa2840,0.0830845833,00000,0,0,000,00001,0,1,01,0x3daa2840,0.0830845833,0x3ca8a100,0.0205845833,0xbf800000,-1
l2,0.0625,0,min-error,metric_min,exp1,0,1,1,0.386173934,0.415927112,0.386173934,0.415927112,0.0297531784,24,raw-and-scaled,5,1,fp5_e1m3,fp5_e2m2,3,2,4,12,24,exp2,6,25,6,6,0.386173934,0.415927112,-19,0x3ed4f466,0.415927112,0x3f800000,1,0x3b8fdecd,0.00439057359,0x3b8fdecd,0.00439057359,00000,0,0,000,00000,0,0,00,0x3b8fdecd,0.00439057359,0x3b8fdecd,0.00439057359,0x00000000,0
l2,0.0625,0,min-error,metric_min,exp1,0,1,1,0.386173934,0.415927112,0.386173934,0.415927112,0.0297531784,25,raw-and-scaled,5,1,fp5_e1m3,fp5_e2m2,3,2,4,12,25,exp2,6,25,6,6,0.386173934,0.415927112,-19,0x3ed4f466,0.415927112,0x3f800000,1,0xbb91202f,-0.00442888541,0xbb91202f,-0.00442888541,10000,0,0,000,10000,0,0,00,0xbb91202f,-0.00442888541,0xbb91202f,-0.00442888541,0x00000000,0
l2,0.0625,0,min-error,metric_min,exp1,0,1,1,0.386173934,0.415927112,0.386173934,0.415927112,0.0297531784,26,raw-and-scaled,5,1,fp5_e1m3,fp5_e2m2,3,2,4,12,26,exp2,6,25,6,6,0.386173934,0.415927112,-19,0x3ed4f466,0.415927112,0x3f800000,1,0x3c19c539,0.00938540045,0x3c19c539,0.00938540045,00000,0,0,000,00000,0,0,00,0x3c19c539,0.00938540045,0x3c19c539,0.00938540045,0x00000000,0
l2,0.0625,0,min-error,metric_min,exp1,0,1,1,0.386173934,0.415927112,0.386173934,0.415927112,0.0297531784,27,raw-and-scaled,5,1,fp5_e1m3,fp5_e2m2,3,2,4,12,27,exp2,6,25,6,6,0.386173934,0.415927112,-19,0x3ed4f466,0.415927112,0x3f800000,1,0xbbd34d79,-0.00644844444,0xbbd34d79,-0.00644844444,10000,0,0,000,10000,0,0,00,0xbbd34d79,-0.00644844444,0xbbd34d79,-0.00644844444,0x00000000,0
l2,0.0625,0,min-error,metric_min,exp1,0,1,1,0.386173934,0.415927112,0.386173934,0.415927112,0.0297531784,28,raw-and-scaled,5,1,fp5_e1m3,fp5_e2m2,3,2,4,12,28,exp2,6,25,6,6,0.386173934,0.415927112,-19,0x3ed4f466,0.415927112,0x3f800000,1,0x3e6293d2,0.221267015,0x3e6293d2,0.221267015,00001,0,1,001,00011,0,3,11,0x3dc527a4,0.0962670147,0x3d0a4f48,0.0337670147,0xbf800000,-1
l2,0.0625,0,min-error,metric_min,exp1,0,1,1,0.386173934,0.415927112,0.386173934,0.415927112,0.0297531784,29,raw-and-scaled,5,1,fp5_e1m3,fp5_e2m2,3,2,4,12,29,exp2,6,25,6,6,0.386173934,0.415927112,-19,0x3ed4f466,0.415927112,0x3f800000,1,0xbc77fe92,-0.0151363779,0xbc77fe92,-0.0151363779,10000,0,0,000,10000,0,0,00,0xbc77fe92,-0.0151363779,0xbc77fe92,-0.0151363779,0x00000000,0
l2,0.0625,0,min-error,metric_min,exp1,0,1,1,0.386173934,0.415927112,0.386173934,0.415927112,0.0297531784,30,raw-and-scaled,5,1,fp5_e1m3,fp5_e2m2,3,2,4,12,30,exp2,6,25,6,6,0.386173934,0.415927112,-19,0x3ed4f466,0.415927112,0x3f800000,1,0xbd2bc18c,-0.0419326276,0xbd2bc18c,-0.0419326276,10000,0,0,000,10000,0,0,00,0xbd2bc18c,-0.0419326276,0xbd2bc18c,-0.0419326276,0x00000000,0
l2,0.0625,0,min-error,metric_min,exp1,0,1,1,0.386173934,0.415927112,0.386173934,0.415927112,0.0297531784,31,raw-and-scaled,5,1,fp5_e1m3,fp5_e2m2,3,2,4,12,31,exp2,6,25,6,6,0.386173934,0.415927112,-19,0x3ed4f466,0.415927112,0x3f800000,1,0x3cbaf395,0.0228212271,0x3cbaf395,0.0228212271,00000,0,0,000,00000,0,0,00,0x3cbaf395,0.0228212271,0x3cbaf395,0.0228212271,0x00000000,0
l2,0.0625,0,min-error,metric_min,exp1,0,1,1,0.386173934,0.415927112,0.386173934,0.415927112,0.0297531784,32,raw-and-scaled,5,1,fp5_e1m3,fp5_e2m2,3,2,4,12,32,exp2,6,25,6,6,0.386173934,0.415927112,-19,0x3ed4f466,0.415927112,0x3f800000,1,0x3facfe8d,1.35151827,0x3facfe8d,1.35151827,01010,1,2,010,01101,3,1,01,0x3dcfe8d0,0.101518273,0x3dcfe8d0,0.101518273,0x00000000,0
l2,0.0625,0,min-error,metric_min,exp1,0,1,1,0.386173934,0.415927112,0.386173934,0.415927112,0.0297531784,33,raw-and-scaled,5,1,fp5_e1m3,fp5_e2m2,3,2,4,12,33,exp2,6,25,6,6,0.386173934,0.415927112,-19,0x3ed4f466,0.415927112,0x3f800000,1,0xbebfc422,-0.37454325,0xbebfc422,-0.37454325,10010,0,2,010,10101,1,1,01,0xbdff1088,-0.12454325,0xbd7e2110,-0.0620432496,0xbf800000,-1
l2,0.0625,0,min-error,metric_min,exp1,0,1,1,0.386173934,0.415927112,0.386173934,0.415927112,0.0297531784,34,raw-and-scaled,5,1,fp5_e1m3,fp5_e2m2,3,2,4,12,34,exp2,6,25,6,6,0.386173934,0.415927112,-19,0x3ed4f466,0.415927112,0x3f800000,1,0xbfd48b4a,-1.66050076,0xbfd48b4a,-1.66050076,11101,1,5,101,11110,3,2,10,0xbd116940,-0.0355007648,0xbe245a50,-0.160500765,0x3f800000,1
l2,0.0625,0,min-error,metric_min,exp1,0,1,1,0.386173934,0.415927112,0.386173934,0.415927112,0.0297531784,35,raw-and-scaled,5,1,fp5_e1m3,fp5_e2m2,3,2,4,12,35,exp2,6,25,6,6,0.386173934,0.415927112,-19,0x3ed4f466,0.415927112,0x3f800000,1,0x3fbe9805,1.48901427,0x3fbe9805,1.48901427,01011,1,3,011,01101,3,1,01,0x3de98050,0.114014268,0x3e74c028,0.239014268,0x3f800000,1
l2,0.0625,0,min-error,metric_min,exp1,0,1,1,0.386173934,0.415927112,0.386173934,0.415927112,0.0297531784,36,raw-and-scaled,5,1,fp5_e1m3,fp5_e2m2,3,2,4,12,36,exp2,6,25,6,6,0.386173934,0.415927112,-19,0x3ed4f466,0.415927112,0x3f800000,1,0x3d42f67e,0.0475983545,0x3d42f67e,0.0475983545,00000,0,0,000,00000,0,0,00,0x3d42f67e,0.0475983545,0x3d42f67e,0.0475983545,0x00000000,0
l2,0.0625,0,min-error,metric_min,exp1,0,1,1,0.386173934,0.415927112,0.386173934,0.415927112,0.0297531784,37,raw-and-scaled,5,1,fp5_e1m3,fp5_e2m2,3,2,4,12,37,exp2,6,25,6,6,0.386173934,0.415927112,-19,0x3ed4f466,0.415927112,0x3f800000,1,0xbf481ba4,-0.781671762,0xbf481ba4,-0.781671762,10110,0,6,110,11010,2,2,10,0xbd01ba40,-0.0316717625,0xbd01ba40,-0.0316717625,0x00000000,0
l2,0.0625,0,min-error,metric_min,exp1,0,1,1,0.386173934,0.415927112,0.386173934,0.415927112,0.0297531784,38,raw-and-scaled,5,1,fp5_e1m3,fp5_e2m2,3,2,4,12,38,exp2,6,25,6,6,0.386173934,0.415927112,-19,0x3ed4f466,0.415927112,0x3f800000,1,0xbad7d5b4,-0.00164668867,0xbad7d5b4,-0.00164668867,10000,0,0,000,10000,0,0,00,0xbad7d5b4,-0.00164668867,0xbad7d5b4,-0.00164668867,0x00000000,0
l2,0.0625,0,min-error,metric_min,exp1,0,1,1,0.386173934,0.415927112,0.386173934,0.415927112,0.0297531784,39,raw-and-scaled,5,1,fp5_e1m3,fp5_e2m2,3,2,4,12,39,exp2,6,25,6,6,0.386173934,0.415927112,-19,0x3ed4f466,0.415927112,0x3f800000,1,0xbbac9512,-0.005266794,0xbbac9512,-0.005266794,10000,0,0,000,10000,0,0,00,0xbbac9512,-0.005266794,0xbbac9512,-0.005266794,0x00000000,0
l2,0.0625,0,min-error,metric_min,exp1,0,1,1,0.386173934,0.415927112,0.386173934,0.415927112,0.0297531784,40,raw-and-scaled,5,1,fp5_e1m3,fp5_e2m2,3,2,4,12,40,exp2,6,25,6,6,0.386173934,0.415927112,-19,0x3ed4f466,0.415927112,0x3f800000,1,0x3a99d642,0.00117368274,0x3a99d642,0.00117368274,00000,0,0,000,00000,0,0,00,0x3a99d642,0.00117368274,0x3a99d642,0.00117368274,0x00000000,0
l2,0.0625,0,min-error,metric_min,exp1,0,1,1,0.386173934,0.415927112,0.386173934,0.415927112,0.0297531784,41,raw-and-scaled,5,1,fp5_e1m3,fp5_e2m2,3,2,4,12,41,exp2,6,25,6,6,0.386173934,0.415927112,-19,0x3ed4f466,0.415927112,0x3f800000,1,0x3e4f1964,0.202245295,0x3e4f1964,0.202245295,00001,0,1,001,00011,0,3,11,0x3d9e32c8,0.077245295,0x3c719640,0.014745295,0xbf800000,-1
l2,0.0625,0,min-error,metric_min,exp1,0,1,1,0.386173934,0.415927112,0.386173934,0.415927112,0.0297531784,42,raw-and-scaled,5,1,fp5_e1m3,fp5_e2m2,3,2,4,12,42,exp2,6,25,6,6,0.386173934,0.415927112,-19,0x3ed4f466,0.415927112,0x3f800000,1,0xbe386c0b,-0.180099651,0xbe386c0b,-0.180099651,10001,0,1,001,10010,0,2,10,0xbd61b02c,-0.0550996512,0xbd61b02c,-0.0550996512,0x80000000,-0
l2,0.0625,0,min-error,metric_min,exp1,0,1,1,0.386173934,0.415927112,0.386173934,0.415927112,0.0297531784,43,raw-and-scaled,5,1,fp5_e1m3,fp5_e2m2,3,2,4,12,43,exp2,6,25,6,6,0.386173934,0.415927112,-19,0x3ed4f466,0.415927112,0x3f800000,1,0x3e230197,0.159185752,0x3e230197,0.159185752,00001,0,1,001,00010,0,2,10,0x3d0c065c,0.0341857523,0x3d0c065c,0.0341857523,0x80000000,-0
l2,0.0625,0,min-error,metric_min,exp1,0,1,1,0.386173934,0.415927112,0.386173934,0.415927112,0.0297531784,44,raw-and-scaled,5,1,fp5_e1m3,fp5_e2m2,3,2,4,12,44,exp2,6,25,6,6,0.386173934,0.415927112,-19,0x3ed4f466,0.415927112,0x3f800000,1,0x3edae0ac,0.42749536,0x3edae0ac,0.42749536,00011,0,3,011,00110,1,2,10,0x3d570560,0.0524953604,0x3d570560,0.0524953604,0x80000000,-0
l2,0.0625,0,min-error,metric_min,exp1,0,1,1,0.386173934,0.415927112,0.386173934,0.415927112,0.0297531784,45,raw-and-scaled,5,1,fp5_e1m3,fp5_e2m2,3,2,4,12,45,exp2,6,25,6,6,0.386173934,0.415927112,-19,0x3ed4f466,0.415927112,0x3f800000,1,0x3ec09496,0.376133621,0x3ec09496,0.376133621,00011,0,3,011,00110,1,2,10,0x3a949600,0.00113362074,0x3a949600,0.00113362074,0x80000000,-0
l2,0.0625,0,min-error,metric_min,exp1,0,1,1,0.386173934,0.415927112,0.386173934,0.415927112,0.0297531784,46,raw-and-scaled,5,1,fp5_e1m3,fp5_e2m2,3,2,4,12,46,exp2,6,25,6,6,0.386173934,0.415927112,-19,0x3ed4f466,0.415927112,0x3f800000,1,0xbfb6b0b5,-1.42726767,0xbfb6b0b5,-1.42726767,11011,1,3,011,11101,3,1,01,0xbd5616a0,-0.0522676706,0xbe3585a8,-0.177267671,0x3f800000,1
l2,0.0625,0,min-error,metric_min,exp1,0,1,1,0.386173934,0.415927112,0.386173934,0.415927112,0.0297531784,47,raw-and-scaled,5,1,fp5_e1m3,fp5_e2m2,3,2,4,12,47,exp2,6,25,6,6,0.386173934,0.415927112,-19,0x3ed4f466,0.415927112,0x3f800000,1,0x3ea104c6,0.314489543,0x3ea104c6,0.314489543,00010,0,2,010,00101,1,1,01,0x3d841318,0.0644895434,0x3b026300,0.00198954344,0xbf800000,-1
l2,0.0625,0,min-error,metric_min,exp1,0,1,1,0.386173934,0.415927112,0.386173934,0.415927112,0.0297531784,48,raw-and-scaled,5,1,fp5_e1m3,fp5_e2m2,3,2,4,12,48,exp2,6,25,6,6,0.386173934,0.415927112,-19,0x3ed4f466,0.415927112,0x3f800000,1,0x3ab7946c,0.00140060252,0x3ab7946c,0.00140060252,00000,0,0,000,00000,0,0,00,0x3ab7946c,0.00140060252,0x3ab7946c,0.00140060252,0x00000000,0
l2,0.0625,0,min-error,metric_min,exp1,0,1,1,0.386173934,0.415927112,0.386173934,0.415927112,0.0297531784,49,raw-and-scaled,5,1,fp5_e1m3,fp5_e2m2,3,2,4,12,49,exp2,6,25,6,6,0.386173934,0.415927112,-19,0x3ed4f466,0.415927112,0x3f800000,1,0x3f099446,0.537418723,0x3f099446,0.537418723,00100,0,4,100,01000,2,0,00,0x3d194460,0.0374187231,0x3d194460,0.0374187231,0x00000000,0
l2,0.0625,0,min-error,metric_min,exp1,0,1,1,0.386173934,0.415927112,0.386173934,0.415927112,0.0297531784,50,raw-and-scaled,5,1,fp5_e1m3,fp5_e2m2,3,2,4,12,50,exp2,6,25,6,6,0.386173934,0.415927112,-19,0x3ed4f466,0.415927112,0x3f800000,1,0x3e4e8f34,0.201718152,0x3e4e8f34,0.201718152,00001,0,1,001,00011,0,3,11,0x3d9d1e68,0.0767181516,0x3c68f340,0.0142181516,0xbf800000,-1
l2,0.0625,0,min-error,metric_min,exp1,0,1,1,0.386173934,0.415927112,0.386173934,0.415927112,0.0297531784,51,raw-and-scaled,5,1,fp5_e1m3,fp5_e2m2,3,2,4,12,51,exp2,6,25,6,6,0.386173934,0.415927112,-19,0x3ed4f466,0.415927112,0x3f800000,1,0xbcc0f5de,-0.0235547386,0xbcc0f5de,-0.0235547386,10000,0,0,000,10000,0,0,00,0xbcc0f5de,-0.0235547386,0xbcc0f5de,-0.0235547386,0x00000000,0
l2,0.0625,0,min-error,metric_min,exp1,0,1,1,0.386173934,0.415927112,0.386173934,0.415927112,0.0297531784,52,raw-and-scaled,5,1,fp5_e1m3,fp5_e2m2,3,2,4,12,52,exp2,6,25,6,6,0.386173934,0.415927112,-19,0x3ed4f466,0.415927112,0x3f800000,1,0x3e66d668,0.22542727,0x3e66d668,0.22542727,00001,0,1,001,00011,0,3,11,0x3dcdacd0,0.10042727,0x3d1b59a0,0.0379272699,0xbf800000,-1
l2,0.0625,0,min-error,metric_min,exp1,0,1,1,0.386173934,0.415927112,0.386173934,0.415927112,0.0297531784,53,raw-and-scaled,5,1,fp5_e1m3,fp5_e2m2,3,2,4,12,53,exp2,6,25,6,6,0.386173934,0.415927112,-19,0x3ed4f466,0.415927112,0x3f800000,1,0x3cc421ec,0.0239419565,0x3cc421ec,0.0239419565,00000,0,0,000,00000,0,0,00,0x3cc421ec,0.0239419565,0x3cc421ec,0.0239419565,0x00000000,0
l2,0.0625,0,min-error,metric_min,exp1,0,1,1,0.386173934,0.415927112,0.386173934,0.415927112,0.0297531784,54,raw-and-scaled,5,1,fp5_e1m3,fp5_e2m2,3,2,4,12,54,exp2,6,25,6,6,0.386173934,0.415927112,-19,0x3ed4f466,0.415927112,0x3f800000,1,0xbac51df0,-0.00150388293,0xbac51df0,-0.00150388293,10000,0,0,000,10000,0,0,00,0xbac51df0,-0.00150388293,0xbac51df0,-0.00150388293,0x00000000,0
l2,0.0625,0,min-error,metric_min,exp1,0,1,1,0.386173934,0.415927112,0.386173934,0.415927112,0.0297531784,55,raw-and-scaled,5,1,fp5_e1m3,fp5_e2m2,3,2,4,12,55,exp2,6,25,6,6,0.386173934,0.415927112,-19,0x3ed4f466,0.415927112,0x3f800000,1,0x3f516f37,0.818103254,0x3f516f37,0.818103254,00110,0,6,110,01010,2,2,10,0x3d8b79b8,0.0681032538,0x3d8b79b8,0.0681032538,0x00000000,0
l2,0.0625,0,min-error,metric_min,exp1,0,1,1,0.386173934,0.415927112,0.386173934,0.415927112,0.0297531784,56,raw-and-scaled,5,1,fp5_e1m3,fp5_e2m2,3,2,4,12,56,exp2,6,25,6,6,0.386173934,0.415927112,-19,0x3ed4f466,0.415927112,0x3f800000,1,0xbb70b334,-0.00367279071,0xbb70b334,-0.00367279071,10000,0,0,000,10000,0,0,00,0xbb70b334,-0.00367279071,0xbb70b334,-0.00367279071,0x00000000,0
l2,0.0625,0,min-error,metric_min,exp1,0,1,1,0.386173934,0.415927112,0.386173934,0.415927112,0.0297531784,57,raw-and-scaled,5,1,fp5_e1m3,fp5_e2m2,3,2,4,12,57,exp2,6,25,6,6,0.386173934,0.415927112,-19,0x3ed4f466,0.415927112,0x3f800000,1,0x3d21c19e,0.0394912884,0x3d21c19e,0.0394912884,00000,0,0,000,00000,0,0,00,0x3d21c19e,0.0394912884,0x3d21c19e,0.0394912884,0x00000000,0
l2,0.0625,0,min-error,metric_min,exp1,0,1,1,0.386173934,0.415927112,0.386173934,0.415927112,0.0297531784,58,raw-and-scaled,5,1,fp5_e1m3,fp5_e2m2,3,2,4,12,58,exp2,6,25,6,6,0.386173934,0.415927112,-19,0x3ed4f466,0.415927112,0x3f800000,1,0xbce63555,-0.0281016026,0xbce63555,-0.0281016026,10000,0,0,000,10000,0,0,00,0xbce63555,-0.0281016026,0xbce63555,-0.0281016026,0x00000000,0
l2,0.0625,0,min-error,metric_min,exp1,0,1,1,0.386173934,0.415927112,0.386173934,0.415927112,0.0297531784,59,raw-and-scaled,5,1,fp5_e1m3,fp5_e2m2,3,2,4,12,59,exp2,6,25,6,6,0.386173934,0.415927112,-19,0x3ed4f466,0.415927112,0x3f800000,1,0x3c4fa6e6,0.012674069,0x3c4fa6e6,0.012674069,00000,0,0,000,00000,0,0,00,0x3c4fa6e6,0.012674069,0x3c4fa6e6,0.012674069,0x00000000,0
l2,0.0625,0,min-error,metric_min,exp1,0,1,1,0.386173934,0.415927112,0.386173934,0.415927112,0.0297531784,60,raw-and-scaled,5,1,fp5_e1m3,fp5_e2m2,3,2,4,12,60,exp2,6,25,6,6,0.386173934,0.415927112,-19,0x3ed4f466,0.415927112,0x3f800000,1,0x3c954df6,0.0182256512,0x3c954df6,0.0182256512,00000,0,0,000,00000,0,0,00,0x3c954df6,0.0182256512,0x3c954df6,0.0182256512,0x00000000,0
l2,0.0625,0,min-error,metric_min,exp1,0,1,1,0.386173934,0.415927112,0.386173934,0.415927112,0.0297531784,61,raw-and-scaled,5,1,fp5_e1m3,fp5_e2m2,3,2,4,12,61,exp2,6,25,6,6,0.386173934,0.415927112,-19,0x3ed4f466,0.415927112,0x3f800000,1,0xbcd648b2,-0.0261577107,0xbcd648b2,-0.0261577107,10000,0,0,000,10000,0,0,00,0xbcd648b2,-0.0261577107,0xbcd648b2,-0.0261577107,0x00000000,0
l2,0.0625,0,min-error,metric_min,exp1,0,1,1,0.386173934,0.415927112,0.386173934,0.415927112,0.0297531784,62,raw-and-scaled,5,1,fp5_e1m3,fp5_e2m2,3,2,4,12,62,exp2,6,25,6,6,0.386173934,0.415927112,-19,0x3ed4f466,0.415927112,0x3f800000,1,0xbb199df8,-0.0023440104,0xbb199df8,-0.0023440104,10000,0,0,000,10000,0,0,00,0xbb199df8,-0.0023440104,0xbb199df8,-0.0023440104,0x00000000,0
l2,0.0625,0,min-error,metric_min,exp1,0,1,1,0.386173934,0.415927112,0.386173934,0.415927112,0.0297531784,63,raw-and-scaled,5,1,fp5_e1m3,fp5_e2m2,3,2,4,12,63,exp2,6,25,6,6,0.386173934,0.415927112,-19,0x3ed4f466,0.415927112,0x3f800000,1,0xbc2bdaa2,-0.0104891378,0xbc2bdaa2,-0.0104891378,10000,0,0,000,10000,0,0,00,0xbc2bdaa2,-0.0104891378,0xbc2bdaa2,-0.0104891378,0x00000000,0
l2,0.0625,0,min-error,metric_min,exp1,0,1,1,0.386173934,0.415927112,0.386173934,0.415927112,0.0297531784,64,raw-and-scaled,5,1,fp5_e1m3,fp5_e2m2,3,2,4,12,64,exp2,6,25,6,6,0.386173934,0.415927112,-19,0x3ed4f466,0.415927112,0x3f800000,1,0x3f217e42,0.630832791,0x3f217e42,0.630832791,00101,0,5,101,01001,2,1,01,0x3bbf2100,0.00583279133,0x3bbf2100,0.00583279133,0x00000000,0
l2,0.0625,0,min-error,metric_min,exp1,0,1,1,0.386173934,0.415927112,0.386173934,0.415927112,0.0297531784,65,raw-and-scaled,5,1,fp5_e1m3,fp5_e2m2,3,2,4,12,65,exp2,6,25,6,6,0.386173934,0.415927112,-19,0x3ed4f466,0.415927112,0x3f800000,1,0x3f9475bc,1.15984297,0x3f9475bc,1.15984297,01001,1,1,001,01100,3,0,00,0x3d0eb780,0.034842968,0x3e23ade0,0.159842968,0x3f800000,1
l2,0.0625,0,min-error,metric_min,exp1,0,1,1,0.386173934,0.415927112,0.386173934,0.415927112,0.0297531784,66,raw-and-scaled,5,1,fp5_e1m3,fp5_e2m2,3,2,4,12,66,exp2,6,25,6,6,0.386173934,0.415927112,-19,0x3ed4f466,0.415927112,0x3f800000,1,0xbdf26792,-0.118361607,0xbdf26792,-0.118361607,10000,0,0,000,10001,0,1,01,0xbdf26792,-0.118361607,0xbd64cf24,-0.0558616072,0xbf800000,-1
l2,0.0625,0,min-error,metric_min,exp1,0,1,1,0.386173934,0.415927112,0.386173934,0.415927112,0.0297531784,67,raw-and-scaled,5,1,fp5_e1m3,fp5_e2m2,3,2,4,12,67,exp2,6,25,6,6,0.386173934,0.415927112,-19,0x3ed4f466,0.415927112,0x3f800000,1,0x3c06cba4,0.00822726265,0x3c06cba4,0.00822726265,00000,0,0,000,00000,0,0,00,0x3c06cba4,0.00822726265,0x3c06cba4,0.00822726265,0x00000000,0
l2,0.0625,0,min-error,metric_min,exp1,0,1,1,0.386173934,0.415927112,0.386173934,0.415927112,0.0297531784,68,raw-and-scaled,5,1,fp5_e1m3,fp5_e2m2,3,2,4,12,68,exp2,6,25,6,6,0.386173934,0.415927112,-19,0x3ed4f466,0.415927112,0x3f800000,1,0xbc60003f,-0.0136719337,0xbc60003f,-0.0136719337,10000,0,0,000,10000,0,0,00,0xbc60003f,-0.0136719337,0xbc60003f,-0.0136719337,0x00000000,0
l2,0.0625,0,min-error,metric_min,exp1,0,1,1,0.386173934,0.415927112,0.386173934,0.415927112,0.0297531784,69,raw-and-scaled,5,1,fp5_e1m3,fp5_e2m2,3,2,4,12,69,exp2,6,25,6,6,0.386173934,0.415927112,-19,0x3ed4f466,0.415927112,0x3f800000,1,0xbf866634,-1.04999399,0xbf866634,-1.04999399,11000,1,0,000,11100,3,0,00,0xbd4cc680,-0.0499939919,0xbd4cc680,-0.0499939919,0x00000000,0
l2,0.0625,0,min-error,metric_min,exp1,0,1,1,0.386173934,0.415927112,0.386173934,0.415927112,0.0297531784,70,raw-and-scaled,5,1,fp5_e1m3,fp5_e2m2,3,2,4,12,70,exp2,6,25,6,6,0.386173934,0.415927112,-19,0x3ed4f466,0.415927112,0x3f800000,1,0x3d3835f8,0.0449733436,0x3d3835f8,0.0449733436,00000,0,0,000,00000,0,0,00,0x3d3835f8,0.0449733436,0x3d3835f8,0.0449733436,0x00000000,0
l2,0.0625,0,min-error,metric_min,exp1,0,1,1,0.386173934,0.415927112,0.386173934,0.415927112,0.0297531784,71,raw-and-scaled,5,1,fp5_e1m3,fp5_e2m2,3,2,4,12,71,exp2,6,25,6,6,0.386173934,0.415927112,-19,0x3ed4f466,0.415927112,0x3f800000,1,0x3ac3d12e,0.00149396597,0x3ac3d12e,0.00149396597,00000,0,0,000,00000,0,0,00,0x3ac3d12e,0.00149396597,0x3ac3d12e,0.00149396597,0x00000000,0
l2,0.0625,0,min-error,metric_min,exp1,0,1,1,0.386173934,0.415927112,0.386173934,0.415927112,0.0297531784,72,raw-and-scaled,5,1,fp5_e1m3,fp5_e2m2,3,2,4,12,72,exp2,6,25,6,6,0.386173934,0.415927112,-19,0x3ed4f466,0.415927112,0x3f800000,1,0xbded7f8f,-0.115965955,0xbded7f8f,-0.115965955,10000,0,0,000,10001,0,1,01,0xbded7f8f,-0.115965955,0xbd5aff1e,-0.053465955,0xbf800000,-1
l2,0.0625,0,min-error,metric_min,exp1,0,1,1,0.386173934,0.415927112,0.386173934,0.415927112,0.0297531784,73,raw-and-scaled,5,1,fp5_e1m3,fp5_e2m2,3,2,4,12,73,exp2,6,25,6,6,0.386173934,0.415927112,-19,0x3ed4f466,0.415927112,0x3f800000,1,0x3d28d6bc,0.0412204117,0x3d28d6bc,0.0412204117,00000,0,0,000,00000,0,0,00,0x3d28d6bc,0.0412204117,0x3d28d6bc,0.0412204117,0x00000000,0
l2,0.0625,0,min-error,metric_min,exp1,0,1,1,0.386173934,0.415927112,0.386173934,0.415927112,0.0297531784,74,raw-and-scaled,5,1,fp5_e1m3,fp5_e2m2,3,2,4,12,74,exp2,6,25,6,6,0.386173934,0.415927112,-19,0x3ed4f466,0.415927112,0x3f800000,1,0x3e526bc4,0.205489218,0x3e526bc4,0.205489218,00001,0,1,001,00011,0,3,11,0x3da4d788,0.0804892182,0x3c935e20,0.0179892182,0xbf800000,-1
l2,0.0625,0,min-error,metric_min,exp1,0,1,1,0.386173934,0.415927112,0.386173934,0.415927112,0.0297531784,75,raw-and-scaled,5,1,fp5_e1m3,fp5_e2m2,3,2,4,12,75,exp2,6,25,6,6,0.386173934,0.415927112,-19,0x3ed4f466,0.415927112,0x3f800000,1,0x3f49e9fa,0.788726449,0x3f49e9fa,0.788726449,00110,0,6,110,01010,2,2,10,0x3d1e9fa0,0.038726449,0x3d1e9fa0,0.038726449,0x00000000,0
l2,0.0625,0,min-error,metric_min,exp1,0,1,1,0.386173934,0.415927112,0.386173934,0.415927112,0.0297531784,76,raw-and-scaled,5,1,fp5_e1m3,fp5_e2m2,3,2,4,12,76,exp2,6,25,6,6,0.386173934,0.415927112,-19,0x3ed4f466,0.415927112,0x3f800000,1,0xbee5a819,-0.448548108,0xbee5a819,-0.448548108,10011,0,3,011,10111,1,3,11,0xbd96a064,-0.0735481083,0xbc350320,-0.0110481083,0xbf800000,-1
l2,0.0625,0,min-error,metric_min,exp1,0,1,1,0.386173934,0.415927112,0.386173934,0.415927112,0.0297531784,77,raw-and-scaled,5,1,fp5_e1m3,fp5_e2m2,3,2,4,12,77,exp2,6,25,6,6,0.386173934,0.415927112,-19,0x3ed4f466,0.415927112,0x3f800000,1,0xbd43ce0e,-0.0478039309,0xbd43ce0e,-0.0478039309,10000,0,0,000,10000,0,0,00,0xbd43ce0e,-0.0478039309,0xbd43ce0e,-0.0478039309,0x00000000,0
l2,0.0625,0,min-error,metric_min,exp1,0,1,1,0.386173934,0.415927112,0.386173934,0.415927112,0.0297531784,78,raw-and-scaled,5,1,fp5_e1m3,fp5_e2m2,3,2,4,12,78,exp2,6,25,6,6,0.386173934,0.415927112,-19,0x3ed4f466,0.415927112,0x3f800000,1,0x3e57f6e6,0.21090278,0x3e57f6e6,0.21090278,00001,0,1,001,00011,0,3,11,0x3dafedcc,0.0859027803,0x3cbfb730,0.0234027803,0xbf800000,-1
l2,0.0625,0,min-error,metric_min,exp1,0,1,1,0.386173934,0.415927112,0.386173934,0.415927112,0.0297531784,79,raw-and-scaled,5,1,fp5_e1m3,fp5_e2m2,3,2,4,12,79,exp2,6,25,6,6,0.386173934,0.415927112,-19,0x3ed4f466,0.415927112,0x3f800000,1,0x3e995694,0.299488664,0x3e995694,0.299488664,00010,0,2,010,00100,1,0,00,0x3d4ab4a0,0.0494886637,0x3d4ab4a0,0.0494886637,0x80000000,-0
l2,0.0625,0,min-error,metric_min,exp1,0,1,1,0.386173934,0.415927112,0.386173934,0.415927112,0.0297531784,80,raw-and-scaled,5,1,fp5_e1m3,fp5_e2m2,3,2,4,12,80,exp2,6,25,6,6,0.386173934,0.415927112,-19,0x3ed4f466,0.415927112,0x3f800000,1,0x3e138694,0.144068062,0x3e138694,0.144068062,00001,0,1,001,00010,0,2,10,0x3c9c34a0,0.0190680623,0x3c9c34a0,0.0190680623,0x80000000,-0
l2,0.0625,0,min-error,metric_min,exp1,0,1,1,0.386173934,0.415927112,0.386173934,0.415927112,0.0297531784,81,raw-and-scaled,5,1,fp5_e1m3,fp5_e2m2,3,2,4,12,81,exp2,6,25,6,6,0.386173934,0.415927112,-19,0x3ed4f466,0.415927112,0x3f800000,1,0xbbf9076a,-0.00759976078,0xbbf9076a,-0.00759976078,10000,0,0,000,10000,0,0,00,0xbbf9076a,-0.00759976078,0xbbf9076a,-0.00759976078,0x00000000,0
l2,0.0625,0,min-error,metric_min,exp1,0,1,1,0.386173934,0.415927112,0.386173934,0.415927112,0.0297531784,82,raw-and-scaled,5,1,fp5_e1m3,fp5_e2m2,3,2,4,12,82,exp2,6,25,6,6,0.386173934,0.415927112,-19,0x3ed4f466,0.415927112,0x3f800000,1,0x3b915d85,0.00443619723,0x3b915d85,0.00443619723,00000,0,0,000,00000,0,0,00,0x3b915d85,0.00443619723,0x3b915d85,0.00443619723,0x00000000,0
l2,0.0625,0,min-error,metric_min,exp1,0,1,1,0.386173934,0.415927112,0.386173934,0.415927112,0.0297531784,83,raw-and-scaled,5,1,fp5_e1m3,fp5_e2m2,3,2,4,12,83,exp2,6,25,6,6,0.386173934,0.415927112,-19,0x3ed4f466,0.415927112,0x3f800000,1,0x3cb51acb,0.0221075024,0x3cb51acb,0.0221075024,00000,0,0,000,00000,0,0,00,0x3cb51acb,0.0221075024,0x3cb51acb,0.0221075024,0x00000000,0
l2,0.0625,0,min-error,metric_min,exp1,0,1,1,0.386173934,0.415927112,0.386173934,0.415927112,0.0297531784,84,raw-and-scaled,5,1,fp5_e1m3,fp5_e2m2,3,2,4,12,84,exp2,6,25,6,6,0.386173934,0.415927112,-19,0x3ed4f466,0.415927112,0x3f800000,1,0x3f384380,0.719779968,0x3f384380,0.719779968,00101,0,5,101,01001,2,1,01,0x3dc21c00,0.0947799683,0x3dc21c00,0.0947799683,0x00000000,0
l2,0.0625,0,min-error,metric_min,exp1,0,1,1,0.386173934,0.415927112,0.386173934,0.415927112,0.0297531784,85,raw-and-scaled,5,1,fp5_e1m3,fp5_e2m2,3,2,4,12,85,exp2,6,25,6,6,0.386173934,0.415927112,-19,0x3ed4f466,0.415927112,0x3f800000,1,0x3c7e9596,0.0155385938,0x3c7e9596,0.0155385938,00000,0,0,000,00000,0,0,00,0x3c7e9596,0.0155385938,0x3c7e9596,0.0155385938,0x00000000,0
l2,0.0625,0,min-error,metric_min,exp1,0,1,1,0.386173934,0.415927112,0.386173934,0.415927112,0.0297531784,86,raw-and-scaled,5,1,fp5_e1m3,fp5_e2m2,3,2,4,12,86,exp2,6,25,6,6,0.386173934,0.415927112,-19,0x3ed4f466,0.415927112,0x3f800000,1,0x3f322b32,0.695971608,0x3f322b32,0.695971608,00101,0,5,101,01001,2,1,01,0x3d915990,0.0709716082,0x3d915990,0.0709716082,0x00000000,0
l2,0.0625,0,min-error,metric_min,exp1,0,1,1,0.386173934,0.415927112,0.386173934,0.415927112,0.0297531784,87,raw-and-scaled,5,1,fp5_e1m3,fp5_e2m2,3,2,4,12,87,exp2,6,25,6,6,0.386173934,0.415927112,-19,0x3ed4f466,0.415927112,0x3f800000,1,0xbd8f46ca,-0.0699592382,0xbd8f46ca,-0.0699592382,10000,0,0,000,10001,0,1,01,0xbd8f46ca,-0.0699592382,0xbbf46ca0,-0.00745923817,0xbf800000,-1
l2,0.0625,0,min-error,metric_min,exp1,0,1,1,0.386173934,0.415927112,0.386173934,0.415927112,0.0297531784,88,raw-and-scaled,5,1,fp5_e1m3,fp5_e2m2,3,2,4,12,88,exp2,6,25,6,6,0.386173934,0.415927112,-19,0x3ed4f466,0.415927112,0x3f800000,1,0x3d2fc6ac,0.0429140776,0x3d2fc6ac,0.0429140776,00000,0,0,000,00000,0,0,00,0x3d2fc6ac,0.0429140776,0x3d2fc6ac,0.0429140776,0x00000000,0
l2,0.0625,0,min-error,metric_min,exp1,0,1,1,0.386173934,0.415927112,0.386173934,0.415927112,0.0297531784,89,raw-and-scaled,5,1,fp5_e1m3,fp5_e2m2,3,2,4,12,89,exp2,6,25,6,6,0.386173934,0.415927112,-19,0x3ed4f466,0.415927112,0x3f800000,1,0x3fe10336,1.75791049,0x3fe10336,1.75791049,01110,1,6,110,01111,3,3,11,0x3c019b00,0.00791049004,0x3c019b00,0.00791049004,0x00000000,0
l2,0.0625,0,min-error,metric_min,exp1,0,1,1,0.386173934,0.415927112,0.386173934,0.415927112,0.0297531784,90,raw-and-scaled,5,1,fp5_e1m3,fp5_e2m2,3,2,4,12,90,exp2,6,25,6,6,0.386173934,0.415927112,-19,0x3ed4f466,0.415927112,0x3f800000,1,0x3dd95cd2,0.106134072,0x3dd95cd2,0.106134072,00000,0,0,000,00001,0,1,01,0x3dd95cd2,0.106134072,0x3d32b9a4,0.0436340719,0xbf800000,-1
l2,0.0625,0,min-error,metric_min,exp1,0,1,1,0.386173934,0.415927112,0.386173934,0.415927112,0.0297531784,91,raw-and-scaled,5,1,fp5_e1m3,fp5_e2m2,3,2,4,12,91,exp2,6,25,6,6,0.386173934,0.415927112,-19,0x3ed4f466,0.415927112,0x3f800000,1,0xbb74f25a,-0.00373758981,0xbb74f25a,-0.00373758981,10000,0,0,000,10000,0,0,00,0xbb74f25a,-0.00373758981,0xbb74f25a,-0.00373758981,0x00000000,0
l2,0.0625,0,min-error,metric_min,exp1,0,1,1,0.386173934,0.415927112,0.386173934,0.415927112,0.0297531784,92,raw-and-scaled,5,1,fp5_e1m3,fp5_e2m2,3,2,4,12,92,exp2,6,25,6,6,0.386173934,0.415927112,-19,0x3ed4f466,0.415927112,0x3f800000,1,0x3d32e5eb,0.0436762981,0x3d32e5eb,0.0436762981,00000,0,0,000,00000,0,0,00,0x3d32e5eb,0.0436762981,0x3d32e5eb,0.0436762981,0x00000000,0
l2,0.0625,0,min-error,metric_min,exp1,0,1,1,0.386173934,0.415927112,0.386173934,0.415927112,0.0297531784,93,raw-and-scaled,5,1,fp5_e1m3,fp5_e2m2,3,2,4,12,93,exp2,6,25,6,6,0.386173934,0.415927112,-19,0x3ed4f466,0.415927112,0x3f800000,1,0x3fde259c,1.73552275,0x3fde259c,1.73552275,01101,1,5,101,01110,3,2,10,0x3de259c0,0.110522747,0x3e712ce0,0.235522747,0x3f800000,1
l2,0.0625,0,min-error,metric_min,exp1,0,1,1,0.386173934,0.415927112,0.386173934,0.415927112,0.0297531784,94,raw-and-scaled,5,1,fp5_e1m3,fp5_e2m2,3,2,4,12,94,exp2,6,25,6,6,0.386173934,0.415927112,-19,0x3ed4f466,0.415927112,0x3f800000,1,0xba83c600,-0.00100535154,0xba83c600,-0.00100535154,10000,0,0,000,10000,0,0,00,0xba83c600,-0.00100535154,0xba83c600,-0.00100535154,0x00000000,0
l2,0.0625,0,min-error,metric_min,exp1,0,1,1,0.386173934,0.415927112,0.386173934,0.415927112,0.0297531784,95,raw-and-scaled,5,1,fp5_e1m3,fp5_e2m2,3,2,4,12,95,exp2,6,25,6,6,0.386173934,0.415927112,-19,0x3ed4f466,0.415927112,0x3f800000,1,0x3cd8c39f,0.0264604669,0x3cd8c39f,0.0264604669,00000,0,0,000,00000,0,0,00,0x3cd8c39f,0.0264604669,0x3cd8c39f,0.0264604669,0x00000000,0
l2,0.0625,0,min-error,metric_min,exp1,0,1,1,0.386173934,0.415927112,0.386173934,0.415927112,0.0297531784,96,raw-and-scaled,5,1,fp5_e1m3,fp5_e2m2,3,2,4,12,96,exp2,6,25,6,6,0.386173934,0.415927112,-19,0x3ed4f466,0.415927112,0x3f800000,1,0xbd5d67da,-0.0540541187,0xbd5d67da,-0.0540541187,10000,0,0,000,10000,0,0,00,0xbd5d67da,-0.0540541187,0xbd5d67da,-0.0540541187,0x00000000,0
l2,0.0625,0,min-error,metric_min,exp1,0,1,1,0.386173934,0.415927112,0.386173934,0.415927112,0.0297531784,97,raw-and-scaled,5,1,fp5_e1m3,fp5_e2m2,3,2,4,12,97,exp2,6,25,6,6,0.386173934,0.415927112,-19,0x3ed4f466,0.415927112,0x3f800000,1,0x3c69491b,0.0142386211,0x3c69491b,0.0142386211,00000,0,0,000,00000,0,0,00,0x3c69491b,0.0142386211,0x3c69491b,0.0142386211,0x00000000,0
l2,0.0625,0,min-error,metric_min,exp1,0,1,1,0.386173934,0.415927112,0.386173934,0.415927112,0.0297531784,98,raw-and-scaled,5,1,fp5_e1m3,fp5_e2m2,3,2,4,12,98,exp2,6,25,6,6,0.386173934,0.415927112,-19,0x3ed4f466,0.415927112,0x3f800000,1,0x3c9b4cb9,0.0189574827,0x3c9b4cb9,0.0189574827,00000,0,0,000,00000,0,0,00,0x3c9b4cb9,0.0189574827,0x3c9b4cb9,0.0189574827,0x00000000,0
l2,0.0625,0,min-error,metric_min,exp1,0,1,1,0.386173934,0.415927112,0.386173934,0.415927112,0.0297531784,99,raw-and-scaled,5,1,fp5_e1m3,fp5_e2m2,3,2,4,12,99,exp2,6,25,6,6,0.386173934,0.415927112,-19,0x3ed4f466,0.415927112,0x3f800000,1,0xbb2ee9d4,-0.00266896654,0xbb2ee9d4,-0.00266896654,10000,0,0,000,10000,0,0,00,0xbb2ee9d4,-0.00266896654,0xbb2ee9d4,-0.00266896654,0x00000000,0
l2,0.0625,0,min-error,metric_min,exp1,0,1,1,0.386173934,0.415927112,0.386173934,0.415927112,0.0297531784,100,raw-and-scaled,5,1,fp5_e1m3,fp5_e2m2,3,2,4,12,100,exp2,6,25,6,6,0.386173934,0.415927112,-19,0x3ed4f466,0.415927112,0x3f800000,1,0xbf4f7bc7,-0.810482442,0xbf4f7bc7,-0.810482442,10110,0,6,110,11010,2,2,10,0xbd77bc70,-0.0604824424,0xbd77bc70,-0.0604824424,0x00000000,0
l2,0.0625,0,min-error,metric_min,exp1,0,1,1,0.386173934,0.415927112,0.386173934,0.415927112,0.0297531784,101,raw-and-scaled,5,1,fp5_e1m3,fp5_e2m2,3,2,4,12,101,exp2,6,25,6,6,0.386173934,0.415927112,-19,0x3ed4f466,0.415927112,0x3f800000,1,0xbc92854a,-0.0178858228,0xbc92854a,-0.0178858228,10000,0,0,000,10000,0,0,00,0xbc92854a,-0.0178858228,0xbc92854a,-0.0178858228,0x00000000,0
l2,0.0625,0,min-error,metric_min,exp1,0,1,1,0.386173934,0.415927112,0.386173934,0.415927112,0.0297531784,102,raw-and-scaled,5,1,fp5_e1m3,fp5_e2m2,3,2,4,12,102,exp2,6,25,6,6,0.386173934,0.415927112,-19,0x3ed4f466,0.415927112,0x3f800000,1,0xbb0d16d7,-0.00215285062,0xbb0d16d7,-0.00215285062,10000,0,0,000,10000,0,0,00,0xbb0d16d7,-0.00215285062,0xbb0d16d7,-0.00215285062,0x00000000,0
l2,0.0625,0,min-error,metric_min,exp1,0,1,1,0.386173934,0.415927112,0.386173934,0.415927112,0.0297531784,103,raw-and-scaled,5,1,fp5_e1m3,fp5_e2m2,3,2,4,12,103,exp2,6,25,6,6,0.386173934,0.415927112,-19,0x3ed4f466,0.415927112,0x3f800000,1,0xbd826de4,-0.0636861622,0xbd826de4,-0.0636861622,10000,0,0,000,10001,0,1,01,0xbd826de4,-0.0636861622,0xba9b7900,-0.00118616223,0xbf800000,-1
l2,0.0625,0,min-error,metric_min,exp1,0,1,1,0.386173934,0.415927112,0.386173934,0.415927112,0.0297531784,104,raw-and-scaled,5,1,fp5_e1m3,fp5_e2m2,3,2,4,12,104,exp2,6,25,6,6,0.386173934,0.415927112,-19,0x3ed4f466,0.415927112,0x3f800000,1,0xbe43929a,-0.190988928,0xbe43929a,-0.190988928,10001,0,1,001,10011,0,3,11,0xbd872534,-0.0659889281,0xbb64a680,-0.00348892808,0xbf800000,-1
l2,0.0625,0,min-error,metric_min,exp1,0,1,1,0.386173934,0.415927112,0.386173934,0.415927112,0.0297531784,105,raw-and-scaled,5,1,fp5_e1m3,fp5_e2m2,3,2,4,12,105,exp2,6,25,6,6,0.386173934,0.415927112,-19,0x3ed4f466,0.415927112,0x3f800000,1,0x3de7be44,0.113155872,0x3de7be44,0.113155872,00000,0,0,000,00001,0,1,01,0x3de7be44,0.113155872,0x3d4f7c88,0.0506558716,0xbf800000,-1
l2,0.0625,0,min-error,metric_min,exp1,0,1,1,0.386173934,0.415927112,0.386173934,0.415927112,0.0297531784,106,raw-and-scaled,5,1,fp5_e1m3,fp5_e2m2,3,2,4,12,106,exp2,6,25,6,6,0.386173934,0.415927112,-19,0x3ed4f466,0.415927112,0x3f800000,1,0x3dd07064,0.101776868,0x3dd07064,0.101776868,00000,0,0,000,00001,0,1,01,0x3dd07064,0.101776868,0x3d20e0c8,0.0392768681,0xbf800000,-1
l2,0.0625,0,min-error,metric_min,exp1,0,1,1,0.386173934,0.415927112,0.386173934,0.415927112,0.0297531784,107,raw-and-scaled,5,1,fp5_e1m3,fp5_e2m2,3,2,4,12,107,exp2,6,25,6,6,0.386173934,0.415927112,-19,0x3ed4f466,0.415927112,0x3f800000,1,0x3c43e6da,0.0119568948,0x3c43e6da,0.0119568948,00000,0,0,000,00000,0,0,00,0x3c43e6da,0.0119568948,0x3c43e6da,0.0119568948,0x00000000,0
l2,0.0625,0,min-error,metric_min,exp1,0,1,1,0.386173934,0.415927112,0.386173934,0.415927112,0.0297531784,108,raw-and-scaled,5,1,fp5_e1m3,fp5_e2m2,3,2,4,12,108,exp2,6,25,6,6,0.386173934,0.415927112,-19,0x3ed4f466,0.415927112,0x3f800000,1,0x3f564c9c,0.837106466,0x3f564c9c,0.837106466,00110,0,6,110,01010,2,2,10,0x3db264e0,0.0871064663,0x3db264e0,0.0871064663,0x00000000,0
l2,0.0625,0,min-error,metric_min,exp1,0,1,1,0.386173934,0.415927112,0.386173934,0.415927112,0.0297531784,109,raw-and-scaled,5,1,fp5_e1m3,fp5_e2m2,3,2,4,12,109,exp2,6,25,6,6,0.386173934,0.415927112,-19,0x3ed4f466,0.415927112,0x3f800000,1,0x3e97c83a,0.296449482,0x3e97c83a,0.296449482,00010,0,2,010,00100,1,0,00,0x3d3e41d0,0.0464494824,0x3d3e41d0,0.0464494824,0x80000000,-0
l2,0.0625,0,min-error,metric_min,exp1,0,1,1,0.386173934,0.415927112,0.386173934,0.415927112,0.0297531784,110,raw-and-scaled,5,1,fp5_e1m3,fp5_e2m2,3,2,4,12,110,exp2,6,25,6,6,0.386173934,0.415927112,-19,0x3ed4f466,0.415927112,0x3f800000,1,0xbb46bf4c,-0.00303264242,0xbb46bf4c,-0.00303264242,10000,0,0,000,10000,0,0,00,0xbb46bf4c,-0.00303264242,0xbb46bf4c,-0.00303264242,0x00000000,0
l2,0.0625,0,min-error,metric_min,exp1,0,1,1,0.386173934,0.415927112,0.386173934,0.415927112,0.0297531784,111,raw-and-scaled,5,1,fp5_e1m3,fp5_e2m2,3,2,4,12,111,exp2,6,25,6,6,0.386173934,0.415927112,-19,0x3ed4f466,0.415927112,0x3f800000,1,0xbc3019d4,-0.0107483454,0xbc3019d4,-0.0107483454,10000,0,0,000,10000,0,0,00,0xbc3019d4,-0.0107483454,0xbc3019d4,-0.0107483454,0x00000000,0
l2,0.0625,0,min-error,metric_min,exp1,0,1,1,0.386173934,0.415927112,0.386173934,0.415927112,0.0297531784,112,raw-and-scaled,5,1,fp5_e1m3,fp5_e2m2,3,2,4,12,112,exp2,6,25,6,6,0.386173934,0.415927112,-19,0x3ed4f466,0.415927112,0x3f800000,1,0x3e204f91,0.156553522,0x3e204f91,0.156553522,00001,0,1,001,00010,0,2,10,0x3d013e44,0.0315535218,0x3d013e44,0.0315535218,0x80000000,-0
l2,0.0625,0,min-error,metric_min,exp1,0,1,1,0.386173934,0.415927112,0.386173934,0.415927112,0.0297531784,113,raw-and-scaled,5,1,fp5_e1m3,fp5_e2m2,3,2,4,12,113,exp2,6,25,6,6,0.386173934,0.415927112,-19,0x3ed4f466,0.415927112,0x3f800000,1,0x3df7311f,0.12069916,0x3df7311f,0.12069916,00000,0,0,000,00001,0,1,01,0x3df7311f,0.12069916,0x3d6e623e,0.0581991598,0xbf800000,-1
l2,0.0625,0,min-error,metric_min,exp1,0,1,1,0.386173934,0.415927112,0.386173934,0.415927112,0.0297531784,114,raw-and-scaled,5,1,fp5_e1m3,fp5_e2m2,3,2,4,12,114,exp2,6,25,6,6,0.386173934,0.415927112,-19,0x3ed4f466,0.415927112,0x3f800000,1,0x3f0e7c7a,0.556586862,0x3f0e7c7a,0.556586862,00100,0,4,100,01000,2,0,00,0x3d67c7a0,0.0565868616,0x3d67c7a0,0.0565868616,0x00000000,0
l2,0.0625,0,min-error,metric_min,exp1,0,1,1,0.386173934,0.415927112,0.386173934,0.415927112,0.0297531784,115,raw-and-scaled,5,1,fp5_e1m3,fp5_e2m2,3,2,4,12,115,exp2,6,25,6,6,0.386173934,0.415927112,-19,0x3ed4f466,0.415927112,0x3f800000,1,0xbac9610c,-0.00153640052,0xbac9610c,-0.00153640052,10000,0,0,000,10000,0,0,00,0xbac9610c,-0.00153640052,0xbac9610c,-0.00153640052,0x00000000,0
l2,0.0625,0,min-error,metric_min,exp1,0,1,1,0.386173934,0.415927112,0.386173934,0.415927112,0.0297531784,116,raw-and-scaled,5,1,fp5_e1m3,fp5_e2m2,3,2,4,12,116,exp2,6,25,6,6,0.386173934,0.415927112,-19,0x3ed4f466,0.415927112,0x3f800000,1,0xbf87c32c,-1.06064367,0xbf87c32c,-1.06064367,11000,1,0,000,11100,3,0,00,0xbd786580,-0.0606436729,0xbd786580,-0.0606436729,0x00000000,0
l2,0.0625,0,min-error,metric_min,exp1,0,1,1,0.386173934,0.415927112,0.386173934,0.415927112,0.0297531784,117,raw-and-scaled,5,1,fp5_e1m3,fp5_e2m2,3,2,4,12,117,exp2,6,25,6,6,0.386173934,0.415927112,-19,0x3ed4f466,0.415927112,0x3f800000,1,0xbd3dd425,-0.0463448949,0xbd3dd425,-0.0463448949,10000,0,0,000,10000,0,0,00,0xbd3dd425,-0.0463448949,0xbd3dd425,-0.0463448949,0x00000000,0
l2,0.0625,0,min-error,metric_min,exp1,0,1,1,0.386173934,0.415927112,0.386173934,0.415927112,0.0297531784,118,raw-and-scaled,5,1,fp5_e1m3,fp5_e2m2,3,2,4,12,118,exp2,6,25,6,6,0.386173934,0.415927112,-19,0x3ed4f466,0.415927112,0x3f800000,1,0xbd238f92,-0.0399318412,0xbd238f92,-0.0399318412,10000,0,0,000,10000,0,0,00,0xbd238f92,-0.0399318412,0xbd238f92,-0.0399318412,0x00000000,0
l2,0.0625,0,min-error,metric_min,exp1,0,1,1,0.386173934,0.415927112,0.386173934,0.415927112,0.0297531784,119,raw-and-scaled,5,1,fp5_e1m3,fp5_e2m2,3,2,4,12,119,exp2,6,25,6,6,0.386173934,0.415927112,-19,0x3ed4f466,0.415927112,0x3f800000,1,0x3bd510c0,0.0065022409,0x3bd510c0,0.0065022409,00000,0,0,000,00000,0,0,00,0x3bd510c0,0.0065022409,0x3bd510c0,0.0065022409,0x00000000,0
l2,0.0625,0,min-error,metric_min,exp1,0,1,1,0.386173934,0.415927112,0.386173934,0.415927112,0.0297531784,120,raw-and-scaled,5,1,fp5_e1m3,fp5_e2m2,3,2,4,12,120,exp2,6,25,6,6,0.386173934,0.415927112,-19,0x3ed4f466,0.415927112,0x3f800000,1,0xbb9c0fc3,-0.00476262113,0xbb9c0fc3,-0.00476262113,10000,0,0,000,10000,0,0,00,0xbb9c0fc3,-0.00476262113,0xbb9c0fc3,-0.00476262113,0x00000000,0
l2,0.0625,0,min-error,metric_min,exp1,0,1,1,0.386173934,0.415927112,0.386173934,0.415927112,0.0297531784,121,raw-and-scaled,5,1,fp5_e1m3,fp5_e2m2,3,2,4,12,121,exp2,6,25,6,6,0.386173934,0.415927112,-19,0x3ed4f466,0.415927112,0x3f800000,1,0xbbe8f668,-0.00710945204,0xbbe8f668,-0.00710945204,10000,0,0,000,10000,0,0,00,0xbbe8f668,-0.00710945204,0xbbe8f668,-0.00710945204,0x00000000,0
l2,0.0625,0,min-error,metric_min,exp1,0,1,1,0.386173934,0.415927112,0.386173934,0.415927112,0.0297531784,122,raw-and-scaled,5,1,fp5_e1m3,fp5_e2m2,3,2,4,12,122,exp2,6,25,6,6,0.386173934,0.415927112,-19,0x3ed4f466,0.415927112,0x3f800000,1,0x3b8c10ed,0.00427447865,0x3b8c10ed,0.00427447865,00000,0,0,000,00000,0,0,00,0x3b8c10ed,0.00427447865,0x3b8c10ed,0.00427447865,0x00000000,0
l2,0.0625,0,min-error,metric_min,exp1,0,1,1,0.386173934,0.415927112,0.386173934,0.415927112,0.0297531784,123,raw-and-scaled,5,1,fp5_e1m3,fp5_e2m2,3,2,4,12,123,exp2,6,25,6,6,0.386173934,0.415927112,-19,0x3ed4f466,0.415927112,0x3f800000,1,0x3fe670d0,1.80031776,0x3fe670d0,1.80031776,01110,1,6,110,01111,3,3,11,0x3d4e1a00,0.0503177643,0x3d4e1a00,0.0503177643,0x00000000,0
l2,0.0625,0,min-error,metric_min,exp1,0,1,1,0.386173934,0.415927112,0.386173934,0.415927112,0.0297531784,124,raw-and-scaled,5,1,fp5_e1m3,fp5_e2m2,3,2,4,12,124,exp2,6,25,6,6,0.386173934,0.415927112,-19,0x3ed4f466,0.415927112,0x3f800000,1,0xbd0fecad,-0.035137821,0xbd0fecad,-0.035137821,10000,0,0,000,10000,0,0,00,0xbd0fecad,-0.035137821,0xbd0fecad,-0.035137821,0x00000000,0
l2,0.0625,0,min-error,metric_min,exp1,0,1,1,0.386173934,0.415927112,0.386173934,0.415927112,0.0297531784,125,raw-and-scaled,5,1,fp5_e1m3,fp5_e2m2,3,2,4,12,125,exp2,6,25,6,6,0.386173934,0.415927112,-19,0x3ed4f466,0.415927112,0x3f800000,1,0x3b624708,0.00345272012,0x3b624708,0.00345272012,00000,0,0,000,00000,0,0,00,0x3b624708,0.00345272012,0x3b624708,0.00345272012,0x00000000,0
l2,0.0625,0,min-error,metric_min,exp1,0,1,1,0.386173934,0.415927112,0.386173934,0.415927112,0.0297531784,126,raw-and-scaled,5,1,fp5_e1m3,fp5_e2m2,3,2,4,12,126,exp2,6,25,6,6,0.386173934,0.415927112,-19,0x3ed4f466,0.415927112,0x3f800000,1,0x3ca50d40,0.0201479197,0x3ca50d40,0.0201479197,00000,0,0,000,00000,0,0,00,0x3ca50d40,0.0201479197,0x3ca50d40,0.0201479197,0x00000000,0
l2,0.0625,0,min-error,metric_min,exp1,0,1,1,0.386173934,0.415927112,0.386173934,0.415927112,0.0297531784,127,raw-and-scaled,5,1,fp5_e1m3,fp5_e2m2,3,2,4,12,127,exp2,6,25,6,6,0.386173934,0.415927112,-19,0x3ed4f466,0.415927112,0x3f800000,1,0xbfbfd9d5,-1.49883521,0xbfbfd9d5,-1.49883521,11011,1,3,011,11101,3,1,01,0xbdfd9d50,-0.123835206,0xbe7ecea8,-0.248835206,0x3f800000,1
l2,0.0625,0,min-error,metric_min,exp2,0,1,1,0.124047935,0.106502026,0.106502026,0.124047935,0.0175459087,0,raw-and-scaled,5,1,fp5_e1m3,fp5_e2m2,3,2,4,21,0,exp1,2,7,1,1,0.124047935,0.106502026,-5,0x3dfe0cd8,0.124047935,0x3f800000,1,0xbd532929,-0.0515529253,0xbd532929,-0.0515529253,10000,0,0,000,10000,0,0,00,0xbd532929,-0.0515529253,0xbd532929,-0.0515529253,0x00000000,0
l2,0.0625,0,min-error,metric_min,exp2,0,1,1,0.124047935,0.106502026,0.106502026,0.124047935,0.0175459087,1,raw-and-scaled,5,1,fp5_e1m3,fp5_e2m2,3,2,4,21,1,exp1,2,7,1,1,0.124047935,0.106502026,-5,0x3dfe0cd8,0.124047935,0x3f800000,1,0x00000000,0,0x00000000,0,00000,0,0,000,00000,0,0,00,0x00000000,0,0x00000000,0,0x00000000,0
l2,0.0625,0,min-error,metric_min,exp2,0,1,1,0.124047935,0.106502026,0.106502026,0.124047935,0.0175459087,2,raw-and-scaled,5,1,fp5_e1m3,fp5_e2m2,3,2,4,21,2,exp1,2,7,1,1,0.124047935,0.106502026,-5,0x3dfe0cd8,0.124047935,0x3f800000,1,0xbfd3585e,-1.65113425,0xbfd3585e,-1.65113425,11101,1,5,101,11110,3,2,10,0xbcd61780,-0.0261342525,0xbe1ac2f0,-0.151134253,0x3f800000,1
l2,0.0625,0,min-error,metric_min,exp2,0,1,1,0.124047935,0.106502026,0.106502026,0.124047935,0.0175459087,3,raw-and-scaled,5,1,fp5_e1m3,fp5_e2m2,3,2,4,21,3,exp1,2,7,1,1,0.124047935,0.106502026,-5,0x3dfe0cd8,0.124047935,0x3f800000,1,0xbe66cd2d,-0.225392058,0xbe66cd2d,-0.225392058,10001,0,1,001,10011,0,3,11,0xbdcd9a5a,-0.100392058,0xbd1b34b4,-0.0378920585,0xbf800000,-1
l2,0.0625,0,min-error,metric_min,exp2,0,1,1,0.124047935,0.106502026,0.106502026,0.124047935,0.0175459087,4,raw-and-scaled,5,1,fp5_e1m3,fp5_e2m2,3,2,4,21,4,exp1,2,7,1,1,0.124047935,0.106502026,-5,0x3dfe0cd8,0.124047935,0x3f800000,1,0xbcd4b8f7,-0.0259671044,0xbcd4b8f7,-0.0259671044,10000,0,0,000,10000,0,0,00,0xbcd4b8f7,-0.0259671044,0xbcd4b8f7,-0.0259671044,0x00000000,0
l2,0.0625,0,min-error,metric_min,exp2,0,1,1,0.124047935,0.106502026,0.106502026,0.124047935,0.0175459087,5,raw-and-scaled,5,1,fp5_e1m3,fp5_e2m2,3,2,4,21,5,exp1,2,7,1,1,0.124047935,0.106502026,-5,0x3dfe0cd8,0.124047935,0x3f800000,1,0xbcbcef89,-0.023063438,0xbcbcef89,-0.023063438,10000,0,0,000,10000,0,0,00,0xbcbcef89,-0.023063438,0xbcbcef89,-0.023063438,0x00000000,0
l2,0.0625,0,min-error,metric_min,exp2,0,1,1,0.124047935,0.106502026,0.106502026,0.124047935,0.0175459087,6,raw-and-scaled,5,1,fp5_e1m3,fp5_e2m2,3,2,4,21,6,exp1,2,7,1,1,0.124047935,0.106502026,-5,0x3dfe0cd8,0.124047935,0x3f800000,1,0x3cc4abb4,0.0240076557,0x3cc4abb4,0.0240076557,00000,0,0,000,00000,0,0,00,0x3cc4abb4,0.0240076557,0x3cc4abb4,0.0240076557,0x00000000,0
l2,0.0625,0,min-error,metric_min,exp2,0,1,1,0.124047935,0.106502026,0.106502026,0.124047935,0.0175459087,7,raw-and-scaled,5,1,fp5_e1m3,fp5_e2m2,3,2,4,21,7,exp1,2,7,1,1,0.124047935,0.106502026,-5,0x3dfe0cd8,0.124047935,0x3f800000,1,0x00000000,0,0x00000000,0,00000,0,0,000,00000,0,0,00,0x00000000,0,0x00000000,0,0x00000000,0
l2,0.0625,0,min-error,metric_min,exp2,0,1,1,0.124047935,0.106502026,0.106502026,0.124047935,0.0175459087,8,raw-and-scaled,5,1,fp5_e1m3,fp5_e2m2,3,2,4,21,8,exp1,2,7,1,1,0.124047935,0.106502026,-5,0x3dfe0cd8,0.124047935,0x3f800000,1,0x00000000,0,0x00000000,0,00000,0,0,000,00000,0,0,00,0x00000000,0,0x00000000,0,0x00000000,0
l2,0.0625,0,min-error,metric_min,exp2,0,1,1,0.124047935,0.106502026,0.106502026,0.124047935,0.0175459087,9,raw-and-scaled,5,1,fp5_e1m3,fp5_e2m2,3,2,4,21,9,exp1,2,7,1,1,0.124047935,0.106502026,-5,0x3dfe0cd8,0.124047935,0x3f800000,1,0x00000000,0,0x00000000,0,00000,0,0,000,00000,0,0,00,0x00000000,0,0x00000000,0,0x00000000,0
l2,0.0625,0,min-error,metric_min,exp2,0,1,1,0.124047935,0.106502026,0.106502026,0.124047935,0.0175459087,10,raw-and-scaled,5,1,fp5_e1m3,fp5_e2m2,3,2,4,21,10,exp1,2,7,1,1,0.124047935,0.106502026,-5,0x3dfe0cd8,0.124047935,0x3f800000,1,0x00000000,0,0x00000000,0,00000,0,0,000,00000,0,0,00,0x00000000,0,0x00000000,0,0x00000000,0
l2,0.0625,0,min-error,metric_min,exp2,0,1,1,0.124047935,0.106502026,0.106502026,0.124047935,0.0175459087,11,raw-and-scaled,5,1,fp5_e1m3,fp5_e2m2,3,2,4,21,11,exp1,2,7,1,1,0.124047935,0.106502026,-5,0x3dfe0cd8,0.124047935,0x3f800000,1,0xbceea310,-0.0291304886,0xbceea310,-0.0291304886,10000,0,0,000,10000,0,0,00,0xbceea310,-0.0291304886,0xbceea310,-0.0291304886,0x00000000,0
l2,0.0625,0,min-error,metric_min,exp2,0,1,1,0.124047935,0.106502026,0.106502026,0.124047935,0.0175459087,12,raw-and-scaled,5,1,fp5_e1m3,fp5_e2m2,3,2,4,21,12,exp1,2,7,1,1,0.124047935,0.106502026,-5,0x3dfe0cd8,0.124047935,0x3f800000,1,0x00000000,0,0x00000000,0,00000,0,0,000,00000,0,0,00,0x00000000,0,0x00000000,0,0x00000000,0
l2,0.0625,0,min-error,metric_min,exp2,0,1,1,0.124047935,0.106502026,0.106502026,0.124047935,0.0175459087,13,raw-and-scaled,5,1,fp5_e1m3,fp5_e2m2,3,2,4,21,13,exp1,2,7,1,1,0.124047935,0.106502026,-5,0x3dfe0cd8,0.124047935,0x3f800000,1,0x00000000,0,0x00000000,0,00000,0,0,000,00000,0,0,00,0x00000000,0,0x00000000,0,0x00000000,0
l2,0.0625,0,min-error,metric_min,exp2,0,1,1,0.124047935,0.106502026,0.106502026,0.124047935,0.0175459087,14,raw-and-scaled,5,1,fp5_e1m3,fp5_e2m2,3,2,4,21,14,exp1,2,7,1,1,0.124047935,0.106502026,-5,0x3dfe0cd8,0.124047935,0x3f800000,1,0x00000000,0,0x00000000,0,00000,0,0,000,00000,0,0,00,0x00000000,0,0x00000000,0,0x00000000,0
l2,0.0625,0,min-error,metric_min,exp2,0,1,1,0.124047935,0.106502026,0.106502026,0.124047935,0.0175459087,15,raw-and-scaled,5,1,fp5_e1m3,fp5_e2m2,3,2,4,21,15,exp1,2,7,1,1,0.124047935,0.106502026,-5,0x3dfe0cd8,0.124047935,0x3f800000,1,0x00000000,0,0x00000000,0,00000,0,0,000,00000,0,0,00,0x00000000,0,0x00000000,0,0x00000000,0
l2,0.0625,0,min-error,metric_min,exp2,0,1,1,0.124047935,0.106502026,0.106502026,0.124047935,0.0175459087,16,raw-and-scaled,5,1,fp5_e1m3,fp5_e2m2,3,2,4,21,16,exp1,2,7,1,1,0.124047935,0.106502026,-5,0x3dfe0cd8,0.124047935,0x3f800000,1,0x00000000,0,0x00000000,0,00000,0,0,000,00000,0,0,00,0x00000000,0,0x00000000,0,0x00000000,0
l2,0.0625,0,min-error,metric_min,exp2,0,1,1,0.124047935,0.106502026,0.106502026,0.124047935,0.0175459087,17,raw-and-scaled,5,1,fp5_e1m3,fp5_e2m2,3,2,4,21,17,exp1,2,7,1,1,0.124047935,0.106502026,-5,0x3dfe0cd8,0.124047935,0x3f800000,1,0x3f279e4d,0.654759228,0x3f279e4d,0.654759228,00101,0,5,101,01001,2,1,01,0x3cf3c9a0,0.0297592282,0x3cf3c9a0,0.0297592282,0x00000000,0
l2,0.0625,0,min-error,metric_min,exp2,0,1,1,0.124047935,0.106502026,0.106502026,0.124047935,0.0175459087,18,raw-and-scaled,5,1,fp5_e1m3,fp5_e2m2,3,2,4,21,18,exp1,2,7,1,1,0.124047935,0.106502026,-5,0x3dfe0cd8,0.124047935,0x3f800000,1,0x3b4547f1,0.00301026949,0x3b4547f1,0.00301026949,00000,0,0,000,00000,0,0,00,0x3b4547f1,0.00301026949,0x3b4547f1,0.00301026949,0x00000000,0
l2,0.0625,0,min-error,metric_min,exp2,0,1,1,0.124047935,0.106502026,0.106502026,0.124047935,0.0175459087,19,raw-and-scaled,5,1,fp5_e1m3,fp5_e2m2,3,2,4,21,19,exp1,2,7,1,1,0.124047935,0.106502026,-5,0x3dfe0cd8,0.124047935,0x3f800000,1,0xbd822641,-0.063549526,0xbd822641,-0.063549526,10000,0,0,000,10001,0,1,01,0xbd822641,-0.063549526,0xba899040,-0.00104952604,0xbf800000,-1
l2,0.0625,0,min-error,metric_min,exp2,0,1,1,0.124047935,0.106502026,0.106502026,0.124047935,0.0175459087,20,raw-and-scaled,5,1,fp5_e1m3,fp5_e2m2,3,2,4,21,20,exp1,2,7,1,1,0.124047935,0.106502026,-5,0x3dfe0cd8,0.124047935,0x3f800000,1,0x3c32de83,0.0109173087,0x3c32de83,0.0109173087,00000,0,0,000,00000,0,0,00,0x3c32de83,0.0109173087,0x3c32de83,0.0109173087,0x00000000,0
l2,0.0625,0,min-error,metric_min,exp2,0,1,1,0.124047935,0.106502026,0.106502026,0.124047935,0.0175459087,21,raw-and-scaled,5,1,fp5_e1m3,fp5_e2m2,3,2,4,21,21,exp1,2,7,1,1,0.124047935,0.106502026,-5,0x3dfe0cd8,0.124047935,0x3f800000,1,0x00000000,0,0x00000000,0,00000,0,0,000,00000,0,0,00,0x00000000,0,0x00000000,0,0x00000000,0
l2,0.0625,0,min-error,metric_min,exp2,0,1,1,0.124047935,0.106502026,0.106502026,0.124047935,0.0175459087,22,raw-and-scaled,5,1,fp5_e1m3,fp5_e2m2,3,2,4,21,22,exp1,2,7,1,1,0.124047935,0.106502026,-5,0x3dfe0cd8,0.124047935,0x3f800000,1,0x00000000,0,0x00000000,0,00000,0,0,000,00000,0,0,00,0x00000000,0,0x00000000,0,0x00000000,0
l2,0.0625,0,min-error,metric_min,exp2,0,1,1,0.124047935,0.106502026,0.106502026,0.124047935,0.0175459087,23,raw-and-scaled,5,1,fp5_e1m3,fp5_e2m2,3,2,4,21,23,exp1,2,7,1,1,0.124047935,0.106502026,-5,0x3dfe0cd8,0.124047935,0x3f800000,1,0x00000000,0,0x00000000,0,00000,0,0,000,00000,0,0,00,0x00000000,0,0x00000000,0,0x00000000,0
l2,0.0625,0,min-error,metric_min,exp2,0,1,1,0.124047935,0.106502026,0.106502026,0.124047935,0.0175459087,24,raw-and-scaled,5,1,fp5_e1m3,fp5_e2m2,3,2,4,21,24,exp1,2,7,1,1,0.124047935,0.106502026,-5,0x3dfe0cd8,0.124047935,0x3f800000,1,0x3fac7c99,1.34755242,0x3fac7c99,1.34755242,01010,1,2,010,01101,3,1,01,0x3dc7c990,0.0975524187,0x3dc7c990,0.0975524187,0x00000000,0
l2,0.0625,0,min-error,metric_min,exp2,0,1,1,0.124047935,0.106502026,0.106502026,0.124047935,0.0175459087,25,raw-and-scaled,5,1,fp5_e1m3,fp5_e2m2,3,2,4,21,25,exp1,2,7,1,1,0.124047935,0.106502026,-5,0x3dfe0cd8,0.124047935,0x3f800000,1,0x00000000,0,0x00000000,0,00000,0,0,000,00000,0,0,00,0x00000000,0,0x00000000,0,0x00000000,0
l2,0.0625,0,min-error,metric_min,exp2,0,1,1,0.124047935,0.106502026,0.106502026,0.124047935,0.0175459087,26,raw-and-scaled,5,1,fp5_e1m3,fp5_e2m2,3,2,4,21,26,exp1,2,7,1,1,0.124047935,0.106502026,-5,0x3dfe0cd8,0.124047935,0x3f800000,1,0x00000000,0,0x00000000,0,00000,0,0,000,00000,0,0,00,0x00000000,0,0x00000000,0,0x00000000,0
l2,0.0625,0,min-error,metric_min,exp2,0,1,1,0.124047935,0.106502026,0.106502026,0.124047935,0.0175459087,27,raw-and-scaled,5,1,fp5_e1m3,fp5_e2m2,3,2,4,21,27,exp1,2,7,1,1,0.124047935,0.106502026,-5,0x3dfe0cd8,0.124047935,0x3f800000,1,0x00000000,0,0x00000000,0,00000,0,0,000,00000,0,0,00,0x00000000,0,0x00000000,0,0x00000000,0
l2,0.0625,0,min-error,metric_min,exp2,0,1,1,0.124047935,0.106502026,0.106502026,0.124047935,0.0175459087,28,raw-and-scaled,5,1,fp5_e1m3,fp5_e2m2,3,2,4,21,28,exp1,2,7,1,1,0.124047935,0.106502026,-5,0x3dfe0cd8,0.124047935,0x3f800000,1,0xbbcc349f,-0.00623185886,0xbbcc349f,-0.00623185886,10000,0,0,000,10000,0,0,00,0xbbcc349f,-0.00623185886,0xbbcc349f,-0.00623185886,0x00000000,0
l2,0.0625,0,min-error,metric_min,exp2,0,1,1,0.124047935,0.106502026,0.106502026,0.124047935,0.0175459087,29,raw-and-scaled,5,1,fp5_e1m3,fp5_e2m2,3,2,4,21,29,exp1,2,7,1,1,0.124047935,0.106502026,-5,0x3dfe0cd8,0.124047935,0x3f800000,1,0x00000000,0,0x00000000,0,00000,0,0,000,00000,0,0,00,0x00000000,0,0x00000000,0,0x00000000,0
l2,0.0625,0,min-error,metric_min,exp2,0,1,1,0.124047935,0.106502026,0.106502026,0.124047935,0.0175459087,30,raw-and-scaled,5,1,fp5_e1m3,fp5_e2m2,3,2,4,21,30,exp1,2,7,1,1,0.124047935,0.106502026,-5,0x3dfe0cd8,0.124047935,0x3f800000,1,0x3cb60c05,0.0222225282,0x3cb60c05,0.0222225282,00000,0,0,000,00000,0,0,00,0x3cb60c05,0.0222225282,0x3cb60c05,0.0222225282,0x00000000,0
l2,0.0625,0,min-error,metric_min,exp2,0,1,1,0.124047935,0.106502026,0.106502026,0.124047935,0.0175459087,31,raw-and-scaled,5,1,fp5_e1m3,fp5_e2m2,3,2,4,21,31,exp1,2,7,1,1,0.124047935,0.106502026,-5,0x3dfe0cd8,0.124047935,0x3f800000,1,0x00000000,0,0x00000000,0,00000,0,0,000,00000,0,0,00,0x00000000,0,0x00000000,0,0x00000000,0
l2,0.0625,0,min-error,metric_min,exp2,0,1,1,0.124047935,0.106502026,0.106502026,0.124047935,0.0175459087,32,raw-and-scaled,5,1,fp5_e1m3,fp5_e2m2,3,2,4,21,32,exp1,2,7,1,1,0.124047935,0.106502026,-5,0x3dfe0cd8,0.124047935,0x3f800000,1,0x00000000,0,0x00000000,0,00000,0,0,000,00000,0,0,00,0x00000000,0,0x00000000,0,0x00000000,0
l2,0.0625,0,min-error,metric_min,exp2,0,1,1,0.124047935,0.106502026,0.106502026,0.124047935,0.0175459087,33,raw-and-scaled,5,1,fp5_e1m3,fp5_e2m2,3,2,4,21,33,exp1,2,7,1,1,0.124047935,0.106502026,-5,0x3dfe0cd8,0.124047935,0x3f800000,1,0x00000000,0,0x00000000,0,00000,0,0,000,00000,0,0,00,0x00000000,0,0x00000000,0,0x00000000,0
l2,0.0625,0,min-error,metric_min,exp2,0,1,1,0.124047935,0.106502026,0.106502026,0.124047935,0.0175459087,34,raw-and-scaled,5,1,fp5_e1m3,fp5_e2m2,3,2,4,21,34,exp1,2,7,1,1,0.124047935,0.106502026,-5,0x3dfe0cd8,0.124047935,0x3f800000,1,0x00000000,0,0x00000000,0,00000,0,0,000,00000,0,0,00,0x00000000,0,0x00000000,0,0x00000000,0
l2,0.0625,0,min-error,metric_min,exp2,0,1,1,0.124047935,0.106502026,0.106502026,0.124047935,0.0175459087,35,raw-and-scaled,5,1,fp5_e1m3,fp5_e2m2,3,2,4,21,35,exp1,2,7,1,1,0.124047935,0.106502026,-5,0x3dfe0cd8,0.124047935,0x3f800000,1,0x00000000,0,0x00000000,0,00000,0,0,000,00000,0,0,00,0x00000000,0,0x00000000,0,0x00000000,0
l2,0.0625,0,min-error,metric_min,exp2,0,1,1,0.124047935,0.106502026,0.106502026,0.124047935,0.0175459087,36,raw-and-scaled,5,1,fp5_e1m3,fp5_e2m2,3,2,4,21,36,exp1,2,7,1,1,0.124047935,0.106502026,-5,0x3dfe0cd8,0.124047935,0x3f800000,1,0x00000000,0,0x00000000,0,00000,0,0,000,00000,0,0,00,0x00000000,0,0x00000000,0,0x00000000,0
l2,0.0625,0,min-error,metric_min,exp2,0,1,1,0.124047935,0.106502026,0.106502026,0.124047935,0.0175459087,37,raw-and-scaled,5,1,fp5_e1m3,fp5_e2m2,3,2,4,21,37,exp1,2,7,1,1,0.124047935,0.106502026,-5,0x3dfe0cd8,0.124047935,0x3f800000,1,0xbe837ef9,-0.256828099,0xbe837ef9,-0.256828099,10010,0,2,010,10100,1,0,00,0xbbdfbe40,-0.00682809949,0xbbdfbe40,-0.00682809949,0x80000000,-0
l2,0.0625,0,min-error,metric_min,exp2,0,1,1,0.124047935,0.106502026,0.106502026,0.124047935,0.0175459087,38,raw-and-scaled,5,1,fp5_e1m3,fp5_e2m2,3,2,4,21,38,exp1,2,7,1,1,0.124047935,0.106502026,-5,0x3dfe0cd8,0.124047935,0x3f800000,1,0x00000000,0,0x00000000,0,00000,0,0,000,00000,0,0,00,0x00000000,0,0x00000000,0,0x00000000,0
l2,0.0625,0,min-error,metric_min,exp2,0,1,1,0.124047935,0.106502026,0.106502026,0.124047935,0.0175459087,39,raw-and-scaled,5,1,fp5_e1m3,fp5_e2m2,3,2,4,21,39,exp1,2,7,1,1,0.124047935,0.106502026,-5,0x3dfe0cd8,0.124047935,0x3f800000,1,0x00000000,0,0x00000000,0,00000,0,0,000,00000,0,0,00,0x00000000,0,0x00000000,0,0x00000000,0
l2,0.0625,0,min-error,metric_min,exp2,0,1,1,0.124047935,0.106502026,0.106502026,0.124047935,0.0175459087,40,raw-and-scaled,5,1,fp5_e1m3,fp5_e2m2,3,2,4,21,40,exp1,2,7,1,1,0.124047935,0.106502026,-5,0x3dfe0cd8,0.124047935,0x3f800000,1,0xbb2b10af,-0.00261024735,0xbb2b10af,-0.00261024735,10000,0,0,000,10000,0,0,00,0xbb2b10af,-0.00261024735,0xbb2b10af,-0.00261024735,0x00000000,0
l2,0.0625,0,min-error,metric_min,exp2,0,1,1,0.124047935,0.106502026,0.106502026,0.124047935,0.0175459087,41,raw-and-scaled,5,1,fp5_e1m3,fp5_e2m2,3,2,4,21,41,exp1,2,7,1,1,0.124047935,0.106502026,-5,0x3dfe0cd8,0.124047935,0x3f800000,1,0x00000000,0,0x00000000,0,00000,0,0,000,00000,0,0,00,0x00000000,0,0x00000000,0,0x00000000,0
l2,0.0625,0,min-error,metric_min,exp2,0,1,1,0.124047935,0.106502026,0.106502026,0.124047935,0.0175459087,42,raw-and-scaled,5,1,fp5_e1m3,fp5_e2m2,3,2,4,21,42,exp1,2,7,1,1,0.124047935,0.106502026,-5,0x3dfe0cd8,0.124047935,0x3f800000,1,0x00000000,0,0x00000000,0,00000,0,0,000,00000,0,0,00,0x00000000,0,0x00000000,0,0x00000000,0
l2,0.0625,0,min-error,metric_min,exp2,0,1,1,0.124047935,0.106502026,0.106502026,0.124047935,0.0175459087,43,raw-and-scaled,5,1,fp5_e1m3,fp5_e2m2,3,2,4,21,43,exp1,2,7,1,1,0.124047935,0.106502026,-5,0x3dfe0cd8,0.124047935,0x3f800000,1,0x00000000,0,0x00000000,0,00000,0,0,000,00000,0,0,00,0x00000000,0,0x00000000,0,0x00000000,0
l2,0.0625,0,min-error,metric_min,exp2,0,1,1,0.124047935,0.106502026,0.106502026,0.124047935,0.0175459087,44,raw-and-scaled,5,1,fp5_e1m3,fp5_e2m2,3,2,4,21,44,exp1,2,7,1,1,0.124047935,0.106502026,-5,0x3dfe0cd8,0.124047935,0x3f800000,1,0x3ae811b2,0.00177054689,0x3ae811b2,0.00177054689,00000,0,0,000,00000,0,0,00,0x3ae811b2,0.00177054689,0x3ae811b2,0.00177054689,0x00000000,0
l2,0.0625,0,min-error,metric_min,exp2,0,1,1,0.124047935,0.106502026,0.106502026,0.124047935,0.0175459087,45,raw-and-scaled,5,1,fp5_e1m3,fp5_e2m2,3,2,4,21,45,exp1,2,7,1,1,0.124047935,0.106502026,-5,0x3dfe0cd8,0.124047935,0x3f800000,1,0x00000000,0,0x00000000,0,00000,0,0,000,00000,0,0,00,0x00000000,0,0x00000000,0,0x00000000,0
l2,0.0625,0,min-error,metric_min,exp2,0,1,1,0.124047935,0.106502026,0.106502026,0.124047935,0.0175459087,46,raw-and-scaled,5,1,fp5_e1m3,fp5_e2m2,3,2,4,21,46,exp1,2,7,1,1,0.124047935,0.106502026,-5,0x3dfe0cd8,0.124047935,0x3f800000,1,0x00000000,0,0x00000000,0,00000,0,0,000,00000,0,0,00,0x00000000,0,0x00000000,0,0x00000000,0
l2,0.0625,0,min-error,metric_min,exp2,0,1,1,0.124047935,0.106502026,0.106502026,0.124047935,0.0175459087,47,raw-and-scaled,5,1,fp5_e1m3,fp5_e2m2,3,2,4,21,47,exp1,2,7,1,1,0.124047935,0.106502026,-5,0x3dfe0cd8,0.124047935,0x3f800000,1,0x00000000,0,0x00000000,0,00000,0,0,000,00000,0,0,00,0x00000000,0,0x00000000,0,0x00000000,0
l2,0.0625,0,min-error,metric_min,exp2,0,1,1,0.124047935,0.106502026,0.106502026,0.124047935,0.0175459087,48,raw-and-scaled,5,1,fp5_e1m3,fp5_e2m2,3,2,4,21,48,exp1,2,7,1,1,0.124047935,0.106502026,-5,0x3dfe0cd8,0.124047935,0x3f800000,1,0x00000000,0,0x00000000,0,00000,0,0,000,00000,0,0,00,0x00000000,0,0x00000000,0,0x00000000,0
l2,0.0625,0,min-error,metric_min,exp2,0,1,1,0.124047935,0.106502026,0.106502026,0.124047935,0.0175459087,49,raw-and-scaled,5,1,fp5_e1m3,fp5_e2m2,3,2,4,21,49,exp1,2,7,1,1,0.124047935,0.106502026,-5,0x3dfe0cd8,0.124047935,0x3f800000,1,0x00000000,0,0x00000000,0,00000,0,0,000,00000,0,0,00,0x00000000,0,0x00000000,0,0x00000000,0
l2,0.0625,0,min-error,metric_min,exp2,0,1,1,0.124047935,0.106502026,0.106502026,0.124047935,0.0175459087,50,raw-and-scaled,5,1,fp5_e1m3,fp5_e2m2,3,2,4,21,50,exp1,2,7,1,1,0.124047935,0.106502026,-5,0x3dfe0cd8,0.124047935,0x3f800000,1,0x00000000,0,0x00000000,0,00000,0,0,000,00000,0,0,00,0x00000000,0,0x00000000,0,0x00000000,0
l2,0.0625,0,min-error,metric_min,exp2,0,1,1,0.124047935,0.106502026,0.106502026,0.124047935,0.0175459087,51,raw-and-scaled,5,1,fp5_e1m3,fp5_e2m2,3,2,4,21,51,exp1,2,7,1,1,0.124047935,0.106502026,-5,0x3dfe0cd8,0.124047935,0x3f800000,1,0xbd20d130,-0.0392619967,0xbd20d130,-0.0392619967,10000,0,0,000,10000,0,0,00,0xbd20d130,-0.0392619967,0xbd20d130,-0.0392619967,0x00000000,0
l2,0.0625,0,min-error,metric_min,exp2,0,1,1,0.124047935,0.106502026,0.106502026,0.124047935,0.0175459087,52,raw-and-scaled,5,1,fp5_e1m3,fp5_e2m2,3,2,4,21,52,exp1,2,7,1,1,0.124047935,0.106502026,-5,0x3dfe0cd8,0.124047935,0x3f800000,1,0x00000000,0,0x00000000,0,00000,0,0,000,00000,0,0,00,0x00000000,0,0x00000000,0,0x00000000,0
l2,0.0625,0,min-error,metric_min,exp2,0,1,1,0.124047935,0.106502026,0.106502026,0.124047935,0.0175459087,53,raw-and-scaled,5,1,fp5_e1m3,fp5_e2m2,3,2,4,21,53,exp1,2,7,1,1,0.124047935,0.106502026,-5,0x3dfe0cd8,0.124047935,0x3f800000,1,0xbda368c8,-0.0797896981,0xbda368c8,-0.0797896981,10000,0,0,000,10001,0,1,01,0xbda368c8,-0.0797896981,0xbc8da320,-0.0172896981,0xbf800000,-1
l2,0.0625,0,min-error,metric_min,exp2,0,1,1,0.124047935,0.106502026,0.106502026,0.124047935,0.0175459087,54,raw-and-scaled,5,1,fp5_e1m3,fp5_e2m2,3,2,4,21,54,exp1,2,7,1,1,0.124047935,0.106502026,-5,0x3dfe0cd8,0.124047935,0x3f800000,1,0x3c94ac44,0.0181485489,0x3c94ac44,0.0181485489,00000,0,0,000,00000,0,0,00,0x3c94ac44,0.0181485489,0x3c94ac44,0.0181485489,0x00000000,0
l2,0.0625,0,min-error,metric_min,exp2,0,1,1,0.124047935,0.106502026,0.106502026,0.124047935,0.0175459087,55,raw-and-scaled,5,1,fp5_e1m3,fp5_e2m2,3,2,4,21,55,exp1,2,7,1,1,0.124047935,0.106502026,-5,0x3dfe0cd8,0.124047935,0x3f800000,1,0x00000000,0,0x00000000,0,00000,0,0,000,00000,0,0,00,0x00000000,0,0x00000000,0,0x00000000,0
l2,0.0625,0,min-error,metric_min,exp2,0,1,1,0.124047935,0.106502026,0.106502026,0.124047935,0.0175459087,56,raw-and-scaled,5,1,fp5_e1m3,fp5_e2m2,3,2,4,21,56,exp1,2,7,1,1,0.124047935,0.106502026,-5,0x3dfe0cd8,0.124047935,0x3f800000,1,0x00000000,0,0x00000000,0,00000,0,0,000,00000,0,0,00,0x00000000,0,0x00000000,0,0x00000000,0
l2,0.0625,0,min-error,metric_min,exp2,0,1,1,0.124047935,0.106502026,0.106502026,0.124047935,0.0175459087,57,raw-and-scaled,5,1,fp5_e1m3,fp5_e2m2,3,2,4,21,57,exp1,2,7,1,1,0.124047935,0.106502026,-5,0x3dfe0cd8,0.124047935,0x3f800000,1,0x00000000,0,0x00000000,0,00000,0,0,000,00000,0,0,00,0x00000000,0,0x00000000,0,0x00000000,0
l2,0.0625,0,min-error,metric_min,exp2,0,1,1,0.124047935,0.106502026,0.106502026,0.124047935,0.0175459087,58,raw-and-scaled,5,1,fp5_e1m3,fp5_e2m2,3,2,4,21,58,exp1,2,7,1,1,0.124047935,0.106502026,-5,0x3dfe0cd8,0.124047935,0x3f800000,1,0x00000000,0,0x00000000,0,00000,0,0,000,00000,0,0,00,0x00000000,0,0x00000000,0,0x00000000,0
l2,0.0625,0,min-error,metric_min,exp2,0,1,1,0.124047935,0.106502026,0.106502026,0.124047935,0.0175459087,59,raw-and-scaled,5,1,fp5_e1m3,fp5_e2m2,3,2,4,21,59,exp1,2,7,1,1,0.124047935,0.106502026,-5,0x3dfe0cd8,0.124047935,0x3f800000,1,0xbfacdb27,-1.350438,0xbfacdb27,-1.350438,11010,1,2,010,11101,3,1,01,0xbdcdb270,-0.100437999,0xbdcdb270,-0.100437999,0x00000000,0
l2,0.0625,0,min-error,metric_min,exp2,0,1,1,0.124047935,0.106502026,0.106502026,0.124047935,0.0175459087,60,raw-and-scaled,5,1,fp5_e1m3,fp5_e2m2,3,2,4,21,60,exp1,2,7,1,1,0.124047935,0.106502026,-5,0x3dfe0cd8,0.124047935,0x3f800000,1,0x00000000,0,0x00000000,0,00000,0,0,000,00000,0,0,00,0x00000000,0,0x00000000,0,0x00000000,0
l2,0.0625,0,min-error,metric_min,exp2,0,1,1,0.124047935,0.106502026,0.106502026,0.124047935,0.0175459087,61,raw-and-scaled,5,1,fp5_e1m3,fp5_e2m2,3,2,4,21,61,exp1,2,7,1,1,0.124047935,0.106502026,-5,0x3dfe0cd8,0.124047935,0x3f800000,1,0x00000000,0,0x00000000,0,00000,0,0,000,00000,0,0,00,0x00000000,0,0x00000000,0,0x00000000,0
l2,0.0625,0,min-error,metric_min,exp2,0,1,1,0.124047935,0.106502026,0.106502026,0.124047935,0.0175459087,62,raw-and-scaled,5,1,fp5_e1m3,fp5_e2m2,3,2,4,21,62,exp1,2,7,1,1,0.124047935,0.106502026,-5,0x3dfe0cd8,0.124047935,0x3f800000,1,0x00000000,0,0x00000000,0,00000,0,0,000,00000,0,0,00,0x00000000,0,0x00000000,0,0x00000000,0
l2,0.0625,0,min-error,metric_min,exp2,0,1,1,0.124047935,0.106502026,0.106502026,0.124047935,0.0175459087,63,raw-and-scaled,5,1,fp5_e1m3,fp5_e2m2,3,2,4,21,63,exp1,2,7,1,1,0.124047935,0.106502026,-5,0x3dfe0cd8,0.124047935,0x3f800000,1,0x00000000,0,0x00000000,0,00000,0,0,000,00000,0,0,00,0x00000000,0,0x00000000,0,0x00000000,0
l2,0.0625,0,min-error,metric_min,exp2,0,1,1,0.124047935,0.106502026,0.106502026,0.124047935,0.0175459087,64,raw-and-scaled,5,1,fp5_e1m3,fp5_e2m2,3,2,4,21,64,exp1,2,7,1,1,0.124047935,0.106502026,-5,0x3dfe0cd8,0.124047935,0x3f800000,1,0x00000000,0,0x00000000,0,00000,0,0,000,00000,0,0,00,0x00000000,0,0x00000000,0,0x00000000,0
l2,0.0625,0,min-error,metric_min,exp2,0,1,1,0.124047935,0.106502026,0.106502026,0.124047935,0.0175459087,65,raw-and-scaled,5,1,fp5_e1m3,fp5_e2m2,3,2,4,21,65,exp1,2,7,1,1,0.124047935,0.106502026,-5,0x3dfe0cd8,0.124047935,0x3f800000,1,0x00000000,0,0x00000000,0,00000,0,0,000,00000,0,0,00,0x00000000,0,0x00000000,0,0x00000000,0
l2,0.0625,0,min-error,metric_min,exp2,0,1,1,0.124047935,0.106502026,0.106502026,0.124047935,0.0175459087,66,raw-and-scaled,5,1,fp5_e1m3,fp5_e2m2,3,2,4,21,66,exp1,2,7,1,1,0.124047935,0.106502026,-5,0x3dfe0cd8,0.124047935,0x3f800000,1,0x00000000,0,0x00000000,0,00000,0,0,000,00000,0,0,00,0x00000000,0,0x00000000,0,0x00000000,0
l2,0.0625,0,min-error,metric_min,exp2,0,1,1,0.124047935,0.106502026,0.106502026,0.124047935,0.0175459087,67,raw-and-scaled,5,1,fp5_e1m3,fp5_e2m2,3,2,4,21,67,exp1,2,7,1,1,0.124047935,0.106502026,-5,0x3dfe0cd8,0.124047935,0x3f800000,1,0x00000000,0,0x00000000,0,00000,0,0,000,00000,0,0,00,0x00000000,0,0x00000000,0,0x00000000,0
l2,0.0625,0,min-error,metric_min,exp2,0,1,1,0.124047935,0.106502026,0.106502026,0.124047935,0.0175459087,68,raw-and-scaled,5,1,fp5_e1m3,fp5_e2m2,3,2,4,21,68,exp1,2,7,1,1,0.124047935,0.106502026,-5,0x3dfe0cd8,0.124047935,0x3f800000,1,0x00000000,0,0x00000000,0,00000,0,0,000,00000,0,0,00,0x00000000,0,0x00000000,0,0x00000000,0
l2,0.0625,0,min-error,metric_min,exp2,0,1,1,0.124047935,0.106502026,0.106502026,0.124047935,0.0175459087,69,raw-and-scaled,5,1,fp5_e1m3,fp5_e2m2,3,2,4,21,69,exp1,2,7,1,1,0.124047935,0.106502026,-5,0x3dfe0cd8,0.124047935,0x3f800000,1,0x00000000,0,0x00000000,0,00000,0,0,000,00000,0,0,00,0x00000000,0,0x00000000,0,0x00000000,0
l2,0.0625,0,min-error,metric_min,exp2,0,1,1,0.124047935,0.106502026,0.106502026,0.124047935,0.0175459087,70,raw-and-scaled,5,1,fp5_e1m3,fp5_e2m2,3,2,4,21,70,exp1,2,7,1,1,0.124047935,0.106502026,-5,0x3dfe0cd8,0.124047935,0x3f800000,1,0x00000000,0,0x00000000,0,00000,0,0,000,00000,0,0,00,0x00000000,0,0x00000000,0,0x00000000,0
l2,0.0625,0,min-error,metric_min,exp2,0,1,1,0.124047935,0.106502026,0.106502026,0.124047935,0.0175459087,71,raw-and-scaled,5,1,fp5_e1m3,fp5_e2m2,3,2,4,21,71,exp1,2,7,1,1,0.124047935,0.106502026,-5,0x3dfe0cd8,0.124047935,0x3f800000,1,0x00000000,0,0x00000000,0,00000,0,0,000,00000,0,0,00,0x00000000,0,0x00000000,0,0x00000000,0
l2,0.0625,0,min-error,metric_min,exp2,0,1,1,0.124047935,0.106502026,0.106502026,0.124047935,0.0175459087,72,raw-and-scaled,5,1,fp5_e1m3,fp5_e2m2,3,2,4,21,72,exp1,2,7,1,1,0.124047935,0.106502026,-5,0x3dfe0cd8,0.124047935,0x3f800000,1,0x3db393ec,0.0876844823,0x3db393ec,0.0876844823,00000,0,0,000,00001,0,1,01,0x3db393ec,0.0876844823,0x3cce4fb0,0.0251844823,0xbf800000,-1
l2,0.0625,0,min-error,metric_min,exp2,0,1,1,0.124047935,0.106502026,0.106502026,0.124047935,0.0175459087,73,raw-and-scaled,5,1,fp5_e1m3,fp5_e2m2,3,2,4,21,73,exp1,2,7,1,1,0.124047935,0.106502026,-5,0x3dfe0cd8,0.124047935,0x3f800000,1,0x3ef3a4d1,0.475866824,0x3ef3a4d1,0.475866824,00011,0,3,011,00111,1,3,11,0x3dce9344,0.100866824,0x3d1d2688,0.0383668244,0xbf800000,-1
l2,0.0625,0,min-error,metric_min,exp2,0,1,1,0.124047935,0.106502026,0.106502026,0.124047935,0.0175459087,74,raw-and-scaled,5,1,fp5_e1m3,fp5_e2m2,3,2,4,21,74,exp1,2,7,1,1,0.124047935,0.106502026,-5,0x3dfe0cd8,0.124047935,0x3f800000,1,0x3d66504a,0.0562289134,0x3d66504a,0.0562289134,00000,0,0,000,00000,0,0,00,0x3d66504a,0.0562289134,0x3d66504a,0.0562289134,0x00000000,0
l2,0.0625,0,min-error,metric_min,exp2,0,1,1,0.124047935,0.106502026,0.106502026,0.124047935,0.0175459087,75,raw-and-scaled,5,1,fp5_e1m3,fp5_e2m2,3,2,4,21,75,exp1,2,7,1,1,0.124047935,0.106502026,-5,0x3dfe0cd8,0.124047935,0x3f800000,1,0x00000000,0,0x00000000,0,00000,0,0,000,00000,0,0,00,0x00000000,0,0x00000000,0,0x00000000,0
l2,0.0625,0,min-error,metric_min,exp2,0,1,1,0.124047935,0.106502026,0.106502026,0.124047935,0.0175459087,76,raw-and-scaled,5,1,fp5_e1m3,fp5_e2m2,3,2,4,21,76,exp1,2,7,1,1,0.124047935,0.106502026,-5,0x3dfe0cd8,0.124047935,0x3f800000,1,0x00000000,0,0x00000000,0,00000,0,0,000,00000,0,0,00,0x00000000,0,0x00000000,0,0x00000000,0
l2,0.0625,0,min-error,metric_min,exp2,0,1,1,0.124047935,0.106502026,0.106502026,0.124047935,0.0175459087,77,raw-and-scaled,5,1,fp5_e1m3,fp5_e2m2,3,2,4,21,77,exp1,2,7,1,1,0.124047935,0.106502026,-5,0x3dfe0cd8,0.124047935,0x3f800000,1,0x00000000,0,0x00000000,0,00000,0,0,000,00000,0,0,00,0x00000000,0,0x00000000,0,0x00000000,0
l2,0.0625,0,min-error,metric_min,exp2,0,1,1,0.124047935,0.106502026,0.106502026,0.124047935,0.0175459087,78,raw-and-scaled,5,1,fp5_e1m3,fp5_e2m2,3,2,4,21,78,exp1,2,7,1,1,0.124047935,0.106502026,-5,0x3dfe0cd8,0.124047935,0x3f800000,1,0x00000000,0,0x00000000,0,00000,0,0,000,00000,0,0,00,0x00000000,0,0x00000000,0,0x00000000,0
l2,0.0625,0,min-error,metric_min,exp2,0,1,1,0.124047935,0.106502026,0.106502026,0.124047935,0.0175459087,79,raw-and-scaled,5,1,fp5_e1m3,fp5_e2m2,3,2,4,21,79,exp1,2,7,1,1,0.124047935,0.106502026,-5,0x3dfe0cd8,0.124047935,0x3f800000,1,0xbefc7b28,-0.493127108,0xbefc7b28,-0.493127108,10011,0,3,011,10111,1,3,11,0xbdf1eca0,-0.118127108,0xbd63d940,-0.0556271076,0xbf800000,-1
l2,0.0625,0,min-error,metric_min,exp2,0,1,1,0.124047935,0.106502026,0.106502026,0.124047935,0.0175459087,80,raw-and-scaled,5,1,fp5_e1m3,fp5_e2m2,3,2,4,21,80,exp1,2,7,1,1,0.124047935,0.106502026,-5,0x3dfe0cd8,0.124047935,0x3f800000,1,0x00000000,0,0x00000000,0,00000,0,0,000,00000,0,0,00,0x00000000,0,0x00000000,0,0x00000000,0
l2,0.0625,0,min-error,metric_min,exp2,0,1,1,0.124047935,0.106502026,0.106502026,0.124047935,0.0175459087,81,raw-and-scaled,5,1,fp5_e1m3,fp5_e2m2,3,2,4,21,81,exp1,2,7,1,1,0.124047935,0.106502026,-5,0x3dfe0cd8,0.124047935,0x3f800000,1,0xbc4d1aec,-0.0125186257,0xbc4d1aec,-0.0125186257,10000,0,0,000,10000,0,0,00,0xbc4d1aec,-0.0125186257,0xbc4d1aec,-0.0125186257,0x00000000,0
l2,0.0625,0,min-error,metric_min,exp2,0,1,1,0.124047935,0.106502026,0.106502026,0.124047935,0.0175459087,82,raw-and-scaled,5,1,fp5_e1m3,fp5_e2m2,3,2,4,21,82,exp1,2,7,1,1,0.124047935,0.106502026,-5,0x3dfe0cd8,0.124047935,0x3f800000,1,0x00000000,0,0x00000000,0,00000,0,0,000,00000,0,0,00,0x00000000,0,0x00000000,0,0x00000000,0
l2,0.0625,0,min-error,metric_min,exp2,0,1,1,0.124047935,0.106502026,0.106502026,0.124047935,0.0175459087,83,raw-and-scaled,5,1,fp5_e1m3,fp5_e2m2,3,2,4,21,83,exp1,2,7,1,1,0.124047935,0.106502026,-5,0x3dfe0cd8,0.124047935,0x3f800000,1,0x00000000,0,0x00000000,0,00000,0,0,000,00000,0,0,00,0x00000000,0,0x00000000,0,0x00000000,0
l2,0.0625,0,min-error,metric_min,exp2,0,1,1,0.124047935,0.106502026,0.106502026,0.124047935,0.0175459087,84,raw-and-scaled,5,1,fp5_e1m3,fp5_e2m2,3,2,4,21,84,exp1,2,7,1,1,0.124047935,0.106502026,-5,0x3dfe0cd8,0.124047935,0x3f800000,1,0x00000000,0,0x00000000,0,00000,0,0,000,00000,0,0,00,0x00000000,0,0x00000000,0,0x00000000,0
l2,0.0625,0,min-error,metric_min,exp2,0,1,1,0.124047935,0.106502026,0.106502026,0.124047935,0.0175459087,85,raw-and-scaled,5,1,fp5_e1m3,fp5_e2m2,3,2,4,21,85,exp1,2,7,1,1,0.124047935,0.106502026,-5,0x3dfe0cd8,0.124047935,0x3f800000,1,0x00000000,0,0x00000000,0,00000,0,0,000,00000,0,0,00,0x00000000,0,0x00000000,0,0x00000000,0
l2,0.0625,0,min-error,metric_min,exp2,0,1,1,0.124047935,0.106502026,0.106502026,0.124047935,0.0175459087,86,raw-and-scaled,5,1,fp5_e1m3,fp5_e2m2,3,2,4,21,86,exp1,2,7,1,1,0.124047935,0.106502026,-5,0x3dfe0cd8,0.124047935,0x3f800000,1,0x00000000,0,0x00000000,0,00000,0,0,000,00000,0,0,00,0x00000000,0,0x00000000,0,0x00000000,0
l2,0.0625,0,min-error,metric_min,exp2,0,1,1,0.124047935,0.106502026,0.106502026,0.124047935,0.0175459087,87,raw-and-scaled,5,1,fp5_e1m3,fp5_e2m2,3,2,4,21,87,exp1,2,7,1,1,0.124047935,0.106502026,-5,0x3dfe0cd8,0.124047935,0x3f800000,1,0xbf7f1a4d,-0.996495068,0xbf7f1a4d,-0.996495068,10111,0,7,111,11011,2,3,11,0xbdf8d268,-0.121495068,0xbdf8d268,-0.121495068,0x00000000,0
l2,0.0625,0,min-error,metric_min,exp2,0,1,1,0.124047935,0.106502026,0.106502026,0.124047935,0.0175459087,88,raw-and-scaled,5,1,fp5_e1m3,fp5_e2m2,3,2,4,21,88,exp1,2,7,1,1,0.124047935,0.106502026,-5,0x3dfe0cd8,0.124047935,0x3f800000,1,0xbfc4e772,-1.53831315,0xbfc4e772,-1.53831315,11100,1,4,100,11110,3,2,10,0xbd1cee40,-0.0383131504,0xbd1cee40,-0.0383131504,0x00000000,0
l2,0.0625,0,min-error,metric_min,exp2,0,1,1,0.124047935,0.106502026,0.106502026,0.124047935,0.0175459087,89,raw-and-scaled,5,1,fp5_e1m3,fp5_e2m2,3,2,4,21,89,exp1,2,7,1,1,0.124047935,0.106502026,-5,0x3dfe0cd8,0.124047935,0x3f800000,1,0xbd3a15c3,-0.0454309098,0xbd3a15c3,-0.0454309098,10000,0,0,000,10000,0,0,00,0xbd3a15c3,-0.0454309098,0xbd3a15c3,-0.0454309098,0x00000000,0
l2,0.0625,0,min-error,metric_min,exp2,0,1,1,0.124047935,0.106502026,0.106502026,0.124047935,0.0175459087,90,raw-and-scaled,5,1,fp5_e1m3,fp5_e2m2,3,2,4,21,90,exp1,2,7,1,1,0.124047935,0.106502026,-5,0x3dfe0cd8,0.124047935,0x3f800000,1,0x00000000,0,0x00000000,0,00000,0,0,000,00000,0,0,00,0x00000000,0,0x00000000,0,0x00000000,0
l2,0.0625,0,min-error,metric_min,exp2,0,1,1,0.124047935,0.106502026,0.106502026,0.124047935,0.0175459087,91,raw-and-scaled,5,1,fp5_e1m3,fp5_e2m2,3,2,4,21,91,exp1,2,7,1,1,0.124047935,0.106502026,-5,0x3dfe0cd8,0.124047935,0x3f800000,1,0x00000000,0,0x00000000,0,00000,0,0,000,00000,0,0,00,0x00000000,0,0x00000000,0,0x00000000,0
l2,0.0625,0,min-error,metric_min,exp2,0,1,1,0.124047935,0.106502026,0.106502026,0.124047935,0.0175459087,92,raw-and-scaled,5,1,fp5_e1m3,fp5_e2m2,3,2,4,21,92,exp1,2,7,1,1,0.124047935,0.106502026,-5,0x3dfe0cd8,0.124047935,0x3f800000,1,0x00000000,0,0x00000000,0,00000,0,0,000,00000,0,0,00,0x00000000,0,0x00000000,0,0x00000000,0
l2,0.0625,0,min-error,metric_min,exp2,0,1,1,0.124047935,0.106502026,0.106502026,0.124047935,0.0175459087,93,raw-and-scaled,5,1,fp5_e1m3,fp5_e2m2,3,2,4,21,93,exp1,2,7,1,1,0.124047935,0.106502026,-5,0x3dfe0cd8,0.124047935,0x3f800000,1,0xbd68b15f,-0.0568097793,0xbd68b15f,-0.0568097793,10000,0,0,000,10000,0,0,00,0xbd68b15f,-0.0568097793,0xbd68b15f,-0.0568097793,0x00000000,0
l2,0.0625,0,min-error,metric_min,exp2,0,1,1,0.124047935,0.106502026,0.106502026,0.124047935,0.0175459087,94,raw-and-scaled,5,1,fp5_e1m3,fp5_e2m2,3,2,4,21,94,exp1,2,7,1,1,0.124047935,0.106502026,-5,0x3dfe0cd8,0.124047935,0x3f800000,1,0x00000000,0,0x00000000,0,00000,0,0,000,00000,0,0,00,0x00000000,0,0x00000000,0,0x00000000,0
l2,0.0625,0,min-error,metric_min,exp2,0,1,1,0.124047935,0.106502026,0.106502026,0.124047935,0.0175459087,95,raw-and-scaled,5,1,fp5_e1m3,fp5_e2m2,3,2,4,21,95,exp1,2,7,1,1,0.124047935,0.106502026,-5,0x3dfe0cd8,0.124047935,0x3f800000,1,0x00000000,0,0x00000000,0,00000,0,0,000,00000,0,0,00,0x00000000,0,0x00000000,0,0x00000000,0
l2,0.0625,0,min-error,metric_min,exp2,0,1,1,0.124047935,0.106502026,0.106502026,0.124047935,0.0175459087,96,raw-and-scaled,5,1,fp5_e1m3,fp5_e2m2,3,2,4,21,96,exp1,2,7,1,1,0.124047935,0.106502026,-5,0x3dfe0cd8,0.124047935,0x3f800000,1,0x3b724635,0.00369681162,0x3b724635,0.00369681162,00000,0,0,000,00000,0,0,00,0x3b724635,0.00369681162,0x3b724635,0.00369681162,0x00000000,0
l2,0.0625,0,min-error,metric_min,exp2,0,1,1,0.124047935,0.106502026,0.106502026,0.124047935,0.0175459087,97,raw-and-scaled,5,1,fp5_e1m3,fp5_e2m2,3,2,4,21,97,exp1,2,7,1,1,0.124047935,0.106502026,-5,0x3dfe0cd8,0.124047935,0x3f800000,1,0x00000000,0,0x00000000,0,00000,0,0,000,00000,0,0,00,0x00000000,0,0x00000000,0,0x00000000,0
l2,0.0625,0,min-error,metric_min,exp2,0,1,1,0.124047935,0.106502026,0.106502026,0.124047935,0.0175459087,98,raw-and-scaled,5,1,fp5_e1m3,fp5_e2m2,3,2,4,21,98,exp1,2,7,1,1,0.124047935,0.106502026,-5,0x3dfe0cd8,0.124047935,0x3f800000,1,0x3aa82241,0.00128275913,0x3aa82241,0.00128275913,00000,0,0,000,00000,0,0,00,0x3aa82241,0.00128275913,0x3aa82241,0.00128275913,0x00000000,0
l2,0.0625,0,min-error,metric_min,exp2,0,1,1,0.124047935,0.106502026,0.106502026,0.124047935,0.0175459087,99,raw-and-scaled,5,1,fp5_e1m3,fp5_e2m2,3,2,4,21,99,exp1,2,7,1,1,0.124047935,0.106502026,-5,0x3dfe0cd8,0.124047935,0x3f800000,1,0x00000000,0,0x00000000,0,00000,0,0,000,00000,0,0,00,0x00000000,0,0x00000000,0,0x00000000,0
l2,0.0625,0,min-error,metric_min,exp2,0,1,1,0.124047935,0.106502026,0.106502026,0.124047935,0.0175459087,100,raw-and-scaled,5,1,fp5_e1m3,fp5_e2m2,3,2,4,21,100,exp1,2,7,1,1,0.124047935,0.106502026,-5,0x3dfe0cd8,0.124047935,0x3f800000,1,0x3c23f8bc,0.0100080334,0x3c23f8bc,0.0100080334,00000,0,0,000,00000,0,0,00,0x3c23f8bc,0.0100080334,0x3c23f8bc,0.0100080334,0x00000000,0
l2,0.0625,0,min-error,metric_min,exp2,0,1,1,0.124047935,0.106502026,0.106502026,0.124047935,0.0175459087,101,raw-and-scaled,5,1,fp5_e1m3,fp5_e2m2,3,2,4,21,101,exp1,2,7,1,1,0.124047935,0.106502026,-5,0x3dfe0cd8,0.124047935,0x3f800000,1,0x00000000,0,0x00000000,0,00000,0,0,000,00000,0,0,00,0x00000000,0,0x00000000,0,0x00000000,0
l2,0.0625,0,min-error,metric_min,exp2,0,1,1,0.124047935,0.106502026,0.106502026,0.124047935,0.0175459087,102,raw-and-scaled,5,1,fp5_e1m3,fp5_e2m2,3,2,4,21,102,exp1,2,7,1,1,0.124047935,0.106502026,-5,0x3dfe0cd8,0.124047935,0x3f800000,1,0xbdf2608c,-0.118348211,0xbdf2608c,-0.118348211,10000,0,0,000,10001,0,1,01,0xbdf2608c,-0.118348211,0xbd64c118,-0.0558482111,0xbf800000,-1
l2,0.0625,0,min-error,metric_min,exp2,0,1,1,0.124047935,0.106502026,0.106502026,0.124047935,0.0175459087,103,raw-and-scaled,5,1,fp5_e1m3,fp5_e2m2,3,2,4,21,103,exp1,2,7,1,1,0.124047935,0.106502026,-5,0x3dfe0cd8,0.124047935,0x3f800000,1,0xbb8e33d7,-0.00433967588,0xbb8e33d7,-0.00433967588,10000,0,0,000,10000,0,0,00,0xbb8e33d7,-0.00433967588,0xbb8e33d7,-0.00433967588,0x00000000,0
l2,0.0625,0,min-error,metric_min,exp2,0,1,1,0.124047935,0.106502026,0.106502026,0.124047935,0.0175459087,104,raw-and-scaled,5,1,fp5_e1m3,fp5_e2m2,3,2,4,21,104,exp1,2,7,1,1,0.124047935,0.106502026,-5,0x3dfe0cd8,0.124047935,0x3f800000,1,0x00000000,0,0x00000000,0,00000,0,0,000,00000,0,0,00,0x00000000,0,0x00000000,0,0x00000000,0
l2,0.0625,0,min-error,metric_min,exp2,0,1,1,0.124047935,0.106502026,0.106502026,0.124047935,0.0175459087,105,raw-and-scaled,5,1,fp5_e1m3,fp5_e2m2,3,2,4,21,105,exp1,2,7,1,1,0.124047935,0.106502026,-5,0x3dfe0cd8,0.124047935,0x3f800000,1,0xbe9b041c,-0.302765727,0xbe9b041c,-0.302765727,10010,0,2,010,10100,1,0,00,0xbd5820e0,-0.052765727,0xbd5820e0,-0.052765727,0x80000000,-0
l2,0.0625,0,min-error,metric_min,exp2,0,1,1,0.124047935,0.106502026,0.106502026,0.124047935,0.0175459087,106,raw-and-scaled,5,1,fp5_e1m3,fp5_e2m2,3,2,4,21,106,exp1,2,7,1,1,0.124047935,0.106502026,-5,0x3dfe0cd8,0.124047935,0x3f800000,1,0x00000000,0,0x00000000,0,00000,0,0,000,00000,0,0,00,0x00000000,0,0x00000000,0,0x00000000,0
l2,0.0625,0,min-error,metric_min,exp2,0,1,1,0.124047935,0.106502026,0.106502026,0.124047935,0.0175459087,107,raw-and-scaled,5,1,fp5_e1m3,fp5_e2m2,3,2,4,21,107,exp1,2,7,1,1,0.124047935,0.106502026,-5,0x3dfe0cd8,0.124047935,0x3f800000,1,0x00000000,0,0x00000000,0,00000,0,0,000,00000,0,0,00,0x00000000,0,0x00000000,0,0x00000000,0
l2,0.0625,0,min-error,metric_min,exp2,0,1,1,0.124047935,0.106502026,0.106502026,0.124047935,0.0175459087,108,raw-and-scaled,5,1,fp5_e1m3,fp5_e2m2,3,2,4,21,108,exp1,2,7,1,1,0.124047935,0.106502026,-5,0x3dfe0cd8,0.124047935,0x3f800000,1,0x00000000,0,0x00000000,0,00000,0,0,000,00000,0,0,00,0x00000000,0,0x00000000,0,0x00000000,0
l2,0.0625,0,min-error,metric_min,exp2,0,1,1,0.124047935,0.106502026,0.106502026,0.124047935,0.0175459087,109,raw-and-scaled,5,1,fp5_e1m3,fp5_e2m2,3,2,4,21,109,exp1,2,7,1,1,0.124047935,0.106502026,-5,0x3dfe0cd8,0.124047935,0x3f800000,1,0x00000000,0,0x00000000,0,00000,0,0,000,00000,0,0,00,0x00000000,0,0x00000000,0,0x00000000,0
l2,0.0625,0,min-error,metric_min,exp2,0,1,1,0.124047935,0.106502026,0.106502026,0.124047935,0.0175459087,110,raw-and-scaled,5,1,fp5_e1m3,fp5_e2m2,3,2,4,21,110,exp1,2,7,1,1,0.124047935,0.106502026,-5,0x3dfe0cd8,0.124047935,0x3f800000,1,0x00000000,0,0x00000000,0,00000,0,0,000,00000,0,0,00,0x00000000,0,0x00000000,0,0x00000000,0
l2,0.0625,0,min-error,metric_min,exp2,0,1,1,0.124047935,0.106502026,0.106502026,0.124047935,0.0175459087,111,raw-and-scaled,5,1,fp5_e1m3,fp5_e2m2,3,2,4,21,111,exp1,2,7,1,1,0.124047935,0.106502026,-5,0x3dfe0cd8,0.124047935,0x3f800000,1,0x00000000,0,0x00000000,0,00000,0,0,000,00000,0,0,00,0x00000000,0,0x00000000,0,0x00000000,0
l2,0.0625,0,min-error,metric_min,exp2,0,1,1,0.124047935,0.106502026,0.106502026,0.124047935,0.0175459087,112,raw-and-scaled,5,1,fp5_e1m3,fp5_e2m2,3,2,4,21,112,exp1,2,7,1,1,0.124047935,0.106502026,-5,0x3dfe0cd8,0.124047935,0x3f800000,1,0x00000000,0,0x00000000,0,00000,0,0,000,00000,0,0,00,0x00000000,0,0x00000000,0,0x00000000,0
l2,0.0625,0,min-error,metric_min,exp2,0,1,1,0.124047935,0.106502026,0.106502026,0.124047935,0.0175459087,113,raw-and-scaled,5,1,fp5_e1m3,fp5_e2m2,3,2,4,21,113,exp1,2,7,1,1,0.124047935,0.106502026,-5,0x3dfe0cd8,0.124047935,0x3f800000,1,0x00000000,0,0x00000000,0,00000,0,0,000,00000,0,0,00,0x00000000,0,0x00000000,0,0x00000000,0
l2,0.0625,0,min-error,metric_min,exp2,0,1,1,0.124047935,0.106502026,0.106502026,0.124047935,0.0175459087,114,raw-and-scaled,5,1,fp5_e1m3,fp5_e2m2,3,2,4,21,114,exp1,2,7,1,1,0.124047935,0.106502026,-5,0x3dfe0cd8,0.124047935,0x3f800000,1,0x00000000,0,0x00000000,0,00000,0,0,000,00000,0,0,00,0x00000000,0,0x00000000,0,0x00000000,0
l2,0.0625,0,min-error,metric_min,exp2,0,1,1,0.124047935,0.106502026,0.106502026,0.124047935,0.0175459087,115,raw-and-scaled,5,1,fp5_e1m3,fp5_e2m2,3,2,4,21,115,exp1,2,7,1,1,0.124047935,0.106502026,-5,0x3dfe0cd8,0.124047935,0x3f800000,1,0x00000000,0,0x00000000,0,00000,0,0,000,00000,0,0,00,0x00000000,0,0x00000000,0,0x00000000,0
l2,0.0625,0,min-error,metric_min,exp2,0,1,1,0.124047935,0.106502026,0.106502026,0.124047935,0.0175459087,116,raw-and-scaled,5,1,fp5_e1m3,fp5_e2m2,3,2,4,21,116,exp1,2,7,1,1,0.124047935,0.106502026,-5,0x3dfe0cd8,0.124047935,0x3f800000,1,0x00000000,0,0x00000000,0,00000,0,0,000,00000,0,0,00,0x00000000,0,0x00000000,0,0x00000000,0
l2,0.0625,0,min-error,metric_min,exp2,0,1,1,0.124047935,0.106502026,0.106502026,0.124047935,0.0175459087,117,raw-and-scaled,5,1,fp5_e1m3,fp5_e2m2,3,2,4,21,117,exp1,2,7,1,1,0.124047935,0.106502026,-5,0x3dfe0cd8,0.124047935,0x3f800000,1,0x00000000,0,0x00000000,0,00000,0,0,000,00000,0,0,00,0x00000000,0,0x00000000,0,0x00000000,0
l2,0.0625,0,min-error,metric_min,exp2,0,1,1,0.124047935,0.106502026,0.106502026,0.124047935,0.0175459087,118,raw-and-scaled,5,1,fp5_e1m3,fp5_e2m2,3,2,4,21,118,exp1,2,7,1,1,0.124047935,0.106502026,-5,0x3dfe0cd8,0.124047935,0x3f800000,1,0x00000000,0,0x00000000,0,00000,0,0,000,00000,0,0,00,0x00000000,0,0x00000000,0,0x00000000,0
l2,0.0625,0,min-error,metric_min,exp2,0,1,1,0.124047935,0.106502026,0.106502026,0.124047935,0.0175459087,119,raw-and-scaled,5,1,fp5_e1m3,fp5_e2m2,3,2,4,21,119,exp1,2,7,1,1,0.124047935,0.106502026,-5,0x3dfe0cd8,0.124047935,0x3f800000,1,0x00000000,0,0x00000000,0,00000,0,0,000,00000,0,0,00,0x00000000,0,0x00000000,0,0x00000000,0
l2,0.0625,0,min-error,metric_min,exp2,0,1,1,0.124047935,0.106502026,0.106502026,0.124047935,0.0175459087,120,raw-and-scaled,5,1,fp5_e1m3,fp5_e2m2,3,2,4,21,120,exp1,2,7,1,1,0.124047935,0.106502026,-5,0x3dfe0cd8,0.124047935,0x3f800000,1,0x00000000,0,0x00000000,0,00000,0,0,000,00000,0,0,00,0x00000000,0,0x00000000,0,0x00000000,0
l2,0.0625,0,min-error,metric_min,exp2,0,1,1,0.124047935,0.106502026,0.106502026,0.124047935,0.0175459087,121,raw-and-scaled,5,1,fp5_e1m3,fp5_e2m2,3,2,4,21,121,exp1,2,7,1,1,0.124047935,0.106502026,-5,0x3dfe0cd8,0.124047935,0x3f800000,1,0x00000000,0,0x00000000,0,00000,0,0,000,00000,0,0,00,0x00000000,0,0x00000000,0,0x00000000,0
l2,0.0625,0,min-error,metric_min,exp2,0,1,1,0.124047935,0.106502026,0.106502026,0.124047935,0.0175459087,122,raw-and-scaled,5,1,fp5_e1m3,fp5_e2m2,3,2,4,21,122,exp1,2,7,1,1,0.124047935,0.106502026,-5,0x3dfe0cd8,0.124047935,0x3f800000,1,0xbfb078c9,-1.37868607,0xbfb078c9,-1.37868607,11011,1,3,011,11101,3,1,01,0xbb719200,-0.00368607044,0xbe03c648,-0.12868607,0x3f800000,1
l2,0.0625,0,min-error,metric_min,exp2,0,1,1,0.124047935,0.106502026,0.106502026,0.124047935,0.0175459087,123,raw-and-scaled,5,1,fp5_e1m3,fp5_e2m2,3,2,4,21,123,exp1,2,7,1,1,0.124047935,0.106502026,-5,0x3dfe0cd8,0.124047935,0x3f800000,1,0x00000000,0,0x00000000,0,00000,0,0,000,00000,0,0,00,0x00000000,0,0x00000000,0,0x00000000,0
l2,0.0625,0,min-error,metric_min,exp2,0,1,1,0.124047935,0.106502026,0.106502026,0.124047935,0.0175459087,124,raw-and-scaled,5,1,fp5_e1m3,fp5_e2m2,3,2,4,21,124,exp1,2,7,1,1,0.124047935,0.106502026,-5,0x3dfe0cd8,0.124047935,0x3f800000,1,0x00000000,0,0x00000000,0,00000,0,0,000,00000,0,0,00,0x00000000,0,0x00000000,0,0x00000000,0
l2,0.0625,0,min-error,metric_min,exp2,0,1,1,0.124047935,0.106502026,0.106502026,0.124047935,0.0175459087,125,raw-and-scaled,5,1,fp5_e1m3,fp5_e2m2,3,2,4,21,125,exp1,2,7,1,1,0.124047935,0.106502026,-5,0x3dfe0cd8,0.124047935,0x3f800000,1,0x00000000,0,0x00000000,0,00000,0,0,000,00000,0,0,00,0x00000000,0,0x00000000,0,0x00000000,0
l2,0.0625,0,min-error,metric_min,exp2,0,1,1,0.124047935,0.106502026,0.106502026,0.124047935,0.0175459087,126,raw-and-scaled,5,1,fp5_e1m3,fp5_e2m2,3,2,4,21,126,exp1,2,7,1,1,0.124047935,0.106502026,-5,0x3dfe0cd8,0.124047935,0x3f800000,1,0x3cf88c3b,0.0303403046,0x3cf88c3b,0.0303403046,00000,0,0,000,00000,0,0,00,0x3cf88c3b,0.0303403046,0x3cf88c3b,0.0303403046,0x00000000,0
l2,0.0625,0,min-error,metric_min,exp2,0,1,1,0.124047935,0.106502026,0.106502026,0.124047935,0.0175459087,127,raw-and-scaled,5,1,fp5_e1m3,fp5_e2m2,3,2,4,21,127,exp1,2,7,1,1,0.124047935,0.106502026,-5,0x3dfe0cd8,0.124047935,0x3f800000,1,0x00000000,0,0x00000000,0,00000,0,0,000,00000,0,0,00,0x00000000,0,0x00000000,0,0x00000000,0
l2,0.0625,0,min-error,metric_min,exp1,0,1,1,0.390019894,0.404431105,0.390019894,0.404431105,0.014411211,0,raw-and-scaled,5,1,fp5_e1m3,fp5_e2m2,3,2,4,54,0,exp2,6,24,6,6,0.390019894,0.404431105,-18,0x3ecf1198,0.404431105,0x3f800000,1,0xbd6da2ad,-0.0580164678,0xbd6da2ad,-0.0580164678,10000,0,0,000,10000,0,0,00,0xbd6da2ad,-0.0580164678,0xbd6da2ad,-0.0580164678,0x00000000,0
l2,0.0625,0,min-error,metric_min,exp1,0,1,1,0.390019894,0.404431105,0.390019894,0.404431105,0.014411211,1,raw-and-scaled,5,1,fp5_e1m3,fp5_e2m2,3,2,4,54,1,exp2,6,24,6,6,0.390019894,0.404431105,-18,0x3ecf1198,0.404431105,0x3f800000,1,0x3d99e3c4,0.0751414597,0x3d99e3c4,0.0751414597,00000,0,0,000,00001,0,1,01,0x3d99e3c4,0.0751414597,0x3c4f1e20,0.0126414597,0xbf800000,-1
l2,0.0625,0,min-error,metric_min,exp1,0,1,1,0.390019894,0.404431105,0.390019894,0.404431105,0.014411211,2,raw-and-scaled,5,1,fp5_e1m3,fp5_e2m2,3,2,4,54,2,exp2,6,24,6,6,0.390019894,0.404431105,-18,0x3ecf1198,0.404431105,0x3f800000,1,0xbc144332,-0.00904922374,0xbc144332,-0.00904922374,10000,0,0,000,10000,0,0,00,0xbc144332,-0.00904922374,0xbc144332,-0.00904922374,0x00000000,0
l2,0.0625,0,min-error,metric_min,exp1,0,1,1,0.390019894,0.404431105,0.390019894,0.404431105,0.014411211,3,raw-and-scaled,5,1,fp5_e1m3,fp5_e2m2,3,2,4,54,3,exp2,6,24,6,6,0.390019894,0.404431105,-18,0x3ecf1198,0.404431105,0x3f800000,1,0xbb0c2c12,-0.00213885726,0xbb0c2c12,-0.00213885726,10000,0,0,000,10000,0,0,00,0xbb0c2c12,-0.00213885726,0xbb0c2c12,-0.00213885726,0x00000000,0
l2,0.0625,0,min-error,metric_min,exp1,0,1,1,0.390019894,0.404431105,0.390019894,0.404431105,0.014411211,4,raw-and-scaled,5,1,fp5_e1m3,fp5_e2m2,3,2,4,54,4,exp2,6,24,6,6,0.390019894,0.404431105,-18,0x3ecf1198,0.404431105,0x3f800000,1,0xbe5cbf35,-0.215573147,0xbe5cbf35,-0.215573147,10001,0,1,001,10011,0,3,11,0xbdb97e6a,-0.0905731469,0xbce5f9a8,-0.0280731469,0xbf800000,-1
l2,0.0625,0,min-error,metric_min,exp1,0,1,1,0.390019894,0.404431105,0.390019894,0.404431105,0.014411211,5,raw-and-scaled,5,1,fp5_e1m3,fp5_e2m2,3,2,4,54,5,exp2,6,24,6,6,0.390019894,0.404431105,-18,0x3ecf1198,0.404431105,0x3f800000,1,0xbd87702e,-0.0661319345,0xbd87702e,-0.0661319345,10000,0,0,000,10001,0,1,01,0xbd87702e,-0.0661319345,0xbb6e05c0,-0.00363193452,0xbf800000,-1
l2,0.0625,0,min-error,metric_min,exp1,0,1,1,0.390019894,0.404431105,0.390019894,0.404431105,0.014411211,6,raw-and-scaled,5,1,fp5_e1m3,fp5_e2m2,3,2,4,54,6,exp2,6,24,6,6,0.390019894,0.404431105,-18,0x3ecf1198,0.404431105,0x3f800000,1,0xbcf2239a,-0.0295579918,0xbcf2239a,-0.0295579918,10000,0,0,000,10000,0,0,00,0xbcf2239a,-0.0295579918,0xbcf2239a,-0.0295579918,0x00000000,0
l2,0.0625,0,min-error,metric_min,exp1,0,1,1,0.390019894,0.404431105,0.390019894,0.404431105,0.014411211,7,raw-and-scaled,5,1,fp5_e1m3,fp5_e2m2,3,2,4,54,7,exp2,6,24,6,6,0.390019894,0.404431105,-18,0x3ecf1198,0.404431105,0x3f800000,1,0xbad7b05c,-0.00164557574,0xbad7b05c,-0.00164557574,10000,0,0,000,10000,0,0,00,0xbad7b05c,-0.00164557574,0xbad7b05c,-0.00164557574,0x00000000,0
l2,0.0625,0,min-error,metric_min,exp1,0,1,1,0.390019894,0.404431105,0.390019894,0.404431105,0.014411211,8,raw-and-scaled,5,1,fp5_e1m3,fp5_e2m2,3,2,4,54,8,exp2,6,24,6,6,0.390019894,0.404431105,-18,0x3ecf1198,0.404431105,0x3f800000,1,0x3d6bf96c,0.0576109141,0x3d6bf96c,0.0576109141,00000,0,0,000,00000,0,0,00,0x3d6bf96c,0.0576109141,0x3d6bf96c,0.0576109141,0x00000000,0
l2,0.0625,0,min-error,metric_min,exp1,0,1,1,0.390019894,0.404431105,0.390019894,0.404431105,0.014411211,9,raw-and-scaled,5,1,fp5_e1m3,fp5_e2m2,3,2,4,54,9,exp2,6,24,6,6,0.390019894,0.404431105,-18,0x3ecf1198,0.404431105,0x3f800000,1,0x3c28ba0e,0.0102982651,0x3c28ba0e,0.0102982651,00000,0,0,000,00000,0,0,00,0x3c28ba0e,0.0102982651,0x3c28ba0e,0.0102982651,0x00000000,0
l2,0.0625,0,min-error,metric_min,exp1,0,1,1,0.390019894,0.404431105,0.390019894,0.404431105,0.014411211,10,raw-and-scaled,5,1,fp5_e1m3,fp5_e2m2,3,2,4,54,10,exp2,6,24,6,6,0.390019894,0.404431105,-18,0x3ecf1198,0.404431105,0x3f800000,1,0xbfe8f312,-1.81991792,0xbfe8f312,-1.81991792,11110,1,6,110,11111,3,3,11,0xbd8f3120,-0.0699179173,0xbd8f3120,-0.0699179173,0x00000000,0
l2,0.0625,0,min-error,metric_min,exp1,0,1,1,0.390019894,0.404431105,0.390019894,0.404431105,0.014411211,11,raw-and-scaled,5,1,fp5_e1m3,fp5_e2m2,3,2,4,54,11,exp2,6,24,6,6,0.390019894,0.404431105,-18,0x3ecf1198,0.404431105,0x3f800000,1,0xbda35cba,-0.0797667056,0xbda35cba,-0.0797667056,10000,0,0,000,10001,0,1,01,0xbda35cba,-0.0797667056,0xbc8d72e8,-0.0172667056,0xbf800000,-1
l2,0.0625,0,min-error,metric_min,exp1,0,1,1,0.390019894,0.404431105,0.390019894,0.404431105,0.014411211,12,raw-and-scaled,5,1,fp5_e1m3,fp5_e2m2,3,2,4,54,12,exp2,6,24,6,6,0.390019894,0.404431105,-18,0x3ecf1198,0.404431105,0x3f800000,1,0xbe3821a0,-0.179815769,0xbe3821a0,-0.179815769,10001,0,1,001,10010,0,2,10,0xbd608680,-0.0548157692,0xbd608680,-0.0548157692,0x80000000,-0
l2,0.0625,0,min-error,metric_min,exp1,0,1,1,0.390019894,0.404431105,0.390019894,0.404431105,0.014411211,13,raw-and-scaled,5,1,fp5_e1m3,fp5_e2m2,3,2,4,54,13,exp2,6,24,6,6,0.390019894,0.404431105,-18,0x3ecf1198,0.404431105,0x3f800000,1,0x3ef0ff08,0.470695734,0x3ef0ff08,0.470695734,00011,0,3,011,00111,1,3,11,0x3dc3fc20,0.095695734,0x3d07f840,0.033195734,0xbf800000,-1
l2,0.0625,0,min-error,metric_min,exp1,0,1,1,0.390019894,0.404431105,0.390019894,0.404431105,0.014411211,14,raw-and-scaled,5,1,fp5_e1m3,fp5_e2m2,3,2,4,54,14,exp2,6,24,6,6,0.390019894,0.404431105,-18,0x3ecf1198,0.404431105,0x3f800000,1,0xbc1df8ac,-0.00964180753,0xbc1df8ac,-0.00964180753,10000,0,0,000,10000,0,0,00,0xbc1df8ac,-0.00964180753,0xbc1df8ac,-0.00964180753,0x00000000,0
l2,0.0625,0,min-error,metric_min,exp1,0,1,1,0.390019894,0.404431105,0.390019894,0.404431105,0.014411211,15,raw-and-scaled,5,1,fp5_e1m3,fp5_e2m2,3,2,4,54,15,exp2,6,24,6,6,0.390019894,0.404431105,-18,0x3ecf1198,0.404431105,0x3f800000,1,0x3f308ad1,0.68961817,0x3f308ad1,0.68961817,00101,0,5,101,01001,2,1,01,0x3d845688,0.0646181703,0x3d845688,0.0646181703,0x00000000,0
l2,0.0625,0,min-error,metric_min,exp1,0,1,1,0.390019894,0.404431105,0.390019894,0.404431105,0.014411211,16,raw-and-scaled,5,1,fp5_e1m3,fp5_e2m2,3,2,4,54,16,exp2,6,24,6,6,0.390019894,0.404431105,-18,0x3ecf1198,0.404431105,0x3f800000,1,0xbc472a62,-0.0121561009,0xbc472a62,-0.0121561009,10000,0,0,000,10000,0,0,00,0xbc472a62,-0.0121561009,0xbc472a62,-0.0121561009,0x00000000,0
l2,0.0625,0,min-error,metric_min,exp1,0,1,1,0.390019894,0.404431105,0.390019894,0.404431105,0.014411211,17,raw-and-scaled,5,1,fp5_e1m3,fp5_e2m2,3,2,4,54,17,exp2,6,24,6,6,0.390019894,0.404431105,-18,0x3ecf1198,0.404431105,0x3f800000,1,0x3ed4d426,0.415681064,0x3ed4d426,0.415681064,00011,0,3,011,00110,1,2,10,0x3d26a130,0.0406810641,0x3d26a130,0.0406810641,0x80000000,-0
l2,0.0625,0,min-error,metric_min,exp1,0,1,1,0.390019894,0.404431105,0.390019894,0.404431105,0.014411211,18,raw-and-scaled,5,1,fp5_e1m3,fp5_e2m2,3,2,4,54,18,exp2,6,24,6,6,0.390019894,0.404431105,-18,0x3ecf1198,0.404431105,0x3f800000,1,0xbe371853,-0.178803727,0xbe371853,-0.178803727,10001,0,1,001,10010,0,2,10,0xbd5c614c,-0.053803727,0xbd5c614c,-0.053803727,0x80000000,-0
l2,0.0625,0,min-error,metric_min,exp1,0,1,1,0.390019894,0.404431105,0.390019894,0.404431105,0.014411211,19,raw-and-scaled,5,1,fp5_e1m3,fp5_e2m2,3,2,4,54,19,exp2,6,24,6,6,0.390019894,0.404431105,-18,0x3ecf1198,0.404431105,0x3f800000,1,0xbd8d5e2c,-0.0690272748,0xbd8d5e2c,-0.0690272748,10000,0,0,000,10001,0,1,01,0xbd8d5e2c,-0.0690272748,0xbbd5e2c0,-0.00652727485,0xbf800000,-1
l2,0.0625,0,min-error,metric_min,exp1,0,1,1,0.390019894,0.404431105,0.390019894,0.404431105,0.014411211,20,raw-and-scaled,5,1,fp5_e1m3,fp5_e2m2,3,2,4,54,20,exp2,6,24,6,6,0.390019894,0.404431105,-18,0x3ecf1198,0.404431105,0x3f800000,1,0x3cb0d084,0.021583803,0x3cb0d084,0.021583803,00000,0,0,000,00000,0,0,00,0x3cb0d084,0.021583803,0x3cb0d084,0.021583803,0x00000000,0
l2,0.0625,0,min-error,metric_min,exp1,0,1,1,0.390019894,0.404431105,0.390019894,0.404431105,0.014411211,21,raw-and-scaled,5,1,fp5_e1m3,fp5_e2m2,3,2,4,54,21,exp2,6,24,6,6,0.390019894,0.404431105,-18,0x3ecf1198,0.404431105,0x3f800000,1,0x3c58faec,0.0132434182,0x3c58faec,0.0132434182,00000,0,0,000,00000,0,0,00,0x3c58faec,0.0132434182,0x3c58faec,0.0132434182,0x00000000,0
l2,0.0625,0,min-error,metric_min,exp1,0,1,1,0.390019894,0.404431105,0.390019894,0.404431105,0.014411211,22,raw-and-scaled,5,1,fp5_e1m3,fp5_e2m2,3,2,4,54,22,exp2,6,24,6,6,0.390019894,0.404431105,-18,0x3ecf1198,0.404431105,0x3f800000,1,0xbb0e2a68,-0.00216927566,0xbb0e2a68,-0.00216927566,10000,0,0,000,10000,0,0,00,0xbb0e2a68,-0.00216927566,0xbb0e2a68,-0.00216927566,0x00000000,0
l2,0.0625,0,min-error,metric_min,exp1,0,1,1,0.390019894,0.404431105,0.390019894,0.404431105,0.014411211,23,raw-and-scaled,5,1,fp5_e1m3,fp5_e2m2,3,2,4,54,23,exp2,6,24,6,6,0.390019894,0.404431105,-18,0x3ecf1198,0.404431105,0x3f800000,1,0x3c8b1d6a,0.0169817992,0x3c8b1d6a,0.0169817992,00000,0,0,000,00000,0,0,00,0x3c8b1d6a,0.0169817992,0x3c8b1d6a,0.0169817992,0x00000000,0
l2,0.0625,0,min-error,metric_min,exp1,0,1,1,0.390019894,0.404431105,0.390019894,0.404431105,0.014411211,24,raw-and-scaled,5,1,fp5_e1m3,fp5_e2m2,3,2,4,54,24,exp2,6,24,6,6,0.390019894,0.404431105,-18,0x3ecf1198,0.404431105,0x3f800000,1,0xbf2c5e87,-0.673317373,0xbf2c5e87,-0.673317373,10101,0,5,101,11001,2,1,01,0xbd45e870,-0.0483173728,0xbd45e870,-0.0483173728,0x00000000,0
l2,0.0625,0,min-error,metric_min,exp1,0,1,1,0.390019894,0.404431105,0.390019894,0.404431105,0.014411211,25,raw-and-scaled,5,1,fp5_e1m3,fp5_e2m2,3,2,4,54,25,exp2,6,24,6,6,0.390019894,0.404431105,-18,0x3ecf1198,0.404431105,0x3f800000,1,0x3cce0283,0.0251476821,0x3cce0283,0.0251476821,00000,0,0,000,00000,0,0,00,0x3cce0283,0.0251476821,0x3cce0283,0.0251476821,0x00000000,0
l2,0.0625,0,min-error,metric_min,exp1,0,1,1,0.390019894,0.404431105,0.390019894,0.404431105,0.014411211,26,raw-and-scaled,5,1,fp5_e1m3,fp5_e2m2,3,2,4,54,26,exp2,6,24,6,6,0.390019894,0.404431105,-18,0x3ecf1198,0.404431105,0x3f800000,1,0xbe2942fc,-0.165294588,0xbe2942fc,-0.165294588,10001,0,1,001,10010,0,2,10,0xbd250bf0,-0.0402945876,0xbd250bf0,-0.0402945876,0x80000000,-0
l2,0.0625,0,min-error,metric_min,exp1,0,1,1,0.390019894,0.404431105,0.390019894,0.404431105,0.014411211,27,raw-and-scaled,5,1,fp5_e1m3,fp5_e2m2,3,2,4,54,27,exp2,6,24,6,6,0.390019894,0.404431105,-18,0x3ecf1198,0.404431105,0x3f800000,1,0x3ad4d388,0.00162373576,0x3ad4d388,0.00162373576,00000,0,0,000,00000,0,0,00,0x3ad4d388,0.00162373576,0x3ad4d388,0.00162373576,0x00000000,0
l2,0.0625,0,min-error,metric_min,exp1,0,1,1,0.390019894,0.404431105,0.390019894,0.404431105,0.014411211,28,raw-and-scaled,5,1,fp5_e1m3,fp5_e2m2,3,2,4,54,28,exp2,6,24,6,6,0.390019894,0.404431105,-18,0x3ecf1198,0.404431105,0x3f800000,1,0x3f48cd00,0.784378052,0x3f48cd00,0.784378052,00110,0,6,110,01010,2,2,10,0x3d0cd000,0.0343780518,0x3d0cd000,0.0343780518,0x00000000,0
l2,0.0625,0,min-error,metric_min,exp1,0,1,1,0.390019894,0.404431105,0.390019894,0.404431105,0.014411211,29,raw-and-scaled,5,1,fp5_e1m3,fp5_e2m2,3,2,4,54,29,exp2,6,24,6,6,0.390019894,0.404431105,-18,0x3ecf1198,0.404431105,0x3f800000,1,0x3aefc3aa,0.00182925654,0x3aefc3aa,0.00182925654,00000,0,0,000,00000,0,0,00,0x3aefc3aa,0.00182925654,0x3aefc3aa,0.00182925654,0x00000000,0
l2,0.0625,0,min-error,metric_min,exp1,0,1,1,0.390019894,0.404431105,0.390019894,0.404431105,0.014411211,30,raw-and-scaled,5,1,fp5_e1m3,fp5_e2m2,3,2,4,54,30,exp2,6,24,6,6,0.390019894,0.404431105,-18,0x3ecf1198,0.404431105,0x3f800000,1,0xbdb9d36a,-0.0907352716,0xbdb9d36a,-0.0907352716,10000,0,0,000,10001,0,1,01,0xbdb9d36a,-0.0907352716,0xbce74da8,-0.0282352716,0xbf800000,-1
l2,0.0625,0,min-error,metric_min,exp1,0,1,1,0.390019894,0.404431105,0.390019894,0.404431105,0.014411211,31,raw-and-scaled,5,1,fp5_e1m3,fp5_e2m2,3,2,4,54,31,exp2,6,24,6,6,0.390019894,0.404431105,-18,0x3ecf1198,0.404431105,0x3f800000,1,0x3d9d33ba,0.0767588168,0x3d9d33ba,0.0767588168,00000,0,0,000,00001,0,1,01,0x3d9d33ba,0.0767588168,0x3c699dd0,0.0142588168,0xbf800000,-1
l2,0.0625,0,min-error,metric_min,exp1,0,1,1,0.390019894,0.404431105,0.390019894,0.404431105,0.014411211,32,raw-and-scaled,5,1,fp5_e1m3,fp5_e2m2,3,2,4,54,32,exp2,6,24,6,6,0.390019894,0.404431105,-18,0x3ecf1198,0.404431105,0x3f800000,1,0x3d2a7520,0.0416156054,0x3d2a7520,0.0416156054,00000,0,0,000,00000,0,0,00,0x3d2a7520,0.0416156054,0x3d2a7520,0.0416156054,0x00000000,0
l2,0.0625,0,min-error,metric_min,exp1,0,1,1,0.390019894,0.404431105,0.390019894,0.404431105,0.014411211,33,raw-and-scaled,5,1,fp5_e1m3,fp5_e2m2,3,2,4,54,33,exp2,6,24,6,6,0.390019894,0.404431105,-18,0x3ecf1198,0.404431105,0x3f800000,1,0x3b0ebf06,0.00217813393,0x3b0ebf06,0.00217813393,00000,0,0,000,00000,0,0,00,0x3b0ebf06,0.00217813393,0x3b0ebf06,0.00217813393,0x00000000,0
l2,0.0625,0,min-error,metric_min,exp1,0,1,1,0.390019894,0.404431105,0.390019894,0.404431105,0.014411211,34,raw-and-scaled,5,1,fp5_e1m3,fp5_e2m2,3,2,4,54,34,exp2,6,24,6,6,0.390019894,0.404431105,-18,0x3ecf1198,0.404431105,0x3f800000,1,0xbca8fd68,-0.020628646,0xbca8fd68,-0.020628646,10000,0,0,000,10000,0,0,00,0xbca8fd68,-0.020628646,0xbca8fd68,-0.020628646,0x00000000,0
l2,0.0625,0,min-error,metric_min,exp1,0,1,1,0.390019894,0.404431105,0.390019894,0.404431105,0.014411211,35,raw-and-scaled,5,1,fp5_e1m3,fp5_e2m2,3,2,4,54,35,exp2,6,24,6,6,0.390019894,0.404431105,-18,0x3ecf1198,0.404431105,0x3f800000,1,0x3e206a9c,0.156656682,0x3e206a9c,0.156656682,00001,0,1,001,00010,0,2,10,0x3d01aa70,0.0316566825,0x3d01aa70,0.0316566825,0x80000000,-0
l2,0.0625,0,min-error,metric_min,exp1,0,1,1,0.390019894,0.404431105,0.390019894,0.404431105,0.014411211,36,raw-and-scaled,5,1,fp5_e1m3,fp5_e2m2,3,2,4,54,36,exp2,6,24,6,6,0.390019894,0.404431105,-18,0x3ecf1198,0.404431105,0x3f800000,1,0x3d0cf256,0.0344107971,0x3d0cf256,0.0344107971,00000,0,0,000,00000,0,0,00,0x3d0cf256,0.0344107971,0x3d0cf256,0.0344107971,0x00000000,0
l2,0.0625,0,min-error,metric_min,exp1,0,1,1,0.390019894,0.404431105,0.390019894,0.404431105,0.014411211,37,raw-and-scaled,5,1,fp5_e1m3,fp5_e2m2,3,2,4,54,37,exp2,6,24,6,6,0.390019894,0.404431105,-18,0x3ecf1198,0.404431105,0x3f800000,1,0x3f8364d7,1.02651489,0x3f8364d7,1.02651489,01000,1,0,000,01100,3,0,00,0x3cd935c0,0.0265148878,0x3cd935c0,0.0265148878,0x00000000,0
l2,0.0625,0,min-error,metric_min,exp1,0,1,1,0.390019894,0.404431105,0.390019894,0.404431105,0.014411211,38,raw-and-scaled,5,1,fp5_e1m3,fp5_e2m2,3,2,4,54,38,exp2,6,24,6,6,0.390019894,0.404431105,-18,0x3ecf1198,0.404431105,0x3f800000,1,0xbc08d980,-0.00835263729,0xbc08d980,-0.00835263729,10000,0,0,000,10000,0,0,00,0xbc08d980,-0.00835263729,0xbc08d980,-0.00835263729,0x00000000,0
l2,0.0625,0,min-error,metric_min,exp1,0,1,1,0.390019894,0.404431105,0.390019894,0.404431105,0.014411211,39,raw-and-scaled,5,1,fp5_e1m3,fp5_e2m2,3,2,4,54,39,exp2,6,24,6,6,0.390019894,0.404431105,-18,0x3ecf1198,0.404431105,0x3f800000,1,0xbadc34e7,-0.00168004341,0xbadc34e7,-0.00168004341,10000,0,0,000,10000,0,0,00,0xbadc34e7,-0.00168004341,0xbadc34e7,-0.00168004341,0x00000000,0
l2,0.0625,0,min-error,metric_min,exp1,0,1,1,0.390019894,0.404431105,0.390019894,0.404431105,0.014411211,40,raw-and-scaled,5,1,fp5_e1m3,fp5_e2m2,3,2,4,54,40,exp2,6,24,6,6,0.390019894,0.404431105,-18,0x3ecf1198,0.404431105,0x3f800000,1,0x3b252032,0.00251961919,0x3b252032,0.00251961919,00000,0,0,000,00000,0,0,00,0x3b252032,0.00251961919,0x3b252032,0.00251961919,0x00000000,0
l2,0.0625,0,min-error,metric_min,exp1,0,1,1,0.390019894,0.404431105,0.390019894,0.404431105,0.014411211,41,raw-and-scaled,5,1,fp5_e1m3,fp5_e2m2,3,2,4,54,41,exp2,6,24,6,6,0.390019894,0.404431105,-18,0x3ecf1198,0.404431105,0x3f800000,1,0xbe758608,-0.239769101,0xbe758608,-0.239769101,10001,0,1,001,10011,0,3,11,0xbdeb0c10,-0.114769101,0xbd561820,-0.0522691011,0xbf800000,-1
l2,0.0625,0,min-error,metric_min,exp1,0,1,1,0.390019894,0.404431105,0.390019894,0.404431105,0.014411211,42,raw-and-scaled,5,1,fp5_e1m3,fp5_e2m2,3,2,4,54,42,exp2,6,24,6,6,0.390019894,0.404431105,-18,0x3ecf1198,0.404431105,0x3f800000,1,0xbb24cb62,-0.00251456397,0xbb24cb62,-0.00251456397,10000,0,0,000,10000,0,0,00,0xbb24cb62,-0.00251456397,0xbb24cb62,-0.00251456397,0x00000000,0
l2,0.0625,0,min-error,metric_min,exp1,0,1,1,0.390019894,0.404431105,0.390019894,0.404431105,0.014411211,43,raw-and-scaled,5,1,fp5_e1m3,fp5_e2m2,3,2,4,54,43,exp2,6,24,6,6,0.390019894,0.404431105,-18,0x3ecf1198,0.404431105,0x3f800000,1,0x3ddbee80,0.107388496,0x3ddbee80,0.107388496,00000,0,0,000,00001,0,1,01,0x3ddbee80,0.107388496,0x3d37dd00,0.0448884964,0xbf800000,-1
l2,0.0625,0,min-error,metric_min,exp1,0,1,1,0.390019894,0.404431105,0.390019894,0.404431105,0.014411211,44,raw-and-scaled,5,1,fp5_e1m3,fp5_e2m2,3,2,4,54,44,exp2,6,24,6,6,0.390019894,0.404431105,-18,0x3ecf1198,0.404431105,0x3f800000,1,0xba9873c0,-0.00116311759,0xba9873c0,-0.00116311759,10000,0,0,000,10000,0,0,00,0xba9873c0,-0.00116311759,0xba9873c0,-0.00116311759,0x00000000,0
l2,0.0625,0,min-error,metric_min,exp1,0,1,1,0.390019894,0.404431105,0.390019894,0.404431105,0.014411211,45,raw-and-scaled,5,1,fp5_e1m3,fp5_e2m2,3,2,4,54,45,exp2,6,24,6,6,0.390019894,0.404431105,-18,0x3ecf1198,0.404431105,0x3f800000,1,0xbafd247a,-0.0019313239,0xbafd247a,-0.0019313239,10000,0,0,000,10000,0,0,00,0xbafd247a,-0.0019313239,0xbafd247a,-0.0019313239,0x00000000,0
l2,0.0625,0,min-error,metric_min,exp1,0,1,1,0.390019894,0.404431105,0.390019894,0.404431105,0.014411211,46,raw-and-scaled,5,1,fp5_e1m3,fp5_e2m2,3,2,4,54,46,exp2,6,24,6,6,0.390019894,0.404431105,-18,0x3ecf1198,0.404431105,0x3f800000,1,0x3bceeaae,0.00631459709,0x3bceeaae,0.00631459709,00000,0,0,000,00000,0,0,00,0x3bceeaae,0.00631459709,0x3bceeaae,0.00631459709,0x00000000,0
l2,0.0625,0,min-error,metric_min,exp1,0,1,1,0.390019894,0.404431105,0.390019894,0.404431105,0.014411211,47,raw-and-scaled,5,1,fp5_e1m3,fp5_e2m2,3,2,4,54,47,exp2,6,24,6,6,0.390019894,0.404431105,-18,0x3ecf1198,0.404431105,0x3f800000,1,0xbd48767c,-0.0489411205,0xbd48767c,-0.0489411205,10000,0,0,000,10000,0,0,00,0xbd48767c,-0.0489411205,0xbd48767c,-0.0489411205,0x00000000,0
l2,0.0625,0,min-error,metric_min,exp1,0,1,1,0.390019894,0.404431105,0.390019894,0.404431105,0.014411211,48,raw-and-scaled,5,1,fp5_e1m3,fp5_e2m2,3,2,4,54,48,exp2,6,24,6,6,0.390019894,0.404431105,-18,0x3ecf1198,0.404431105,0x3f800000,1,0xbad33034,-0.00161123881,0xbad33034,-0.00161123881,10000,0,0,000,10000,0,0,00,0xbad33034,-0.00161123881,0xbad33034,-0.00161123881,0x00000000,0
l2,0.0625,0,min-error,metric_min,exp1,0,1,1,0.390019894,0.404431105,0.390019894,0.404431105,0.014411211,49,raw-and-scaled,5,1,fp5_e1m3,fp5_e2m2,3,2,4,54,49,exp2,6,24,6,6,0.390019894,0.404431105,-18,0x3ecf1198,0.404431105,0x3f800000,1,0x3dcf215a,0.101137832,0x3dcf215a,0.101137832,00000,0,0,000,00001,0,1,01,0x3dcf215a,0.101137832,0x3d1e42b4,0.0386378318,0xbf800000,-1
l2,0.0625,0,min-error,metric_min,exp1,0,1,1,0.390019894,0.404431105,0.390019894,0.404431105,0.014411211,50,raw-and-scaled,5,1,fp5_e1m3,fp5_e2m2,3,2,4,54,50,exp2,6,24,6,6,0.390019894,0.404431105,-18,0x3ecf1198,0.404431105,0x3f800000,1,0xbf26eb4d,-0.652027905,0xbf26eb4d,-0.652027905,10101,0,5,101,11001,2,1,01,0xbcdd69a0,-0.027027905,0xbcdd69a0,-0.027027905,0x00000000,0
l2,0.0625,0,min-error,metric_min,exp1,0,1,1,0.390019894,0.404431105,0.390019894,0.404431105,0.014411211,51,raw-and-scaled,5,1,fp5_e1m3,fp5_e2m2,3,2,4,54,51,exp2,6,24,6,6,0.390019894,0.404431105,-18,0x3ecf1198,0.404431105,0x3f800000,1,0x3fcf4a8f,1.61946285,0x3fcf4a8f,1.61946285,01100,1,4,100,01110,3,2,10,0x3df4a8f0,0.119462848,0x3df4a8f0,0.119462848,0x00000000,0
l2,0.0625,0,min-error,metric_min,exp1,0,1,1,0.390019894,0.404431105,0.390019894,0.404431105,0.014411211,52,raw-and-scaled,5,1,fp5_e1m3,fp5_e2m2,3,2,4,54,52,exp2,6,24,6,6,0.390019894,0.404431105,-18,0x3ecf1198,0.404431105,0x3f800000,1,0xba9a9654,-0.00117940689,0xba9a9654,-0.00117940689,10000,0,0,000,10000,0,0,00,0xba9a9654,-0.00117940689,0xba9a9654,-0.00117940689,0x00000000,0
l2,0.0625,0,min-error,metric_min,exp1,0,1,1,0.390019894,0.404431105,0.390019894,0.404431105,0.014411211,53,raw-and-scaled,5,1,fp5_e1m3,fp5_e2m2,3,2,4,54,53,exp2,6,24,6,6,0.390019894,0.404431105,-18,0x3ecf1198,0.404431105,0x3f800000,1,0x3fdf06d2,1.74239564,0x3fdf06d2,1.74239564,01101,1,5,101,01110,3,2,10,0x3df06d20,0.117395639,0x3e783690,0.242395639,0x3f800000,1
l2,0.0625,0,min-error,metric_min,exp1,0,1,1,0.390019894,0.404431105,0.390019894,0.404431105,0.014411211,54,raw-and-scaled,5,1,fp5_e1m3,fp5_e2m2,3,2,4,54,54,exp2,6,24,6,6,0.390019894,0.404431105,-18,0x3ecf1198,0.404431105,0x3f800000,1,0xbb7d5a17,-0.00386584341,0xbb7d5a17,-0.00386584341,10000,0,0,000,10000,0,0,00,0xbb7d5a17,-0.00386584341,0xbb7d5a17,-0.00386584341,0x00000000,0
l2,0.0625,0,min-error,metric_min,exp1,0,1,1,0.390019894,0.404431105,0.390019894,0.404431105,0.014411211,55,raw-and-scaled,5,1,fp5_e1m3,fp5_e2m2,3,2,4,54,55,exp2,6,24,6,6,0.390019894,0.404431105,-18,0x3ecf1198,0.404431105,0x3f800000,1,0x3cfdda15,0.0309877787,0x3cfdda15,0.0309877787,00000,0,0,000,00000,0,0,00,0x3cfdda15,0.0309877787,0x3cfdda15,0.0309877787,0x00000000,0
l2,0.0625,0,min-error,metric_min,exp1,0,1,1,0.390019894,0.404431105,0.390019894,0.404431105,0.014411211,56,raw-and-scaled,5,1,fp5_e1m3,fp5_e2m2,3,2,4,54,56,exp2,6,24,6,6,0.390019894,0.404431105,-18,0x3ecf1198,0.404431105,0x3f800000,1,0x3f3306a0,0.699319839,0x3f3306a0,0.699319839,00101,0,5,101,01001,2,1,01,0x3d983500,0.0743198395,0x3d983500,0.0743198395,0x00000000,0
l2,0.0625,0,min-error,metric_min,exp1,0,1,1,0.390019894,0.404431105,0.390019894,0.404431105,0.014411211,57,raw-and-scaled,5,1,fp5_e1m3,fp5_e2m2,3,2,4,54,57,exp2,6,24,6,6,0.390019894,0.404431105,-18,0x3ecf1198,0.404431105,0x3f800000,1,0xbb337998,-0.00273857079,0xbb337998,-0.00273857079,10000,0,0,000,10000,0,0,00,0xbb337998,-0.00273857079,0xbb337998,-0.00273857079,0x00000000,0
l2,0.0625,0,min-error,metric_min,exp1,0,1,1,0.390019894,0.404431105,0.390019894,0.404431105,0.014411211,58,raw-and-scaled,5,1,fp5_e1m3,fp5_e2m2,3,2,4,54,58,exp2,6,24,6,6,0.390019894,0.404431105,-18,0x3ecf1198,0.404431105,0x3f800000,1,0x3f78846e,0.970770717,0x3f78846e,0.970770717,00111,0,7,111,01011,2,3,11,0x3dc42370,0.0957707167,0x3dc42370,0.0957707167,0x00000000,0
l2,0.0625,0,min-error,metric_min,exp1,0,1,1,0.390019894,0.404431105,0.390019894,0.404431105,0.014411211,59,raw-and-scaled,5,1,fp5_e1m3,fp5_e2m2,3,2,4,54,59,exp2,6,24,6,6,0.390019894,0.404431105,-18,0x3ecf1198,0.404431105,0x3f800000,1,0xbe164b00,-0.146770477,0xbe164b00,-0.146770477,10001,0,1,001,10010,0,2,10,0xbcb25800,-0.0217704773,0xbcb25800,-0.0217704773,0x80000000,-0
l2,0.0625,0,min-error,metric_min,exp1,0,1,1,0.390019894,0.404431105,0.390019894,0.404431105,0.014411211,60,raw-and-scaled,5,1,fp5_e1m3,fp5_e2m2,3,2,4,54,60,exp2,6,24,6,6,0.390019894,0.404431105,-18,0x3ecf1198,0.404431105,0x3f800000,1,0xbdd34764,-0.103163511,0xbdd34764,-0.103163511,10000,0,0,000,10001,0,1,01,0xbdd34764,-0.103163511,0xbd268ec8,-0.0406635106,0xbf800000,-1
l2,0.0625,0,min-error,metric_min,exp1,0,1,1,0.390019894,0.404431105,0.390019894,0.404431105,0.014411211,61,raw-and-scaled,5,1,fp5_e1m3,fp5_e2m2,3,2,4,54,61,exp2,6,24,6,6,0.390019894,0.404431105,-18,0x3ecf1198,0.404431105,0x3f800000,1,0x3b4e36dc,0.00314658042,0x3b4e36dc,0.00314658042,00000,0,0,000,00000,0,0,00,0x3b4e36dc,0.00314658042,0x3b4e36dc,0.00314658042,0x00000000,0
l2,0.0625,0,min-error,metric_min,exp1,0,1,1,0.390019894,0.404431105,0.390019894,0.404431105,0.014411211,62,raw-and-scaled,5,1,fp5_e1m3,fp5_e2m2,3,2,4,54,62,exp2,6,24,6,6,0.390019894,0.404431105,-18,0x3ecf1198,0.404431105,0x3f800000,1,0x3cf99c48,0.0304700285,0x3cf99c48,0.0304700285,00000,0,0,000,00000,0,0,00,0x3cf99c48,0.0304700285,0x3cf99c48,0.0304700285,0x00000000,0
l2,0.0625,0,min-error,metric_min,exp1,0,1,1,0.390019894,0.404431105,0.390019894,0.404431105,0.014411211,63,raw-and-scaled,5,1,fp5_e1m3,fp5_e2m2,3,2,4,54,63,exp2,6,24,6,6,0.390019894,0.404431105,-18,0x3ecf1198,0.404431105,0x3f800000,1,0xbaa731bc,-0.00127559109,0xbaa731bc,-0.00127559109,10000,0,0,000,10000,0,0,00,0xbaa731bc,-0.00127559109,0xbaa731bc,-0.00127559109,0x00000000,0
l2,0.0625,0,min-error,metric_min,exp1,0,1,1,0.390019894,0.404431105,0.390019894,0.404431105,0.014411211,64,raw-and-scaled,5,1,fp5_e1m3,fp5_e2m2,3,2,4,54,64,exp2,6,24,6,6,0.390019894,0.404431105,-18,0x3ecf1198,0.404431105,0x3f800000,1,0x3bf35e0e,0.00742698368,0x3bf35e0e,0.00742698368,00000,0,0,000,00000,0,0,00,0x3bf35e0e,0.00742698368,0x3bf35e0e,0.00742698368,0x00000000,0
l2,0.0625,0,min-error,metric_min,exp1,0,1,1,0.390019894,0.404431105,0.390019894,0.404431105,0.014411211,65,raw-and-scaled,5,1,fp5_e1m3,fp5_e2m2,3,2,4,54,65,exp2,6,24,6,6,0.390019894,0.404431105,-18,0x3ecf1198,0.404431105,0x3f800000,1,0xbeb8abaa,-0.360684693,0xbeb8abaa,-0.360684693,10010,0,2,010,10101,1,1,01,0xbde2aea8,-0.110684693,0xbd455d50,-0.0481846929,0xbf800000,-1
l2,0.0625,0,min-error,metric_min,exp1,0,1,1,0.390019894,0.404431105,0.390019894,0.404431105,0.014411211,66,raw-and-scaled,5,1,fp5_e1m3,fp5_e2m2,3,2,4,54,66,exp2,6,24,6,6,0.390019894,0.404431105,-18,0x3ecf1198,0.404431105,0x3f800000,1,0x3d7e0ba8,0.062022835,0x3d7e0ba8,0.062022835,00000,0,0,000,00000,0,0,00,0x3d7e0ba8,0.062022835,0x3d7e0ba8,0.062022835,0x00000000,0
l2,0.0625,0,min-error,metric_min,exp1,0,1,1,0.390019894,0.404431105,0.390019894,0.404431105,0.014411211,67,raw-and-scaled,5,1,fp5_e1m3,fp5_e2m2,3,2,4,54,67,exp2,6,24,6,6,0.390019894,0.404431105,-18,0x3ecf1198,0.404431105,0x3f800000,1,0x3e80118a,0.250133812,0x3e80118a,0.250133812,00010,0,2,010,00100,1,0,00,0x390c5000,0.000133812428,0x390c5000,0.000133812428,0x80000000,-0
l2,0.0625,0,min-error,metric_min,exp1,0,1,1,0.390019894,0.404431105,0.390019894,0.404431105,0.014411211,68,raw-and-scaled,5,1,fp5_e1m3,fp5_e2m2,3,2,4,54,68,exp2,6,24,6,6,0.390019894,0.404431105,-18,0x3ecf1198,0.404431105,0x3f800000,1,0xbd1b2914,-0.037880972,0xbd1b2914,-0.037880972,10000,0,0,000,10000,0,0,00,0xbd1b2914,-0.037880972,0xbd1b2914,-0.037880972,0x00000000,0
l2,0.0625,0,min-error,metric_min,exp1,0,1,1,0.390019894,0.404431105,0.390019894,0.404431105,0.014411211,69,raw-and-scaled,5,1,fp5_e1m3,fp5_e2m2,3,2,4,54,69,exp2,6,24,6,6,0.390019894,0.404431105,-18,0x3ecf1198,0.404431105,0x3f800000,1,0xbbb269a6,-0.00544472318,0xbbb269a6,-0.00544472318,10000,0,0,000,10000,0,0,00,0xbbb269a6,-0.00544472318,0xbbb269a6,-0.00544472318,0x00000000,0
l2,0.0625,0,min-error,metric_min,exp1,0,1,1,0.390019894,0.404431105,0.390019894,0.404431105,0.014411211,70,raw-and-scaled,5,1,fp5_e1m3,fp5_e2m2,3,2,4,54,70,exp2,6,24,6,6,0.390019894,0.404431105,-18,0x3ecf1198,0.404431105,0x3f800000,1,0x3b80d149,0.00393119873,0x3b80d149,0.00393119873,00000,0,0,000,00000,0,0,00,0x3b80d149,0.00393119873,0x3b80d149,0.00393119873,0x00000000,0
l2,0.0625,0,min-error,metric_min,exp1,0,1,1,0.390019894,0.404431105,0.390019894,0.404431105,0.014411211,71,raw-and-scaled,5,1,fp5_e1m3,fp5_e2m2,3,2,4,54,71,exp2,6,24,6,6,0.390019894,0.404431105,-18,0x3ecf1198,0.404431105,0x3f800000,1,0x3bba2fac,0.00568195246,0x3bba2fac,0.00568195246,00000,0,0,000,00000,0,0,00,0x3bba2fac,0.00568195246,0x3bba2fac,0.00568195246,0x00000000,0
l2,0.0625,0,min-error,metric_min,exp1,0,1,1,0.390019894,0.404431105,0.390019894,0.404431105,0.014411211,72,raw-and-scaled,5,1,fp5_e1m3,fp5_e2m2,3,2,4,54,72,exp2,6,24,6,6,0.390019894,0.404431105,-18,0x3ecf1198,0.404431105,0x3f800000,1,0x3e0d2f58,0.137875915,0x3e0d2f58,0.137875915,00001,0,1,001,00010,0,2,10,0x3c52f580,0.0128759146,0x3c52f580,0.0128759146,0x80000000,-0
l2,0.0625,0,min-error,metric_min,exp1,0,1,1,0.390019894,0.404431105,0.390019894,0.404431105,0.014411211,73,raw-and-scaled,5,1,fp5_e1m3,fp5_e2m2,3,2,4,54,73,exp2,6,24,6,6,0.390019894,0.404431105,-18,0x3ecf1198,0.404431105,0x3f800000,1,0x3ee7ff9d,0.45312205,0x3ee7ff9d,0.45312205,00011,0,3,011,00111,1,3,11,0x3d9ffe74,0.0781220496,0x3c7ff3a0,0.0156220496,0xbf800000,-1
l2,0.0625,0,min-error,metric_min,exp1,0,1,1,0.390019894,0.404431105,0.390019894,0.404431105,0.014411211,74,raw-and-scaled,5,1,fp5_e1m3,fp5_e2m2,3,2,4,54,74,exp2,6,24,6,6,0.390019894,0.404431105,-18,0x3ecf1198,0.404431105,0x3f800000,1,0xbc765da2,-0.0150369722,0xbc765da2,-0.0150369722,10000,0,0,000,10000,0,0,00,0xbc765da2,-0.0150369722,0xbc765da2,-0.0150369722,0x00000000,0
l2,0.0625,0,min-error,metric_min,exp1,0,1,1,0.390019894,0.404431105,0.390019894,0.404431105,0.014411211,75,raw-and-scaled,5,1,fp5_e1m3,fp5_e2m2,3,2,4,54,75,exp2,6,24,6,6,0.390019894,0.404431105,-18,0x3ecf1198,0.404431105,0x3f800000,1,0x3ebba1fd,0.366470248,0x3ebba1fd,0.366470248,00010,0,2,010,00101,1,1,01,0x3dee87f4,0.116470248,0x3d5d0fe8,0.0539702475,0xbf800000,-1
l2,0.0625,0,min-error,metric_min,exp1,0,1,1,0.390019894,0.404431105,0.390019894,0.404431105,0.014411211,76,raw-and-scaled,5,1,fp5_e1m3,fp5_e2m2,3,2,4,54,76,exp2,6,24,6,6,0.390019894,0.404431105,-18,0x3ecf1198,0.404431105,0x3f800000,1,0x3de563d0,0.112006783,0x3de563d0,0.112006783,00000,0,0,000,00001,0,1,01,0x3de563d0,0.112006783,0x3d4ac7a0,0.0495067835,0xbf800000,-1
l2,0.0625,0,min-error,metric_min,exp1,0,1,1,0.390019894,0.404431105,0.390019894,0.404431105,0.014411211,77,raw-and-scaled,5,1,fp5_e1m3,fp5_e2m2,3,2,4,54,77,exp2,6,24,6,6,0.390019894,0.404431105,-18,0x3ecf1198,0.404431105,0x3f800000,1,0xbfdfb253,-1.74762952,0xbfdfb253,-1.74762952,11101,1,5,101,11110,3,2,10,0xbdfb2530,-0.122629523,0xbe7d9298,-0.247629523,0x3f800000,1
l2,0.0625,0,min-error,metric_min,exp1,0,1,1,0.390019894,0.404431105,0.390019894,0.404431105,0.014411211,78,raw-and-scaled,5,1,fp5_e1m3,fp5_e2m2,3,2,4,54,78,exp2,6,24,6,6,0.390019894,0.404431105,-18,0x3ecf1198,0.404431105,0x3f800000,1,0x3b59773d,0.00331826438,0x3b59773d,0.00331826438,00000,0,0,000,00000,0,0,00,0x3b59773d,0.00331826438,0x3b59773d,0.00331826438,0x00000000,0
l2,0.0625,0,min-error,metric_min,exp1,0,1,1,0.390019894,0.404431105,0.390019894,0.404431105,0.014411211,79,raw-and-scaled,5,1,fp5_e1m3,fp5_e2m2,3,2,4,54,79,exp2,6,24,6,6,0.390019894,0.404431105,-18,0x3ecf1198,0.404431105,0x3f800000,1,0xbac80724,-0.00152609171,0xbac80724,-0.00152609171,10000,0,0,000,10000,0,0,00,0xbac80724,-0.00152609171,0xbac80724,-0.00152609171,0x00000000,0
l2,0.0625,0,min-error,metric_min,exp1,0,1,1,0.390019894,0.404431105,0.390019894,0.404431105,0.014411211,80,raw-and-scaled,5,1,fp5_e1m3,fp5_e2m2,3,2,4,54,80,exp2,6,24,6,6,0.390019894,0.404431105,-18,0x3ecf1198,0.404431105,0x3f800000,1,0x3e162977,0.146642551,0x3e162977,0.146642551,00001,0,1,001,00010,0,2,10,0x3cb14bb8,0.0216425508,0x3cb14bb8,0.0216425508,0x80000000,-0
l2,0.0625,0,min-error,metric_min,exp1,0,1,1,0.390019894,0.404431105,0.390019894,0.404431105,0.014411211,81,raw-and-scaled,5,1,fp5_e1m3,fp5_e2m2,3,2,4,54,81,exp2,6,24,6,6,0.390019894,0.404431105,-18,0x3ecf1198,0.404431105,0x3f800000,1,0xbb87247c,-0.00412422232,0xbb87247c,-0.00412422232,10000,0,0,000,10000,0,0,00,0xbb87247c,-0.00412422232,0xbb87247c,-0.00412422232,0x00000000,0
l2,0.0625,0,min-error,metric_min,exp1,0,1,1,0.390019894,0.404431105,0.390019894,0.404431105,0.014411211,82,raw-and-scaled,5,1,fp5_e1m3,fp5_e2m2,3,2,4,54,82,exp2,6,24,6,6,0.390019894,0.404431105,-18,0x3ecf1198,0.404431105,0x3f800000,1,0xbfd9a183,-1.70024145,0xbfd9a183,-1.70024145,11101,1,5,101,11110,3,2,10,0xbd9a1830,-0.0752414465,0xbe4d0c18,-0.200241446,0x3f800000,1
l2,0.0625,0,min-error,metric_min,exp1,0,1,1,0.390019894,0.404431105,0.390019894,0.404431105,0.014411211,83,raw-and-scaled,5,1,fp5_e1m3,fp5_e2m2,3,2,4,54,83,exp2,6,24,6,6,0.390019894,0.404431105,-18,0x3ecf1198,0.404431105,0x3f800000,1,0xbe94a57e,-0.290325105,0xbe94a57e,-0.290325105,10010,0,2,010,10100,1,0,00,0xbd252bf0,-0.0403251052,0xbd252bf0,-0.0403251052,0x80000000,-0
l2,0.0625,0,min-error,metric_min,exp1,0,1,1,0.390019894,0.404431105,0.390019894,0.404431105,0.014411211,84,raw-and-scaled,5,1,fp5_e1m3,fp5_e2m2,3,2,4,54,84,exp2,6,24,6,6,0.390019894,0.404431105,-18,0x3ecf1198,0.404431105,0x3f800000,1,0x3df152b2,0.11783351,0x3df152b2,0.11783351,00000,0,0,000,00001,0,1,01,0x3df152b2,0.11783351,0x3d62a564,0.05533351,0xbf800000,-1
l2,0.0625,0,min-error,metric_min,exp1,0,1,1,0.390019894,0.404431105,0.390019894,0.404431105,0.014411211,85,raw-and-scaled,5,1,fp5_e1m3,fp5_e2m2,3,2,4,54,85,exp2,6,24,6,6,0.390019894,0.404431105,-18,0x3ecf1198,0.404431105,0x3f800000,1,0x3ccd4637,0.0250578951,0x3ccd4637,0.0250578951,00000,0,0,000,00000,0,0,00,0x3ccd4637,0.0250578951,0x3ccd4637,0.0250578951,0x00000000,0
l2,0.0625,0,min-error,metric_min,exp1,0,1,1,0.390019894,0.404431105,0.390019894,0.404431105,0.014411211,86,raw-and-scaled,5,1,fp5_e1m3,fp5_e2m2,3,2,4,54,86,exp2,6,24,6,6,0.390019894,0.404431105,-18,0x3ecf1198,0.404431105,0x3f800000,1,0xbf1f995a,-0.623433709,0xbf1f995a,-0.623433709,10100,0,4,100,11000,2,0,00,0xbdfccad0,-0.123433709,0xbdfccad0,-0.123433709,0x00000000,0
l2,0.0625,0,min-error,metric_min,exp1,0,1,1,0.390019894,0.404431105,0.390019894,0.404431105,0.014411211,87,raw-and-scaled,5,1,fp5_e1m3,fp5_e2m2,3,2,4,54,87,exp2,6,24,6,6,0.390019894,0.404431105,-18,0x3ecf1198,0.404431105,0x3f800000,1,0xbba50f5e,-0.0050372323,0xbba50f5e,-0.0050372323,10000,0,0,000,10000,0,0,00,0xbba50f5e,-0.0050372323,0xbba50f5e,-0.0050372323,0x00000000,0
l2,0.0625,0,min-error,metric_min,exp1,0,1,1,0.390019894,0.404431105,0.390019894,0.404431105,0.014411211,88,raw-and-scaled,5,1,fp5_e1m3,fp5_e2m2,3,2,4,54,88,exp2,6,24,6,6,0.390019894,0.404431105,-18,0x3ecf1198,0.404431105,0x3f800000,1,0x3ccf9d9a,0.025343705,0x3ccf9d9a,0.025343705,00000,0,0,000,00000,0,0,00,0x3ccf9d9a,0.025343705,0x3ccf9d9a,0.025343705,0x00000000,0
l2,0.0625,0,min-error,metric_min,exp1,0,1,1,0.390019894,0.404431105,0.390019894,0.404431105,0.014411211,89,raw-and-scaled,5,1,fp5_e1m3,fp5_e2m2,3,2,4,54,89,exp2,6,24,6,6,0.390019894,0.404431105,-18,0x3ecf1198,0.404431105,0x3f800000,1,0xbcbd9967,-0.023144437,0xbcbd9967,-0.023144437,10000,0,0,000,10000,0,0,00,0xbcbd9967,-0.023144437,0xbcbd9967,-0.023144437,0x00000000,0
l2,0.0625,0,min-error,metric_min,exp1,0,1,1,0.390019894,0.404431105,0.390019894,0.404431105,0.014411211,90,raw-and-scaled,5,1,fp5_e1m3,fp5_e2m2,3,2,4,54,90,exp2,6,24,6,6,0.390019894,0.404431105,-18,0x3ecf1198,0.404431105,0x3f800000,1,0xbe780874,-0.242219746,0xbe780874,-0.242219746,10001,0,1,001,10011,0,3,11,0xbdf010e8,-0.117219746,0xbd6021d0,-0.0547197461,0xbf800000,-1
l2,0.0625,0,min-error,metric_min,exp1,0,1,1,0.390019894,0.404431105,0.390019894,0.404431105,0.014411211,91,raw-and-scaled,5,1,fp5_e1m3,fp5_e2m2,3,2,4,54,91,exp2,6,24,6,6,0.390019894,0.404431105,-18,0x3ecf1198,0.404431105,0x3f800000,1,0xbf27ac0c,-0.654968977,0xbf27ac0c,-0.654968977,10101,0,5,101,11001,2,1,01,0xbcf58180,-0.029968977,0xbcf58180,-0.029968977,0x00000000,0
l2,0.0625,0,min-error,metric_min,exp1,0,1,1,0.390019894,0.404431105,0.390019894,0.404431105,0.014411211,92,raw-and-scaled,5,1,fp5_e1m3,fp5_e2m2,3,2,4,54,92,exp2,6,24,6,6,0.390019894,0.404431105,-18,0x3ecf1198,0.404431105,0x3f800000,1,0xbb9a460c,-0.00470805727,0xbb9a460c,-0.00470805727,10000,0,0,000,10000,0,0,00,0xbb9a460c,-0.00470805727,0xbb9a460c,-0.00470805727,0x00000000,0
l2,0.0625,0,min-error,metric_min,exp1,0,1,1,0.390019894,0.404431105,0.390019894,0.404431105,0.014411211,93,raw-and-scaled,5,1,fp5_e1m3,fp5_e2m2,3,2,4,54,93,exp2,6,24,6,6,0.390019894,0.404431105,-18,0x3ecf1198,0.404431105,0x3f800000,1,0xbd0582be,-0.0325953886,0xbd0582be,-0.0325953886,10000,0,0,000,10000,0,0,00,0xbd0582be,-0.0325953886,0xbd0582be,-0.0325953886,0x00000000,0
l2,0.0625,0,min-error,metric_min,exp1,0,1,1,0.390019894,0.404431105,0.390019894,0.404431105,0.014411211,94,raw-and-scaled,5,1,fp5_e1m3,fp5_e2m2,3,2,4,54,94,exp2,6,24,6,6,0.390019894,0.404431105,-18,0x3ecf1198,0.404431105,0x3f800000,1,0xbe4bf76c,-0.199186027,0xbe4bf76c,-0.199186027,10001,0,1,001,10011,0,3,11,0xbd97eed8,-0.0741860271,0xbc3f76c0,-0.0116860271,0xbf800000,-1
l2,0.0625,0,min-error,metric_min,exp1,0,1,1,0.390019894,0.404431105,0.390019894,0.404431105,0.014411211,95,raw-and-scaled,5,1,fp5_e1m3,fp5_e2m2,3,2,4,54,95,exp2,6,24,6,6,0.390019894,0.404431105,-18,0x3ecf1198,0.404431105,0x3f800000,1,0x3e9049f6,0.281814277,0x3e9049f6,0.281814277,00010,0,2,010,00100,1,0,00,0x3d024fb0,0.0318142772,0x3d024fb0,0.0318142772,0x80000000,-0
l2,0.0625,0,min-error,metric_min,exp1,0,1,1,0.390019894,0.404431105,0.390019894,0.404431105,0.014411211,96,raw-and-scaled,5,1,fp5_e1m3,fp5_e2m2,3,2,4,54,96,exp2,6,24,6,6,0.390019894,0.404431105,-18,0x3ecf1198,0.404431105,0x3f800000,1,0x3db982ac,0.0905812681,0x3db982ac,0.0905812681,00000,0,0,000,00001,0,1,01,0x3db982ac,0.0905812681,0x3ce60ab0,0.0280812681,0xbf800000,-1
l2,0.0625,0,min-error,metric_min,exp1,0,1,1,0.390019894,0.404431105,0.390019894,0.404431105,0.014411211,97,raw-and-scaled,5,1,fp5_e1m3,fp5_e2m2,3,2,4,54,97,exp2,6,24,6,6,0.390019894,0.404431105,-18,0x3ecf1198,0.404431105,0x3f800000,1,0x3cfeeabc,0.0311177894,0x3cfeeabc,0.0311177894,00000,0,0,000,00000,0,0,00,0x3cfeeabc,0.0311177894,0x3cfeeabc,0.0311177894,0x00000000,0
l2,0.0625,0,min-error,metric_min,exp1,0,1,1,0.390019894,0.404431105,0.390019894,0.404431105,0.014411211,98,raw-and-scaled,5,1,fp5_e1m3,fp5_e2m2,3,2,4,54,98,exp2,6,24,6,6,0.390019894,0.404431105,-18,0x3ecf1198,0.404431105,0x3f800000,1,0xbfa3cd04,-1.27969408,0xbfa3cd04,-1.27969408,11010,1,2,010,11101,3,1,01,0xbcf34100,-0.0296940804,0xbcf34100,-0.0296940804,0x00000000,0
l2,0.0625,0,min-error,metric_min,exp1,0,1,1,0.390019894,0.404431105,0.390019894,0.404431105,0.014411211,99,raw-and-scaled,5,1,fp5_e1m3,fp5_e2m2,3,2,4,54,99,exp2,6,24,6,6,0.390019894,0.404431105,-18,0x3ecf1198,0.404431105,0x3f800000,1,0xbc78a408,-0.0151758268,0xbc78a408,-0.0151758268,10000,0,0,000,10000,0,0,00,0xbc78a408,-0.0151758268,0xbc78a408,-0.0151758268,0x00000000,0
l2,0.0625,0,min-error,metric_min,exp1,0,1,1,0.390019894,0.404431105,0.390019894,0.404431105,0.014411211,100,raw-and-scaled,5,1,fp5_e1m3,fp5_e2m2,3,2,4,54,100,exp2,6,24,6,6,0.390019894,0.404431105,-18,0x3ecf1198,0.404431105,0x3f800000,1,0xbc66f47a,-0.0140963737,0xbc66f47a,-0.0140963737,10000,0,0,000,10000,0,0,00,0xbc66f47a,-0.0140963737,0xbc66f47a,-0.0140963737,0x00000000,0
l2,0.0625,0,min-error,metric_min,exp1,0,1,1,0.390019894,0.404431105,0.390019894,0.404431105,0.014411211,101,raw-and-scaled,5,1,fp5_e1m3,fp5_e2m2,3,2,4,54,101,exp2,6,24,6,6,0.390019894,0.404431105,-18,0x3ecf1198,0.404431105,0x3f800000,1,0xbb98c566,-0.0046622036,0xbb98c566,-0.0046622036,10000,0,0,000,10000,0,0,00,0xbb98c566,-0.0046622036,0xbb98c566,-0.0046622036,0x00000000,0
l2,0.0625,0,min-error,metric_min,exp1,0,1,1,0.390019894,0.404431105,0.390019894,0.404431105,0.014411211,102,raw-and-scaled,5,1,fp5_e1m3,fp5_e2m2,3,2,4,54,102,exp2,6,24,6,6,0.390019894,0.404431105,-18,0x3ecf1198,0.404431105,0x3f800000,1,0x3c61e580,0.0137876272,0x3c61e580,0.0137876272,00000,0,0,000,00000,0,0,00,0x3c61e580,0.0137876272,0x3c61e580,0.0137876272,0x00000000,0
l2,0.0625,0,min-error,metric_min,exp1,0,1,1,0.390019894,0.404431105,0.390019894,0.404431105,0.014411211,103,raw-and-scaled,5,1,fp5_e1m3,fp5_e2m2,3,2,4,54,103,exp2,6,24,6,6,0.390019894,0.404431105,-18,0x3ecf1198,0.404431105,0x3f800000,1,0xbf26af38,-0.651111126,0xbf26af38,-0.651111126,10101,0,5,101,11001,2,1,01,0xbcd5e700,-0.0261111259,0xbcd5e700,-0.0261111259,0x00000000,0
l2,0.0625,0,min-error,metric_min,exp1,0,1,1,0.390019894,0.404431105,0.390019894,0.404431105,0.014411211,104,raw-and-scaled,5,1,fp5_e1m3,fp5_e2m2,3,2,4,54,104,exp2,6,24,6,6,0.390019894,0.404431105,-18,0x3ecf1198,0.404431105,0x3f800000,1,0xbfe28166,-1.76957393,0xbfe28166,-1.76957393,11110,1,6,110,11111,3,3,11,0xbca05980,-0.0195739269,0xbca05980,-0.0195739269,0x00000000,0
l2,0.0625,0,min-error,metric_min,exp1,0,1,1,0.390019894,0.404431105,0.390019894,0.404431105,0.014411211,105,raw-and-scaled,5,1,fp5_e1m3,fp5_e2m2,3,2,4,54,105,exp2,6,24,6,6,0.390019894,0.404431105,-18,0x3ecf1198,0.404431105,0x3f800000,1,0xbc1a9b0d,-0.00943638105,0xbc1a9b0d,-0.00943638105,10000,0,0,000,10000,0,0,00,0xbc1a9b0d,-0.00943638105,0xbc1a9b0d,-0.00943638105,0x00000000,0
l2,0.0625,0,min-error,metric_min,exp1,0,1,1,0.390019894,0.404431105,0.390019894,0.404431105,0.014411211,106,raw-and-scaled,5,1,fp5_e1m3,fp5_e2m2,3,2,4,54,106,exp2,6,24,6,6,0.390019894,0.404431105,-18,0x3ecf1198,0.404431105,0x3f800000,1,0xbb50e7e4,-0.00318764988,0xbb50e7e4,-0.00318764988,10000,0,0,000,10000,0,0,00,0xbb50e7e4,-0.00318764988,0xbb50e7e4,-0.00318764988,0x00000000,0
l2,0.0625,0,min-error,metric_min,exp1,0,1,1,0.390019894,0.404431105,0.390019894,0.404431105,0.014411211,107,raw-and-scaled,5,1,fp5_e1m3,fp5_e2m2,3,2,4,54,107,exp2,6,24,6,6,0.390019894,0.404431105,-18,0x3ecf1198,0.404431105,0x3f800000,1,0x3ae3ff23,0.00173947623,0x3ae3ff23,0.00173947623,00000,0,0,000,00000,0,0,00,0x3ae3ff23,0.00173947623,0x3ae3ff23,0.00173947623,0x00000000,0
l2,0.0625,0,min-error,metric_min,exp1,0,1,1,0.390019894,0.404431105,0.390019894,0.404431105,0.014411211,108,raw-and-scaled,5,1,fp5_e1m3,fp5_e2m2,3,2,4,54,108,exp2,6,24,6,6,0.390019894,0.404431105,-18,0x3ecf1198,0.404431105,0x3f800000,1,0xbeef0358,-0.466822386,0xbeef0358,-0.466822386,10011,0,3,011,10111,1,3,11,0xbdbc0d60,-0.0918223858,0xbcf03580,-0.0293223858,0xbf800000,-1
l2,0.0625,0,min-error,metric_min,exp1,0,1,1,0.390019894,0.404431105,0.390019894,0.404431105,0.014411211,109,raw-and-scaled,5,1,fp5_e1m3,fp5_e2m2,3,2,4,54,109,exp2,6,24,6,6,0.390019894,0.404431105,-18,0x3ecf1198,0.404431105,0x3f800000,1,0xbf283264,-0.6570189,0xbf283264,-0.6570189,10101,0,5,101,11001,2,1,01,0xbd032640,-0.0320188999,0xbd032640,-0.0320188999,0x00000000,0
l2,0.0625,0,min-error,metric_min,exp1,0,1,1,0.390019894,0.404431105,0.390019894,0.404431105,0.014411211,110,raw-and-scaled,5,1,fp5_e1m3,fp5_e2m2,3,2,4,54,110,exp2,6,24,6,6,0.390019894,0.404431105,-18,0x3ecf1198,0.404431105,0x3f800000,1,0xbe65aa7c,-0.224283159,0xbe65aa7c,-0.224283159,10001,0,1,001,10011,0,3,11,0xbdcb54f8,-0.0992831588,0xbd16a9f0,-0.0367831588,0xbf800000,-1
l2,0.0625,0,min-error,metric_min,exp1,0,1,1,0.390019894,0.404431105,0.390019894,0.404431105,0.014411211,111,raw-and-scaled,5,1,fp5_e1m3,fp5_e2m2,3,2,4,54,111,exp2,6,24,6,6,0.390019894,0.404431105,-18,0x3ecf1198,0.404431105,0x3f800000,1,0x3b6dcc3a,0.00362850586,0x3b6dcc3a,0.00362850586,00000,0,0,000,00000,0,0,00,0x3b6dcc3a,0.00362850586,0x3b6dcc3a,0.00362850586,0x00000000,0
l2,0.0625,0,min-error,metric_min,exp1,0,1,1,0.390019894,0.404431105,0.390019894,0.404431105,0.014411211,112,raw-and-scaled,5,1,fp5_e1m3,fp5_e2m2,3,2,4,54,112,exp2,6,24,6,6,0.390019894,0.404431105,-18,0x3ecf1198,0.404431105,0x3f800000,1,0x3cafe004,0.0214691237,0x3cafe004,0.0214691237,00000,0,0,000,00000,0,0,00,0x3cafe004,0.0214691237,0x3cafe004,0.0214691237,0x00000000,0
l2,0.0625,0,min-error,metric_min,exp1,0,1,1,0.390019894,0.404431105,0.390019894,0.404431105,0.014411211,113,raw-and-scaled,5,1,fp5_e1m3,fp5_e2m2,3,2,4,54,113,exp2,6,24,6,6,0.390019894,0.404431105,-18,0x3ecf1198,0.404431105,0x3f800000,1,0xbfecb12a,-1.84915662,0xbfecb12a,-1.84915662,11110,1,6,110,11111,3,3,11,0xbdcb12a0,-0.0991566181,0xbdcb12a0,-0.0991566181,0x00000000,0
l2,0.0625,0,min-error,metric_min,exp1,0,1,1,0.390019894,0.404431105,0.390019894,0.404431105,0.014411211,114,raw-and-scaled,5,1,fp5_e1m3,fp5_e2m2,3,2,4,54,114,exp2,6,24,6,6,0.390019894,0.404431105,-18,0x3ecf1198,0.404431105,0x3f800000,1,0xbd32680b,-0.0435562544,0xbd32680b,-0.0435562544,10000,0,0,000,10000,0,0,00,0xbd32680b,-0.0435562544,0xbd32680b,-0.0435562544,0x00000000,0
l2,0.0625,0,min-error,metric_min,exp1,0,1,1,0.390019894,0.404431105,0.390019894,0.404431105,0.014411211,115,raw-and-scaled,5,1,fp5_e1m3,fp5_e2m2,3,2,4,54,115,exp2,6,24,6,6,0.390019894,0.404431105,-18,0x3ecf1198,0.404431105,0x3f800000,1,0xbf9b8be3,-1.2152065,0xbf9b8be3,-1.2152065,11001,1,1,001,11100,3,0,00,0xbdb8be30,-0.0902065039,0xbe5c5f18,-0.215206504,0x3f800000,1
l2,0.0625,0,min-error,metric_min,exp1,0,1,1,0.390019894,0.404431105,0.390019894,0.404431105,0.014411211,116,raw-and-scaled,5,1,fp5_e1m3,fp5_e2m2,3,2,4,54,116,exp2,6,24,6,6,0.390019894,0.404431105,-18,0x3ecf1198,0.404431105,0x3f800000,1,0xbd566c78,-0.0523495376,0xbd566c78,-0.0523495376,10000,0,0,000,10000,0,0,00,0xbd566c78,-0.0523495376,0xbd566c78,-0.0523495376,0x00000000,0
l2,0.0625,0,min-error,metric_min,exp1,0,1,1,0.390019894,0.404431105,0.390019894,0.404431105,0.014411211,117,raw-and-scaled,5,1,fp5_e1m3,fp5_e2m2,3,2,4,54,117,exp2,6,24,6,6,0.390019894,0.404431105,-18,0x3ecf1198,0.404431105,0x3f800000,1,0xbed1f324,-0.410058141,0xbed1f324,-0.410058141,10011,0,3,011,10110,1,2,10,0xbd0f9920,-0.0350581408,0xbd0f9920,-0.0350581408,0x80000000,-0
l2,0.0625,0,min-error,metric_min,exp1,0,1,1,0.390019894,0.404431105,0.390019894,0.404431105,0.014411211,118,raw-and-scaled,5,1,fp5_e1m3,fp5_e2m2,3,2,4,54,118,exp2,6,24,6,6,0.390019894,0.404431105,-18,0x3ecf1198,0.404431105,0x3f800000,1,0x3d05dc0d,0.0326805599,0x3d05dc0d,0.0326805599,00000,0,0,000,00000,0,0,00,0x3d05dc0d,0.0326805599,0x3d05dc0d,0.0326805599,0x00000000,0
l2,0.0625,0,min-error,metric_min,exp1,0,1,1,0.390019894,0.404431105,0.390019894,0.404431105,0.014411211,119,raw-and-scaled,5,1,fp5_e1m3,fp5_e2m2,3,2,4,54,119,exp2,6,24,6,6,0.390019894,0.404431105,-18,0x3ecf1198,0.404431105,0x3f800000,1,0xbea595ec,-0.323409438,0xbea595ec,-0.323409438,10010,0,2,010,10101,1,1,01,0xbd9657b0,-0.0734094381,0xbc32bd80,-0.0109094381,0xbf800000,-1
l2,0.0625,0,min-error,metric_min,exp1,0,1,1,0.390019894,0.404431105,0.390019894,0.404431105,0.014411211,120,raw-and-scaled,5,1,fp5_e1m3,fp5_e2m2,3,2,4,54,120,exp2,6,24,6,6,0.390019894,0.404431105,-18,0x3ecf1198,0.404431105,0x3f800000,1,0x3bb01fae,0.00537487026,0x3bb01fae,0.00537487026,00000,0,0,000,00000,0,0,00,0x3bb01fae,0.00537487026,0x3bb01fae,0.00537487026,0x00000000,0
l2,0.0625,0,min-error,metric_min,exp1,0,1,1,0.390019894,0.404431105,0.390019894,0.404431105,0.014411211,121,raw-and-scaled,5,1,fp5_e1m3,fp5_e2m2,3,2,4,54,121,exp2,6,24,6,6,0.390019894,0.404431105,-18,0x3ecf1198,0.404431105,0x3f800000,1,0x3f6a1a28,0.914461613,0x3f6a1a28,0.914461613,00111,0,7,111,01011,2,3,11,0x3d21a280,0.0394616127,0x3d21a280,0.0394616127,0x00000000,0
l2,0.0625,0,min-error,metric_min,exp1,0,1,1,0.390019894,0.404431105,0.390019894,0.404431105,0.014411211,122,raw-and-scaled,5,1,fp5_e1m3,fp5_e2m2,3,2,4,54,122,exp2,6,24,6,6,0.390019894,0.404431105,-18,0x3ecf1198,0.404431105,0x3f800000,1,0x3ebba72a,0.366509736,0x3ebba72a,0.366509736,00010,0,2,010,00101,1,1,01,0x3dee9ca8,0.116509736,0x3d5d3950,0.0540097356,0xbf800000,-1
l2,0.0625,0,min-error,metric_min,exp1,0,1,1,0.390019894,0.404431105,0.390019894,0.404431105,0.014411211,123,raw-and-scaled,5,1,fp5_e1m3,fp5_e2m2,3,2,4,54,123,exp2,6,24,6,6,0.390019894,0.404431105,-18,0x3ecf1198,0.404431105,0x3f800000,1,0xbd030463,-0.0319866054,0xbd030463,-0.0319866054,10000,0,0,000,10000,0,0,00,0xbd030463,-0.0319866054,0xbd030463,-0.0319866054,0x00000000,0
l2,0.0625,0,min-error,metric_min,exp1,0,1,1,0.390019894,0.404431105,0.390019894,0.404431105,0.014411211,124,raw-and-scaled,5,1,fp5_e1m3,fp5_e2m2,3,2,4,54,124,exp2,6,24,6,6,0.390019894,0.404431105,-18,0x3ecf1198,0.404431105,0x3f800000,1,0x3bca2715,0.00616920972,0x3bca2715,0.00616920972,00000,0,0,000,00000,0,0,00,0x3bca2715,0.00616920972,0x3bca2715,0.00616920972,0x00000000,0
l2,0.0625,0,min-error,metric_min,exp1,0,1,1,0.390019894,0.404431105,0.390019894,0.404431105,0.014411211,125,raw-and-scaled,5,1,fp5_e1m3,fp5_e2m2,3,2,4,54,125,exp2,6,24,6,6,0.390019894,0.404431105,-18,0x3ecf1198,0.404431105,0x3f800000,1,0x3fd0f7f4,1.63256693,0x3fd0f7f4,1.63256693,01101,1,5,101,01110,3,2,10,0x3bf7f400,0.00756692886,0x3e07bfa0,0.132566929,0x3f800000,1
l2,0.0625,0,min-error,metric_min,exp1,0,1,1,0.390019894,0.404431105,0.390019894,0.404431105,0.014411211,126,raw-and-scaled,5,1,fp5_e1m3,fp5_e2m2,3,2,4,54,126,exp2,6,24,6,6,0.390019894,0.404431105,-18,0x3ecf1198,0.404431105,0x3f800000,1,0x3f4a8583,0.791099727,0x3f4a8583,0.791099727,00110,0,6,110,01010,2,2,10,0x3d285830,0.0410997272,0x3d285830,0.0410997272,0x00000000,0
l2,0.0625,0,min-error,metric_min,exp1,0,1,1,0.390019894,0.404431105,0.390019894,0.404431105,0.014411211,127,raw-and-scaled,5,1,fp5_e1m3,fp5_e2m2,3,2,4,54,127,exp2,6,24,6,6,0.390019894,0.404431105,-18,0x3ecf1198,0.404431105,0x3f800000,1,0x3ff3b02e,1.90381408,0x3ff3b02e,1.90381408,01111,1,7,111,01111,3,3,11,0x3cec0b80,0.0288140774,0x3e1d8170,0.153814077,0x3f800000,1
l2,0.0625,0,min-error,metric_min,exp1,0,1,1,1.21048093,1.22365415,1.21048093,1.22365415,0.0131732225,0,raw-and-scaled,4,1,fp4_e1m2,fp4_e2m1,2,1,4,44,0,exp2,3,13,3,3,1.21048093,1.22365415,-10,0x3f9ca0b3,1.22365415,0x3f800000,1,0xbe004040,-0.125245094,0xbe004040,-0.125245094,1000,0,0,00,1001,0,1,1,0xbe004040,-0.125245094,0xb9808000,-0.000245094299,0xbf800000,-1
l2,0.0625,0,min-error,metric_min,exp1,0,1,1,1.21048093,1.22365415,1.21048093,1.22365415,0.0131732225,1,raw-and-scaled,4,1,fp4_e1m2,fp4_e2m1,2,1,4,44,1,exp2,3,13,3,3,1.21048093,1.22365415,-10,0x3f9ca0b3,1.22365415,0x3f800000,1,0xbf017f80,-0.505851746,0xbf017f80,-0.505851746,1010,0,2,10,1100,2,0,0,0xbbbfc000,-0.00585174561,0xbbbfc000,-0.00585174561,0x00000000,0
l2,0.0625,0,min-error,metric_min,exp1,0,1,1,1.21048093,1.22365415,1.21048093,1.22365415,0.0131732225,2,raw-and-scaled,4,1,fp4_e1m2,fp4_e2m1,2,1,4,44,2,exp2,3,13,3,3,1.21048093,1.22365415,-10,0x3f9ca0b3,1.22365415,0x3f800000,1,0x3f93fc00,1.15612793,0x3f93fc00,1.15612793,0100,1,0,00,0110,3,0,0,0x3e1fe000,0.15612793,0x3e1fe000,0.15612793,0x00000000,0
l2,0.0625,0,min-error,metric_min,exp1,0,1,1,1.21048093,1.22365415,1.21048093,1.22365415,0.0131732225,3,raw-and-scaled,4,1,fp4_e1m2,fp4_e2m1,2,1,4,44,3,exp2,3,13,3,3,1.21048093,1.22365415,-10,0x3f9ca0b3,1.22365415,0x3f800000,1,0xbf01c040,-0.506839752,0xbf01c040,-0.506839752,1010,0,2,10,1100,2,0,0,0xbbe02000,-0.0068397522,0xbbe02000,-0.0068397522,0x00000000,0
l2,0.0625,0,min-error,metric_min,exp1,0,1,1,1.21048093,1.22365415,1.21048093,1.22365415,0.0131732225,4,raw-and-scaled,4,1,fp4_e1m2,fp4_e2m1,2,1,4,44,4,exp2,3,13,3,3,1.21048093,1.22365415,-10,0x3f9ca0b3,1.22365415,0x3f800000,1,0xbc11fe00,-0.00891065598,0xbc11fe00,-0.00891065598,1000,0,0,00,1000,0,0,0,0xbc11fe00,-0.00891065598,0xbc11fe00,-0.00891065598,0x00000000,0
l2,0.0625,0,min-error,metric_min,exp1,0,1,1,1.21048093,1.22365415,1.21048093,1.22365415,0.0131732225,5,raw-and-scaled,4,1,fp4_e1m2,fp4_e2m1,2,1,4,44,5,exp2,3,13,3,3,1.21048093,1.22365415,-10,0x3f9ca0b3,1.22365415,0x3f800000,1,0x3bd7f800,0.0065908432,0x3bd7f800,0.0065908432,0000,0,0,00,0000,0,0,0,0x3bd7f800,0.0065908432,0x3bd7f800,0.0065908432,0x00000000,0
l2,0.0625,0,min-error,metric_min,exp1,0,1,1,1.21048093,1.22365415,1.21048093,1.22365415,0.0131732225,6,raw-and-scaled,4,1,fp4_e1m2,fp4_e2m1,2,1,4,44,6,exp2,3,13,3,3,1.21048093,1.22365415,-10,0x3f9ca0b3,1.22365415,0x3f800000,1,0xba99fe00,-0.00117486715,0xba99fe00,-0.00117486715,1000,0,0,00,1000,0,0,0,0xba99fe00,-0.00117486715,0xba99fe00,-0.00117486715,0x00000000,0
l2,0.0625,0,min-error,metric_min,exp1,0,1,1,1.21048093,1.22365415,1.21048093,1.22365415,0.0131732225,7,raw-and-scaled,4,1,fp4_e1m2,fp4_e2m1,2,1,4,44,7,exp2,3,13,3,3,1.21048093,1.22365415,-10,0x3f9ca0b3,1.22365415,0x3f800000,1,0xbb1e0200,-0.00241100788,0xbb1e0200,-0.00241100788,1000,0,0,00,1000,0,0,0,0xbb1e0200,-0.00241100788,0xbb1e0200,-0.00241100788,0x00000000,0
l2,0.0625,0,min-error,metric_min,exp1,0,1,1,1.21048093,1.22365415,1.21048093,1.22365415,0.0131732225,8,raw-and-scaled,4,1,fp4_e1m2,fp4_e2m1,2,1,4,44,8,exp2,3,13,3,3,1.21048093,1.22365415,-10,0x3f9ca0b3,1.22365415,0x3f800000,1,0xbd080800,-0.0332107544,0xbd080800,-0.0332107544,1000,0,0,00,1000,0,0,0,0xbd080800,-0.0332107544,0xbd080800,-0.0332107544,0x00000000,0
l2,0.0625,0,min-error,metric_min,exp1,0,1,1,1.21048093,1.22365415,1.21048093,1.22365415,0.0131732225,9,raw-and-scaled,4,1,fp4_e1m2,fp4_e2m1,2,1,4,44,9,exp2,3,13,3,3,1.21048093,1.22365415,-10,0x3f9ca0b3,1.22365415,0x3f800000,1,0xbaa5fe00,-0.00126641989,0xbaa5fe00,-0.00126641989,1000,0,0,00,1000,0,0,0,0xbaa5fe00,-0.00126641989,0xbaa5fe00,-0.00126641989,0x00000000,0
l2,0.0625,0,min-error,metric_min,exp1,0,1,1,1.21048093,1.22365415,1.21048093,1.22365415,0.0131732225,10,raw-and-scaled,4,1,fp4_e1m2,fp4_e2m1,2,1,4,44,10,exp2,3,13,3,3,1.21048093,1.22365415,-10,0x3f9ca0b3,1.22365415,0x3f800000,1,0x3e853fc0,0.260251999,0x3e853fc0,0.260251999,0001,0,1,01,0010,1,0,0,0x3c27f800,0.0102519989,0x3c27f800,0.0102519989,0x80000000,-0
l2,0.0625,0,min-error,metric_min,exp1,0,1,1,1.21048093,1.22365415,1.21048093,1.22365415,0.0131732225,11,raw-and-scaled,4,1,fp4_e1m2,fp4_e2m1,2,1,4,44,11,exp2,3,13,3,3,1.21048093,1.22365415,-10,0x3f9ca0b3,1.22365415,0x3f800000,1,0x3e380800,0.179718018,0x3e380800,0.179718018,0000,0,0,00,0001,0,1,1,0x3e380800,0.179718018,0x3d602000,0.0547180176,0xbf800000,-1
l2,0.0625,0,min-error,metric_min,exp1,0,1,1,1.21048093,1.22365415,1.21048093,1.22365415,0.0131732225,12,raw-and-scaled,4,1,fp4_e1m2,fp4_e2m1,2,1,4,44,12,exp2,3,13,3,3,1.21048093,1.22365415,-10,0x3f9ca0b3,1.22365415,0x3f800000,1,0xbdc7f800,-0.0976409912,0xbdc7f800,-0.0976409912,1000,0,0,00,1000,0,0,0,0xbdc7f800,-0.0976409912,0xbdc7f800,-0.0976409912,0x00000000,0
l2,0.0625,0,min-error,metric_min,exp1,0,1,1,1.21048093,1.22365415,1.21048093,1.22365415,0.0131732225,13,raw-and-scaled,4,1,fp4_e1m2,fp4_e2m1,2,1,4,44,13,exp2,3,13,3,3,1.21048093,1.22365415,-10,0x3f9ca0b3,1.22365415,0x3f800000,1,0xbf06bfc0,-0.526363373,0xbf06bfc0,-0.526363373,1010,0,2,10,1100,2,0,0,0xbcd7f800,-0.0263633728,0xbcd7f800,-0.0263633728,0x00000000,0
l2,0.0625,0,min-error,metric_min,exp1,0,1,1,1.21048093,1.22365415,1.21048093,1.22365415,0.0131732225,14,raw-and-scaled,4,1,fp4_e1m2,fp4_e2m1,2,1,4,44,14,exp2,3,13,3,3,1.21048093,1.22365415,-10,0x3f9ca0b3,1.22365415,0x3f800000,1,0x3af3fc00,0.00186145306,0x3af3fc00,0.00186145306,0000,0,0,00,0000,0,0,0,0x3af3fc00,0.00186145306,0x3af3fc00,0.00186145306,0x00000000,0
l2,0.0625,0,min-error,metric_min,exp1,0,1,1,1.21048093,1.22365415,1.21048093,1.22365415,0.0131732225,15,raw-and-scaled,4,1,fp4_e1m2,fp4_e2m1,2,1,4,44,15,exp2,3,13,3,3,1.21048093,1.22365415,-10,0x3f9ca0b3,1.22365415,0x3f800000,1,0x3f780800,0.96887207,0x3f780800,0.96887207,0011,0,3,11,0101,2,1,1,0x3e602000,0.21887207,0x3e602000,0.21887207,0x00000000,0
l2,0.0625,0,min-error,metric_min,exp1,0,1,1,1.21048093,1.22365415,1.21048093,1.22365415,0.0131732225,16,raw-and-scaled,4,1,fp4_e1m2,fp4_e2m1,2,1,4,44,16,exp2,3,13,3,3,1.21048093,1.22365415,-10,0x3f9ca0b3,1.22365415,0x3f800000,1,0xbd880800,-0.0664215088,0xbd880800,-0.0664215088,1000,0,0,00,1000,0,0,0,0xbd880800,-0.0664215088,0xbd880800,-0.0664215088,0x00000000,0
l2,0.0625,0,min-error,metric_min,exp1,0,1,1,1.21048093,1.22365415,1.21048093,1.22365415,0.0131732225,17,raw-and-scaled,4,1,fp4_e1m2,fp4_e2m1,2,1,4,44,17,exp2,3,13,3,3,1.21048093,1.22365415,-10,0x3f9ca0b3,1.22365415,0x3f800000,1,0x3c08bfc0,0.00834649801,0x3c08bfc0,0.00834649801,0000,0,0,00,0000,0,0,0,0x3c08bfc0,0.00834649801,0x3c08bfc0,0.00834649801,0x00000000,0
l2,0.0625,0,min-error,metric_min,exp1,0,1,1,1.21048093,1.22365415,1.21048093,1.22365415,0.0131732225,18,raw-and-scaled,4,1,fp4_e1m2,fp4_e2m1,2,1,4,44,18,exp2,3,13,3,3,1.21048093,1.22365415,-10,0x3f9ca0b3,1.22365415,0x3f800000,1,0x3da7f800,0.0820159912,0x3da7f800,0.0820159912,0000,0,0,00,0000,0,0,0,0x3da7f800,0.0820159912,0x3da7f800,0.0820159912,0x00000000,0
l2,0.0625,0,min-error,metric_min,exp1,0,1,1,1.21048093,1.22365415,1.21048093,1.22365415,0.0131732225,19,raw-and-scaled,4,1,fp4_e1m2,fp4_e2m1,2,1,4,44,19,exp2,3,13,3,3,1.21048093,1.22365415,-10,0x3f9ca0b3,1.22365415,0x3f800000,1,0x3acdfe00,0.00157159567,0x3acdfe00,0.00157159567,0000,0,0,00,0000,0,0,0,0x3acdfe00,0.00157159567,0x3acdfe00,0.00157159567,0x00000000,0
l2,0.0625,0,min-error,metric_min,exp1,0,1,1,1.21048093,1.22365415,1.21048093,1.22365415,0.0131732225,20,raw-and-scaled,4,1,fp4_e1m2,fp4_e2m1,2,1,4,44,20,exp2,3,13,3,3,1.21048093,1.22365415,-10,0x3f9ca0b3,1.22365415,0x3f800000,1,0xbb8a3fc0,-0.00421902537,0xbb8a3fc0,-0.00421902537,1000,0,0,00,1000,0,0,0,0xbb8a3fc0,-0.00421902537,0xbb8a3fc0,-0.00421902537,0x00000000,0
l2,0.0625,0,min-error,metric_min,exp1,0,1,1,1.21048093,1.22365415,1.21048093,1.22365415,0.0131732225,21,raw-and-scaled,4,1,fp4_e1m2,fp4_e2m1,2,1,4,44,21,exp2,3,13,3,3,1.21048093,1.22365415,-10,0x3f9ca0b3,1.22365415,0x3f800000,1,0xbb57f800,-0.0032954216,0xbb57f800,-0.0032954216,1000,0,0,00,1000,0,0,0,0xbb57f800,-0.0032954216,0xbb57f800,-0.0032954216,0x00000000,0
l2,0.0625,0,min-error,metric_min,exp1,0,1,1,1.21048093,1.22365415,1.21048093,1.22365415,0.0131732225,22,raw-and-scaled,4,1,fp4_e1m2,fp4_e2m1,2,1,4,44,22,exp2,3,13,3,3,1.21048093,1.22365415,-10,0x3f9ca0b3,1.22365415,0x3f800000,1,0xbe2cff00,-0.168941498,0xbe2cff00,-0.168941498,1000,0,0,00,1001,0,1,1,0xbe2cff00,-0.168941498,0xbd33fc00,-0.0439414978,0xbf800000,-1
l2,0.0625,0,min-error,metric_min,exp1,0,1,1,1.21048093,1.22365415,1.21048093,1.22365415,0.0131732225,23,raw-and-scaled,4,1,fp4_e1m2,fp4_e2m1,2,1,4,44,23,exp2,3,13,3,3,1.21048093,1.22365415,-10,0x3f9ca0b3,1.22365415,0x3f800000,1,0x3d977f80,0.0739736557,0x3d977f80,0.0739736557,0000,0,0,00,0000,0,0,0,0x3d977f80,0.0739736557,0x3d977f80,0.0739736557,0x00000000,0
l2,0.0625,0,min-error,metric_min,exp1,0,1,1,1.21048093,1.22365415,1.21048093,1.22365415,0.0131732225,24,raw-and-scaled,4,1,fp4_e1m2,fp4_e2m1,2,1,4,44,24,exp2,3,13,3,3,1.21048093,1.22365415,-10,0x3f9ca0b3,1.22365415,0x3f800000,1,0xbc310100,-0.0108034611,0xbc310100,-0.0108034611,1000,0,0,00,1000,0,0,0,0xbc310100,-0.0108034611,0xbc310100,-0.0108034611,0x00000000,0
l2,0.0625,0,min-error,metric_min,exp1,0,1,1,1.21048093,1.22365415,1.21048093,1.22365415,0.0131732225,25,raw-and-scaled,4,1,fp4_e1m2,fp4_e2m1,2,1,4,44,25,exp2,3,13,3,3,1.21048093,1.22365415,-10,0x3f9ca0b3,1.22365415,0x3f800000,1,0x3acbfc00,0.00155627728,0x3acbfc00,0.00155627728,0000,0,0,00,0000,0,0,0,0x3acbfc00,0.00155627728,0x3acbfc00,0.00155627728,0x00000000,0
l2,0.0625,0,min-error,metric_min,exp1,0,1,1,1.21048093,1.22365415,1.21048093,1.22365415,0.0131732225,26,raw-and-scaled,4,1,fp4_e1m2,fp4_e2m1,2,1,4,44,26,exp2,3,13,3,3,1.21048093,1.22365415,-10,0x3f9ca0b3,1.22365415,0x3f800000,1,0xbe8d4040,-0.275880814,0xbe8d4040,-0.275880814,1001,0,1,01,1010,1,0,0,0xbcd40400,-0.0258808136,0xbcd40400,-0.0258808136,0x80000000,-0
l2,0.0625,0,min-error,metric_min,exp1,0,1,1,1.21048093,1.22365415,1.21048093,1.22365415,0.0131732225,27,raw-and-scaled,4,1,fp4_e1m2,fp4_e2m1,2,1,4,44,27,exp2,3,13,3,3,1.21048093,1.22365415,-10,0x3f9ca0b3,1.22365415,0x3f800000,1,0x3e380800,0.179718018,0x3e380800,0.179718018,0000,0,0,00,0001,0,1,1,0x3e380800,0.179718018,0x3d602000,0.0547180176,0xbf800000,-1
l2,0.0625,0,min-error,metric_min,exp1,0,1,1,1.21048093,1.22365415,1.21048093,1.22365415,0.0131732225,28,raw-and-scaled,4,1,fp4_e1m2,fp4_e2m1,2,1,4,44,28,exp2,3,13,3,3,1.21048093,1.22365415,-10,0x3f9ca0b3,1.22365415,0x3f800000,1,0x3b8e3fc0,0.00434109569,0x3b8e3fc0,0.00434109569,0000,0,0,00,0000,0,0,0,0x3b8e3fc0,0.00434109569,0x3b8e3fc0,0.00434109569,0x00000000,0
l2,0.0625,0,min-error,metric_min,exp1,0,1,1,1.21048093,1.22365415,1.21048093,1.22365415,0.0131732225,29,raw-and-scaled,4,1,fp4_e1m2,fp4_e2m1,2,1,4,44,29,exp2,3,13,3,3,1.21048093,1.22365415,-10,0x3f9ca0b3,1.22365415,0x3f800000,1,0xba9d8080,-0.00120164454,0xba9d8080,-0.00120164454,1000,0,0,00,1000,0,0,0,0xba9d8080,-0.00120164454,0xba9d8080,-0.00120164454,0x00000000,0
l2,0.0625,0,min-error,metric_min,exp1,0,1,1,1.21048093,1.22365415,1.21048093,1.22365415,0.0131732225,30,raw-and-scaled,4,1,fp4_e1m2,fp4_e2m1,2,1,4,44,30,exp2,3,13,3,3,1.21048093,1.22365415,-10,0x3f9ca0b3,1.22365415,0x3f800000,1,0xbc0f4040,-0.00874334574,0xbc0f4040,-0.00874334574,1000,0,0,00,1000,0,0,0,0xbc0f4040,-0.00874334574,0xbc0f4040,-0.00874334574,0x00000000,0
l2,0.0625,0,min-error,metric_min,exp1,0,1,1,1.21048093,1.22365415,1.21048093,1.22365415,0.0131732225,31,raw-and-scaled,4,1,fp4_e1m2,fp4_e2m1,2,1,4,44,31,exp2,3,13,3,3,1.21048093,1.22365415,-10,0x3f9ca0b3,1.22365415,0x3f800000,1,0xbf8fbfc0,-1.12303925,0xbf8fbfc0,-1.12303925,1100,1,0,00,1110,3,0,0,0xbdfbfc00,-0.123039246,0xbdfbfc00,-0.123039246,0x00000000,0
l2,0.0625,0,min-error,metric_min,exp1,0,1,1,1.21048093,1.22365415,1.21048093,1.22365415,0.0131732225,32,raw-and-scaled,4,1,fp4_e1m2,fp4_e2m1,2,1,4,44,32,exp2,3,13,3,3,1.21048093,1.22365415,-10,0x3f9ca0b3,1.22365415,0x3f800000,1,0xbe840400,-0.257843018,0xbe840400,-0.257843018,1001,0,1,01,1010,1,0,0,0xbc008000,-0.00784301758,0xbc008000,-0.00784301758,0x80000000,-0
l2,0.0625,0,min-error,metric_min,exp1,0,1,1,1.21048093,1.22365415,1.21048093,1.22365415,0.0131732225,33,raw-and-scaled,4,1,fp4_e1m2,fp4_e2m1,2,1,4,44,33,exp2,3,13,3,3,1.21048093,1.22365415,-10,0x3f9ca0b3,1.22365415,0x3f800000,1,0xbda18080,-0.0788583755,0xbda18080,-0.0788583755,1000,0,0,00,1000,0,0,0,0xbda18080,-0.0788583755,0xbda18080,-0.0788583755,0x00000000,0
l2,0.0625,0,min-error,metric_min,exp1,0,1,1,1.21048093,1.22365415,1.21048093,1.22365415,0.0131732225,34,raw-and-scaled,4,1,fp4_e1m2,fp4_e2m1,2,1,4,44,34,exp2,3,13,3,3,1.21048093,1.22365415,-10,0x3f9ca0b3,1.22365415,0x3f800000,1,0xbca28080,-0.0198366642,0xbca28080,-0.0198366642,1000,0,0,00,1000,0,0,0,0xbca28080,-0.0198366642,0xbca28080,-0.0198366642,0x00000000,0
l2,0.0625,0,min-error,metric_min,exp1,0,1,1,1.21048093,1.22365415,1.21048093,1.22365415,0.0131732225,35,raw-and-scaled,4,1,fp4_e1m2,fp4_e2m1,2,1,4,44,35,exp2,3,13,3,3,1.21048093,1.22365415,-10,0x3f9ca0b3,1.22365415,0x3f800000,1,0xbd46ff00,-0.0485830307,0xbd46ff00,-0.0485830307,1000,0,0,00,1000,0,0,0,0xbd46ff00,-0.0485830307,0xbd46ff00,-0.0485830307,0x00000000,0
l2,0.0625,0,min-error,metric_min,exp1,0,1,1,1.21048093,1.22365415,1.21048093,1.22365415,0.0131732225,36,raw-and-scaled,4,1,fp4_e1m2,fp4_e2m1,2,1,4,44,36,exp2,3,13,3,3,1.21048093,1.22365415,-10,0x3f9ca0b3,1.22365415,0x3f800000,1,0xbca48080,-0.0200808048,0xbca48080,-0.0200808048,1000,0,0,00,1000,0,0,0,0xbca48080,-0.0200808048,0xbca48080,-0.0200808048,0x00000000,0
l2,0.0625,0,min-error,metric_min,exp1,0,1,1,1.21048093,1.22365415,1.21048093,1.22365415,0.0131732225,37,raw-and-scaled,4,1,fp4_e1m2,fp4_e2m1,2,1,4,44,37,exp2,3,13,3,3,1.21048093,1.22365415,-10,0x3f9ca0b3,1.22365415,0x3f800000,1,0x3d960200,0.0732460022,0x3d960200,0.0732460022,0000,0,0,00,0000,0,0,0,0x3d960200,0.0732460022,0x3d960200,0.0732460022,0x00000000,0
l2,0.0625,0,min-error,metric_min,exp1,0,1,1,1.21048093,1.22365415,1.21048093,1.22365415,0.0131732225,38,raw-and-scaled,4,1,fp4_e1m2,fp4_e2m1,2,1,4,44,38,exp2,3,13,3,3,1.21048093,1.22365415,-10,0x3f9ca0b3,1.22365415,0x3f800000,1,0xbd1a0200,-0.0375995636,0xbd1a0200,-0.0375995636,1000,0,0,00,1000,0,0,0,0xbd1a0200,-0.0375995636,0xbd1a0200,-0.0375995636,0x00000000,0
l2,0.0625,0,min-error,metric_min,exp1,0,1,1,1.21048093,1.22365415,1.21048093,1.22365415,0.0131732225,39,raw-and-scaled,4,1,fp4_e1m2,fp4_e2m1,2,1,4,44,39,exp2,3,13,3,3,1.21048093,1.22365415,-10,0x3f9ca0b3,1.22365415,0x3f800000,1,0x3c4eff00,0.0126340389,0x3c4eff00,0.0126340389,0000,0,0,00,0000,0,0,0,0x3c4eff00,0.0126340389,0x3c4eff00,0.0126340389,0x00000000,0
l2,0.0625,0,min-error,metric_min,exp1,0,1,1,1.21048093,1.22365415,1.21048093,1.22365415,0.0131732225,40,raw-and-scaled,4,1,fp4_e1m2,fp4_e2m1,2,1,4,44,40,exp2,3,13,3,3,1.21048093,1.22365415,-10,0x3f9ca0b3,1.22365415,0x3f800000,1,0xbb080800,-0.00207567215,0xbb080800,-0.00207567215,1000,0,0,00,1000,0,0,0,0xbb080800,-0.00207567215,0xbb080800,-0.00207567215,0x00000000,0
l2,0.0625,0,min-error,metric_min,exp1,0,1,1,1.21048093,1.22365415,1.21048093,1.22365415,0.0131732225,41,raw-and-scaled,4,1,fp4_e1m2,fp4_e2m1,2,1,4,44,41,exp2,3,13,3,3,1.21048093,1.22365415,-10,0x3f9ca0b3,1.22365415,0x3f800000,1,0x3acbfc00,0.00155627728,0x3acbfc00,0.00155627728,0000,0,0,00,0000,0,0,0,0x3acbfc00,0.00155627728,0x3acbfc00,0.00155627728,0x00000000,0
l2,0.0625,0,min-error,metric_min,exp1,0,1,1,1.21048093,1.22365415,1.21048093,1.22365415,0.0131732225,42,raw-and-scaled,4,1,fp4_e1m2,fp4_e2m1,2,1,4,44,42,exp2,3,13,3,3,1.21048093,1.22365415,-10,0x3f9ca0b3,1.22365415,0x3f800000,1,0x3e954040,0.291505814,0x3e954040,0.291505814,0001,0,1,01,0010,1,0,0,0x3d2a0200,0.0415058136,0x3d2a0200,0.0415058136,0x80000000,-0
l2,0.0625,0,min-error,metric_min,exp1,0,1,1,1.21048093,1.22365415,1.21048093,1.22365415,0.0131732225,43,raw-and-scaled,4,1,fp4_e1m2,fp4_e2m1,2,1,4,44,43,exp2,3,13,3,3,1.21048093,1.22365415,-10,0x3f9ca0b3,1.22365415,0x3f800000,1,0x3adc0400,0.00167858601,0x3adc0400,0.00167858601,0000,0,0,00,0000,0,0,0,0x3adc0400,0.00167858601,0x3adc0400,0.00167858601,0x00000000,0
l2,0.0625,0,min-error,metric_min,exp1,0,1,1,1.21048093,1.22365415,1.21048093,1.22365415,0.0131732225,44,raw-and-scaled,4,1,fp4_e1m2,fp4_e2m1,2,1,4,44,44,exp2,3,13,3,3,1.21048093,1.22365415,-10,0x3f9ca0b3,1.22365415,0x3f800000,1,0xbcb20200,-0.0217294693,0xbcb20200,-0.0217294693,1000,0,0,00,1000,0,0,0,0xbcb20200,-0.0217294693,0xbcb20200,-0.0217294693,0x00000000,0
l2,0.0625,0,min-error,metric_min,exp1,0,1,1,1.21048093,1.22365415,1.21048093,1.22365415,0.0131732225,45,raw-and-scaled,4,1,fp4_e1m2,fp4_e2m1,2,1,4,44,45,exp2,3,13,3,3,1.21048093,1.22365415,-10,0x3f9ca0b3,1.22365415,0x3f800000,1,0x3fdaff00,1.71090698,0x3fdaff00,1.71090698,0110,1,2,10,0111,3,1,1,0x3e57f800,0.210906982,0x3e57f800,0.210906982,0x00000000,0
l2,0.0625,0,min-error,metric_min,exp1,0,1,1,1.21048093,1.22365415,1.21048093,1.22365415,0.0131732225,46,raw-and-scaled,4,1,fp4_e1m2,fp4_e2m1,2,1,4,44,46,exp2,3,13,3,3,1.21048093,1.22365415,-10,0x3f9ca0b3,1.22365415,0x3f800000,1,0x3e2e7f80,0.170408249,0x3e2e7f80,0.170408249,0000,0,0,00,0001,0,1,1,0x3e2e7f80,0.170408249,0x3d39fe00,0.0454082489,0xbf800000,-1
l2,0.0625,0,min-error,metric_min,exp1,0,1,1,1.21048093,1.22365415,1.21048093,1.22365415,0.0131732225,47,raw-and-scaled,4,1,fp4_e1m2,fp4_e2m1,2,1,4,44,47,exp2,3,13,3,3,1.21048093,1.22365415,-10,0x3f9ca0b3,1.22365415,0x3f800000,1,0xbcf80800,-0.0302772522,0xbcf80800,-0.0302772522,1000,0,0,00,1000,0,0,0,0xbcf80800,-0.0302772522,0xbcf80800,-0.0302772522,0x00000000,0
l2,0.0625,0,min-error,metric_min,exp1,0,1,1,1.21048093,1.22365415,1.21048093,1.22365415,0.0131732225,48,raw-and-scaled,4,1,fp4_e1m2,fp4_e2m1,2,1,4,44,48,exp2,3,13,3,3,1.21048093,1.22365415,-10,0x3f9ca0b3,1.22365415,0x3f800000,1,0x3a984040,0.00116158277,0x3a984040,0.00116158277,0000,0,0,00,0000,0,0,0,0x3a984040,0.00116158277,0x3a984040,0.00116158277,0x00000000,0
l2,0.0625,0,min-error,metric_min,exp1,0,1,1,1.21048093,1.22365415,1.21048093,1.22365415,0.0131732225,49,raw-and-scaled,4,1,fp4_e1m2,fp4_e2m1,2,1,4,44,49,exp2,3,13,3,3,1.21048093,1.22365415,-10,0x3f9ca0b3,1.22365415,0x3f800000,1,0xbae30100,-0.00173190236,0xbae30100,-0.00173190236,1000,0,0,00,1000,0,0,0,0xbae30100,-0.00173190236,0xbae30100,-0.00173190236,0x00000000,0
l2,0.0625,0,min-error,metric_min,exp1,0,1,1,1.21048093,1.22365415,1.21048093,1.22365415,0.0131732225,50,raw-and-scaled,4,1,fp4_e1m2,fp4_e2m1,2,1,4,44,50,exp2,3,13,3,3,1.21048093,1.22365415,-10,0x3f9ca0b3,1.22365415,0x3f800000,1,0x3d650100,0.0559091568,0x3d650100,0.0559091568,0000,0,0,00,0000,0,0,0,0x3d650100,0.0559091568,0x3d650100,0.0559091568,0x00000000,0
l2,0.0625,0,min-error,metric_min,exp1,0,1,1,1.21048093,1.22365415,1.21048093,1.22365415,0.0131732225,51,raw-and-scaled,4,1,fp4_e1m2,fp4_e2m1,2,1,4,44,51,exp2,3,13,3,3,1.21048093,1.22365415,-10,0x3f9ca0b3,1.22365415,0x3f800000,1,0x3e4e0200,0.201179504,0x3e4e0200,0.201179504,0000,0,0,00,0001,0,1,1,0x3e4e0200,0.201179504,0x3d9c0400,0.0761795044,0xbf800000,-1
l2,0.0625,0,min-error,metric_min,exp1,0,1,1,1.21048093,1.22365415,1.21048093,1.22365415,0.0131732225,52,raw-and-scaled,4,1,fp4_e1m2,fp4_e2m1,2,1,4,44,52,exp2,3,13,3,3,1.21048093,1.22365415,-10,0x3f9ca0b3,1.22365415,0x3f800000,1,0x3bb47f80,0.00550836325,0x3bb47f80,0.00550836325,0000,0,0,00,0000,0,0,0,0x3bb47f80,0.00550836325,0x3bb47f80,0.00550836325,0x00000000,0
l2,0.0625,0,min-error,metric_min,exp1,0,1,1,1.21048093,1.22365415,1.21048093,1.22365415,0.0131732225,53,raw-and-scaled,4,1,fp4_e1m2,fp4_e2m1,2,1,4,44,53,exp2,3,13,3,3,1.21048093,1.22365415,-10,0x3f9ca0b3,1.22365415,0x3f800000,1,0x3e2c0400,0.167984009,0x3e2c0400,0.167984009,0000,0,0,00,0001,0,1,1,0x3e2c0400,0.167984009,0x3d301000,0.0429840088,0xbf800000,-1
l2,0.0625,0,min-error,metric_min,exp1,0,1,1,1.21048093,1.22365415,1.21048093,1.22365415,0.0131732225,54,raw-and-scaled,4,1,fp4_e1m2,fp4_e2m1,2,1,4,44,54,exp2,3,13,3,3,1.21048093,1.22365415,-10,0x3f9ca0b3,1.22365415,0x3f800000,1,0x3f6d0100,0.925796509,0x3f6d0100,0.925796509,0011,0,3,11,0101,2,1,1,0x3e340400,0.175796509,0x3e340400,0.175796509,0x00000000,0
l2,0.0625,0,min-error,metric_min,exp1,0,1,1,1.21048093,1.22365415,1.21048093,1.22365415,0.0131732225,55,raw-and-scaled,4,1,fp4_e1m2,fp4_e2m1,2,1,4,44,55,exp2,3,13,3,3,1.21048093,1.22365415,-10,0x3f9ca0b3,1.22365415,0x3f800000,1,0xbaf7f800,-0.00189185143,0xbaf7f800,-0.00189185143,1000,0,0,00,1000,0,0,0,0xbaf7f800,-0.00189185143,0xbaf7f800,-0.00189185143,0x00000000,0
l2,0.0625,0,min-error,metric_min,exp1,0,1,1,1.21048093,1.22365415,1.21048093,1.22365415,0.0131732225,56,raw-and-scaled,4,1,fp4_e1m2,fp4_e2m1,2,1,4,44,56,exp2,3,13,3,3,1.21048093,1.22365415,-10,0x3f9ca0b3,1.22365415,0x3f800000,1,0x3bb87f80,0.00563043356,0x3bb87f80,0.00563043356,0000,0,0,00,0000,0,0,0,0x3bb87f80,0.00563043356,0x3bb87f80,0.00563043356,0x00000000,0
l2,0.0625,0,min-error,metric_min,exp1,0,1,1,1.21048093,1.22365415,1.21048093,1.22365415,0.0131732225,57,raw-and-scaled,4,1,fp4_e1m2,fp4_e2m1,2,1,4,44,57,exp2,3,13,3,3,1.21048093,1.22365415,-10,0x3f9ca0b3,1.22365415,0x3f800000,1,0x3c9cbfc0,0.0191344023,0x3c9cbfc0,0.0191344023,0000,0,0,00,0000,0,0,0,0x3c9cbfc0,0.0191344023,0x3c9cbfc0,0.0191344023,0x00000000,0
l2,0.0625,0,min-error,metric_min,exp1,0,1,1,1.21048093,1.22365415,1.21048093,1.22365415,0.0131732225,58,raw-and-scaled,4,1,fp4_e1m2,fp4_e2m1,2,1,4,44,58,exp2,3,13,3,3,1.21048093,1.22365415,-10,0x3f9ca0b3,1.22365415,0x3f800000,1,0xbeba8080,-0.364261627,0xbeba8080,-0.364261627,1001,0,1,01,1010,1,0,0,0xbdea0200,-0.114261627,0xbdea0200,-0.114261627,0x80000000,-0
l2,0.0625,0,min-error,metric_min,exp1,0,1,1,1.21048093,1.22365415,1.21048093,1.22365415,0.0131732225,59,raw-and-scaled,4,1,fp4_e1m2,fp4_e2m1,2,1,4,44,59,exp2,3,13,3,3,1.21048093,1.22365415,-10,0x3f9ca0b3,1.22365415,0x3f800000,1,0xbd6dfe00,-0.0581035614,0xbd6dfe00,-0.0581035614,1000,0,0,00,1000,0,0,0,0xbd6dfe00,-0.0581035614,0xbd6dfe00,-0.0581035614,0x00000000,0
l2,0.0625,0,min-error,metric_min,exp1,0,1,1,1.21048093,1.22365415,1.21048093,1.22365415,0.0131732225,60,raw-and-scaled,4,1,fp4_e1m2,fp4_e2m1,2,1,4,44,60,exp2,3,13,3,3,1.21048093,1.22365415,-10,0x3f9ca0b3,1.22365415,0x3f800000,1,0x3dbc8080,0.0920419693,0x3dbc8080,0.0920419693,0000,0,0,00,0000,0,0,0,0x3dbc8080,0.0920419693,0x3dbc8080,0.0920419693,0x00000000,0
l2,0.0625,0,min-error,metric_min,exp1,0,1,1,1.21048093,1.22365415,1.21048093,1.22365415,0.0131732225,61,raw-and-scaled,4,1,fp4_e1m2,fp4_e2m1,2,1,4,44,61,exp2,3,13,3,3,1.21048093,1.22365415,-10,0x3f9ca0b3,1.22365415,0x3f800000,1,0x3fbd7f80,1.48045349,0x3fbd7f80,1.48045349,0101,1,1,01,0110,3,0,0,0x3e6bfc00,0.230453491,0x3ef5fe00,0.480453491,0x3f800000,1
l2,0.0625,0,min-error,metric_min,exp1,0,1,1,1.21048093,1.22365415,1.21048093,1.22365415,0.0131732225,62,raw-and-scaled,4,1,fp4_e1m2,fp4_e2m1,2,1,4,44,62,exp2,3,13,3,3,1.21048093,1.22365415,-10,0x3f9ca0b3,1.22365415,0x3f800000,1,0x3ff9fe00,1.95306396,0x3ff9fe00,1.95306396,0111,1,3,11,0111,3,1,1,0x3e4ff000,0.203063965,0x3ee7f800,0.453063965,0x3f800000,1
l2,0.0625,0,min-error,metric_min,exp1,0,1,1,1.21048093,1.22365415,1.21048093,1.22365415,0.0131732225,63,raw-and-scaled,4,1,fp4_e1m2,fp4_e2m1,2,1,4,44,63,exp2,3,13,3,3,1.21048093,1.22365415,-10,0x3f9ca0b3,1.22365415,0x3f800000,1,0xbf7e0200,-0.992218018,0xbf7e0200,-0.992218018,1011,0,3,11,1101,2,1,1,0xbe780800,-0.242218018,0xbe780800,-0.242218018,0x00000000,0
l2,0.0625,0,min-error,metric_min,exp1,0,1,1,1.21048093,1.22365415,1.21048093,1.22365415,0.0131732225,64,raw-and-scaled,4,1,fp4_e1m2,fp4_e2m1,2,1,4,44,64,exp2,3,13,3,3,1.21048093,1.22365415,-10,0x3f9ca0b3,1.22365415,0x3f800000,1,0x3c840400,0.0161151886,0x3c840400,0.0161151886,0000,0,0,00,0000,0,0,0,0x3c840400,0.0161151886,0x3c840400,0.0161151886,0x00000000,0
l2,0.0625,0,min-error,metric_min,exp1,0,1,1,1.21048093,1.22365415,1.21048093,1.22365415,0.0131732225,65,raw-and-scaled,4,1,fp4_e1m2,fp4_e2m1,2,1,4,44,65,exp2,3,13,3,3,1.21048093,1.22365415,-10,0x3f9ca0b3,1.22365415,0x3f800000,1,0x3d980800,0.0742340088,0x3d980800,0.0742340088,0000,0,0,00,0000,0,0,0,0x3d980800,0.0742340088,0x3d980800,0.0742340088,0x00000000,0
l2,0.0625,0,min-error,metric_min,exp1,0,1,1,1.21048093,1.22365415,1.21048093,1.22365415,0.0131732225,66,raw-and-scaled,4,1,fp4_e1m2,fp4_e2m1,2,1,4,44,66,exp2,3,13,3,3,1.21048093,1.22365415,-10,0x3f9ca0b3,1.22365415,0x3f800000,1,0xbe940400,-0.289093018,0xbe940400,-0.289093018,1001,0,1,01,1010,1,0,0,0xbd202000,-0.0390930176,0xbd202000,-0.0390930176,0x80000000,-0
l2,0.0625,0,min-error,metric_min,exp1,0,1,1,1.21048093,1.22365415,1.21048093,1.22365415,0.0131732225,67,raw-and-scaled,4,1,fp4_e1m2,fp4_e2m1,2,1,4,44,67,exp2,3,13,3,3,1.21048093,1.22365415,-10,0x3f9ca0b3,1.22365415,0x3f800000,1,0x3d21c040,0.0394899845,0x3d21c040,0.0394899845,0000,0,0,00,0000,0,0,0,0x3d21c040,0.0394899845,0x3d21c040,0.0394899845,0x00000000,0
l2,0.0625,0,min-error,metric_min,exp1,0,1,1,1.21048093,1.22365415,1.21048093,1.22365415,0.0131732225,68,raw-and-scaled,4,1,fp4_e1m2,fp4_e2m1,2,1,4,44,68,exp2,3,13,3,3,1.21048093,1.22365415,-10,0x3f9ca0b3,1.22365415,0x3f800000,1,0xbe920200,-0.285171509,0xbe920200,-0.285171509,1001,0,1,01,1010,1,0,0,0xbd101000,-0.0351715088,0xbd101000,-0.0351715088,0x80000000,-0
l2,0.0625,0,min-error,metric_min,exp1,0,1,1,1.21048093,1.22365415,1.21048093,1.22365415,0.0131732225,69,raw-and-scaled,4,1,fp4_e1m2,fp4_e2m1,2,1,4,44,69,exp2,3,13,3,3,1.21048093,1.22365415,-10,0x3f9ca0b3,1.22365415,0x3f800000,1,0x3d22c040,0.0397341251,0x3d22c040,0.0397341251,0000,0,0,00,0000,0,0,0,0x3d22c040,0.0397341251,0x3d22c040,0.0397341251,0x00000000,0
l2,0.0625,0,min-error,metric_min,exp1,0,1,1,1.21048093,1.22365415,1.21048093,1.22365415,0.0131732225,70,raw-and-scaled,4,1,fp4_e1m2,fp4_e2m1,2,1,4,44,70,exp2,3,13,3,3,1.21048093,1.22365415,-10,0x3f9ca0b3,1.22365415,0x3f800000,1,0x3e33fc00,0.175765991,0x3e33fc00,0.175765991,0000,0,0,00,0001,0,1,1,0x3e33fc00,0.175765991,0x3d4ff000,0.0507659912,0xbf800000,-1
l2,0.0625,0,min-error,metric_min,exp1,0,1,1,1.21048093,1.22365415,1.21048093,1.22365415,0.0131732225,71,raw-and-scaled,4,1,fp4_e1m2,fp4_e2m1,2,1,4,44,71,exp2,3,13,3,3,1.21048093,1.22365415,-10,0x3f9ca0b3,1.22365415,0x3f800000,1,0x3dbc0400,0.0918045044,0x3dbc0400,0.0918045044,0000,0,0,00,0000,0,0,0,0x3dbc0400,0.0918045044,0x3dbc0400,0.0918045044,0x00000000,0
l2,0.0625,0,min-error,metric_min,exp1,0,1,1,1.21048093,1.22365415,1.21048093,1.22365415,0.0131732225,72,raw-and-scaled,4,1,fp4_e1m2,fp4_e2m1,2,1,4,44,72,exp2,3,13,3,3,1.21048093,1.22365415,-10,0x3f9ca0b3,1.22365415,0x3f800000,1,0xbb87f800,-0.00414943695,0xbb87f800,-0.00414943695,1000,0,0,00,1000,0,0,0,0xbb87f800,-0.00414943695,0xbb87f800,-0.00414943695,0x00000000,0
l2,0.0625,0,min-error,metric_min,exp1,0,1,1,1.21048093,1.22365415,1.21048093,1.22365415,0.0131732225,73,raw-and-scaled,4,1,fp4_e1m2,fp4_e2m1,2,1,4,44,73,exp2,3,13,3,3,1.21048093,1.22365415,-10,0x3f9ca0b3,1.22365415,0x3f800000,1,0xbdcbfc00,-0.0996017456,0xbdcbfc00,-0.0996017456,1000,0,0,00,1000,0,0,0,0xbdcbfc00,-0.0996017456,0xbdcbfc00,-0.0996017456,0x00000000,0
l2,0.0625,0,min-error,metric_min,exp1,0,1,1,1.21048093,1.22365415,1.21048093,1.22365415,0.0131732225,74,raw-and-scaled,4,1,fp4_e1m2,fp4_e2m1,2,1,4,44,74,exp2,3,13,3,3,1.21048093,1.22365415,-10,0x3f9ca0b3,1.22365415,0x3f800000,1,0xbcca7f80,-0.0247189999,0xbcca7f80,-0.0247189999,1000,0,0,00,1000,0,0,0,0xbcca7f80,-0.0247189999,0xbcca7f80,-0.0247189999,0x00000000,0
l2,0.0625,0,min-error,metric_min,exp1,0,1,1,1.21048093,1.22365415,1.21048093,1.22365415,0.0131732225,75,raw-and-scaled,4,1,fp4_e1m2,fp4_e2m1,2,1,4,44,75,exp2,3,13,3,3,1.21048093,1.22365415,-10,0x3f9ca0b3,1.22365415,0x3f800000,1,0x3adbfc00,0.00167834759,0x3adbfc00,0.00167834759,0000,0,0,00,0000,0,0,0,0x3adbfc00,0.00167834759,0x3adbfc00,0.00167834759,0x00000000,0
l2,0.0625,0,min-error,metric_min,exp1,0,1,1,1.21048093,1.22365415,1.21048093,1.22365415,0.0131732225,76,raw-and-scaled,4,1,fp4_e1m2,fp4_e2m1,2,1,4,44,76,exp2,3,13,3,3,1.21048093,1.22365415,-10,0x3f9ca0b3,1.22365415,0x3f800000,1,0xbb264040,-0.00253678858,0xbb264040,-0.00253678858,1000,0,0,00,1000,0,0,0,0xbb264040,-0.00253678858,0xbb264040,-0.00253678858,0x00000000,0
l2,0.0625,0,min-error,metric_min,exp1,0,1,1,1.21048093,1.22365415,1.21048093,1.22365415,0.0131732225,77,raw-and-scaled,4,1,fp4_e1m2,fp4_e2m1,2,1,4,44,77,exp2,3,13,3,3,1.21048093,1.22365415,-10,0x3f9ca0b3,1.22365415,0x3f800000,1,0x3c6c0400,0.0144052505,0x3c6c0400,0.0144052505,0000,0,0,00,0000,0,0,0,0x3c6c0400,0.0144052505,0x3c6c0400,0.0144052505,0x00000000,0
l2,0.0625,0,min-error,metric_min,exp1,0,1,1,1.21048093,1.22365415,1.21048093,1.22365415,0.0131732225,78,raw-and-scaled,4,1,fp4_e1m2,fp4_e2m1,2,1,4,44,78,exp2,3,13,3,3,1.21048093,1.22365415,-10,0x3f9ca0b3,1.22365415,0x3f800000,1,0x3e9d0100,0.306648254,0x3e9d0100,0.306648254,0001,0,1,01,0010,1,0,0,0x3d680800,0.0566482544,0x3d680800,0.0566482544,0x80000000,-0
l2,0.0625,0,min-error,metric_min,exp1,0,1,1,1.21048093,1.22365415,1.21048093,1.22365415,0.0131732225,79,raw-and-scaled,4,1,fp4_e1m2,fp4_e2m1,2,1,4,44,79,exp2,3,13,3,3,1.21048093,1.22365415,-10,0x3f9ca0b3,1.22365415,0x3f800000,1,0xbdcf8080,-0.101319313,0xbdcf8080,-0.101319313,1000,0,0,00,1000,0,0,0,0xbdcf8080,-0.101319313,0xbdcf8080,-0.101319313,0x00000000,0
l2,0.0625,0,min-error,metric_min,exp1,0,1,1,1.21048093,1.22365415,1.21048093,1.22365415,0.0131732225,80,raw-and-scaled,4,1,fp4_e1m2,fp4_e2m1,2,1,4,44,80,exp2,3,13,3,3,1.21048093,1.22365415,-10,0x3f9ca0b3,1.22365415,0x3f800000,1,0xbc83fc00,-0.0161113739,0xbc83fc00,-0.0161113739,1000,0,0,00,1000,0,0,0,0xbc83fc00,-0.0161113739,0xbc83fc00,-0.0161113739,0x00000000,0
l2,0.0625,0,min-error,metric_min,exp1,0,1,1,1.21048093,1.22365415,1.21048093,1.22365415,0.0131732225,81,raw-and-scaled,4,1,fp4_e1m2,fp4_e2m1,2,1,4,44,81,exp2,3,13,3,3,1.21048093,1.22365415,-10,0x3f9ca0b3,1.22365415,0x3f800000,1,0x3d28c040,0.0411989689,0x3d28c040,0.0411989689,0000,0,0,00,0000,0,0,0,0x3d28c040,0.0411989689,0x3d28c040,0.0411989689,0x00000000,0
l2,0.0625,0,min-error,metric_min,exp1,0,1,1,1.21048093,1.22365415,1.21048093,1.22365415,0.0131732225,82,raw-and-scaled,4,1,fp4_e1m2,fp4_e2m1,2,1,4,44,82,exp2,3,13,3,3,1.21048093,1.22365415,-10,0x3f9ca0b3,1.22365415,0x3f800000,1,0x3fc9fe00,1.57806396,0x3fc9fe00,1.57806396,0110,1,2,10,0111,3,1,1,0x3d9fe000,0.0780639648,0x3d9fe000,0.0780639648,0x00000000,0
l2,0.0625,0,min-error,metric_min,exp1,0,1,1,1.21048093,1.22365415,1.21048093,1.22365415,0.0131732225,83,raw-and-scaled,4,1,fp4_e1m2,fp4_e2m1,2,1,4,44,83,exp2,3,13,3,3,1.21048093,1.22365415,-10,0x3f9ca0b3,1.22365415,0x3f800000,1,0xbd4dfe00,-0.0502910614,0xbd4dfe00,-0.0502910614,1000,0,0,00,1000,0,0,0,0xbd4dfe00,-0.0502910614,0xbd4dfe00,-0.0502910614,0x00000000,0
l2,0.0625,0,min-error,metric_min,exp1,0,1,1,1.21048093,1.22365415,1.21048093,1.22365415,0.0131732225,84,raw-and-scaled,4,1,fp4_e1m2,fp4_e2m1,2,1,4,44,84,exp2,3,13,3,3,1.21048093,1.22365415,-10,0x3f9ca0b3,1.22365415,0x3f800000,1,0xbbd20200,-0.00640892982,0xbbd20200,-0.00640892982,1000,0,0,00,1000,0,0,0,0xbbd20200,-0.00640892982,0xbbd20200,-0.00640892982,0x00000000,0
l2,0.0625,0,min-error,metric_min,exp1,0,1,1,1.21048093,1.22365415,1.21048093,1.22365415,0.0131732225,85,raw-and-scaled,4,1,fp4_e1m2,fp4_e2m1,2,1,4,44,85,exp2,3,13,3,3,1.21048093,1.22365415,-10,0x3f9ca0b3,1.22365415,0x3f800000,1,0xbcaac040,-0.0208436251,0xbcaac040,-0.0208436251,1000,0,0,00,1000,0,0,0,0xbcaac040,-0.0208436251,0xbcaac040,-0.0208436251,0x00000000,0
l2,0.0625,0,min-error,metric_min,exp1,0,1,1,1.21048093,1.22365415,1.21048093,1.22365415,0.0131732225,86,raw-and-scaled,4,1,fp4_e1m2,fp4_e2m1,2,1,4,44,86,exp2,3,13,3,3,1.21048093,1.22365415,-10,0x3f9ca0b3,1.22365415,0x3f800000,1,0xbcd67f80,-0.0261838436,0xbcd67f80,-0.0261838436,1000,0,0,00,1000,0,0,0,0xbcd67f80,-0.0261838436,0xbcd67f80,-0.0261838436,0x00000000,0
l2,0.0625,0,min-error,metric_min,exp1,0,1,1,1.21048093,1.22365415,1.21048093,1.22365415,0.0131732225,87,raw-and-scaled,4,1,fp4_e1m2,fp4_e2m1,2,1,4,44,87,exp2,3,13,3,3,1.21048093,1.22365415,-10,0x3f9ca0b3,1.22365415,0x3f800000,1,0x3f77f800,0.96862793,0x3f77f800,0.96862793,0011,0,3,11,0101,2,1,1,0x3e5fe000,0.21862793,0x3e5fe000,0.21862793,0x00000000,0
l2,0.0625,0,min-error,metric_min,exp1,0,1,1,1.21048093,1.22365415,1.21048093,1.22365415,0.0131732225,88,raw-and-scaled,4,1,fp4_e1m2,fp4_e2m1,2,1,4,44,88,exp2,3,13,3,3,1.21048093,1.22365415,-10,0x3f9ca0b3,1.22365415,0x3f800000,1,0xba880800,-0.00103783607,0xba880800,-0.00103783607,1000,0,0,00,1000,0,0,0,0xba880800,-0.00103783607,0xba880800,-0.00103783607,0x00000000,0
l2,0.0625,0,min-error,metric_min,exp1,0,1,1,1.21048093,1.22365415,1.21048093,1.22365415,0.0131732225,89,raw-and-scaled,4,1,fp4_e1m2,fp4_e2m1,2,1,4,44,89,exp2,3,13,3,3,1.21048093,1.22365415,-10,0x3f9ca0b3,1.22365415,0x3f800000,1,0xbee5fe00,-0.449203491,0xbee5fe00,-0.449203491,1001,0,1,01,1011,1,1,1,0xbe4bfc00,-0.199203491,0xbd97f800,-0.0742034912,0xbf800000,-1
l2,0.0625,0,min-error,metric_min,exp1,0,1,1,1.21048093,1.22365415,1.21048093,1.22365415,0.0131732225,90,raw-and-scaled,4,1,fp4_e1m2,fp4_e2m1,2,1,4,44,90,exp2,3,13,3,3,1.21048093,1.22365415,-10,0x3f9ca0b3,1.22365415,0x3f800000,1,0xbda80800,-0.0820465088,0xbda80800,-0.0820465088,1000,0,0,00,1000,0,0,0,0xbda80800,-0.0820465088,0xbda80800,-0.0820465088,0x00000000,0
l2,0.0625,0,min-error,metric_min,exp1,0,1,1,1.21048093,1.22365415,1.21048093,1.22365415,0.0131732225,91,raw-and-scaled,4,1,fp4_e1m2,fp4_e2m1,2,1,4,44,91,exp2,3,13,3,3,1.21048093,1.22365415,-10,0x3f9ca0b3,1.22365415,0x3f800000,1,0xbf37f800,-0.71862793,0xbf37f800,-0.71862793,1010,0,2,10,1100,2,0,0,0xbe5fe000,-0.21862793,0xbe5fe000,-0.21862793,0x00000000,0
l2,0.0625,0,min-error,metric_min,exp1,0,1,1,1.21048093,1.22365415,1.21048093,1.22365415,0.0131732225,92,raw-and-scaled,4,1,fp4_e1m2,fp4_e2m1,2,1,4,44,92,exp2,3,13,3,3,1.21048093,1.22365415,-10,0x3f9ca0b3,1.22365415,0x3f800000,1,0xbbae4040,-0.00531771779,0xbbae4040,-0.00531771779,1000,0,0,00,1000,0,0,0,0xbbae4040,-0.00531771779,0xbbae4040,-0.00531771779,0x00000000,0
l2,0.0625,0,min-error,metric_min,exp1,0,1,1,1.21048093,1.22365415,1.21048093,1.22365415,0.0131732225,93,raw-and-scaled,4,1,fp4_e1m2,fp4_e2m1,2,1,4,44,93,exp2,3,13,3,3,1.21048093,1.22365415,-10,0x3f9ca0b3,1.22365415,0x3f800000,1,0x3bf5fe00,0.0075070858,0x3bf5fe00,0.0075070858,0000,0,0,00,0000,0,0,0,0x3bf5fe00,0.0075070858,0x3bf5fe00,0.0075070858,0x00000000,0
l2,0.0625,0,min-error,metric_min,exp1,0,1,1,1.21048093,1.22365415,1.21048093,1.22365415,0.0131732225,94,raw-and-scaled,4,1,fp4_e1m2,fp4_e2m1,2,1,4,44,94,exp2,3,13,3,3,1.21048093,1.22365415,-10,0x3f9ca0b3,1.22365415,0x3f800000,1,0xbb73fc00,-0.00372290611,0xbb73fc00,-0.00372290611,1000,0,0,00,1000,0,0,0,0xbb73fc00,-0.00372290611,0xbb73fc00,-0.00372290611,0x00000000,0
l2,0.0625,0,min-error,metric_min,exp1,0,1,1,1.21048093,1.22365415,1.21048093,1.22365415,0.0131732225,95,raw-and-scaled,4,1,fp4_e1m2,fp4_e2m1,2,1,4,44,95,exp2,3,13,3,3,1.21048093,1.22365415,-10,0x3f9ca0b3,1.22365415,0x3f800000,1,0xbbf7f800,-0.0075674057,0xbbf7f800,-0.0075674057,1000,0,0,00,1000,0,0,0,0xbbf7f800,-0.0075674057,0xbbf7f800,-0.0075674057,0x00000000,0
l2,0.0625,0,min-error,metric_min,exp1,0,1,1,1.21048093,1.22365415,1.21048093,1.22365415,0.0131732225,96,raw-and-scaled,4,1,fp4_e1m2,fp4_e2m1,2,1,4,44,96,exp2,3,13,3,3,1.21048093,1.22365415,-10,0x3f9ca0b3,1.22365415,0x3f800000,1,0xba87f800,-0.00103735924,0xba87f800,-0.00103735924,1000,0,0,00,1000,0,0,0,0xba87f800,-0.00103735924,0xba87f800,-0.00103735924,0x00000000,0
l2,0.0625,0,min-error,metric_min,exp1,0,1,1,1.21048093,1.22365415,1.21048093,1.22365415,0.0131732225,97,raw-and-scaled,4,1,fp4_e1m2,fp4_e2m1,2,1,4,44,97,exp2,3,13,3,3,1.21048093,1.22365415,-10,0x3f9ca0b3,1.22365415,0x3f800000,1,0x3e617f80,0.220212936,0x3e617f80,0.220212936,0000,0,0,00,0001,0,1,1,0x3e617f80,0.220212936,0x3dc2ff00,0.0952129364,0xbf800000,-1
l2,0.0625,0,min-error,metric_min,exp1,0,1,1,1.21048093,1.22365415,1.21048093,1.22365415,0.0131732225,98,raw-and-scaled,4,1,fp4_e1m2,fp4_e2m1,2,1,4,44,98,exp2,3,13,3,3,1.21048093,1.22365415,-10,0x3f9ca0b3,1.22365415,0x3f800000,1,0x3d940400,0.0722732544,0x3d940400,0.0722732544,0000,0,0,00,0000,0,0,0,0x3d940400,0.0722732544,0x3d940400,0.0722732544,0x00000000,0
l2,0.0625,0,min-error,metric_min,exp1,0,1,1,1.21048093,1.22365415,1.21048093,1.22365415,0.0131732225,99,raw-and-scaled,4,1,fp4_e1m2,fp4_e2m1,2,1,4,44,99,exp2,3,13,3,3,1.21048093,1.22365415,-10,0x3f9ca0b3,1.22365415,0x3f800000,1,0xbe637f80,-0.222166061,0xbe637f80,-0.222166061,1000,0,0,00,1001,0,1,1,0xbe637f80,-0.222166061,0xbdc6ff00,-0.0971660614,0xbf800000,-1
l2,0.0625,0,min-error,metric_min,exp1,0,1,1,1.21048093,1.22365415,1.21048093,1.22365415,0.0131732225,100,raw-and-scaled,4,1,fp4_e1m2,fp4_e2m1,2,1,4,44,100,exp2,3,13,3,3,1.21048093,1.22365415,-10,0x3f9ca0b3,1.22365415,0x3f800000,1,0x3dc80800,0.0976715088,0x3dc80800,0.0976715088,0000,0,0,00,0000,0,0,0,0x3dc80800,0.0976715088,0x3dc80800,0.0976715088,0x00000000,0
l2,0.0625,0,min-error,metric_min,exp1,0,1,1,1.21048093,1.22365415,1.21048093,1.22365415,0.0131732225,101,raw-and-scaled,4,1,fp4_e1m2,fp4_e2m1,2,1,4,44,101,exp2,3,13,3,3,1.21048093,1.22365415,-10,0x3f9ca0b3,1.22365415,0x3f800000,1,0x3c960200,0.0183115005,0x3c960200,0.0183115005,0000,0,0,00,0000,0,0,0,0x3c960200,0.0183115005,0x3c960200,0.0183115005,0x00000000,0
l2,0.0625,0,min-error,metric_min,exp1,0,1,1,1.21048093,1.22365415,1.21048093,1.22365415,0.0131732225,102,raw-and-scaled,4,1,fp4_e1m2,fp4_e2m1,2,1,4,44,102,exp2,3,13,3,3,1.21048093,1.22365415,-10,0x3f9ca0b3,1.22365415,0x3f800000,1,0x3b1a0200,0.00234997272,0x3b1a0200,0.00234997272,0000,0,0,00,0000,0,0,0,0x3b1a0200,0.00234997272,0x3b1a0200,0.00234997272,0x00000000,0
l2,0.0625,0,min-error,metric_min,exp1,0,1,1,1.21048093,1.22365415,1.21048093,1.22365415,0.0131732225,103,raw-and-scaled,4,1,fp4_e1m2,fp4_e2m1,2,1,4,44,103,exp2,3,13,3,3,1.21048093,1.22365415,-10,0x3f9ca0b3,1.22365415,0x3f800000,1,0x3f3bfc00,0.734313965,0x3f3bfc00,0.734313965,0010,0,2,10,0100,2,0,0,0x3e6ff000,0.234313965,0x3e6ff000,0.234313965,0x00000000,0
l2,0.0625,0,min-error,metric_min,exp1,0,1,1,1.21048093,1.22365415,1.21048093,1.22365415,0.0131732225,104,raw-and-scaled,4,1,fp4_e1m2,fp4_e2m1,2,1,4,44,104,exp2,3,13,3,3,1.21048093,1.22365415,-10,0x3f9ca0b3,1.22365415,0x3f800000,1,0x3b343fc0,0.00275038183,0x3b343fc0,0.00275038183,0000,0,0,00,0000,0,0,0,0x3b343fc0,0.00275038183,0x3b343fc0,0.00275038183,0x00000000,0
l2,0.0625,0,min-error,metric_min,exp1,0,1,1,1.21048093,1.22365415,1.21048093,1.22365415,0.0131732225,105,raw-and-scaled,4,1,fp4_e1m2,fp4_e2m1,2,1,4,44,105,exp2,3,13,3,3,1.21048093,1.22365415,-10,0x3f9ca0b3,1.22365415,0x3f800000,1,0xbdb4bfc0,-0.0882563591,0xbdb4bfc0,-0.0882563591,1000,0,0,00,1000,0,0,0,0xbdb4bfc0,-0.0882563591,0xbdb4bfc0,-0.0882563591,0x00000000,0
l2,0.0625,0,min-error,metric_min,exp1,0,1,1,1.21048093,1.22365415,1.21048093,1.22365415,0.0131732225,106,raw-and-scaled,4,1,fp4_e1m2,fp4_e2m1,2,1,4,44,106,exp2,3,13,3,3,1.21048093,1.22365415,-10,0x3f9ca0b3,1.22365415,0x3f800000,1,0xbdd3fc00,-0.103507996,0xbdd3fc00,-0.103507996,1000,0,0,00,1000,0,0,0,0xbdd3fc00,-0.103507996,0xbdd3fc00,-0.103507996,0x00000000,0
l2,0.0625,0,min-error,metric_min,exp1,0,1,1,1.21048093,1.22365415,1.21048093,1.22365415,0.0131732225,107,raw-and-scaled,4,1,fp4_e1m2,fp4_e2m1,2,1,4,44,107,exp2,3,13,3,3,1.21048093,1.22365415,-10,0x3f9ca0b3,1.22365415,0x3f800000,1,0xbc5c0400,-0.013428688,0xbc5c0400,-0.013428688,1000,0,0,00,1000,0,0,0,0xbc5c0400,-0.013428688,0xbc5c0400,-0.013428688,0x00000000,0
l2,0.0625,0,min-error,metric_min,exp1,0,1,1,1.21048093,1.22365415,1.21048093,1.22365415,0.0131732225,108,raw-and-scaled,4,1,fp4_e1m2,fp4_e2m1,2,1,4,44,108,exp2,3,13,3,3,1.21048093,1.22365415,-10,0x3f9ca0b3,1.22365415,0x3f800000,1,0xbdec8080,-0.115479469,0xbdec8080,-0.115479469,1000,0,0,00,1000,0,0,0,0xbdec8080,-0.115479469,0xbdec8080,-0.115479469,0x00000000,0
l2,0.0625,0,min-error,metric_min,exp1,0,1,1,1.21048093,1.22365415,1.21048093,1.22365415,0.0131732225,109,raw-and-scaled,4,1,fp4_e1m2,fp4_e2m1,2,1,4,44,109,exp2,3,13,3,3,1.21048093,1.22365415,-10,0x3f9ca0b3,1.22365415,0x3f800000,1,0xbe57f800,-0.210906982,0xbe57f800,-0.210906982,1000,0,0,00,1001,0,1,1,0xbe57f800,-0.210906982,0xbdaff000,-0.0859069824,0xbf800000,-1
l2,0.0625,0,min-error,metric_min,exp1,0,1,1,1.21048093,1.22365415,1.21048093,1.22365415,0.0131732225,110,raw-and-scaled,4,1,fp4_e1m2,fp4_e2m1,2,1,4,44,110,exp2,3,13,3,3,1.21048093,1.22365415,-10,0x3f9ca0b3,1.22365415,0x3f800000,1,0x3d6e8080,0.0582280159,0x3d6e8080,0.0582280159,0000,0,0,00,0000,0,0,0,0x3d6e8080,0.0582280159,0x3d6e8080,0.0582280159,0x00000000,0
l2,0.0625,0,min-error,metric_min,exp1,0,1,1,1.21048093,1.22365415,1.21048093,1.22365415,0.0131732225,111,raw-and-scaled,4,1,fp4_e1m2,fp4_e2m1,2,1,4,44,111,exp2,3,13,3,3,1.21048093,1.22365415,-10,0x3f9ca0b3,1.22365415,0x3f800000,1,0x3adeff00,0.00170132518,0x3adeff00,0.00170132518,0000,0,0,00,0000,0,0,0,0x3adeff00,0.00170132518,0x3adeff00,0.00170132518,0x00000000,0
l2,0.0625,0,min-error,metric_min,exp1,0,1,1,1.21048093,1.22365415,1.21048093,1.22365415,0.0131732225,112,raw-and-scaled,4,1,fp4_e1m2,fp4_e2m1,2,1,4,44,112,exp2,3,13,3,3,1.21048093,1.22365415,-10,0x3f9ca0b3,1.22365415,0x3f800000,1,0x3c708080,0.0146790743,0x3c708080,0.0146790743,0000,0,0,00,0000,0,0,0,0x3c708080,0.0146790743,0x3c708080,0.0146790743,0x00000000,0
l2,0.0625,0,min-error,metric_min,exp1,0,1,1,1.21048093,1.22365415,1.21048093,1.22365415,0.0131732225,113,raw-and-scaled,4,1,fp4_e1m2,fp4_e2m1,2,1,4,44,113,exp2,3,13,3,3,1.21048093,1.22365415,-10,0x3f9ca0b3,1.22365415,0x3f800000,1,0xbab8bfc0,-0.00140952319,0xbab8bfc0,-0.00140952319,1000,0,0,00,1000,0,0,0,0xbab8bfc0,-0.00140952319,0xbab8bfc0,-0.00140952319,0x00000000,0
l2,0.0625,0,min-error,metric_min,exp1,0,1,1,1.21048093,1.22365415,1.21048093,1.22365415,0.0131732225,114,raw-and-scaled,4,1,fp4_e1m2,fp4_e2m1,2,1,4,44,114,exp2,3,13,3,3,1.21048093,1.22365415,-10,0x3f9ca0b3,1.22365415,0x3f800000,1,0x3b4a0200,0.0030823946,0x3b4a0200,0.0030823946,0000,0,0,00,0000,0,0,0,0x3b4a0200,0.0030823946,0x3b4a0200,0.0030823946,0x00000000,0
l2,0.0625,0,min-error,metric_min,exp1,0,1,1,1.21048093,1.22365415,1.21048093,1.22365415,0.0131732225,115,raw-and-scaled,4,1,fp4_e1m2,fp4_e2m1,2,1,4,44,115,exp2,3,13,3,3,1.21048093,1.22365415,-10,0x3f9ca0b3,1.22365415,0x3f800000,1,0xbf1bfc00,-0.609313965,0xbf1bfc00,-0.609313965,1010,0,2,10,1100,2,0,0,0xbddfe000,-0.109313965,0xbddfe000,-0.109313965,0x00000000,0
l2,0.0625,0,min-error,metric_min,exp1,0,1,1,1.21048093,1.22365415,1.21048093,1.22365415,0.0131732225,116,raw-and-scaled,4,1,fp4_e1m2,fp4_e2m1,2,1,4,44,116,exp2,3,13,3,3,1.21048093,1.22365415,-10,0x3f9ca0b3,1.22365415,0x3f800000,1,0x3bd1fe00,0.00640845299,0x3bd1fe00,0.00640845299,0000,0,0,00,0000,0,0,0,0x3bd1fe00,0.00640845299,0x3bd1fe00,0.00640845299,0x00000000,0
l2,0.0625,0,min-error,metric_min,exp1,0,1,1,1.21048093,1.22365415,1.21048093,1.22365415,0.0131732225,117,raw-and-scaled,4,1,fp4_e1m2,fp4_e2m1,2,1,4,44,117,exp2,3,13,3,3,1.21048093,1.22365415,-10,0x3f9ca0b3,1.22365415,0x3f800000,1,0x3d55fe00,0.0522441864,0x3d55fe00,0.0522441864,0000,0,0,00,0000,0,0,0,0x3d55fe00,0.0522441864,0x3d55fe00,0.0522441864,0x00000000,0
l2,0.0625,0,min-error,metric_min,exp1,0,1,1,1.21048093,1.22365415,1.21048093,1.22365415,0.0131732225,118,raw-and-scaled,4,1,fp4_e1m2,fp4_e2m1,2,1,4,44,118,exp2,3,13,3,3,1.21048093,1.22365415,-10,0x3f9ca0b3,1.22365415,0x3f800000,1,0xbde80800,-0.113296509,0xbde80800,-0.113296509,1000,0,0,00,1000,0,0,0,0xbde80800,-0.113296509,0xbde80800,-0.113296509,0x00000000,0
l2,0.0625,0,min-error,metric_min,exp1,0,1,1,1.21048093,1.22365415,1.21048093,1.22365415,0.0131732225,119,raw-and-scaled,4,1,fp4_e1m2,fp4_e2m1,2,1,4,44,119,exp2,3,13,3,3,1.21048093,1.22365415,-10,0x3f9ca0b3,1.22365415,0x3f800000,1,0xbb780800,-0.00378465652,0xbb780800,-0.00378465652,1000,0,0,00,1000,0,0,0,0xbb780800,-0.00378465652,0xbb780800,-0.00378465652,0x00000000,0
l2,0.0625,0,min-error,metric_min,exp1,0,1,1,1.21048093,1.22365415,1.21048093,1.22365415,0.0131732225,120,raw-and-scaled,4,1,fp4_e1m2,fp4_e2m1,2,1,4,44,120,exp2,3,13,3,3,1.21048093,1.22365415,-10,0x3f9ca0b3,1.22365415,0x3f800000,1,0x3ebc3fc0,0.367673874,0x3ebc3fc0,0.367673874,0001,0,1,01,0010,1,0,0,0x3df0ff00,0.117673874,0x3df0ff00,0.117673874,0x80000000,-0
l2,0.0625,0,min-error,metric_min,exp1,0,1,1,1.21048093,1.22365415,1.21048093,1.22365415,0.0131732225,121,raw-and-scaled,4,1,fp4_e1m2,fp4_e2m1,2,1,4,44,121,exp2,3,13,3,3,1.21048093,1.22365415,-10,0x3f9ca0b3,1.22365415,0x3f800000,1,0x3fe5fe00,1.79681396,0x3fe5fe00,1.79681396,0111,1,3,11,0111,3,1,1,0x3d3fc000,0.0468139648,0x3e97f800,0.296813965,0x3f800000,1
l2,0.0625,0,min-error,metric_min,exp1,0,1,1,1.21048093,1.22365415,1.21048093,1.22365415,0.0131732225,122,raw-and-scaled,4,1,fp4_e1m2,fp4_e2m1,2,1,4,44,122,exp2,3,13,3,3,1.21048093,1.22365415,-10,0x3f9ca0b3,1.22365415,0x3f800000,1,0xbc69fe00,-0.0142817497,0xbc69fe00,-0.0142817497,1000,0,0,00,1000,0,0,0,0xbc69fe00,-0.0142817497,0xbc69fe00,-0.0142817497,0x00000000,0
l2,0.0625,0,min-error,metric_min,exp1,0,1,1,1.21048093,1.22365415,1.21048093,1.22365415,0.0131732225,123,raw-and-scaled,4,1,fp4_e1m2,fp4_e2m1,2,1,4,44,123,exp2,3,13,3,3,1.21048093,1.22365415,-10,0x3f9ca0b3,1.22365415,0x3f800000,1,0x3dedfe00,0.116207123,0x3dedfe00,0.116207123,0000,0,0,00,0000,0,0,0,0x3dedfe00,0.116207123,0x3dedfe00,0.116207123,0x00000000,0
l2,0.0625,0,min-error,metric_min,exp1,0,1,1,1.21048093,1.22365415,1.21048093,1.22365415,0.0131732225,124,raw-and-scaled,4,1,fp4_e1m2,fp4_e2m1,2,1,4,44,124,exp2,3,13,3,3,1.21048093,1.22365415,-10,0x3f9ca0b3,1.22365415,0x3f800000,1,0x3ae3fc00,0.00173938274,0x3ae3fc00,0.00173938274,0000,0,0,00,0000,0,0,0,0x3ae3fc00,0.00173938274,0x3ae3fc00,0.00173938274,0x00000000,0
l2,0.0625,0,min-error,metric_min,exp1,0,1,1,1.21048093,1.22365415,1.21048093,1.22365415,0.0131732225,125,raw-and-scaled,4,1,fp4_e1m2,fp4_e2m1,2,1,4,44,125,exp2,3,13,3,3,1.21048093,1.22365415,-10,0x3f9ca0b3,1.22365415,0x3f800000,1,0xbdf5fe00,-0.120113373,0xbdf5fe00,-0.120113373,1000,0,0,00,1000,0,0,0,0xbdf5fe00,-0.120113373,0xbdf5fe00,-0.120113373,0x00000000,0
l2,0.0625,0,min-error,metric_min,exp1,0,1,1,1.21048093,1.22365415,1.21048093,1.22365415,0.0131732225,126,raw-and-scaled,4,1,fp4_e1m2,fp4_e2m1,2,1,4,44,126,exp2,3,13,3,3,1.21048093,1.22365415,-10,0x3f9ca0b3,1.22365415,0x3f800000,1,0x3afe8080,0.00194169581,0x3afe8080,0.00194169581,0000,0,0,00,0000,0,0,0,0x3afe8080,0.00194169581,0x3afe8080,0.00194169581,0x00000000,0
l2,0.0625,0,min-error,metric_min,exp1,0,1,1,1.21048093,1.22365415,1.21048093,1.22365415,0.0131732225,127,raw-and-scaled,4,1,fp4_e1m2,fp4_e2m1,2,1,4,44,127,exp2,3,13,3,3,1.21048093,1.22365415,-10,0x3f9ca0b3,1.22365415,0x3f800000,1,0x3eff7f80,0.499019623,0x3eff7f80,0.499019623,0001,0,1,01,0011,1,1,1,0x3e7eff00,0.249019623,0x3dfdfe00,0.124019623,0xbf800000,-1
l2,0.0625,0,min-error,metric_min,exp2,0,1,1,1.37845469,1.34284043,1.34284043,1.37845469,0.0356142521,0,raw-and-scaled,4,1,fp4_e1m2,fp4_e2m1,2,1,4,54,0,exp1,5,17,4,4,1.37845469,1.34284043,-12,0x3fb07134,1.37845469,0x3f800000,1,0xbd6da2ad,-0.0580164678,0xbd6da2ad,-0.0580164678,1000,0,0,00,1000,0,0,0,0xbd6da2ad,-0.0580164678,0xbd6da2ad,-0.0580164678,0x00000000,0
l2,0.0625,0,min-error,metric_min,exp2,0,1,1,1.37845469,1.34284043,1.34284043,1.37845469,0.0356142521,1,raw-and-scaled,4,1,fp4_e1m2,fp4_e2m1,2,1,4,54,1,exp1,5,17,4,4,1.37845469,1.34284043,-12,0x3fb07134,1.37845469,0x3f800000,1,0x3d99e3c4,0.0751414597,0x3d99e3c4,0.0751414597,0000,0,0,00,0000,0,0,0,0x3d99e3c4,0.0751414597,0x3d99e3c4,0.0751414597,0x00000000,0
l2,0.0625,0,min-error,metric_min,exp2,0,1,1,1.37845469,1.34284043,1.34284043,1.37845469,0.0356142521,2,raw-and-scaled,4,1,fp4_e1m2,fp4_e2m1,2,1,4,54,2,exp1,5,17,4,4,1.37845469,1.34284043,-12,0x3fb07134,1.37845469,0x3f800000,1,0xbc144332,-0.00904922374,0xbc144332,-0.00904922374,1000,0,0,00,1000,0,0,0,0xbc144332,-0.00904922374,0xbc144332,-0.00904922374,0x00000000,0
l2,0.0625,0,min-error,metric_min,exp2,0,1,1,1.37845469,1.34284043,1.34284043,1.37845469,0.0356142521,3,raw-and-scaled,4,1,fp4_e1m2,fp4_e2m1,2,1,4,54,3,exp1,5,17,4,4,1.37845469,1.34284043,-12,0x3fb07134,1.37845469,0x3f800000,1,0xbb0c2c12,-0.00213885726,0xbb0c2c12,-0.00213885726,1000,0,0,00,1000,0,0,0,0xbb0c2c12,-0.00213885726,0xbb0c2c12,-0.00213885726,0x00000000,0
l2,0.0625,0,min-error,metric_min,exp2,0,1,1,1.37845469,1.34284043,1.34284043,1.37845469,0.0356142521,4,raw-and-scaled,4,1,fp4_e1m2,fp4_e2m1,2,1,4,54,4,exp1,5,17,4,4,1.37845469,1.34284043,-12,0x3fb07134,1.37845469,0x3f800000,1,0xbe5cbf35,-0.215573147,0xbe5cbf35,-0.215573147,1000,0,0,00,1001,0,1,1,0xbe5cbf35,-0.215573147,0xbdb97e6a,-0.0905731469,0xbf800000,-1
l2,0.0625,0,min-error,metric_min,exp2,0,1,1,1.37845469,1.34284043,1.34284043,1.37845469,0.0356142521,5,raw-and-scaled,4,1,fp4_e1m2,fp4_e2m1,2,1,4,54,5,exp1,5,17,4,4,1.37845469,1.34284043,-12,0x3fb07134,1.37845469,0x3f800000,1,0xbd87702e,-0.0661319345,0xbd87702e,-0.0661319345,1000,0,0,00,1000,0,0,0,0xbd87702e,-0.0661319345,0xbd87702e,-0.0661319345,0x00000000,0
l2,0.0625,0,min-error,metric_min,exp2,0,1,1,1.37845469,1.34284043,1.34284043,1.37845469,0.0356142521,6,raw-and-scaled,4,1,fp4_e1m2,fp4_e2m1,2,1,4,54,6,exp1,5,17,4,4,1.37845469,1.34284043,-12,0x3fb07134,1.37845469,0x3f800000,1,0xbcf2239a,-0.0295579918,0xbcf2239a,-0.0295579918,1000,0,0,00,1000,0,0,0,0xbcf2239a,-0.0295579918,0xbcf2239a,-0.0295579918,0x00000000,0
l2,0.0625,0,min-error,metric_min,exp2,0,1,1,1.37845469,1.34284043,1.34284043,1.37845469,0.0356142521,7,raw-and-scaled,4,1,fp4_e1m2,fp4_e2m1,2,1,4,54,7,exp1,5,17,4,4,1.37845469,1.34284043,-12,0x3fb07134,1.37845469,0x3f800000,1,0xbad7b05c,-0.00164557574,0xbad7b05c,-0.00164557574,1000,0,0,00,1000,0,0,0,0xbad7b05c,-0.00164557574,0xbad7b05c,-0.00164557574,0x00000000,0
l2,0.0625,0,min-error,metric_min,exp2,0,1,1,1.37845469,1.34284043,1.34284043,1.37845469,0.0356142521,8,raw-and-scaled,4,1,fp4_e1m2,fp4_e2m1,2,1,4,54,8,exp1,5,17,4,4,1.37845469,1.34284043,-12,0x3fb07134,1.37845469,0x3f800000,1,0x3d6bf96c,0.0576109141,0x3d6bf96c,0.0576109141,0000,0,0,00,0000,0,0,0,0x3d6bf96c,0.0576109141,0x3d6bf96c,0.0576109141,0x00000000,0
l2,0.0625,0,min-error,metric_min,exp2,0,1,1,1.37845469,1.34284043,1.34284043,1.37845469,0.0356142521,9,raw-and-scaled,4,1,fp4_e1m2,fp4_e2m1,2,1,4,54,9,exp1,5,17,4,4,1.37845469,1.34284043,-12,0x3fb07134,1.37845469,0x3f800000,1,0x3c28ba0e,0.0102982651,0x3c28ba0e,0.0102982651,0000,0,0,00,0000,0,0,0,0x3c28ba0e,0.0102982651,0x3c28ba0e,0.0102982651,0x00000000,0
l2,0.0625,0,min-error,metric_min,exp2,0,1,1,1.37845469,1.34284043,1.34284043,1.37845469,0.0356142521,10,raw-and-scaled,4,1,fp4_e1m2,fp4_e2m1,2,1,4,54,10,exp1,5,17,4,4,1.37845469,1.34284043,-12,0x3fb07134,1.37845469,0x3f800000,1,0xbfe8f312,-1.81991792,0xbfe8f312,-1.81991792,1111,1,3,11,1111,3,1,1,0xbd8f3120,-0.0699179173,0xbea3cc48,-0.319917917,0x3f800000,1
l2,0.0625,0,min-error,metric_min,exp2,0,1,1,1.37845469,1.34284043,1.34284043,1.37845469,0.0356142521,11,raw-and-scaled,4,1,fp4_e1m2,fp4_e2m1,2,1,4,54,11,exp1,5,17,4,4,1.37845469,1.34284043,-12,0x3fb07134,1.37845469,0x3f800000,1,0xbda35cba,-0.0797667056,0xbda35cba,-0.0797667056,1000,0,0,00,1000,0,0,0,0xbda35cba,-0.0797667056,0xbda35cba,-0.0797667056,0x00000000,0
l2,0.0625,0,min-error,metric_min,exp2,0,1,1,1.37845469,1.34284043,1.34284043,1.37845469,0.0356142521,12,raw-and-scaled,4,1,fp4_e1m2,fp4_e2m1,2,1,4,54,12,exp1,5,17,4,4,1.37845469,1.34284043,-12,0x3fb07134,1.37845469,0x3f800000,1,0xbe3821a0,-0.179815769,0xbe3821a0,-0.179815769,1000,0,0,00,1001,0,1,1,0xbe3821a0,-0.179815769,0xbd608680,-0.0548157692,0xbf800000,-1
l2,0.0625,0,min-error,metric_min,exp2,0,1,1,1.37845469,1.34284043,1.34284043,1.37845469,0.0356142521,13,raw-and-scaled,4,1,fp4_e1m2,fp4_e2m1,2,1,4,54,13,exp1,5,17,4,4,1.37845469,1.34284043,-12,0x3fb07134,1.37845469,0x3f800000,1,0x3ef0ff08,0.470695734,0x3ef0ff08,0.470695734,0001,0,1,01,0011,1,1,1,0x3e61fe10,0.220695734,0x3dc3fc20,0.095695734,0xbf800000,-1
l2,0.0625,0,min-error,metric_min,exp2,0,1,1,1.37845469,1.34284043,1.34284043,1.37845469,0.0356142521,14,raw-and-scaled,4,1,fp4_e1m2,fp4_e2m1,2,1,4,54,14,exp1,5,17,4,4,1.37845469,1.34284043,-12,0x3fb07134,1.37845469,0x3f800000,1,0xbc1df8ac,-0.00964180753,0xbc1df8ac,-0.00964180753,1000,0,0,00,1000,0,0,0,0xbc1df8ac,-0.00964180753,0xbc1df8ac,-0.00964180753,0x00000000,0
l2,0.0625,0,min-error,metric_min,exp2,0,1,1,1.37845469,1.34284043,1.34284043,1.37845469,0.0356142521,15,raw-and-scaled,4,1,fp4_e1m2,fp4_e2m1,2,1,4,54,15,exp1,5,17,4,4,1.37845469,1.34284043,-12,0x3fb07134,1.37845469,0x3f800000,1,0x3f308ad1,0.68961817,0x3f308ad1,0.68961817,0010,0,2,10,0100,2,0,0,0x3e422b44,0.18961817,0x3e422b44,0.18961817,0x00000000,0
l2,0.0625,0,min-error,metric_min,exp2,0,1,1,1.37845469,1.34284043,1.34284043,1.37845469,0.0356142521,16,raw-and-scaled,4,1,fp4_e1m2,fp4_e2m1,2,1,4,54,16,exp1,5,17,4,4,1.37845469,1.34284043,-12,0x3fb07134,1.37845469,0x3f800000,1,0xbc472a62,-0.0121561009,0xbc472a62,-0.0121561009,1000,0,0,00,1000,0,0,0,0xbc472a62,-0.0121561009,0xbc472a62,-0.0121561009,0x00000000,0
l2,0.0625,0,min-error,metric_min,exp2,0,1,1,1.37845469,1.34284043,1.34284043,1.37845469,0.0356142521,17,raw-and-scaled,4,1,fp4_e1m2,fp4_e2m1,2,1,4,54,17,exp1,5,17,4,4,1.37845469,1.34284043,-12,0x3fb07134,1.37845469,0x3f800000,1,0x3ed4d426,0.415681064,0x3ed4d426,0.415681064,0001,0,1,01,0011,1,1,1,0x3e29a84c,0.165681064,0x3d26a130,0.0406810641,0xbf800000,-1
l2,0.0625,0,min-error,metric_min,exp2,0,1,1,1.37845469,1.34284043,1.34284043,1.37845469,0.0356142521,18,raw-and-scaled,4,1,fp4_e1m2,fp4_e2m1,2,1,4,54,18,exp1,5,17,4,4,1.37845469,1.34284043,-12,0x3fb07134,1.37845469,0x3f800000,1,0xbe371853,-0.178803727,0xbe371853,-0.178803727,1000,0,0,00,1001,0,1,1,0xbe371853,-0.178803727,0xbd5c614c,-0.053803727,0xbf800000,-1
l2,0.0625,0,min-error,metric_min,exp2,0,1,1,1.37845469,1.34284043,1.34284043,1.37845469,0.0356142521,19,raw-and-scaled,4,1,fp4_e1m2,fp4_e2m1,2,1,4,54,19,exp1,5,17,4,4,1.37845469,1.34284043,-12,0x3fb07134,1.37845469,0x3f800000,1,0xbd8d5e2c,-0.0690272748,0xbd8d5e2c,-0.0690272748,1000,0,0,00,1000,0,0,0,0xbd8d5e2c,-0.0690272748,0xbd8d5e2c,-0.0690272748,0x00000000,0
l2,0.0625,0,min-error,metric_min,exp2,0,1,1,1.37845469,1.34284043,1.34284043,1.37845469,0.0356142521,20,raw-and-scaled,4,1,fp4_e1m2,fp4_e2m1,2,1,4,54,20,exp1,5,17,4,4,1.37845469,1.34284043,-12,0x3fb07134,1.37845469,0x3f800000,1,0x3cb0d084,0.021583803,0x3cb0d084,0.021583803,0000,0,0,00,0000,0,0,0,0x3cb0d084,0.021583803,0x3cb0d084,0.021583803,0x00000000,0
l2,0.0625,0,min-error,metric_min,exp2,0,1,1,1.37845469,1.34284043,1.34284043,1.37845469,0.0356142521,21,raw-and-scaled,4,1,fp4_e1m2,fp4_e2m1,2,1,4,54,21,exp1,5,17,4,4,1.37845469,1.34284043,-12,0x3fb07134,1.37845469,0x3f800000,1,0x3c58faec,0.0132434182,0x3c58faec,0.0132434182,0000,0,0,00,0000,0,0,0,0x3c58faec,0.0132434182,0x3c58faec,0.0132434182,0x00000000,0
l2,0.0625,0,min-error,metric_min,exp2,0,1,1,1.37845469,1.34284043,1.34284043,1.37845469,0.0356142521,22,raw-and-scaled,4,1,fp4_e1m2,fp4_e2m1,2,1,4,54,22,exp1,5,17,4,4,1.37845469,1.34284043,-12,0x3fb07134,1.37845469,0x3f800000,1,0xbb0e2a68,-0.00216927566,0xbb0e2a68,-0.00216927566,1000,0,0,00,1000,0,0,0,0xbb0e2a68,-0.00216927566,0xbb0e2a68,-0.00216927566,0x00000000,0
l2,0.0625,0,min-error,metric_min,exp2,0,1,1,1.37845469,1.34284043,1.34284043,1.37845469,0.0356142521,23,raw-and-scaled,4,1,fp4_e1m2,fp4_e2m1,2,1,4,54,23,exp1,5,17,4,4,1.37845469,1.34284043,-12,0x3fb07134,1.37845469,0x3f800000,1,0x3c8b1d6a,0.0169817992,0x3c8b1d6a,0.0169817992,0000,0,0,00,0000,0,0,0,0x3c8b1d6a,0.0169817992,0x3c8b1d6a,0.0169817992,0x00000000,0
l2,0.0625,0,min-error,metric_min,exp2,0,1,1,1.37845469,1.34284043,1.34284043,1.37845469,0.0356142521,24,raw-and-scaled,4,1,fp4_e1m2,fp4_e2m1,2,1,4,54,24,exp1,5,17,4,4,1.37845469,1.34284043,-12,0x3fb07134,1.37845469,0x3f800000,1,0xbf2c5e87,-0.673317373,0xbf2c5e87,-0.673317373,1010,0,2,10,1100,2,0,0,0xbe317a1c,-0.173317373,0xbe317a1c,-0.173317373,0x00000000,0
l2,0.0625,0,min-error,metric_min,exp2,0,1,1,1.37845469,1.34284043,1.34284043,1.37845469,0.0356142521,25,raw-and-scaled,4,1,fp4_e1m2,fp4_e2m1,2,1,4,54,25,exp1,5,17,4,4,1.37845469,1.34284043,-12,0x3fb07134,1.37845469,0x3f800000,1,0x3cce0283,0.0251476821,0x3cce0283,0.0251476821,0000,0,0,00,0000,0,0,0,0x3cce0283,0.0251476821,0x3cce0283,0.0251476821,0x00000000,0
l2,0.0625,0,min-error,metric_min,exp2,0,1,1,1.37845469,1.34284043,1.34284043,1.37845469,0.0356142521,26,raw-and-scaled,4,1,fp4_e1m2,fp4_e2m1,2,1,4,54,26,exp1,5,17,4,4,1.37845469,1.34284043,-12,0x3fb07134,1.37845469,0x3f800000,1,0xbe2942fc,-0.165294588,0xbe2942fc,-0.165294588,1000,0,0,00,1001,0,1,1,0xbe2942fc,-0.165294588,0xbd250bf0,-0.0402945876,0xbf800000,-1
l2,0.0625,0,min-error,metric_min,exp2,0,1,1,1.37845469,1.34284043,1.34284043,1.37845469,0.0356142521,27,raw-and-scaled,4,1,fp4_e1m2,fp4_e2m1,2,1,4,54,27,exp1,5,17,4,4,1.37845469,1.34284043,-12,0x3fb07134,1.37845469,0x3f800000,1,0x3ad4d388,0.00162373576,0x3ad4d388,0.00162373576,0000,0,0,00,0000,0,0,0,0x3ad4d388,0.00162373576,0x3ad4d388,0.00162373576,0x00000000,0
l2,0.0625,0,min-error,metric_min,exp2,0,1,1,1.37845469,1.34284043,1.34284043,1.37845469,0.0356142521,28,raw-and-scaled,4,1,fp4_e1m2,fp4_e2m1,2,1,4,54,28,exp1,5,17,4,4,1.37845469,1.34284043,-12,0x3fb07134,1.37845469,0x3f800000,1,0x3f48cd00,0.784378052,0x3f48cd00,0.784378052,0011,0,3,11,0101,2,1,1,0x3d0cd000,0.0343780518,0x3d0cd000,0.0343780518,0x00000000,0
l2,0.0625,0,min-error,metric_min,exp2,0,1,1,1.37845469,1.34284043,1.34284043,1.37845469,0.0356142521,29,raw-and-scaled,4,1,fp4_e1m2,fp4_e2m1,2,1,4,54,29,exp1,5,17,4,4,1.37845469,1.34284043,-12,0x3fb07134,1.37845469,0x3f800000,1,0x3aefc3aa,0.00182925654,0x3aefc3aa,0.00182925654,0000,0,0,00,0000,0,0,0,0x3aefc3aa,0.00182925654,0x3aefc3aa,0.00182925654,0x00000000,0
l2,0.0625,0,min-error,metric_min,exp2,0,1,1,1.37845469,1.34284043,1.34284043,1.37845469,0.0356142521,30,raw-and-scaled,4,1,fp4_e1m2,fp4_e2m1,2,1,4,54,30,exp1,5,17,4,4,1.37845469,1.34284043,-12,0x3fb07134,1.37845469,0x3f800000,1,0xbdb9d36a,-0.0907352716,0xbdb9d36a,-0.0907352716,1000,0,0,00,1000,0,0,0,0xbdb9d36a,-0.0907352716,0xbdb9d36a,-0.0907352716,0x00000000,0
l2,0.0625,0,min-error,metric_min,exp2,0,1,1,1.37845469,1.34284043,1.34284043,1.37845469,0.0356142521,31,raw-and-scaled,4,1,fp4_e1m2,fp4_e2m1,2,1,4,54,31,exp1,5,17,4,4,1.37845469,1.34284043,-12,0x3fb07134,1.37845469,0x3f800000,1,0x3d9d33ba,0.0767588168,0x3d9d33ba,0.0767588168,0000,0,0,00,0000,0,0,0,0x3d9d33ba,0.0767588168,0x3d9d33ba,0.0767588168,0x00000000,0
l2,0.0625,0,min-error,metric_min,exp2,0,1,1,1.37845469,1.34284043,1.34284043,1.37845469,0.0356142521,32,raw-and-scaled,4,1,fp4_e1m2,fp4_e2m1,2,1,4,54,32,exp1,5,17,4,4,1.37845469,1.34284043,-12,0x3fb07134,1.37845469,0x3f800000,1,0x3d2a7520,0.0416156054,0x3d2a7520,0.0416156054,0000,0,0,00,0000,0,0,0,0x3d2a7520,0.0416156054,0x3d2a7520,0.0416156054,0x00000000,0
l2,0.0625,0,min-error,metric_min,exp2,0,1,1,1.37845469,1.34284043,1.34284043,1.37845469,0.0356142521,33,raw-and-scaled,4,1,fp4_e1m2,fp4_e2m1,2,1,4,54,33,exp1,5,17,4,4,1.37845469,1.34284043,-12,0x3fb07134,1.37845469,0x3f800000,1,0x3b0ebf06,0.00217813393,0x3b0ebf06,0.00217813393,0000,0,0,00,0000,0,0,0,0x3b0ebf06,0.00217813393,0x3b0ebf06,0.00217813393,0x00000000,0
l2,0.0625,0,min-error,metric_min,exp2,0,1,1,1.37845469,1.34284043,1.34284043,1.37845469,0.0356142521,34,raw-and-scaled,4,1,fp4_e1m2,fp4_e2m1,2,1,4,54,34,exp1,5,17,4,4,1.37845469,1.34284043,-12,0x3fb07134,1.37845469,0x3f800000,1,0xbca8fd68,-0.020628646,0xbca8fd68,-0.020628646,1000,0,0,00,1000,0,0,0,0xbca8fd68,-0.020628646,0xbca8fd68,-0.020628646,0x00000000,0
l2,0.0625,0,min-error,metric_min,exp2,0,1,1,1.37845469,1.34284043,1.34284043,1.37845469,0.0356142521,35,raw-and-scaled,4,1,fp4_e1m2,fp4_e2m1,2,1,4,54,35,exp1,5,17,4,4,1.37845469,1.34284043,-12,0x3fb07134,1.37845469,0x3f800000,1,0x3e206a9c,0.156656682,0x3e206a9c,0.156656682,0000,0,0,00,0001,0,1,1,0x3e206a9c,0.156656682,0x3d01aa70,0.0316566825,0xbf800000,-1
l2,0.0625,0,min-error,metric_min,exp2,0,1,1,1.37845469,1.34284043,1.34284043,1.37845469,0.0356142521,36,raw-and-scaled,4,1,fp4_e1m2,fp4_e2m1,2,1,4,54,36,exp1,5,17,4,4,1.37845469,1.34284043,-12,0x3fb07134,1.37845469,0x3f800000,1,0x3d0cf256,0.0344107971,0x3d0cf256,0.0344107971,0000,0,0,00,0000,0,0,0,0x3d0cf256,0.0344107971,0x3d0cf256,0.0344107971,0x00000000,0
l2,0.0625,0,min-error,metric_min,exp2,0,1,1,1.37845469,1.34284043,1.34284043,1.37845469,0.0356142521,37,raw-and-scaled,4,1,fp4_e1m2,fp4_e2m1,2,1,4,54,37,exp1,5,17,4,4,1.37845469,1.34284043,-12,0x3fb07134,1.37845469,0x3f800000,1,0x3f8364d7,1.02651489,0x3f8364d7,1.02651489,0100,1,0,00,0110,3,0,0,0x3cd935c0,0.0265148878,0x3cd935c0,0.0265148878,0x00000000,0
l2,0.0625,0,min-error,metric_min,exp2,0,1,1,1.37845469,1.34284043,1.34284043,1.37845469,0.0356142521,38,raw-and-scaled,4,1,fp4_e1m2,fp4_e2m1,2,1,4,54,38,exp1,5,17,4,4,1.37845469,1.34284043,-12,0x3fb07134,1.37845469,0x3f800000,1,0xbc08d980,-0.00835263729,0xbc08d980,-0.00835263729,1000,0,0,00,1000,0,0,0,0xbc08d980,-0.00835263729,0xbc08d980,-0.00835263729,0x00000000,0
l2,0.0625,0,min-error,metric_min,exp2,0,1,1,1.37845469,1.34284043,1.34284043,1.37845469,0.0356142521,39,raw-and-scaled,4,1,fp4_e1m2,fp4_e2m1,2,1,4,54,39,exp1,5,17,4,4,1.37845469,1.34284043,-12,0x3fb07134,1.37845469,0x3f800000,1,0xbadc34e7,-0.00168004341,0xbadc34e7,-0.00168004341,1000,0,0,00,1000,0,0,0,0xbadc34e7,-0.00168004341,0xbadc34e7,-0.00168004341,0x00000000,0
l2,0.0625,0,min-error,metric_min,exp2,0,1,1,1.37845469,1.34284043,1.34284043,1.37845469,0.0356142521,40,raw-and-scaled,4,1,fp4_e1m2,fp4_e2m1,2,1,4,54,40,exp1,5,17,4,4,1.37845469,1.34284043,-12,0x3fb07134,1.37845469,0x3f800000,1,0x3b252032,0.00251961919,0x3b252032,0.00251961919,0000,0,0,00,0000,0,0,0,0x3b252032,0.00251961919,0x3b252032,0.00251961919,0x00000000,0
l2,0.0625,0,min-error,metric_min,exp2,0,1,1,1.37845469,1.34284043,1.34284043,1.37845469,0.0356142521,41,raw-and-scaled,4,1,fp4_e1m2,fp4_e2m1,2,1,4,54,41,exp1,5,17,4,4,1.37845469,1.34284043,-12,0x3fb07134,1.37845469,0x3f800000,1,0xbe758608,-0.239769101,0xbe758608,-0.239769101,1000,0,0,00,1001,0,1,1,0xbe758608,-0.239769101,0xbdeb0c10,-0.114769101,0xbf800000,-1
l2,0.0625,0,min-error,metric_min,exp2,0,1,1,1.37845469,1.34284043,1.34284043,1.37845469,0.0356142521,42,raw-and-scaled,4,1,fp4_e1m2,fp4_e2m1,2,1,4,54,42,exp1,5,17,4,4,1.37845469,1.34284043,-12,0x3fb07134,1.37845469,0x3f800000,1,0xbb24cb62,-0.00251456397,0xbb24cb62,-0.00251456397,1000,0,0,00,1000,0,0,0,0xbb24cb62,-0.00251456397,0xbb24cb62,-0.00251456397,0x00000000,0
l2,0.0625,0,min-error,metric_min,exp2,0,1,1,1.37845469,1.34284043,1.34284043,1.37845469,0.0356142521,43,raw-and-scaled,4,1,fp4_e1m2,fp4_e2m1,2,1,4,54,43,exp1,5,17,4,4,1.37845469,1.34284043,-12,0x3fb07134,1.37845469,0x3f800000,1,0x3ddbee80,0.107388496,0x3ddbee80,0.107388496,0000,0,0,00,0000,0,0,0,0x3ddbee80,0.107388496,0x3ddbee80,0.107388496,0x00000000,0
l2,0.0625,0,min-error,metric_min,exp2,0,1,1,1.37845469,1.34284043,1.34284043,1.37845469,0.0356142521,44,raw-and-scaled,4,1,fp4_e1m2,fp4_e2m1,2,1,4,54,44,exp1,5,17,4,4,1.37845469,1.34284043,-12,0x3fb07134,1.37845469,0x3f800000,1,0xba9873c0,-0.00116311759,0xba9873c0,-0.00116311759,1000,0,0,00,1000,0,0,0,0xba9873c0,-0.00116311759,0xba9873c0,-0.00116311759,0x00000000,0
l2,0.0625,0,min-error,metric_min,exp2,0,1,1,1.37845469,1.34284043,1.34284043,1.37845469,0.0356142521,45,raw-and-scaled,4,1,fp4_e1m2,fp4_e2m1,2,1,4,54,45,exp1,5,17,4,4,1.37845469,1.34284043,-12,0x3fb07134,1.37845469,0x3f800000,1,0xbafd247a,-0.0019313239,0xbafd247a,-0.0019313239,1000,0,0,00,1000,0,0,0,0xbafd247a,-0.0019313239,0xbafd247a,-0.0019313239,0x00000000,0
l2,0.0625,0,min-error,metric_min,exp2,0,1,1,1.37845469,1.34284043,1.34284043,1.37845469,0.0356142521,46,raw-and-scaled,4,1,fp4_e1m2,fp4_e2m1,2,1,4,54,46,exp1,5,17,4,4,1.37845469,1.34284043,-12,0x3fb07134,1.37845469,0x3f800000,1,0x3bceeaae,0.00631459709,0x3bceeaae,0.00631459709,0000,0,0,00,0000,0,0,0,0x3bceeaae,0.00631459709,0x3bceeaae,0.00631459709,0x00000000,0
l2,0.0625,0,min-error,metric_min,exp2,0,1,1,1.37845469,1.34284043,1.34284043,1.37845469,0.0356142521,47,raw-and-scaled,4,1,fp4_e1m2,fp4_e2m1,2,1,4,54,47,exp1,5,17,4,4,1.37845469,1.34284043,-12,0x3fb07134,1.37845469,0x3f800000,1,0xbd48767c,-0.0489411205,0xbd48767c,-0.0489411205,1000,0,0,00,1000,0,0,0,0xbd48767c,-0.0489411205,0xbd48767c,-0.0489411205,0x00000000,0
l2,0.0625,0,min-error,metric_min,exp2,0,1,1,1.37845469,1.34284043,1.34284043,1.37845469,0.0356142521,48,raw-and-scaled,4,1,fp4_e1m2,fp4_e2m1,2,1,4,54,48,exp1,5,17,4,4,1.37845469,1.34284043,-12,0x3fb07134,1.37845469,0x3f800000,1,0xbad33034,-0.00161123881,0xbad33034,-0.00161123881,1000,0,0,00,1000,0,0,0,0xbad33034,-0.00161123881,0xbad33034,-0.00161123881,0x00000000,0
l2,0.0625,0,min-error,metric_min,exp2,0,1,1,1.37845469,1.34284043,1.34284043,1.37845469,0.0356142521,49,raw-and-scaled,4,1,fp4_e1m2,fp4_e2m1,2,1,4,54,49,exp1,5,17,4,4,1.37845469,1.34284043,-12,0x3fb07134,1.37845469,0x3f800000,1,0x3dcf215a,0.101137832,0x3dcf215a,0.101137832,0000,0,0,00,0000,0,0,0,0x3dcf215a,0.101137832,0x3dcf215a,0.101137832,0x00000000,0
l2,0.0625,0,min-error,metric_min,exp2,0,1,1,1.37845469,1.34284043,1.34284043,1.37845469,0.0356142521,50,raw-and-scaled,4,1,fp4_e1m2,fp4_e2m1,2,1,4,54,50,exp1,5,17,4,4,1.37845469,1.34284043,-12,0x3fb07134,1.37845469,0x3f800000,1,0xbf26eb4d,-0.652027905,0xbf26eb4d,-0.652027905,1010,0,2,10,1100,2,0,0,0xbe1bad34,-0.152027905,0xbe1bad34,-0.152027905,0x00000000,0
l2,0.0625,0,min-error,metric_min,exp2,0,1,1,1.37845469,1.34284043,1.34284043,1.37845469,0.0356142521,51,raw-and-scaled,4,1,fp4_e1m2,fp4_e2m1,2,1,4,54,51,exp1,5,17,4,4,1.37845469,1.34284043,-12,0x3fb07134,1.37845469,0x3f800000,1,0x3fcf4a8f,1.61946285,0x3fcf4a8f,1.61946285,0110,1,2,10,0111,3,1,1,0x3df4a8f0,0.119462848,0x3df4a8f0,0.119462848,0x00000000,0
l2,0.0625,0,min-error,metric_min,exp2,0,1,1,1.37845469,1.34284043,1.34284043,1.37845469,0.0356142521,52,raw-and-scaled,4,1,fp4_e1m2,fp4_e2m1,2,1,4,54,52,exp1,5,17,4,4,1.37845469,1.34284043,-12,0x3fb07134,1.37845469,0x3f800000,1,0xba9a9654,-0.00117940689,0xba9a9654,-0.00117940689,1000,0,0,00,1000,0,0,0,0xba9a9654,-0.00117940689,0xba9a9654,-0.00117940689,0x00000000,0
l2,0.0625,0,min-error,metric_min,exp2,0,1,1,1.37845469,1.34284043,1.34284043,1.37845469,0.0356142521,53,raw-and-scaled,4,1,fp4_e1m2,fp4_e2m1,2,1,4,54,53,exp1,5,17,4,4,1.37845469,1.34284043,-12,0x3fb07134,1.37845469,0x3f800000,1,0x3fdf06d2,1.74239564,0x3fdf06d2,1.74239564,0110,1,2,10,0111,3,1,1,0x3e783690,0.242395639,0x3e783690,0.242395639,0x00000000,0
l2,0.0625,0,min-error,metric_min,exp2,0,1,1,1.37845469,1.34284043,1.34284043,1.37845469,0.0356142521,54,raw-and-scaled,4,1,fp4_e1m2,fp4_e2m1,2,1,4,54,54,exp1,5,17,4,4,1.37845469,1.34284043,-12,0x3fb07134,1.37845469,0x3f800000,1,0xbb7d5a17,-0.00386584341,0xbb7d5a17,-0.00386584341,1000,0,0,00,1000,0,0,0,0xbb7d5a17,-0.00386584341,0xbb7d5a17,-0.00386584341,0x00000000,0
l2,0.0625,0,min-error,metric_min,exp2,0,1,1,1.37845469,1.34284043,1.34284043,1.37845469,0.0356142521,55,raw-and-scaled,4,1,fp4_e1m2,fp4_e2m1,2,1,4,54,55,exp1,5,17,4,4,1.37845469,1.34284043,-12,0x3fb07134,1.37845469,0x3f800000,1,0x3cfdda15,0.0309877787,0x3cfdda15,0.0309877787,0000,0,0,00,0000,0,0,0,0x3cfdda15,0.0309877787,0x3cfdda15,0.0309877787,0x00000000,0
l2,0.0625,0,min-error,metric_min,exp2,0,1,1,1.37845469,1.34284043,1.34284043,1.37845469,0.0356142521,56,raw-and-scaled,4,1,fp4_e1m2,fp4_e2m1,2,1,4,54,56,exp1,5,17,4,4,1.37845469,1.34284043,-12,0x3fb07134,1.37845469,0x3f800000,1,0x3f3306a0,0.699319839,0x3f3306a0,0.699319839,0010,0,2,10,0100,2,0,0,0x3e4c1a80,0.199319839,0x3e4c1a80,0.199319839,0x00000000,0
l2,0.0625,0,min-error,metric_min,exp2,0,1,1,1.37845469,1.34284043,1.34284043,1.37845469,0.0356142521,57,raw-and-scaled,4,1,fp4_e1m2,fp4_e2m1,2,1,4,54,57,exp1,5,17,4,4,1.37845469,1.34284043,-12,0x3fb07134,1.37845469,0x3f800000,1,0xbb337998,-0.00273857079,0xbb337998,-0.00273857079,1000,0,0,00,1000,0,0,0,0xbb337998,-0.00273857079,0xbb337998,-0.00273857079,0x00000000,0
l2,0.0625,0,min-error,metric_min,exp2,0,1,1,1.37845469,1.34284043,1.34284043,1.37845469,0.0356142521,58,raw-and-scaled,4,1,fp4_e1m2,fp4_e2m1,2,1,4,54,58,exp1,5,17,4,4,1.37845469,1.34284043,-12,0x3fb07134,1.37845469,0x3f800000,1,0x3f78846e,0.970770717,0x3f78846e,0.970770717,0011,0,3,11,0101,2,1,1,0x3e6211b8,0.220770717,0x3e6211b8,0.220770717,0x00000000,0
l2,0.0625,0,min-error,metric_min,exp2,0,1,1,1.37845469,1.34284043,1.34284043,1.37845469,0.0356142521,59,raw-and-scaled,4,1,fp4_e1m2,fp4_e2m1,2,1,4,54,59,exp1,5,17,4,4,1.37845469,1.34284043,-12,0x3fb07134,1.37845469,0x3f800000,1,0xbe164b00,-0.146770477,0xbe164b00,-0.146770477,1000,0,0,00,1001,0,1,1,0xbe164b00,-0.146770477,0xbcb25800,-0.0217704773,0xbf800000,-1
l2,0.0625,0,min-error,metric_min,exp2,0,1,1,1.37845469,1.34284043,1.34284043,1.37845469,0.0356142521,60,raw-and-scaled,4,1,fp4_e1m2,fp4_e2m1,2,1,4,54,60,exp1,5,17,4,4,1.37845469,1.34284043,-12,0x3fb07134,1.37845469,0x3f800000,1,0xbdd34764,-0.103163511,0xbdd34764,-0.103163511,1000,0,0,00,1000,0,0,0,0xbdd34764,-0.103163511,0xbdd34764,-0.103163511,0x00000000,0
l2,0.0625,0,min-error,metric_min,exp2,0,1,1,1.37845469,1.34284043,1.34284043,1.37845469,0.0356142521,61,raw-and-scaled,4,1,fp4_e1m2,fp4_e2m1,2,1,4,54,61,exp1,5,17,4,4,1.37845469,1.34284043,-12,0x3fb07134,1.37845469,0x3f800000,1,0x3b4e36dc,0.00314658042,0x3b4e36dc,0.00314658042,0000,0,0,00,0000,0,0,0,0x3b4e36dc,0.00314658042,0x3b4e36dc,0.00314658042,0x00000000,0
l2,0.0625,0,min-error,metric_min,exp2,0,1,1,1.37845469,1.34284043,1.34284043,1.37845469,0.0356142521,62,raw-and-scaled,4,1,fp4_e1m2,fp4_e2m1,2,1,4,54,62,exp1,5,17,4,4,1.37845469,1.34284043,-12,0x3fb07134,1.37845469,0x3f800000,1,0x3cf99c48,0.0304700285,0x3cf99c48,0.0304700285,0000,0,0,00,0000,0,0,0,0x3cf99c48,0.0304700285,0x3cf99c48,0.0304700285,0x00000000,0
l2,0.0625,0,min-error,metric_min,exp2,0,1,1,1.37845469,1.34284043,1.34284043,1.37845469,0.0356142521,63,raw-and-scaled,4,1,fp4_e1m2,fp4_e2m1,2,1,4,54,63,exp1,5,17,4,4,1.37845469,1.34284043,-12,0x3fb07134,1.37845469,0x3f800000,1,0xbaa731bc,-0.00127559109,0xbaa731bc,-0.00127559109,1000,0,0,00,1000,0,0,0,0xbaa731bc,-0.00127559109,0xbaa731bc,-0.00127559109,0x00000000,0
l2,0.0625,0,min-error,metric_min,exp2,0,1,1,1.37845469,1.34284043,1.34284043,1.37845469,0.0356142521,64,raw-and-scaled,4,1,fp4_e1m2,fp4_e2m1,2,1,4,54,64,exp1,5,17,4,4,1.37845469,1.34284043,-12,0x3fb07134,1.37845469,0x3f800000,1,0x3bf35e0e,0.00742698368,0x3bf35e0e,0.00742698368,0000,0,0,00,0000,0,0,0,0x3bf35e0e,0.00742698368,0x3bf35e0e,0.00742698368,0x00000000,0
l2,0.0625,0,min-error,metric_min,exp2,0,1,1,1.37845469,1.34284043,1.34284043,1.37845469,0.0356142521,65,raw-and-scaled,4,1,fp4_e1m2,fp4_e2m1,2,1,4,54,65,exp1,5,17,4,4,1.37845469,1.34284043,-12,0x3fb07134,1.37845469,0x3f800000,1,0xbeb8abaa,-0.360684693,0xbeb8abaa,-0.360684693,1001,0,1,01,1010,1,0,0,0xbde2aea8,-0.110684693,0xbde2aea8,-0.110684693,0x80000000,-0
l2,0.0625,0,min-error,metric_min,exp2,0,1,1,1.37845469,1.34284043,1.34284043,1.37845469,0.0356142521,66,raw-and-scaled,4,1,fp4_e1m2,fp4_e2m1,2,1,4,54,66,exp1,5,17,4,4,1.37845469,1.34284043,-12,0x3fb07134,1.37845469,0x3f800000,1,0x3d7e0ba8,0.062022835,0x3d7e0ba8,0.062022835,0000,0,0,00,0000,0,0,0,0x3d7e0ba8,0.062022835,0x3d7e0ba8,0.062022835,0x00000000,0
l2,0.0625,0,min-error,metric_min,exp2,0,1,1,1.37845469,1.34284043,1.34284043,1.37845469,0.0356142521,67,raw-and-scaled,4,1,fp4_e1m2,fp4_e2m1,2,1,4,54,67,exp1,5,17,4,4,1.37845469,1.34284043,-12,0x3fb07134,1.37845469,0x3f800000,1,0x3e80118a,0.250133812,0x3e80118a,0.250133812,0001,0,1,01,0010,1,0,0,0x390c5000,0.000133812428,0x390c5000,0.000133812428,0x80000000,-0
l2,0.0625,0,min-error,metric_min,exp2,0,1,1,1.37845469,1.34284043,1.34284043,1.37845469,0.0356142521,68,raw-and-scaled,4,1,fp4_e1m2,fp4_e2m1,2,1,4,54,68,exp1,5,17,4,4,1.37845469,1.34284043,-12,0x3fb07134,1.37845469,0x3f800000,1,0xbd1b2914,-0.037880972,0xbd1b2914,-0.037880972,1000,0,0,00,1000,0,0,0,0xbd1b2914,-0.037880972,0xbd1b2914,-0.037880972,0x00000000,0
l2,0.0625,0,min-error,metric_min,exp2,0,1,1,1.37845469,1.34284043,1.34284043,1.37845469,0.0356142521,69,raw-and-scaled,4,1,fp4_e1m2,fp4_e2m1,2,1,4,54,69,exp1,5,17,4,4,1.37845469,1.34284043,-12,0x3fb07134,1.37845469,0x3f800000,1,0xbbb269a6,-0.00544472318,0xbbb269a6,-0.00544472318,1000,0,0,00,1000,0,0,0,0xbbb269a6,-0.00544472318,0xbbb269a6,-0.00544472318,0x00000000,0
l2,0.0625,0,min-error,metric_min,exp2,0,1,1,1.37845469,1.34284043,1.34284043,1.37845469,0.0356142521,70,raw-and-scaled,4,1,fp4_e1m2,fp4_e2m1,2,1,4,54,70,exp1,5,17,4,4,1.37845469,1.34284043,-12,0x3fb07134,1.37845469,0x3f800000,1,0x3b80d149,0.00393119873,0x3b80d149,0.00393119873,0000,0,0,00,0000,0,0,0,0x3b80d149,0.00393119873,0x3b80d149,0.00393119873,0x00000000,0
l2,0.0625,0,min-error,metric_min,exp2,0,1,1,1.37845469,1.34284043,1.34284043,1.37845469,0.0356142521,71,raw-and-scaled,4,1,fp4_e1m2,fp4_e2m1,2,1,4,54,71,exp1,5,17,4,4,1.37845469,1.34284043,-12,0x3fb07134,1.37845469,0x3f800000,1,0x3bba2fac,0.00568195246,0x3bba2fac,0.00568195246,0000,0,0,00,0000,0,0,0,0x3bba2fac,0.00568195246,0x3bba2fac,0.00568195246,0x00000000,0
l2,0.0625,0,min-error,metric_min,exp2,0,1,1,1.37845469,1.34284043,1.34284043,1.37845469,0.0356142521,72,raw-and-scaled,4,1,fp4_e1m2,fp4_e2m1,2,1,4,54,72,exp1,5,17,4,4,1.37845469,1.34284043,-12,0x3fb07134,1.37845469,0x3f800000,1,0x3e0d2f58,0.137875915,0x3e0d2f58,0.137875915,0000,0,0,00,0001,0,1,1,0x3e0d2f58,0.137875915,0x3c52f580,0.0128759146,0xbf800000,-1
l2,0.0625,0,min-error,metric_min,exp2,0,1,1,1.37845469,1.34284043,1.34284043,1.37845469,0.0356142521,73,raw-and-scaled,4,1,fp4_e1m2,fp4_e2m1,2,1,4,54,73,exp1,5,17,4,4,1.37845469,1.34284043,-12,0x3fb07134,1.37845469,0x3f800000,1,0x3ee7ff9d,0.45312205,0x3ee7ff9d,0.45312205,0001,0,1,01,0011,1,1,1,0x3e4fff3a,0.20312205,0x3d9ffe74,0.0781220496,0xbf800000,-1
l2,0.0625,0,min-error,metric_min,exp2,0,1,1,1.37845469,1.34284043,1.34284043,1.37845469,0.0356142521,74,raw-and-scaled,4,1,fp4_e1m2,fp4_e2m1,2,1,4,54,74,exp1,5,17,4,4,1.37845469,1.34284043,-12,0x3fb07134,1.37845469,0x3f800000,1,0xbc765da2,-0.0150369722,0xbc765da2,-0.0150369722,1000,0,0,00,1000,0,0,0,0xbc765da2,-0.0150369722,0xbc765da2,-0.0150369722,0x00000000,0
l2,0.0625,0,min-error,metric_min,exp2,0,1,1,1.37845469,1.34284043,1.34284043,1.37845469,0.0356142521,75,raw-and-scaled,4,1,fp4_e1m2,fp4_e2m1,2,1,4,54,75,exp1,5,17,4,4,1.37845469,1.34284043,-12,0x3fb07134,1.37845469,0x3f800000,1,0x3ebba1fd,0.366470248,0x3ebba1fd,0.366470248,0001,0,1,01,0010,1,0,0,0x3dee87f4,0.116470248,0x3dee87f4,0.116470248,0x80000000,-0
l2,0.0625,0,min-error,metric_min,exp2,0,1,1,1.37845469,1.34284043,1.34284043,1.37845469,0.0356142521,76,raw-and-scaled,4,1,fp4_e1m2,fp4_e2m1,2,1,4,54,76,exp1,5,17,4,4,1.37845469,1.34284043,-12,0x3fb07134,1.37845469,0x3f800000,1,0x3de563d0,0.112006783,0x3de563d0,0.112006783,0000,0,0,00,0000,0,0,0,0x3de563d0,0.112006783,0x3de563d0,0.112006783,0x00000000,0
l2,0.0625,0,min-error,metric_min,exp2,0,1,1,1.37845469,1.34284043,1.34284043,1.37845469,0.0356142521,77,raw-and-scaled,4,1,fp4_e1m2,fp4_e2m1,2,1,4,54,77,exp1,5,17,4,4,1.37845469,1.34284043,-12,0x3fb07134,1.37845469,0x3f800000,1,0xbfdfb253,-1.74762952,0xbfdfb253,-1.74762952,1110,1,2,10,1111,3,1,1,0xbe7d9298,-0.247629523,0xbe7d9298,-0.247629523,0x00000000,0
l2,0.0625,0,min-error,metric_min,exp2,0,1,1,1.37845469,1.34284043,1.34284043,1.37845469,0.0356142521,78,raw-and-scaled,4,1,fp4_e1m2,fp4_e2m1,2,1,4,54,78,exp1,5,17,4,4,1.37845469,1.34284043,-12,0x3fb07134,1.37845469,0x3f800000,1,0x3b59773d,0.00331826438,0x3b59773d,0.00331826438,0000,0,0,00,0000,0,0,0,0x3b59773d,0.00331826438,0x3b59773d,0.00331826438,0x00000000,0
l2,0.0625,0,min-error,metric_min,exp2,0,1,1,1.37845469,1.34284043,1.34284043,1.37845469,0.0356142521,79,raw-and-scaled,4,1,fp4_e1m2,fp4_e2m1,2,1,4,54,79,exp1,5,17,4,4,1.37845469,1.34284043,-12,0x3fb07134,1.37845469,0x3f800000,1,0xbac80724,-0.00152609171,0xbac80724,-0.00152609171,1000,0,0,00,1000,0,0,0,0xbac80724,-0.00152609171,0xbac80724,-0.00152609171,0x00000000,0
l2,0.0625,0,min-error,metric_min,exp2,0,1,1,1.37845469,1.34284043,1.34284043,1.37845469,0.0356142521,80,raw-and-scaled,4,1,fp4_e1m2,fp4_e2m1,2,1,4,54,80,exp1,5,17,4,4,1.37845469,1.34284043,-12,0x3fb07134,1.37845469,0x3f800000,1,0x3e162977,0.146642551,0x3e162977,0.146642551,0000,0,0,00,0001,0,1,1,0x3e162977,0.146642551,0x3cb14bb8,0.0216425508,0xbf800000,-1
l2,0.0625,0,min-error,metric_min,exp2,0,1,1,1.37845469,1.34284043,1.34284043,1.37845469,0.0356142521,81,raw-and-scaled,4,1,fp4_e1m2,fp4_e2m1,2,1,4,54,81,exp1,5,17,4,4,1.37845469,1.34284043,-12,0x3fb07134,1.37845469,0x3f800000,1,0xbb87247c,-0.00412422232,0xbb87247c,-0.00412422232,1000,0,0,00,1000,0,0,0,0xbb87247c,-0.00412422232,0xbb87247c,-0.00412422232,0x00000000,0
l2,0.0625,0,min-error,metric_min,exp2,0,1,1,1.37845469,1.34284043,1.34284043,1.37845469,0.0356142521,82,raw-and-scaled,4,1,fp4_e1m2,fp4_e2m1,2,1,4,54,82,exp1,5,17,4,4,1.37845469,1.34284043,-12,0x3fb07134,1.37845469,0x3f800000,1,0xbfd9a183,-1.70024145,0xbfd9a183,-1.70024145,1110,1,2,10,1111,3,1,1,0xbe4d0c18,-0.200241446,0xbe4d0c18,-0.200241446,0x00000000,0
l2,0.0625,0,min-error,metric_min,exp2,0,1,1,1.37845469,1.34284043,1.34284043,1.37845469,0.0356142521,83,raw-and-scaled,4,1,fp4_e1m2,fp4_e2m1,2,1,4,54,83,exp1,5,17,4,4,1.37845469,1.34284043,-12,0x3fb07134,1.37845469,0x3f800000,1,0xbe94a57e,-0.290325105,0xbe94a57e,-0.290325105,1001,0,1,01,1010,1,0,0,0xbd252bf0,-0.0403251052,0xbd252bf0,-0.0403251052,0x80000000,-0
l2,0.0625,0,min-error,metric_min,exp2,0,1,1,1.37845469,1.34284043,1.34284043,1.37845469,0.0356142521,84,raw-and-scaled,4,1,fp4_e1m2,fp4_e2m1,2,1,4,54,84,exp1,5,17,4,4,1.37845469,1.34284043,-12,0x3fb07134,1.37845469,0x3f800000,1,0x3df152b2,0.11783351,0x3df152b2,0.11783351,0000,0,0,00,0000,0,0,0,0x3df152b2,0.11783351,0x3df152b2,0.11783351,0x00000000,0
l2,0.0625,0,min-error,metric_min,exp2,0,1,1,1.37845469,1.34284043,1.34284043,1.37845469,0.0356142521,85,raw-and-scaled,4,1,fp4_e1m2,fp4_e2m1,2,1,4,54,85,exp1,5,17,4,4,1.37845469,1.34284043,-12,0x3fb07134,1.37845469,0x3f800000,1,0x3ccd4637,0.0250578951,0x3ccd4637,0.0250578951,0000,0,0,00,0000,0,0,0,0x3ccd4637,0.0250578951,0x3ccd4637,0.0250578951,0x00000000,0
l2,0.0625,0,min-error,metric_min,exp2,0,1,1,1.37845469,1.34284043,1.34284043,1.37845469,0.0356142521,86,raw-and-scaled,4,1,fp4_e1m2,fp4_e2m1,2,1,4,54,86,exp1,5,17,4,4,1.37845469,1.34284043,-12,0x3fb07134,1.37845469,0x3f800000,1,0xbf1f995a,-0.623433709,0xbf1f995a,-0.623433709,1010,0,2,10,1100,2,0,0,0xbdfccad0,-0.123433709,0xbdfccad0,-0.123433709,0x00000000,0
l2,0.0625,0,min-error,metric_min,exp2,0,1,1,1.37845469,1.34284043,1.34284043,1.37845469,0.0356142521,87,raw-and-scaled,4,1,fp4_e1m2,fp4_e2m1,2,1,4,54,87,exp1,5,17,4,4,1.37845469,1.34284043,-12,0x3fb07134,1.37845469,0x3f800000,1,0xbba50f5e,-0.0050372323,0xbba50f5e,-0.0050372323,1000,0,0,00,1000,0,0,0,0xbba50f5e,-0.0050372323,0xbba50f5e,-0.0050372323,0x00000000,0
l2,0.0625,0,min-error,metric_min,exp2,0,1,1,1.37845469,1.34284043,1.34284043,1.37845469,0.0356142521,88,raw-and-scaled,4,1,fp4_e1m2,fp4_e2m1,2,1,4,54,88,exp1,5,17,4,4,1.37845469,1.34284043,-12,0x3fb07134,1.37845469,0x3f800000,1,0x3ccf9d9a,0.025343705,0x3ccf9d9a,0.025343705,0000,0,0,00,0000,0,0,0,0x3ccf9d9a,0.025343705,0x3ccf9d9a,0.025343705,0x00000000,0
l2,0.0625,0,min-error,metric_min,exp2,0,1,1,1.37845469,1.34284043,1.34284043,1.37845469,0.0356142521,89,raw-and-scaled,4,1,fp4_e1m2,fp4_e2m1,2,1,4,54,89,exp1,5,17,4,4,1.37845469,1.34284043,-12,0x3fb07134,1.37845469,0x3f800000,1,0xbcbd9967,-0.023144437,0xbcbd9967,-0.023144437,1000,0,0,00,1000,0,0,0,0xbcbd9967,-0.023144437,0xbcbd9967,-0.023144437,0x00000000,0
l2,0.0625,0,min-error,metric_min,exp2,0,1,1,1.37845469,1.34284043,1.34284043,1.37845469,0.0356142521,90,raw-and-scaled,4,1,fp4_e1m2,fp4_e2m1,2,1,4,54,90,exp1,5,17,4,4,1.37845469,1.34284043,-12,0x3fb07134,1.37845469,0x3f800000,1,0xbe780874,-0.242219746,0xbe780874,-0.242219746,1000,0,0,00,1001,0,1,1,0xbe780874,-0.242219746,0xbdf010e8,-0.117219746,0xbf800000,-1
l2,0.0625,0,min-error,metric_min,exp2,0,1,1,1.37845469,1.34284043,1.34284043,1.37845469,0.0356142521,91,raw-and-scaled,4,1,fp4_e1m2,fp4_e2m1,2,1,4,54,91,exp1,5,17,4,4,1.37845469,1.34284043,-12,0x3fb07134,1.37845469,0x3f800000,1,0xbf27ac0c,-0.654968977,0xbf27ac0c,-0.654968977,1010,0,2,10,1100,2,0,0,0xbe1eb030,-0.154968977,0xbe1eb030,-0.154968977,0x00000000,0
l2,0.0625,0,min-error,metric_min,exp2,0,1,1,1.37845469,1.34284043,1.34284043,1.37845469,0.0356142521,92,raw-and-scaled,4,1,fp4_e1m2,fp4_e2m1,2,1,4,54,92,exp1,5,17,4,4,1.37845469,1.34284043,-12,0x3fb07134,1.37845469,0x3f800000,1,0xbb9a460c,-0.00470805727,0xbb9a460c,-0.00470805727,1000,0,0,00,1000,0,0,0,0xbb9a460c,-0.00470805727,0xbb9a460c,-0.00470805727,0x00000000,0
l2,0.0625,0,min-error,metric_min,exp2,0,1,1,1.37845469,1.34284043,1.34284043,1.37845469,0.0356142521,93,raw-and-scaled,4,1,fp4_e1m2,fp4_e2m1,2,1,4,54,93,exp1,5,17,4,4,1.37845469,1.34284043,-12,0x3fb07134,1.37845469,0x3f800000,1,0xbd0582be,-0.0325953886,0xbd0582be,-0.0325953886,1000,0,0,00,1000,0,0,0,0xbd0582be,-0.0325953886,0xbd0582be,-0.0325953886,0x00000000,0
l2,0.0625,0,min-error,metric_min,exp2,0,1,1,1.37845469,1.34284043,1.34284043,1.37845469,0.0356142521,94,raw-and-scaled,4,1,fp4_e1m2,fp4_e2m1,2,1,4,54,94,exp1,5,17,4,4,1.37845469,1.34284043,-12,0x3fb07134,1.37845469,0x3f800000,1,0xbe4bf76c,-0.199186027,0xbe4bf76c,-0.199186027,1000,0,0,00,1001,0,1,1,0xbe4bf76c,-0.199186027,0xbd97eed8,-0.0741860271,0xbf800000,-1
l2,0.0625,0,min-error,metric_min,exp2,0,1,1,1.37845469,1.34284043,1.34284043,1.37845469,0.0356142521,95,raw-and-scaled,4,1,fp4_e1m2,fp4_e2m1,2,1,4,54,95,exp1,5,17,4,4,1.37845469,1.34284043,-12,0x3fb07134,1.37845469,0x3f800000,1,0x3e9049f6,0.281814277,0x3e9049f6,0.281814277,0001,0,1,01,0010,1,0,0,0x3d024fb0,0.0318142772,0x3d024fb0,0.0318142772,0x80000000,-0
l2,0.0625,0,min-error,metric_min,exp2,0,1,1,1.37845469,1.34284043,1.34284043,1.37845469,0.0356142521,96,raw-and-scaled,4,1,fp4_e1m2,fp4_e2m1,2,1,4,54,96,exp1,5,17,4,4,1.37845469,1.34284043,-12,0x3fb07134,1.37845469,0x3f800000,1,0x3db982ac,0.0905812681,0x3db982ac,0.0905812681,0000,0,0,00,0000,0,0,0,0x3db982ac,0.0905812681,0x3db982ac,0.0905812681,0x00000000,0
l2,0.0625,0,min-error,metric_min,exp2,0,1,1,1.37845469,1.34284043,1.34284043,1.37845469,0.0356142521,97,raw-and-scaled,4,1,fp4_e1m2,fp4_e2m1,2,1,4,54,97,exp1,5,17,4,4,1.37845469,1.34284043,-12,0x3fb07134,1.37845469,0x3f800000,1,0x3cfeeabc,0.0311177894,0x3cfeeabc,0.0311177894,0000,0,0,00,0000,0,0,0,0x3cfeeabc,0.0311177894,0x3cfeeabc,0.0311177894,0x00000000,0
l2,0.0625,0,min-error,metric_min,exp2,0,1,1,1.37845469,1.34284043,1.34284043,1.37845469,0.0356142521,98,raw-and-scaled,4,1,fp4_e1m2,fp4_e2m1,2,1,4,54,98,exp1,5,17,4,4,1.37845469,1.34284043,-12,0x3fb07134,1.37845469,0x3f800000,1,0xbfa3cd04,-1.27969408,0xbfa3cd04,-1.27969408,1101,1,1,01,1110,3,0,0,0xbcf34100,-0.0296940804,0xbe8f3410,-0.27969408,0x3f800000,1
l2,0.0625,0,min-error,metric_min,exp2,0,1,1,1.37845469,1.34284043,1.34284043,1.37845469,0.0356142521,99,raw-and-scaled,4,1,fp4_e1m2,fp4_e2m1,2,1,4,54,99,exp1,5,17,4,4,1.37845469,1.34284043,-12,0x3fb07134,1.37845469,0x3f800000,1,0xbc78a408,-0.0151758268,0xbc78a408,-0.0151758268,1000,0,0,00,1000,0,0,0,0xbc78a408,-0.0151758268,0xbc78a408,-0.0151758268,0x00000000,0
l2,0.0625,0,min-error,metric_min,exp2,0,1,1,1.37845469,1.34284043,1.34284043,1.37845469,0.0356142521,100,raw-and-scaled,4,1,fp4_e1m2,fp4_e2m1,2,1,4,54,100,exp1,5,17,4,4,1.37845469,1.34284043,-12,0x3fb07134,1.37845469,0x3f800000,1,0xbc66f47a,-0.0140963737,0xbc66f47a,-0.0140963737,1000,0,0,00,1000,0,0,0,0xbc66f47a,-0.0140963737,0xbc66f47a,-0.0140963737,0x00000000,0
l2,0.0625,0,min-error,metric_min,exp2,0,1,1,1.37845469,1.34284043,1.34284043,1.37845469,0.0356142521,101,raw-and-scaled,4,1,fp4_e1m2,fp4_e2m1,2,1,4,54,101,exp1,5,17,4,4,1.37845469,1.34284043,-12,0x3fb07134,1.37845469,0x3f800000,1,0xbb98c566,-0.0046622036,0xbb98c566,-0.0046622036,1000,0,0,00,1000,0,0,0,0xbb98c566,-0.0046622036,0xbb98c566,-0.0046622036,0x00000000,0
l2,0.0625,0,min-error,metric_min,exp2,0,1,1,1.37845469,1.34284043,1.34284043,1.37845469,0.0356142521,102,raw-and-scaled,4,1,fp4_e1m2,fp4_e2m1,2,1,4,54,102,exp1,5,17,4,4,1.37845469,1.34284043,-12,0x3fb07134,1.37845469,0x3f800000,1,0x3c61e580,0.0137876272,0x3c61e580,0.0137876272,0000,0,0,00,0000,0,0,0,0x3c61e580,0.0137876272,0x3c61e580,0.0137876272,0x00000000,0
l2,0.0625,0,min-error,metric_min,exp2,0,1,1,1.37845469,1.34284043,1.34284043,1.37845469,0.0356142521,103,raw-and-scaled,4,1,fp4_e1m2,fp4_e2m1,2,1,4,54,103,exp1,5,17,4,4,1.37845469,1.34284043,-12,0x3fb07134,1.37845469,0x3f800000,1,0xbf26af38,-0.651111126,0xbf26af38,-0.651111126,1010,0,2,10,1100,2,0,0,0xbe1abce0,-0.151111126,0xbe1abce0,-0.151111126,0x00000000,0
l2,0.0625,0,min-error,metric_min,exp2,0,1,1,1.37845469,1.34284043,1.34284043,1.37845469,0.0356142521,104,raw-and-scaled,4,1,fp4_e1m2,fp4_e2m1,2,1,4,54,104,exp1,5,17,4,4,1.37845469,1.34284043,-12,0x3fb07134,1.37845469,0x3f800000,1,0xbfe28166,-1.76957393,0xbfe28166,-1.76957393,1111,1,3,11,1111,3,1,1,0xbca05980,-0.0195739269,0xbe8a0598,-0.269573927,0x3f800000,1
l2,0.0625,0,min-error,metric_min,exp2,0,1,1,1.37845469,1.34284043,1.34284043,1.37845469,0.0356142521,105,raw-and-scaled,4,1,fp4_e1m2,fp4_e2m1,2,1,4,54,105,exp1,5,17,4,4,1.37845469,1.34284043,-12,0x3fb07134,1.37845469,0x3f800000,1,0xbc1a9b0d,-0.00943638105,0xbc1a9b0d,-0.00943638105,1000,0,0,00,1000,0,0,0,0xbc1a9b0d,-0.00943638105,0xbc1a9b0d,-0.00943638105,0x00000000,0
l2,0.0625,0,min-error,metric_min,exp2,0,1,1,1.37845469,1.34284043,1.34284043,1.37845469,0.0356142521,106,raw-and-scaled,4,1,fp4_e1m2,fp4_e2m1,2,1,4,54,106,exp1,5,17,4,4,1.37845469,1.34284043,-12,0x3fb07134,1.37845469,0x3f800000,1,0xbb50e7e4,-0.00318764988,0xbb50e7e4,-0.00318764988,1000,0,0,00,1000,0,0,0,0xbb50e7e4,-0.00318764988,0xbb50e7e4,-0.00318764988,0x00000000,0
l2,0.0625,0,min-error,metric_min,exp2,0,1,1,1.37845469,1.34284043,1.34284043,1.37845469,0.0356142521,107,raw-and-scaled,4,1,fp4_e1m2,fp4_e2m1,2,1,4,54,107,exp1,5,17,4,4,1.37845469,1.34284043,-12,0x3fb07134,1.37845469,0x3f800000,1,0x3ae3ff23,0.00173947623,0x3ae3ff23,0.00173947623,0000,0,0,00,0000,0,0,0,0x3ae3ff23,0.00173947623,0x3ae3ff23,0.00173947623,0x00000000,0
l2,0.0625,0,min-error,metric_min,exp2,0,1,1,1.37845469,1.34284043,1.34284043,1.37845469,0.0356142521,108,raw-and-scaled,4,1,fp4_e1m2,fp4_e2m1,2,1,4,54,108,exp1,5,17,4,4,1.37845469,1.34284043,-12,0x3fb07134,1.37845469,0x3f800000,1,0xbeef0358,-0.466822386,0xbeef0358,-0.466822386,1001,0,1,01,1011,1,1,1,0xbe5e06b0,-0.216822386,0xbdbc0d60,-0.0918223858,0xbf800000,-1
l2,0.0625,0,min-error,metric_min,exp2,0,1,1,1.37845469,1.34284043,1.34284043,1.37845469,0.0356142521,109,raw-and-scaled,4,1,fp4_e1m2,fp4_e2m1,2,1,4,54,109,exp1,5,17,4,4,1.37845469,1.34284043,-12,0x3fb07134,1.37845469,0x3f800000,1,0xbf283264,-0.6570189,0xbf283264,-0.6570189,1010,0,2,10,1100,2,0,0,0xbe20c990,-0.1570189,0xbe20c990,-0.1570189,0x00000000,0
l2,0.0625,0,min-error,metric_min,exp2,0,1,1,1.37845469,1.34284043,1.34284043,1.37845469,0.0356142521,110,raw-and-scaled,4,1,fp4_e1m2,fp4_e2m1,2,1,4,54,110,exp1,5,17,4,4,1.37845469,1.34284043,-12,0x3fb07134,1.37845469,0x3f800000,1,0xbe65aa7c,-0.224283159,0xbe65aa7c,-0.224283159,1000,0,0,00,1001,0,1,1,0xbe65aa7c,-0.224283159,0xbdcb54f8,-0.0992831588,0xbf800000,-1
l2,0.0625,0,min-error,metric_min,exp2,0,1,1,1.37845469,1.34284043,1.34284043,1.37845469,0.0356142521,111,raw-and-scaled,4,1,fp4_e1m2,fp4_e2m1,2,1,4,54,111,exp1,5,17,4,4,1.37845469,1.34284043,-12,0x3fb07134,1.37845469,0x3f800000,1,0x3b6dcc3a,0.00362850586,0x3b6dcc3a,0.00362850586,0000,0,0,00,0000,0,0,0,0x3b6dcc3a,0.00362850586,0x3b6dcc3a,0.00362850586,0x00000000,0
l2,0.0625,0,min-error,metric_min,exp2,0,1,1,1.37845469,1.34284043,1.34284043,1.37845469,0.0356142521,112,raw-and-scaled,4,1,fp4_e1m2,fp4_e2m1,2,1,4,54,112,exp1,5,17,4,4,1.37845469,1.34284043,-12,0x3fb07134,1.37845469,0x3f800000,1,0x3cafe004,0.0214691237,0x3cafe004,0.0214691237,0000,0,0,00,0000,0,0,0,0x3cafe004,0.0214691237,0x3cafe004,0.0214691237,0x00000000,0
l2,0.0625,0,min-error,metric_min,exp2,0,1,1,1.37845469,1.34284043,1.34284043,1.37845469,0.0356142521,113,raw-and-scaled,4,1,fp4_e1m2,fp4_e2m1,2,1,4,54,113,exp1,5,17,4,4,1.37845469,1.34284043,-12,0x3fb07134,1.37845469,0x3f800000,1,0xbfecb12a,-1.84915662,0xbfecb12a,-1.84915662,1111,1,3,11,1111,3,1,1,0xbdcb12a0,-0.0991566181,0xbeb2c4a8,-0.349156618,0x3f800000,1
l2,0.0625,0,min-error,metric_min,exp2,0,1,1,1.37845469,1.34284043,1.34284043,1.37845469,0.0356142521,114,raw-and-scaled,4,1,fp4_e1m2,fp4_e2m1,2,1,4,54,114,exp1,5,17,4,4,1.37845469,1.34284043,-12,0x3fb07134,1.37845469,0x3f800000,1,0xbd32680b,-0.0435562544,0xbd32680b,-0.0435562544,1000,0,0,00,1000,0,0,0,0xbd32680b,-0.0435562544,0xbd32680b,-0.0435562544,0x00000000,0
l2,0.0625,0,min-error,metric_min,exp2,0,1,1,1.37845469,1.34284043,1.34284043,1.37845469,0.0356142521,115,raw-and-scaled,4,1,fp4_e1m2,fp4_e2m1,2,1,4,54,115,exp1,5,17,4,4,1.37845469,1.34284043,-12,0x3fb07134,1.37845469,0x3f800000,1,0xbf9b8be3,-1.2152065,0xbf9b8be3,-1.2152065,1100,1,0,00,1110,3,0,0,0xbe5c5f18,-0.215206504,0xbe5c5f18,-0.215206504,0x00000000,0
l2,0.0625,0,min-error,metric_min,exp2,0,1,1,1.37845469,1.34284043,1.34284043,1.37845469,0.0356142521,116,raw-and-scaled,4,1,fp4_e1m2,fp4_e2m1,2,1,4,54,116,exp1,5,17,4,4,1.37845469,1.34284043,-12,0x3fb07134,1.37845469,0x3f800000,1,0xbd566c78,-0.0523495376,0xbd566c78,-0.0523495376,1000,0,0,00,1000,0,0,0,0xbd566c78,-0.0523495376,0xbd566c78,-0.0523495376,0x00000000,0
l2,0.0625,0,min-error,metric_min,exp2,0,1,1,1.37845469,1.34284043,1.34284043,1.37845469,0.0356142521,117,raw-and-scaled,4,1,fp4_e1m2,fp4_e2m1,2,1,4,54,117,exp1,5,17,4,4,1.37845469,1.34284043,-12,0x3fb07134,1.37845469,0x3f800000,1,0xbed1f324,-0.410058141,0xbed1f324,-0.410058141,1001,0,1,01,1011,1,1,1,0xbe23e648,-0.160058141,0xbd0f9920,-0.0350581408,0xbf800000,-1
l2,0.0625,0,min-error,metric_min,exp2,0,1,1,1.37845469,1.34284043,1.34284043,1.37845469,0.0356142521,118,raw-and-scaled,4,1,fp4_e1m2,fp4_e2m1,2,1,4,54,118,exp1,5,17,4,4,1.37845469,1.34284043,-12,0x3fb07134,1.37845469,0x3f800000,1,0x3d05dc0d,0.0326805599,0x3d05dc0d,0.0326805599,0000,0,0,00,0000,0,0,0,0x3d05dc0d,0.0326805599,0x3d05dc0d,0.0326805599,0x00000000,0
l2,0.0625,0,min-error,metric_min,exp2,0,1,1,1.37845469,1.34284043,1.34284043,1.37845469,0.0356142521,119,raw-and-scaled,4,1,fp4_e1m2,fp4_e2m1,2,1,4,54,119,exp1,5,17,4,4,1.37845469,1.34284043,-12,0x3fb07134,1.37845469,0x3f800000,1,0xbea595ec,-0.323409438,0xbea595ec,-0.323409438,1001,0,1,01,1010,1,0,0,0xbd9657b0,-0.0734094381,0xbd9657b0,-0.0734094381,0x80000000,-0
l2,0.0625,0,min-error,metric_min,exp2,0,1,1,1.37845469,1.34284043,1.34284043,1.37845469,0.0356142521,120,raw-and-scaled,4,1,fp4_e1m2,fp4_e2m1,2,1,4,54,120,exp1,5,17,4,4,1.37845469,1.34284043,-12,0x3fb07134,1.37845469,0x3f800000,1,0x3bb01fae,0.00537487026,0x3bb01fae,0.00537487026,0000,0,0,00,0000,0,0,0,0x3bb01fae,0.00537487026,0x3bb01fae,0.00537487026,0x00000000,0
l2,0.0625,0,min-error,metric_min,exp2,0,1,1,1.37845469,1.34284043,1.34284043,1.37845469,0.0356142521,121,raw-and-scaled,4,1,fp4_e1m2,fp4_e2m1,2,1,4,54,121,exp1,5,17,4,4,1.37845469,1.34284043,-12,0x3fb07134,1.37845469,0x3f800000,1,0x3f6a1a28,0.914461613,0x3f6a1a28,0.914461613,0011,0,3,11,0101,2,1,1,0x3e2868a0,0.164461613,0x3e2868a0,0.164461613,0x00000000,0
l2,0.0625,0,min-error,metric_min,exp2,0,1,1,1.37845469,1.34284043,1.34284043,1.37845469,0.0356142521,122,raw-and-scaled,4,1,fp4_e1m2,fp4_e2m1,2,1,4,54,122,exp1,5,17,4,4,1.37845469,1.34284043,-12,0x3fb07134,1.37845469,0x3f800000,1,0x3ebba72a,0.366509736,0x3ebba72a,0.366509736,0001,0,1,01,0010,1,0,0,0x3dee9ca8,0.116509736,0x3dee9ca8,0.116509736,0x80000000,-0
l2,0.0625,0,min-error,metric_min,exp2,0,1,1,1.37845469,1.34284043,1.34284043,1.37845469,0.0356142521,123,raw-and-scaled,4,1,fp4_e1m2,fp4_e2m1,2,1,4,54,123,exp1,5,17,4,4,1.37845469,1.34284043,-12,0x3fb07134,1.37845469,0x3f800000,1,0xbd030463,-0.0319866054,0xbd030463,-0.0319866054,1000,0,0,00,1000,0,0,0,0xbd030463,-0.0319866054,0xbd030463,-0.0319866054,0x00000000,0
l2,0.0625,0,min-error,metric_min,exp2,0,1,1,1.37845469,1.34284043,1.34284043,1.37845469,0.0356142521,124,raw-and-scaled,4,1,fp4_e1m2,fp4_e2m1,2,1,4,54,124,exp1,5,17,4,4,1.37845469,1.34284043,-12,0x3fb07134,1.37845469,0x3f800000,1,0x3bca2715,0.00616920972,0x3bca2715,0.00616920972,0000,0,0,00,0000,0,0,0,0x3bca2715,0.00616920972,0x3bca2715,0.00616920972,0x00000000,0
l2,0.0625,0,min-error,metric_min,exp2,0,1,1,1.37845469,1.34284043,1.34284043,1.37845469,0.0356142521,125,raw-and-scaled,4,1,fp4_e1m2,fp4_e2m1,2,1,4,54,125,exp1,5,17,4,4,1.37845469,1.34284043,-12,0x3fb07134,1.37845469,0x3f800000,1,0x3fd0f7f4,1.63256693,0x3fd0f7f4,1.63256693,0110,1,2,10,0111,3,1,1,0x3e07bfa0,0.132566929,0x3e07bfa0,0.132566929,0x00000000,0
l2,0.0625,0,min-error,metric_min,exp2,0,1,1,1.37845469,1.34284043,1.34284043,1.37845469,0.0356142521,126,raw-and-scaled,4,1,fp4_e1m2,fp4_e2m1,2,1,4,54,126,exp1,5,17,4,4,1.37845469,1.34284043,-12,0x3fb07134,1.37845469,0x3f800000,1,0x3f4a8583,0.791099727,0x3f4a8583,0.791099727,0011,0,3,11,0101,2,1,1,0x3d285830,0.0410997272,0x3d285830,0.0410997272,0x00000000,0
l2,0.0625,0,min-error,metric_min,exp2,0,1,1,1.37845469,1.34284043,1.34284043,1.37845469,0.0356142521,127,raw-and-scaled,4,1,fp4_e1m2,fp4_e2m1,2,1,4,54,127,exp1,5,17,4,4,1.37845469,1.34284043,-12,0x3fb07134,1.37845469,0x3f800000,1,0x3ff3b02e,1.90381408,0x3ff3b02e,1.90381408,0111,1,3,11,0111,3,1,1,0x3e1d8170,0.153814077,0x3ecec0b8,0.403814077,0x3f800000,1
