compare_metric,compare_metric_param,compare_atol,compare_tie_policy,mismatch_kind,metric_decision,metric_tie,metric_min_mismatch,decision_mismatch,metric_exp1_error_dec,metric_exp2_error_dec,metric_min_error_dec,pseudo_selected_metric_error_dec,metric_error_delta_dec,value_index,value_mode,bit_width,sgn,exp1_format,exp2_format,m1,m2,e2_win_divisor,chunk_idx,value_idx,expected_decision,expected_e1_wins,expected_e2_wins,expected_e2_wins_shifted,expected_e2_wins_shift2,err_exp1_dec,err_exp2_dec,chunk_diff_exp2_minus_exp1_dec,expected_error_fp32_hex,expected_error_fp32_dec,chunk_scale_fp32_hex,chunk_scale_fp32_dec,raw_fp32_hex,raw_fp32_dec,scaled_fp32_hex,scaled_fp32_dec,q_exp1_bits,q_exp1_exp_field,q_exp1_mant_field,q_exp1_mant_bits,q_exp2_bits,q_exp2_exp_field,q_exp2_mant_field,q_exp2_mant_bits,err_exp1_pre_square_fp32_hex,err_exp1_pre_square_fp32_dec,err_exp2_pre_square_fp32_hex,err_exp2_pre_square_fp32_dec,pseudo_diff_exp2_minus_exp1_fp32_hex,pseudo_diff_exp2_minus_exp1_fp32_dec
l1,0.0625,0,min-error,metric_min,exp1,0,1,1,0.134744048,0.134744063,0.134744048,0.134744063,1.49011612e-08,0,raw-and-scaled,8,1,fp8_e1m6,fp8_e2m5,6,5,2,555,0,exp2,3,6,3,1,0.000950885005,0.00161231426,-3,0x3ad3544a,0.00161231426,0x3f800000,1,0x00000000,0,0x00000000,0,00000000,0,0,000000,00000000,0,0,00000,0x00000000,0,0x00000000,0,0x00000000,0
l1,0.0625,0,min-error,metric_min,exp1,0,1,1,0.134744048,0.134744063,0.134744048,0.134744063,1.49011612e-08,1,raw-and-scaled,8,1,fp8_e1m6,fp8_e2m5,6,5,2,555,1,exp2,3,6,3,1,0.000950885005,0.00161231426,-3,0x3ad3544a,0.00161231426,0x3f800000,1,0x00000000,0,0x00000000,0,00000000,0,0,000000,00000000,0,0,00000,0x00000000,0,0x00000000,0,0x00000000,0
l1,0.0625,0,min-error,metric_min,exp1,0,1,1,0.134744048,0.134744063,0.134744048,0.134744063,1.49011612e-08,2,raw-and-scaled,8,1,fp8_e1m6,fp8_e2m5,6,5,2,555,2,exp2,3,6,3,1,0.000950885005,0.00161231426,-3,0x3ad3544a,0.00161231426,0x3f800000,1,0x00000000,0,0x00000000,0,00000000,0,0,000000,00000000,0,0,00000,0x00000000,0,0x00000000,0,0x00000000,0
l1,0.0625,0,min-error,metric_min,exp1,0,1,1,0.134744048,0.134744063,0.134744048,0.134744063,1.49011612e-08,3,raw-and-scaled,8,1,fp8_e1m6,fp8_e2m5,6,5,2,555,3,exp2,3,6,3,1,0.000950885005,0.00161231426,-3,0x3ad3544a,0.00161231426,0x3f800000,1,0x00000000,0,0x00000000,0,00000000,0,0,000000,00000000,0,0,00000,0x00000000,0,0x00000000,0,0x00000000,0
l1,0.0625,0,min-error,metric_min,exp1,0,1,1,0.134744048,0.134744063,0.134744048,0.134744063,1.49011612e-08,4,raw-and-scaled,8,1,fp8_e1m6,fp8_e2m5,6,5,2,555,4,exp2,3,6,3,1,0.000950885005,0.00161231426,-3,0x3ad3544a,0.00161231426,0x3f800000,1,0x00000000,0,0x00000000,0,00000000,0,0,000000,00000000,0,0,00000,0x00000000,0,0x00000000,0,0x00000000,0
l1,0.0625,0,min-error,metric_min,exp1,0,1,1,0.134744048,0.134744063,0.134744048,0.134744063,1.49011612e-08,5,raw-and-scaled,8,1,fp8_e1m6,fp8_e2m5,6,5,2,555,5,exp2,3,6,3,1,0.000950885005,0.00161231426,-3,0x3ad3544a,0.00161231426,0x3f800000,1,0x00000000,0,0x00000000,0,00000000,0,0,000000,00000000,0,0,00000,0x00000000,0,0x00000000,0,0x00000000,0
l1,0.0625,0,min-error,metric_min,exp1,0,1,1,0.134744048,0.134744063,0.134744048,0.134744063,1.49011612e-08,6,raw-and-scaled,8,1,fp8_e1m6,fp8_e2m5,6,5,2,555,6,exp2,3,6,3,1,0.000950885005,0.00161231426,-3,0x3ad3544a,0.00161231426,0x3f800000,1,0x3b4aba07,0.00309336348,0x3b4aba07,0.00309336348,00000000,0,0,000000,00000000,0,0,00000,0x3b4aba07,0.00309336348,0x3b4aba07,0.00309336348,0x00000000,0
l1,0.0625,0,min-error,metric_min,exp1,0,1,1,0.134744048,0.134744063,0.134744048,0.134744063,1.49011612e-08,7,raw-and-scaled,8,1,fp8_e1m6,fp8_e2m5,6,5,2,555,7,exp2,3,6,3,1,0.000950885005,0.00161231426,-3,0x3ad3544a,0.00161231426,0x3f800000,1,0x00000000,0,0x00000000,0,00000000,0,0,000000,00000000,0,0,00000,0x00000000,0,0x00000000,0,0x00000000,0
l1,0.0625,0,min-error,metric_min,exp1,0,1,1,0.134744048,0.134744063,0.134744048,0.134744063,1.49011612e-08,8,raw-and-scaled,8,1,fp8_e1m6,fp8_e2m5,6,5,2,555,8,exp2,3,6,3,1,0.000950885005,0.00161231426,-3,0x3ad3544a,0.00161231426,0x3f800000,1,0xba99fb5e,-0.00117478869,0xba99fb5e,-0.00117478869,10000000,0,0,000000,10000000,0,0,00000,0xba99fb5e,-0.00117478869,0xba99fb5e,-0.00117478869,0x00000000,0
l1,0.0625,0,min-error,metric_min,exp1,0,1,1,0.134744048,0.134744063,0.134744048,0.134744063,1.49011612e-08,9,raw-and-scaled,8,1,fp8_e1m6,fp8_e2m5,6,5,2,555,9,exp2,3,6,3,1,0.000950885005,0.00161231426,-3,0x3ad3544a,0.00161231426,0x3f800000,1,0xbd81314b,-0.0630823001,0xbd81314b,-0.0630823001,10000100,0,4,000100,10001000,0,8,01000,0xba18a580,-0.000582300127,0xba18a580,-0.000582300127,0x80000000,-0
l1,0.0625,0,min-error,metric_min,exp1,0,1,1,0.134744048,0.134744063,0.134744048,0.134744063,1.49011612e-08,10,raw-and-scaled,8,1,fp8_e1m6,fp8_e2m5,6,5,2,555,10,exp2,3,6,3,1,0.000950885005,0.00161231426,-3,0x3ad3544a,0.00161231426,0x3f800000,1,0x00000000,0,0x00000000,0,00000000,0,0,000000,00000000,0,0,00000,0x00000000,0,0x00000000,0,0x00000000,0
l1,0.0625,0,min-error,metric_min,exp1,0,1,1,0.134744048,0.134744063,0.134744048,0.134744063,1.49011612e-08,11,raw-and-scaled,8,1,fp8_e1m6,fp8_e2m5,6,5,2,555,11,exp2,3,6,3,1,0.000950885005,0.00161231426,-3,0x3ad3544a,0.00161231426,0x3f800000,1,0x00000000,0,0x00000000,0,00000000,0,0,000000,00000000,0,0,00000,0x00000000,0,0x00000000,0,0x00000000,0
l1,0.0625,0,min-error,metric_min,exp1,0,1,1,0.134744048,0.134744063,0.134744048,0.134744063,1.49011612e-08,12,raw-and-scaled,8,1,fp8_e1m6,fp8_e2m5,6,5,2,555,12,exp2,3,6,3,1,0.000950885005,0.00161231426,-3,0x3ad3544a,0.00161231426,0x3f800000,1,0x00000000,0,0x00000000,0,00000000,0,0,000000,00000000,0,0,00000,0x00000000,0,0x00000000,0,0x00000000,0
l1,0.0625,0,min-error,metric_min,exp1,0,1,1,0.134744048,0.134744063,0.134744048,0.134744063,1.49011612e-08,13,raw-and-scaled,8,1,fp8_e1m6,fp8_e2m5,6,5,2,555,13,exp2,3,6,3,1,0.000950885005,0.00161231426,-3,0x3ad3544a,0.00161231426,0x3f800000,1,0x00000000,0,0x00000000,0,00000000,0,0,000000,00000000,0,0,00000,0x00000000,0,0x00000000,0,0x00000000,0
l1,0.0625,0,min-error,metric_min,exp1,0,1,1,0.134744048,0.134744063,0.134744048,0.134744063,1.49011612e-08,14,raw-and-scaled,8,1,fp8_e1m6,fp8_e2m5,6,5,2,555,14,exp2,3,6,3,1,0.000950885005,0.00161231426,-3,0x3ad3544a,0.00161231426,0x3f800000,1,0x00000000,0,0x00000000,0,00000000,0,0,000000,00000000,0,0,00000,0x00000000,0,0x00000000,0,0x00000000,0
l1,0.0625,0,min-error,metric_min,exp1,0,1,1,0.134744048,0.134744063,0.134744048,0.134744063,1.49011612e-08,15,raw-and-scaled,8,1,fp8_e1m6,fp8_e2m5,6,5,2,555,15,exp2,3,6,3,1,0.000950885005,0.00161231426,-3,0x3ad3544a,0.00161231426,0x3f800000,1,0x00000000,0,0x00000000,0,00000000,0,0,000000,00000000,0,0,00000,0x00000000,0,0x00000000,0,0x00000000,0
l1,0.0625,0,min-error,metric_min,exp1,0,1,1,0.134744048,0.134744063,0.134744048,0.134744063,1.49011612e-08,16,raw-and-scaled,8,1,fp8_e1m6,fp8_e2m5,6,5,2,555,16,exp2,3,6,3,1,0.000950885005,0.00161231426,-3,0x3ad3544a,0.00161231426,0x3f800000,1,0x00000000,0,0x00000000,0,00000000,0,0,000000,00000000,0,0,00000,0x00000000,0,0x00000000,0,0x00000000,0
l1,0.0625,0,min-error,metric_min,exp1,0,1,1,0.134744048,0.134744063,0.134744048,0.134744063,1.49011612e-08,17,raw-and-scaled,8,1,fp8_e1m6,fp8_e2m5,6,5,2,555,17,exp2,3,6,3,1,0.000950885005,0.00161231426,-3,0x3ad3544a,0.00161231426,0x3f800000,1,0xbd25a18b,-0.0404372625,0xbd25a18b,-0.0404372625,10000010,0,2,000010,10000101,0,5,00101,0xbc16862c,-0.00918726251,0xbab43160,-0.00137476251,0xbf800000,-1
l1,0.0625,0,min-error,metric_min,exp1,0,1,1,0.134744048,0.134744063,0.134744048,0.134744063,1.49011612e-08,18,raw-and-scaled,8,1,fp8_e1m6,fp8_e2m5,6,5,2,555,18,exp2,3,6,3,1,0.000950885005,0.00161231426,-3,0x3ad3544a,0.00161231426,0x3f800000,1,0x00000000,0,0x00000000,0,00000000,0,0,000000,00000000,0,0,00000,0x00000000,0,0x00000000,0,0x00000000,0
l1,0.0625,0,min-error,metric_min,exp1,0,1,1,0.134744048,0.134744063,0.134744048,0.134744063,1.49011612e-08,19,raw-and-scaled,8,1,fp8_e1m6,fp8_e2m5,6,5,2,555,19,exp2,3,6,3,1,0.000950885005,0.00161231426,-3,0x3ad3544a,0.00161231426,0x3f800000,1,0x00000000,0,0x00000000,0,00000000,0,0,000000,00000000,0,0,00000,0x00000000,0,0x00000000,0,0x00000000,0
l1,0.0625,0,min-error,metric_min,exp1,0,1,1,0.134744048,0.134744063,0.134744048,0.134744063,1.49011612e-08,20,raw-and-scaled,8,1,fp8_e1m6,fp8_e2m5,6,5,2,555,20,exp2,3,6,3,1,0.000950885005,0.00161231426,-3,0x3ad3544a,0.00161231426,0x3f800000,1,0x00000000,0,0x00000000,0,00000000,0,0,000000,00000000,0,0,00000,0x00000000,0,0x00000000,0,0x00000000,0
l1,0.0625,0,min-error,metric_min,exp1,0,1,1,0.134744048,0.134744063,0.134744048,0.134744063,1.49011612e-08,21,raw-and-scaled,8,1,fp8_e1m6,fp8_e2m5,6,5,2,555,21,exp2,3,6,3,1,0.000950885005,0.00161231426,-3,0x3ad3544a,0.00161231426,0x3f800000,1,0x00000000,0,0x00000000,0,00000000,0,0,000000,00000000,0,0,00000,0x00000000,0,0x00000000,0,0x00000000,0
l1,0.0625,0,min-error,metric_min,exp1,0,1,1,0.134744048,0.134744063,0.134744048,0.134744063,1.49011612e-08,22,raw-and-scaled,8,1,fp8_e1m6,fp8_e2m5,6,5,2,555,22,exp2,3,6,3,1,0.000950885005,0.00161231426,-3,0x3ad3544a,0.00161231426,0x3f800000,1,0x00000000,0,0x00000000,0,00000000,0,0,000000,00000000,0,0,00000,0x00000000,0,0x00000000,0,0x00000000,0
l1,0.0625,0,min-error,metric_min,exp1,0,1,1,0.134744048,0.134744063,0.134744048,0.134744063,1.49011612e-08,23,raw-and-scaled,8,1,fp8_e1m6,fp8_e2m5,6,5,2,555,23,exp2,3,6,3,1,0.000950885005,0.00161231426,-3,0x3ad3544a,0.00161231426,0x3f800000,1,0x00000000,0,0x00000000,0,00000000,0,0,000000,00000000,0,0,00000,0x00000000,0,0x00000000,0,0x00000000,0
l1,0.0625,0,min-error,metric_min,exp1,0,1,1,0.134744048,0.134744063,0.134744048,0.134744063,1.49011612e-08,24,raw-and-scaled,8,1,fp8_e1m6,fp8_e2m5,6,5,2,555,24,exp2,3,6,3,1,0.000950885005,0.00161231426,-3,0x3ad3544a,0.00161231426,0x3f800000,1,0x00000000,0,0x00000000,0,00000000,0,0,000000,00000000,0,0,00000,0x00000000,0,0x00000000,0,0x00000000,0
l1,0.0625,0,min-error,metric_min,exp1,0,1,1,0.134744048,0.134744063,0.134744048,0.134744063,1.49011612e-08,25,raw-and-scaled,8,1,fp8_e1m6,fp8_e2m5,6,5,2,555,25,exp2,3,6,3,1,0.000950885005,0.00161231426,-3,0x3ad3544a,0.00161231426,0x3f800000,1,0x00000000,0,0x00000000,0,00000000,0,0,000000,00000000,0,0,00000,0x00000000,0,0x00000000,0,0x00000000,0
l1,0.0625,0,min-error,metric_min,exp1,0,1,1,0.134744048,0.134744063,0.134744048,0.134744063,1.49011612e-08,26,raw-and-scaled,8,1,fp8_e1m6,fp8_e2m5,6,5,2,555,26,exp2,3,6,3,1,0.000950885005,0.00161231426,-3,0x3ad3544a,0.00161231426,0x3f800000,1,0xba85a880,-0.00101973116,0xba85a880,-0.00101973116,10000000,0,0,000000,10000000,0,0,00000,0xba85a880,-0.00101973116,0xba85a880,-0.00101973116,0x00000000,0
l1,0.0625,0,min-error,metric_min,exp1,0,1,1,0.134744048,0.134744063,0.134744048,0.134744063,1.49011612e-08,27,raw-and-scaled,8,1,fp8_e1m6,fp8_e2m5,6,5,2,555,27,exp2,3,6,3,1,0.000950885005,0.00161231426,-3,0x3ad3544a,0.00161231426,0x3f800000,1,0x00000000,0,0x00000000,0,00000000,0,0,000000,00000000,0,0,00000,0x00000000,0,0x00000000,0,0x00000000,0
l1,0.0625,0,min-error,metric_min,exp1,0,1,1,0.134744048,0.134744063,0.134744048,0.134744063,1.49011612e-08,28,raw-and-scaled,8,1,fp8_e1m6,fp8_e2m5,6,5,2,555,28,exp2,3,6,3,1,0.000950885005,0.00161231426,-3,0x3ad3544a,0.00161231426,0x3f800000,1,0x00000000,0,0x00000000,0,00000000,0,0,000000,00000000,0,0,00000,0x00000000,0,0x00000000,0,0x00000000,0
l1,0.0625,0,min-error,metric_min,exp1,0,1,1,0.134744048,0.134744063,0.134744048,0.134744063,1.49011612e-08,29,raw-and-scaled,8,1,fp8_e1m6,fp8_e2m5,6,5,2,555,29,exp2,3,6,3,1,0.000950885005,0.00161231426,-3,0x3ad3544a,0.00161231426,0x3f800000,1,0x00000000,0,0x00000000,0,00000000,0,0,000000,00000000,0,0,00000,0x00000000,0,0x00000000,0,0x00000000,0
l1,0.0625,0,min-error,metric_min,exp1,0,1,1,0.134744048,0.134744063,0.134744048,0.134744063,1.49011612e-08,30,raw-and-scaled,8,1,fp8_e1m6,fp8_e2m5,6,5,2,555,30,exp2,3,6,3,1,0.000950885005,0.00161231426,-3,0x3ad3544a,0.00161231426,0x3f800000,1,0x3ac1620e,0.0014753954,0x3ac1620e,0.0014753954,00000000,0,0,000000,00000000,0,0,00000,0x3ac1620e,0.0014753954,0x3ac1620e,0.0014753954,0x00000000,0
l1,0.0625,0,min-error,metric_min,exp1,0,1,1,0.134744048,0.134744063,0.134744048,0.134744063,1.49011612e-08,31,raw-and-scaled,8,1,fp8_e1m6,fp8_e2m5,6,5,2,555,31,exp2,3,6,3,1,0.000950885005,0.00161231426,-3,0x3ad3544a,0.00161231426,0x3f800000,1,0x00000000,0,0x00000000,0,00000000,0,0,000000,00000000,0,0,00000,0x00000000,0,0x00000000,0,0x00000000,0
l1,0.0625,0,min-error,metric_min,exp1,0,1,1,0.134744048,0.134744063,0.134744048,0.134744063,1.49011612e-08,32,raw-and-scaled,8,1,fp8_e1m6,fp8_e2m5,6,5,2,555,32,exp2,3,6,3,1,0.000950885005,0.00161231426,-3,0x3ad3544a,0.00161231426,0x3f800000,1,0x00000000,0,0x00000000,0,00000000,0,0,000000,00000000,0,0,00000,0x00000000,0,0x00000000,0,0x00000000,0
l1,0.0625,0,min-error,metric_min,exp1,0,1,1,0.134744048,0.134744063,0.134744048,0.134744063,1.49011612e-08,33,raw-and-scaled,8,1,fp8_e1m6,fp8_e2m5,6,5,2,555,33,exp2,3,6,3,1,0.000950885005,0.00161231426,-3,0x3ad3544a,0.00161231426,0x3f800000,1,0xbda82bc7,-0.0821147487,0xbda82bc7,-0.0821147487,10000101,0,5,000101,10001010,0,10,01010,0xbb82bc70,-0.00398974866,0xbb82bc70,-0.00398974866,0x80000000,-0
l1,0.0625,0,min-error,metric_min,exp1,0,1,1,0.134744048,0.134744063,0.134744048,0.134744063,1.49011612e-08,34,raw-and-scaled,8,1,fp8_e1m6,fp8_e2m5,6,5,2,555,34,exp2,3,6,3,1,0.000950885005,0.00161231426,-3,0x3ad3544a,0.00161231426,0x3f800000,1,0x00000000,0,0x00000000,0,00000000,0,0,000000,00000000,0,0,00000,0x00000000,0,0x00000000,0,0x00000000,0
l1,0.0625,0,min-error,metric_min,exp1,0,1,1,0.134744048,0.134744063,0.134744048,0.134744063,1.49011612e-08,35,raw-and-scaled,8,1,fp8_e1m6,fp8_e2m5,6,5,2,555,35,exp2,3,6,3,1,0.000950885005,0.00161231426,-3,0x3ad3544a,0.00161231426,0x3f800000,1,0x00000000,0,0x00000000,0,00000000,0,0,000000,00000000,0,0,00000,0x00000000,0,0x00000000,0,0x00000000,0
l1,0.0625,0,min-error,metric_min,exp1,0,1,1,0.134744048,0.134744063,0.134744048,0.134744063,1.49011612e-08,36,raw-and-scaled,8,1,fp8_e1m6,fp8_e2m5,6,5,2,555,36,exp2,3,6,3,1,0.000950885005,0.00161231426,-3,0x3ad3544a,0.00161231426,0x3f800000,1,0x00000000,0,0x00000000,0,00000000,0,0,000000,00000000,0,0,00000,0x00000000,0,0x00000000,0,0x00000000,0
l1,0.0625,0,min-error,metric_min,exp1,0,1,1,0.134744048,0.134744063,0.134744048,0.134744063,1.49011612e-08,37,raw-and-scaled,8,1,fp8_e1m6,fp8_e2m5,6,5,2,555,37,exp2,3,6,3,1,0.000950885005,0.00161231426,-3,0x3ad3544a,0.00161231426,0x3f800000,1,0x00000000,0,0x00000000,0,00000000,0,0,000000,00000000,0,0,00000,0x00000000,0,0x00000000,0,0x00000000,0
l1,0.0625,0,min-error,metric_min,exp1,0,1,1,0.134744048,0.134744063,0.134744048,0.134744063,1.49011612e-08,38,raw-and-scaled,8,1,fp8_e1m6,fp8_e2m5,6,5,2,555,38,exp2,3,6,3,1,0.000950885005,0.00161231426,-3,0x3ad3544a,0.00161231426,0x3f800000,1,0x00000000,0,0x00000000,0,00000000,0,0,000000,00000000,0,0,00000,0x00000000,0,0x00000000,0,0x00000000,0
l1,0.0625,0,min-error,metric_min,exp1,0,1,1,0.134744048,0.134744063,0.134744048,0.134744063,1.49011612e-08,39,raw-and-scaled,8,1,fp8_e1m6,fp8_e2m5,6,5,2,555,39,exp2,3,6,3,1,0.000950885005,0.00161231426,-3,0x3ad3544a,0.00161231426,0x3f800000,1,0x00000000,0,0x00000000,0,00000000,0,0,000000,00000000,0,0,00000,0x00000000,0,0x00000000,0,0x00000000,0
l1,0.0625,0,min-error,metric_min,exp1,0,1,1,0.134744048,0.134744063,0.134744048,0.134744063,1.49011612e-08,40,raw-and-scaled,8,1,fp8_e1m6,fp8_e2m5,6,5,2,555,40,exp2,3,6,3,1,0.000950885005,0.00161231426,-3,0x3ad3544a,0.00161231426,0x3f800000,1,0x00000000,0,0x00000000,0,00000000,0,0,000000,00000000,0,0,00000,0x00000000,0,0x00000000,0,0x00000000,0
l1,0.0625,0,min-error,metric_min,exp1,0,1,1,0.134744048,0.134744063,0.134744048,0.134744063,1.49011612e-08,41,raw-and-scaled,8,1,fp8_e1m6,fp8_e2m5,6,5,2,555,41,exp2,3,6,3,1,0.000950885005,0.00161231426,-3,0x3ad3544a,0.00161231426,0x3f800000,1,0x00000000,0,0x00000000,0,00000000,0,0,000000,00000000,0,0,00000,0x00000000,0,0x00000000,0,0x00000000,0
l1,0.0625,0,min-error,metric_min,exp1,0,1,1,0.134744048,0.134744063,0.134744048,0.134744063,1.49011612e-08,42,raw-and-scaled,8,1,fp8_e1m6,fp8_e2m5,6,5,2,555,42,exp2,3,6,3,1,0.000950885005,0.00161231426,-3,0x3ad3544a,0.00161231426,0x3f800000,1,0x00000000,0,0x00000000,0,00000000,0,0,000000,00000000,0,0,00000,0x00000000,0,0x00000000,0,0x00000000,0
l1,0.0625,0,min-error,metric_min,exp1,0,1,1,0.134744048,0.134744063,0.134744048,0.134744063,1.49011612e-08,43,raw-and-scaled,8,1,fp8_e1m6,fp8_e2m5,6,5,2,555,43,exp2,3,6,3,1,0.000950885005,0.00161231426,-3,0x3ad3544a,0.00161231426,0x3f800000,1,0xbf09bfa3,-0.538080394,0xbf09bfa3,-0.538080394,10100010,0,34,100010,11000010,2,2,00010,0xbbdfd180,-0.00683039427,0xbbdfd180,-0.00683039427,0x00000000,0
l1,0.0625,0,min-error,metric_min,exp1,0,1,1,0.134744048,0.134744063,0.134744048,0.134744063,1.49011612e-08,44,raw-and-scaled,8,1,fp8_e1m6,fp8_e2m5,6,5,2,555,44,exp2,3,6,3,1,0.000950885005,0.00161231426,-3,0x3ad3544a,0.00161231426,0x3f800000,1,0xbb260196,-0.00253305351,0xbb260196,-0.00253305351,10000000,0,0,000000,10000000,0,0,00000,0xbb260196,-0.00253305351,0xbb260196,-0.00253305351,0x00000000,0
l1,0.0625,0,min-error,metric_min,exp1,0,1,1,0.134744048,0.134744063,0.134744048,0.134744063,1.49011612e-08,45,raw-and-scaled,8,1,fp8_e1m6,fp8_e2m5,6,5,2,555,45,exp2,3,6,3,1,0.000950885005,0.00161231426,-3,0x3ad3544a,0.00161231426,0x3f800000,1,0x00000000,0,0x00000000,0,00000000,0,0,000000,00000000,0,0,00000,0x00000000,0,0x00000000,0,0x00000000,0
l1,0.0625,0,min-error,metric_min,exp1,0,1,1,0.134744048,0.134744063,0.134744048,0.134744063,1.49011612e-08,46,raw-and-scaled,8,1,fp8_e1m6,fp8_e2m5,6,5,2,555,46,exp2,3,6,3,1,0.000950885005,0.00161231426,-3,0x3ad3544a,0.00161231426,0x3f800000,1,0x00000000,0,0x00000000,0,00000000,0,0,000000,00000000,0,0,00000,0x00000000,0,0x00000000,0,0x00000000,0
l1,0.0625,0,min-error,metric_min,exp1,0,1,1,0.134744048,0.134744063,0.134744048,0.134744063,1.49011612e-08,47,raw-and-scaled,8,1,fp8_e1m6,fp8_e2m5,6,5,2,555,47,exp2,3,6,3,1,0.000950885005,0.00161231426,-3,0x3ad3544a,0.00161231426,0x3f800000,1,0x3bc07ea5,0.0058744722,0x3bc07ea5,0.0058744722,00000000,0,0,000000,00000000,0,0,00000,0x3bc07ea5,0.0058744722,0x3bc07ea5,0.0058744722,0x00000000,0
l1,0.0625,0,min-error,metric_min,exp1,0,1,1,0.134744048,0.134744063,0.134744048,0.134744063,1.49011612e-08,48,raw-and-scaled,8,1,fp8_e1m6,fp8_e2m5,6,5,2,555,48,exp2,3,6,3,1,0.000950885005,0.00161231426,-3,0x3ad3544a,0.00161231426,0x3f800000,1,0x00000000,0,0x00000000,0,00000000,0,0,000000,00000000,0,0,00000,0x00000000,0,0x00000000,0,0x00000000,0
l1,0.0625,0,min-error,metric_min,exp1,0,1,1,0.134744048,0.134744063,0.134744048,0.134744063,1.49011612e-08,49,raw-and-scaled,8,1,fp8_e1m6,fp8_e2m5,6,5,2,555,49,exp2,3,6,3,1,0.000950885005,0.00161231426,-3,0x3ad3544a,0.00161231426,0x3f800000,1,0xbfb28823,-1.39477956,0xbfb28823,-1.39477956,11011001,1,25,011001,11101100,3,12,01100,0xbb882300,-0.00415456295,0xbca208c0,-0.019779563,0x3f800000,1
l1,0.0625,0,min-error,metric_min,exp1,0,1,1,0.134744048,0.134744063,0.134744048,0.134744063,1.49011612e-08,50,raw-and-scaled,8,1,fp8_e1m6,fp8_e2m5,6,5,2,555,50,exp2,3,6,3,1,0.000950885005,0.00161231426,-3,0x3ad3544a,0.00161231426,0x3f800000,1,0xbd60d59f,-0.054891225,0xbd60d59f,-0.054891225,10000011,0,3,000011,10000111,0,7,00111,0xbc03567c,-0.00801622495,0xb9559f00,-0.000203724951,0xbf800000,-1
l1,0.0625,0,min-error,metric_min,exp1,0,1,1,0.134744048,0.134744063,0.134744048,0.134744063,1.49011612e-08,51,raw-and-scaled,8,1,fp8_e1m6,fp8_e2m5,6,5,2,555,51,exp2,3,6,3,1,0.000950885005,0.00161231426,-3,0x3ad3544a,0.00161231426,0x3f800000,1,0x00000000,0,0x00000000,0,00000000,0,0,000000,00000000,0,0,00000,0x00000000,0,0x00000000,0,0x00000000,0
l1,0.0625,0,min-error,metric_min,exp1,0,1,1,0.134744048,0.134744063,0.134744048,0.134744063,1.49011612e-08,52,raw-and-scaled,8,1,fp8_e1m6,fp8_e2m5,6,5,2,555,52,exp2,3,6,3,1,0.000950885005,0.00161231426,-3,0x3ad3544a,0.00161231426,0x3f800000,1,0xbbbb24fc,-0.00571119599,0xbbbb24fc,-0.00571119599,10000000,0,0,000000,10000000,0,0,00000,0xbbbb24fc,-0.00571119599,0xbbbb24fc,-0.00571119599,0x00000000,0
l1,0.0625,0,min-error,metric_min,exp1,0,1,1,0.134744048,0.134744063,0.134744048,0.134744063,1.49011612e-08,53,raw-and-scaled,8,1,fp8_e1m6,fp8_e2m5,6,5,2,555,53,exp2,3,6,3,1,0.000950885005,0.00161231426,-3,0x3ad3544a,0.00161231426,0x3f800000,1,0x00000000,0,0x00000000,0,00000000,0,0,000000,00000000,0,0,00000,0x00000000,0,0x00000000,0,0x00000000,0
l1,0.0625,0,min-error,metric_min,exp1,0,1,1,0.134744048,0.134744063,0.134744048,0.134744063,1.49011612e-08,54,raw-and-scaled,8,1,fp8_e1m6,fp8_e2m5,6,5,2,555,54,exp2,3,6,3,1,0.000950885005,0.00161231426,-3,0x3ad3544a,0.00161231426,0x3f800000,1,0x00000000,0,0x00000000,0,00000000,0,0,000000,00000000,0,0,00000,0x00000000,0,0x00000000,0,0x00000000,0
l1,0.0625,0,min-error,metric_min,exp1,0,1,1,0.134744048,0.134744063,0.134744048,0.134744063,1.49011612e-08,55,raw-and-scaled,8,1,fp8_e1m6,fp8_e2m5,6,5,2,555,55,exp2,3,6,3,1,0.000950885005,0.00161231426,-3,0x3ad3544a,0.00161231426,0x3f800000,1,0x00000000,0,0x00000000,0,00000000,0,0,000000,00000000,0,0,00000,0x00000000,0,0x00000000,0,0x00000000,0
l1,0.0625,0,min-error,metric_min,exp1,0,1,1,0.134744048,0.134744063,0.134744048,0.134744063,1.49011612e-08,56,raw-and-scaled,8,1,fp8_e1m6,fp8_e2m5,6,5,2,555,56,exp2,3,6,3,1,0.000950885005,0.00161231426,-3,0x3ad3544a,0.00161231426,0x3f800000,1,0x00000000,0,0x00000000,0,00000000,0,0,000000,00000000,0,0,00000,0x00000000,0,0x00000000,0,0x00000000,0
l1,0.0625,0,min-error,metric_min,exp1,0,1,1,0.134744048,0.134744063,0.134744048,0.134744063,1.49011612e-08,57,raw-and-scaled,8,1,fp8_e1m6,fp8_e2m5,6,5,2,555,57,exp2,3,6,3,1,0.000950885005,0.00161231426,-3,0x3ad3544a,0.00161231426,0x3f800000,1,0x00000000,0,0x00000000,0,00000000,0,0,000000,00000000,0,0,00000,0x00000000,0,0x00000000,0,0x00000000,0
l1,0.0625,0,min-error,metric_min,exp1,0,1,1,0.134744048,0.134744063,0.134744048,0.134744063,1.49011612e-08,58,raw-and-scaled,8,1,fp8_e1m6,fp8_e2m5,6,5,2,555,58,exp2,3,6,3,1,0.000950885005,0.00161231426,-3,0x3ad3544a,0.00161231426,0x3f800000,1,0x00000000,0,0x00000000,0,00000000,0,0,000000,00000000,0,0,00000,0x00000000,0,0x00000000,0,0x00000000,0
l1,0.0625,0,min-error,metric_min,exp1,0,1,1,0.134744048,0.134744063,0.134744048,0.134744063,1.49011612e-08,59,raw-and-scaled,8,1,fp8_e1m6,fp8_e2m5,6,5,2,555,59,exp2,3,6,3,1,0.000950885005,0.00161231426,-3,0x3ad3544a,0.00161231426,0x3f800000,1,0x00000000,0,0x00000000,0,00000000,0,0,000000,00000000,0,0,00000,0x00000000,0,0x00000000,0,0x00000000,0
l1,0.0625,0,min-error,metric_min,exp1,0,1,1,0.134744048,0.134744063,0.134744048,0.134744063,1.49011612e-08,60,raw-and-scaled,8,1,fp8_e1m6,fp8_e2m5,6,5,2,555,60,exp2,3,6,3,1,0.000950885005,0.00161231426,-3,0x3ad3544a,0.00161231426,0x3f800000,1,0x00000000,0,0x00000000,0,00000000,0,0,000000,00000000,0,0,00000,0x00000000,0,0x00000000,0,0x00000000,0
l1,0.0625,0,min-error,metric_min,exp1,0,1,1,0.134744048,0.134744063,0.134744048,0.134744063,1.49011612e-08,61,raw-and-scaled,8,1,fp8_e1m6,fp8_e2m5,6,5,2,555,61,exp2,3,6,3,1,0.000950885005,0.00161231426,-3,0x3ad3544a,0.00161231426,0x3f800000,1,0x00000000,0,0x00000000,0,00000000,0,0,000000,00000000,0,0,00000,0x00000000,0,0x00000000,0,0x00000000,0
l1,0.0625,0,min-error,metric_min,exp1,0,1,1,0.134744048,0.134744063,0.134744048,0.134744063,1.49011612e-08,62,raw-and-scaled,8,1,fp8_e1m6,fp8_e2m5,6,5,2,555,62,exp2,3,6,3,1,0.000950885005,0.00161231426,-3,0x3ad3544a,0.00161231426,0x3f800000,1,0x00000000,0,0x00000000,0,00000000,0,0,000000,00000000,0,0,00000,0x00000000,0,0x00000000,0,0x00000000,0
l1,0.0625,0,min-error,metric_min,exp1,0,1,1,0.134744048,0.134744063,0.134744048,0.134744063,1.49011612e-08,63,raw-and-scaled,8,1,fp8_e1m6,fp8_e2m5,6,5,2,555,63,exp2,3,6,3,1,0.000950885005,0.00161231426,-3,0x3ad3544a,0.00161231426,0x3f800000,1,0x00000000,0,0x00000000,0,00000000,0,0,000000,00000000,0,0,00000,0x00000000,0,0x00000000,0,0x00000000,0
l1,0.0625,0,min-error,metric_min,exp1,0,1,1,0.134744048,0.134744063,0.134744048,0.134744063,1.49011612e-08,64,raw-and-scaled,8,1,fp8_e1m6,fp8_e2m5,6,5,2,555,64,exp2,3,6,3,1,0.000950885005,0.00161231426,-3,0x3ad3544a,0.00161231426,0x3f800000,1,0x00000000,0,0x00000000,0,00000000,0,0,000000,00000000,0,0,00000,0x00000000,0,0x00000000,0,0x00000000,0
l1,0.0625,0,min-error,metric_min,exp1,0,1,1,0.134744048,0.134744063,0.134744048,0.134744063,1.49011612e-08,65,raw-and-scaled,8,1,fp8_e1m6,fp8_e2m5,6,5,2,555,65,exp2,3,6,3,1,0.000950885005,0.00161231426,-3,0x3ad3544a,0.00161231426,0x3f800000,1,0x00000000,0,0x00000000,0,00000000,0,0,000000,00000000,0,0,00000,0x00000000,0,0x00000000,0,0x00000000,0
l1,0.0625,0,min-error,metric_min,exp1,0,1,1,0.134744048,0.134744063,0.134744048,0.134744063,1.49011612e-08,66,raw-and-scaled,8,1,fp8_e1m6,fp8_e2m5,6,5,2,555,66,exp2,3,6,3,1,0.000950885005,0.00161231426,-3,0x3ad3544a,0.00161231426,0x3f800000,1,0x00000000,0,0x00000000,0,00000000,0,0,000000,00000000,0,0,00000,0x00000000,0,0x00000000,0,0x00000000,0
l1,0.0625,0,min-error,metric_min,exp1,0,1,1,0.134744048,0.134744063,0.134744048,0.134744063,1.49011612e-08,67,raw-and-scaled,8,1,fp8_e1m6,fp8_e2m5,6,5,2,555,67,exp2,3,6,3,1,0.000950885005,0.00161231426,-3,0x3ad3544a,0.00161231426,0x3f800000,1,0x3fcab429,1.58362305,0x3fcab429,1.58362305,01100101,1,37,100101,01110010,3,18,10010,0x3bb42900,0.00549805164,0x3cad0a40,0.0211230516,0x3f800000,1
l1,0.0625,0,min-error,metric_min,exp1,0,1,1,0.134744048,0.134744063,0.134744048,0.134744063,1.49011612e-08,68,raw-and-scaled,8,1,fp8_e1m6,fp8_e2m5,6,5,2,555,68,exp2,3,6,3,1,0.000950885005,0.00161231426,-3,0x3ad3544a,0.00161231426,0x3f800000,1,0xbef33e3b,-0.475084156,0xbef33e3b,-0.475084156,10011110,0,30,011110,10111100,1,28,11100,0xbbcf8ec0,-0.0063341558,0xbbcf8ec0,-0.0063341558,0x80000000,-0
l1,0.0625,0,min-error,metric_min,exp1,0,1,1,0.134744048,0.134744063,0.134744048,0.134744063,1.49011612e-08,69,raw-and-scaled,8,1,fp8_e1m6,fp8_e2m5,6,5,2,555,69,exp2,3,6,3,1,0.000950885005,0.00161231426,-3,0x3ad3544a,0.00161231426,0x3f800000,1,0x00000000,0,0x00000000,0,00000000,0,0,000000,00000000,0,0,00000,0x00000000,0,0x00000000,0,0x00000000,0
l1,0.0625,0,min-error,metric_min,exp1,0,1,1,0.134744048,0.134744063,0.134744048,0.134744063,1.49011612e-08,70,raw-and-scaled,8,1,fp8_e1m6,fp8_e2m5,6,5,2,555,70,exp2,3,6,3,1,0.000950885005,0.00161231426,-3,0x3ad3544a,0.00161231426,0x3f800000,1,0x00000000,0,0x00000000,0,00000000,0,0,000000,00000000,0,0,00000,0x00000000,0,0x00000000,0,0x00000000,0
l1,0.0625,0,min-error,metric_min,exp1,0,1,1,0.134744048,0.134744063,0.134744048,0.134744063,1.49011612e-08,71,raw-and-scaled,8,1,fp8_e1m6,fp8_e2m5,6,5,2,555,71,exp2,3,6,3,1,0.000950885005,0.00161231426,-3,0x3ad3544a,0.00161231426,0x3f800000,1,0x00000000,0,0x00000000,0,00000000,0,0,000000,00000000,0,0,00000,0x00000000,0,0x00000000,0,0x00000000,0
l1,0.0625,0,min-error,metric_min,exp1,0,1,1,0.134744048,0.134744063,0.134744048,0.134744063,1.49011612e-08,72,raw-and-scaled,8,1,fp8_e1m6,fp8_e2m5,6,5,2,555,72,exp2,3,6,3,1,0.000950885005,0.00161231426,-3,0x3ad3544a,0.00161231426,0x3f800000,1,0x00000000,0,0x00000000,0,00000000,0,0,000000,00000000,0,0,00000,0x00000000,0,0x00000000,0,0x00000000,0
l1,0.0625,0,min-error,metric_min,exp1,0,1,1,0.134744048,0.134744063,0.134744048,0.134744063,1.49011612e-08,73,raw-and-scaled,8,1,fp8_e1m6,fp8_e2m5,6,5,2,555,73,exp2,3,6,3,1,0.000950885005,0.00161231426,-3,0x3ad3544a,0.00161231426,0x3f800000,1,0x00000000,0,0x00000000,0,00000000,0,0,000000,00000000,0,0,00000,0x00000000,0,0x00000000,0,0x00000000,0
l1,0.0625,0,min-error,metric_min,exp1,0,1,1,0.134744048,0.134744063,0.134744048,0.134744063,1.49011612e-08,74,raw-and-scaled,8,1,fp8_e1m6,fp8_e2m5,6,5,2,555,74,exp2,3,6,3,1,0.000950885005,0.00161231426,-3,0x3ad3544a,0.00161231426,0x3f800000,1,0x00000000,0,0x00000000,0,00000000,0,0,000000,00000000,0,0,00000,0x00000000,0,0x00000000,0,0x00000000,0
l1,0.0625,0,min-error,metric_min,exp1,0,1,1,0.134744048,0.134744063,0.134744048,0.134744063,1.49011612e-08,75,raw-and-scaled,8,1,fp8_e1m6,fp8_e2m5,6,5,2,555,75,exp2,3,6,3,1,0.000950885005,0.00161231426,-3,0x3ad3544a,0.00161231426,0x3f800000,1,0x00000000,0,0x00000000,0,00000000,0,0,000000,00000000,0,0,00000,0x00000000,0,0x00000000,0,0x00000000,0
l1,0.0625,0,min-error,metric_min,exp1,0,1,1,0.134744048,0.134744063,0.134744048,0.134744063,1.49011612e-08,76,raw-and-scaled,8,1,fp8_e1m6,fp8_e2m5,6,5,2,555,76,exp2,3,6,3,1,0.000950885005,0.00161231426,-3,0x3ad3544a,0.00161231426,0x3f800000,1,0x00000000,0,0x00000000,0,00000000,0,0,000000,00000000,0,0,00000,0x00000000,0,0x00000000,0,0x00000000,0
l1,0.0625,0,min-error,metric_min,exp1,0,1,1,0.134744048,0.134744063,0.134744048,0.134744063,1.49011612e-08,77,raw-and-scaled,8,1,fp8_e1m6,fp8_e2m5,6,5,2,555,77,exp2,3,6,3,1,0.000950885005,0.00161231426,-3,0x3ad3544a,0.00161231426,0x3f800000,1,0x00000000,0,0x00000000,0,00000000,0,0,000000,00000000,0,0,00000,0x00000000,0,0x00000000,0,0x00000000,0
l1,0.0625,0,min-error,metric_min,exp1,0,1,1,0.134744048,0.134744063,0.134744048,0.134744063,1.49011612e-08,78,raw-and-scaled,8,1,fp8_e1m6,fp8_e2m5,6,5,2,555,78,exp2,3,6,3,1,0.000950885005,0.00161231426,-3,0x3ad3544a,0.00161231426,0x3f800000,1,0x3cc10f1a,0.0235667713,0x3cc10f1a,0.0235667713,00000001,0,1,000001,00000011,0,3,00011,0x3c021e34,0.0079417713,0x39078d00,0.000129271299,0xbf800000,-1
l1,0.0625,0,min-error,metric_min,exp1,0,1,1,0.134744048,0.134744063,0.134744048,0.134744063,1.49011612e-08,79,raw-and-scaled,8,1,fp8_e1m6,fp8_e2m5,6,5,2,555,79,exp2,3,6,3,1,0.000950885005,0.00161231426,-3,0x3ad3544a,0.00161231426,0x3f800000,1,0x00000000,0,0x00000000,0,00000000,0,0,000000,00000000,0,0,00000,0x00000000,0,0x00000000,0,0x00000000,0
l1,0.0625,0,min-error,metric_min,exp1,0,1,1,0.134744048,0.134744063,0.134744048,0.134744063,1.49011612e-08,80,raw-and-scaled,8,1,fp8_e1m6,fp8_e2m5,6,5,2,555,80,exp2,3,6,3,1,0.000950885005,0.00161231426,-3,0x3ad3544a,0.00161231426,0x3f800000,1,0x00000000,0,0x00000000,0,00000000,0,0,000000,00000000,0,0,00000,0x00000000,0,0x00000000,0,0x00000000,0
l1,0.0625,0,min-error,metric_min,exp1,0,1,1,0.134744048,0.134744063,0.134744048,0.134744063,1.49011612e-08,81,raw-and-scaled,8,1,fp8_e1m6,fp8_e2m5,6,5,2,555,81,exp2,3,6,3,1,0.000950885005,0.00161231426,-3,0x3ad3544a,0.00161231426,0x3f800000,1,0x00000000,0,0x00000000,0,00000000,0,0,000000,00000000,0,0,00000,0x00000000,0,0x00000000,0,0x00000000,0
l1,0.0625,0,min-error,metric_min,exp1,0,1,1,0.134744048,0.134744063,0.134744048,0.134744063,1.49011612e-08,82,raw-and-scaled,8,1,fp8_e1m6,fp8_e2m5,6,5,2,555,82,exp2,3,6,3,1,0.000950885005,0.00161231426,-3,0x3ad3544a,0.00161231426,0x3f800000,1,0xbdc85de7,-0.0978353545,0xbdc85de7,-0.0978353545,10000110,0,6,000110,10001100,0,12,01100,0xbb85de70,-0.00408535451,0xbb85de70,-0.00408535451,0x80000000,-0
l1,0.0625,0,min-error,metric_min,exp1,0,1,1,0.134744048,0.134744063,0.134744048,0.134744063,1.49011612e-08,83,raw-and-scaled,8,1,fp8_e1m6,fp8_e2m5,6,5,2,555,83,exp2,3,6,3,1,0.000950885005,0.00161231426,-3,0x3ad3544a,0.00161231426,0x3f800000,1,0x3c28b298,0.0102964863,0x3c28b298,0.0102964863,00000000,0,0,000000,00000001,0,1,00001,0x3c28b298,0.0102964863,0x3b22ca60,0.00248398632,0xbf800000,-1
l1,0.0625,0,min-error,metric_min,exp1,0,1,1,0.134744048,0.134744063,0.134744048,0.134744063,1.49011612e-08,84,raw-and-scaled,8,1,fp8_e1m6,fp8_e2m5,6,5,2,555,84,exp2,3,6,3,1,0.000950885005,0.00161231426,-3,0x3ad3544a,0.00161231426,0x3f800000,1,0x00000000,0,0x00000000,0,00000000,0,0,000000,00000000,0,0,00000,0x00000000,0,0x00000000,0,0x00000000,0
l1,0.0625,0,min-error,metric_min,exp1,0,1,1,0.134744048,0.134744063,0.134744048,0.134744063,1.49011612e-08,85,raw-and-scaled,8,1,fp8_e1m6,fp8_e2m5,6,5,2,555,85,exp2,3,6,3,1,0.000950885005,0.00161231426,-3,0x3ad3544a,0.00161231426,0x3f800000,1,0x00000000,0,0x00000000,0,00000000,0,0,000000,00000000,0,0,00000,0x00000000,0,0x00000000,0,0x00000000,0
l1,0.0625,0,min-error,metric_min,exp1,0,1,1,0.134744048,0.134744063,0.134744048,0.134744063,1.49011612e-08,86,raw-and-scaled,8,1,fp8_e1m6,fp8_e2m5,6,5,2,555,86,exp2,3,6,3,1,0.000950885005,0.00161231426,-3,0x3ad3544a,0.00161231426,0x3f800000,1,0x00000000,0,0x00000000,0,00000000,0,0,000000,00000000,0,0,00000,0x00000000,0,0x00000000,0,0x00000000,0
l1,0.0625,0,min-error,metric_min,exp1,0,1,1,0.134744048,0.134744063,0.134744048,0.134744063,1.49011612e-08,87,raw-and-scaled,8,1,fp8_e1m6,fp8_e2m5,6,5,2,555,87,exp2,3,6,3,1,0.000950885005,0.00161231426,-3,0x3ad3544a,0.00161231426,0x3f800000,1,0x00000000,0,0x00000000,0,00000000,0,0,000000,00000000,0,0,00000,0x00000000,0,0x00000000,0,0x00000000,0
l1,0.0625,0,min-error,metric_min,exp1,0,1,1,0.134744048,0.134744063,0.134744048,0.134744063,1.49011612e-08,88,raw-and-scaled,8,1,fp8_e1m6,fp8_e2m5,6,5,2,555,88,exp2,3,6,3,1,0.000950885005,0.00161231426,-3,0x3ad3544a,0.00161231426,0x3f800000,1,0x00000000,0,0x00000000,0,00000000,0,0,000000,00000000,0,0,00000,0x00000000,0,0x00000000,0,0x00000000,0
l1,0.0625,0,min-error,metric_min,exp1,0,1,1,0.134744048,0.134744063,0.134744048,0.134744063,1.49011612e-08,89,raw-and-scaled,8,1,fp8_e1m6,fp8_e2m5,6,5,2,555,89,exp2,3,6,3,1,0.000950885005,0.00161231426,-3,0x3ad3544a,0.00161231426,0x3f800000,1,0x00000000,0,0x00000000,0,00000000,0,0,000000,00000000,0,0,00000,0x00000000,0,0x00000000,0,0x00000000,0
l1,0.0625,0,min-error,metric_min,exp1,0,1,1,0.134744048,0.134744063,0.134744048,0.134744063,1.49011612e-08,90,raw-and-scaled,8,1,fp8_e1m6,fp8_e2m5,6,5,2,555,90,exp2,3,6,3,1,0.000950885005,0.00161231426,-3,0x3ad3544a,0.00161231426,0x3f800000,1,0x00000000,0,0x00000000,0,00000000,0,0,000000,00000000,0,0,00000,0x00000000,0,0x00000000,0,0x00000000,0
l1,0.0625,0,min-error,metric_min,exp1,0,1,1,0.134744048,0.134744063,0.134744048,0.134744063,1.49011612e-08,91,raw-and-scaled,8,1,fp8_e1m6,fp8_e2m5,6,5,2,555,91,exp2,3,6,3,1,0.000950885005,0.00161231426,-3,0x3ad3544a,0.00161231426,0x3f800000,1,0x00000000,0,0x00000000,0,00000000,0,0,000000,00000000,0,0,00000,0x00000000,0,0x00000000,0,0x00000000,0
l1,0.0625,0,min-error,metric_min,exp1,0,1,1,0.134744048,0.134744063,0.134744048,0.134744063,1.49011612e-08,92,raw-and-scaled,8,1,fp8_e1m6,fp8_e2m5,6,5,2,555,92,exp2,3,6,3,1,0.000950885005,0.00161231426,-3,0x3ad3544a,0.00161231426,0x3f800000,1,0x3b9e9a1e,0.00484014954,0x3b9e9a1e,0.00484014954,00000000,0,0,000000,00000000,0,0,00000,0x3b9e9a1e,0.00484014954,0x3b9e9a1e,0.00484014954,0x00000000,0
l1,0.0625,0,min-error,metric_min,exp1,0,1,1,0.134744048,0.134744063,0.134744048,0.134744063,1.49011612e-08,93,raw-and-scaled,8,1,fp8_e1m6,fp8_e2m5,6,5,2,555,93,exp2,3,6,3,1,0.000950885005,0.00161231426,-3,0x3ad3544a,0.00161231426,0x3f800000,1,0x00000000,0,0x00000000,0,00000000,0,0,000000,00000000,0,0,00000,0x00000000,0,0x00000000,0,0x00000000,0
l1,0.0625,0,min-error,metric_min,exp1,0,1,1,0.134744048,0.134744063,0.134744048,0.134744063,1.49011612e-08,94,raw-and-scaled,8,1,fp8_e1m6,fp8_e2m5,6,5,2,555,94,exp2,3,6,3,1,0.000950885005,0.00161231426,-3,0x3ad3544a,0.00161231426,0x3f800000,1,0x00000000,0,0x00000000,0,00000000,0,0,000000,00000000,0,0,00000,0x00000000,0,0x00000000,0,0x00000000,0
l1,0.0625,0,min-error,metric_min,exp1,0,1,1,0.134744048,0.134744063,0.134744048,0.134744063,1.49011612e-08,95,raw-and-scaled,8,1,fp8_e1m6,fp8_e2m5,6,5,2,555,95,exp2,3,6,3,1,0.000950885005,0.00161231426,-3,0x3ad3544a,0.00161231426,0x3f800000,1,0x00000000,0,0x00000000,0,00000000,0,0,000000,00000000,0,0,00000,0x00000000,0,0x00000000,0,0x00000000,0
l1,0.0625,0,min-error,metric_min,exp1,0,1,1,0.134744048,0.134744063,0.134744048,0.134744063,1.49011612e-08,96,raw-and-scaled,8,1,fp8_e1m6,fp8_e2m5,6,5,2,555,96,exp2,3,6,3,1,0.000950885005,0.00161231426,-3,0x3ad3544a,0.00161231426,0x3f800000,1,0x00000000,0,0x00000000,0,00000000,0,0,000000,00000000,0,0,00000,0x00000000,0,0x00000000,0,0x00000000,0
l1,0.0625,0,min-error,metric_min,exp1,0,1,1,0.134744048,0.134744063,0.134744048,0.134744063,1.49011612e-08,97,raw-and-scaled,8,1,fp8_e1m6,fp8_e2m5,6,5,2,555,97,exp2,3,6,3,1,0.000950885005,0.00161231426,-3,0x3ad3544a,0.00161231426,0x3f800000,1,0x3b820e0d,0.00396896014,0x3b820e0d,0.00396896014,00000000,0,0,000000,00000000,0,0,00000,0x3b820e0d,0.00396896014,0x3b820e0d,0.00396896014,0x00000000,0
l1,0.0625,0,min-error,metric_min,exp1,0,1,1,0.134744048,0.134744063,0.134744048,0.134744063,1.49011612e-08,98,raw-and-scaled,8,1,fp8_e1m6,fp8_e2m5,6,5,2,555,98,exp2,3,6,3,1,0.000950885005,0.00161231426,-3,0x3ad3544a,0.00161231426,0x3f800000,1,0x3fbaa508,1.45816135,0x3fbaa508,1.45816135,01011101,1,29,011101,01101110,3,14,01110,0x3ba50800,0.00503635406,0x3ca94200,0.0206613541,0x3f800000,1
l1,0.0625,0,min-error,metric_min,exp1,0,1,1,0.134744048,0.134744063,0.134744048,0.134744063,1.49011612e-08,99,raw-and-scaled,8,1,fp8_e1m6,fp8_e2m5,6,5,2,555,99,exp2,3,6,3,1,0.000950885005,0.00161231426,-3,0x3ad3544a,0.00161231426,0x3f800000,1,0x00000000,0,0x00000000,0,00000000,0,0,000000,00000000,0,0,00000,0x00000000,0,0x00000000,0,0x00000000,0
l1,0.0625,0,min-error,metric_min,exp1,0,1,1,0.134744048,0.134744063,0.134744048,0.134744063,1.49011612e-08,100,raw-and-scaled,8,1,fp8_e1m6,fp8_e2m5,6,5,2,555,100,exp2,3,6,3,1,0.000950885005,0.00161231426,-3,0x3ad3544a,0.00161231426,0x3f800000,1,0x00000000,0,0x00000000,0,00000000,0,0,000000,00000000,0,0,00000,0x00000000,0,0x00000000,0,0x00000000,0
l1,0.0625,0,min-error,metric_min,exp1,0,1,1,0.134744048,0.134744063,0.134744048,0.134744063,1.49011612e-08,101,raw-and-scaled,8,1,fp8_e1m6,fp8_e2m5,6,5,2,555,101,exp2,3,6,3,1,0.000950885005,0.00161231426,-3,0x3ad3544a,0.00161231426,0x3f800000,1,0x3e38d404,0.180496275,0x3e38d404,0.180496275,00001011,0,11,001011,00010111,0,23,10111,0x3c0d4040,0.00862127542,0x3a540400,0.000808775425,0xbf800000,-1
l1,0.0625,0,min-error,metric_min,exp1,0,1,1,0.134744048,0.134744063,0.134744048,0.134744063,1.49011612e-08,102,raw-and-scaled,8,1,fp8_e1m6,fp8_e2m5,6,5,2,555,102,exp2,3,6,3,1,0.000950885005,0.00161231426,-3,0x3ad3544a,0.00161231426,0x3f800000,1,0x00000000,0,0x00000000,0,00000000,0,0,000000,00000000,0,0,00000,0x00000000,0,0x00000000,0,0x00000000,0
l1,0.0625,0,min-error,metric_min,exp1,0,1,1,0.134744048,0.134744063,0.134744048,0.134744063,1.49011612e-08,103,raw-and-scaled,8,1,fp8_e1m6,fp8_e2m5,6,5,2,555,103,exp2,3,6,3,1,0.000950885005,0.00161231426,-3,0x3ad3544a,0.00161231426,0x3f800000,1,0x00000000,0,0x00000000,0,00000000,0,0,000000,00000000,0,0,00000,0x00000000,0,0x00000000,0,0x00000000,0
l1,0.0625,0,min-error,metric_min,exp1,0,1,1,0.134744048,0.134744063,0.134744048,0.134744063,1.49011612e-08,104,raw-and-scaled,8,1,fp8_e1m6,fp8_e2m5,6,5,2,555,104,exp2,3,6,3,1,0.000950885005,0.00161231426,-3,0x3ad3544a,0.00161231426,0x3f800000,1,0x00000000,0,0x00000000,0,00000000,0,0,000000,00000000,0,0,00000,0x00000000,0,0x00000000,0,0x00000000,0
l1,0.0625,0,min-error,metric_min,exp1,0,1,1,0.134744048,0.134744063,0.134744048,0.134744063,1.49011612e-08,105,raw-and-scaled,8,1,fp8_e1m6,fp8_e2m5,6,5,2,555,105,exp2,3,6,3,1,0.000950885005,0.00161231426,-3,0x3ad3544a,0.00161231426,0x3f800000,1,0x00000000,0,0x00000000,0,00000000,0,0,000000,00000000,0,0,00000,0x00000000,0,0x00000000,0,0x00000000,0
l1,0.0625,0,min-error,metric_min,exp1,0,1,1,0.134744048,0.134744063,0.134744048,0.134744063,1.49011612e-08,106,raw-and-scaled,8,1,fp8_e1m6,fp8_e2m5,6,5,2,555,106,exp2,3,6,3,1,0.000950885005,0.00161231426,-3,0x3ad3544a,0.00161231426,0x3f800000,1,0x00000000,0,0x00000000,0,00000000,0,0,000000,00000000,0,0,00000,0x00000000,0,0x00000000,0,0x00000000,0
l1,0.0625,0,min-error,metric_min,exp1,0,1,1,0.134744048,0.134744063,0.134744048,0.134744063,1.49011612e-08,107,raw-and-scaled,8,1,fp8_e1m6,fp8_e2m5,6,5,2,555,107,exp2,3,6,3,1,0.000950885005,0.00161231426,-3,0x3ad3544a,0.00161231426,0x3f800000,1,0x00000000,0,0x00000000,0,00000000,0,0,000000,00000000,0,0,00000,0x00000000,0,0x00000000,0,0x00000000,0
l1,0.0625,0,min-error,metric_min,exp1,0,1,1,0.134744048,0.134744063,0.134744048,0.134744063,1.49011612e-08,108,raw-and-scaled,8,1,fp8_e1m6,fp8_e2m5,6,5,2,555,108,exp2,3,6,3,1,0.000950885005,0.00161231426,-3,0x3ad3544a,0.00161231426,0x3f800000,1,0x00000000,0,0x00000000,0,00000000,0,0,000000,00000000,0,0,00000,0x00000000,0,0x00000000,0,0x00000000,0
l1,0.0625,0,min-error,metric_min,exp1,0,1,1,0.134744048,0.134744063,0.134744048,0.134744063,1.49011612e-08,109,raw-and-scaled,8,1,fp8_e1m6,fp8_e2m5,6,5,2,555,109,exp2,3,6,3,1,0.000950885005,0.00161231426,-3,0x3ad3544a,0.00161231426,0x3f800000,1,0x00000000,0,0x00000000,0,00000000,0,0,000000,00000000,0,0,00000,0x00000000,0,0x00000000,0,0x00000000,0
l1,0.0625,0,min-error,metric_min,exp1,0,1,1,0.134744048,0.134744063,0.134744048,0.134744063,1.49011612e-08,110,raw-and-scaled,8,1,fp8_e1m6,fp8_e2m5,6,5,2,555,110,exp2,3,6,3,1,0.000950885005,0.00161231426,-3,0x3ad3544a,0.00161231426,0x3f800000,1,0x3bb38f18,0.00547970459,0x3bb38f18,0.00547970459,00000000,0,0,000000,00000000,0,0,00000,0x3bb38f18,0.00547970459,0x3bb38f18,0.00547970459,0x00000000,0
l1,0.0625,0,min-error,metric_min,exp1,0,1,1,0.134744048,0.134744063,0.134744048,0.134744063,1.49011612e-08,111,raw-and-scaled,8,1,fp8_e1m6,fp8_e2m5,6,5,2,555,111,exp2,3,6,3,1,0.000950885005,0.00161231426,-3,0x3ad3544a,0.00161231426,0x3f800000,1,0x00000000,0,0x00000000,0,00000000,0,0,000000,00000000,0,0,00000,0x00000000,0,0x00000000,0,0x00000000,0
l1,0.0625,0,min-error,metric_min,exp1,0,1,1,0.134744048,0.134744063,0.134744048,0.134744063,1.49011612e-08,112,raw-and-scaled,8,1,fp8_e1m6,fp8_e2m5,6,5,2,555,112,exp2,3,6,3,1,0.000950885005,0.00161231426,-3,0x3ad3544a,0.00161231426,0x3f800000,1,0x3caeb8c7,0.0213283431,0x3caeb8c7,0.0213283431,00000001,0,1,000001,00000010,0,2,00010,0x3bbae31c,0.00570334308,0x3bbae31c,0.00570334308,0x80000000,-0
l1,0.0625,0,min-error,metric_min,exp1,0,1,1,0.134744048,0.134744063,0.134744048,0.134744063,1.49011612e-08,113,raw-and-scaled,8,1,fp8_e1m6,fp8_e2m5,6,5,2,555,113,exp2,3,6,3,1,0.000950885005,0.00161231426,-3,0x3ad3544a,0.00161231426,0x3f800000,1,0x00000000,0,0x00000000,0,00000000,0,0,000000,00000000,0,0,00000,0x00000000,0,0x00000000,0,0x00000000,0
l1,0.0625,0,min-error,metric_min,exp1,0,1,1,0.134744048,0.134744063,0.134744048,0.134744063,1.49011612e-08,114,raw-and-scaled,8,1,fp8_e1m6,fp8_e2m5,6,5,2,555,114,exp2,3,6,3,1,0.000950885005,0.00161231426,-3,0x3ad3544a,0.00161231426,0x3f800000,1,0x00000000,0,0x00000000,0,00000000,0,0,000000,00000000,0,0,00000,0x00000000,0,0x00000000,0,0x00000000,0
l1,0.0625,0,min-error,metric_min,exp1,0,1,1,0.134744048,0.134744063,0.134744048,0.134744063,1.49011612e-08,115,raw-and-scaled,8,1,fp8_e1m6,fp8_e2m5,6,5,2,555,115,exp2,3,6,3,1,0.000950885005,0.00161231426,-3,0x3ad3544a,0.00161231426,0x3f800000,1,0x00000000,0,0x00000000,0,00000000,0,0,000000,00000000,0,0,00000,0x00000000,0,0x00000000,0,0x00000000,0
l1,0.0625,0,min-error,metric_min,exp1,0,1,1,0.134744048,0.134744063,0.134744048,0.134744063,1.49011612e-08,116,raw-and-scaled,8,1,fp8_e1m6,fp8_e2m5,6,5,2,555,116,exp2,3,6,3,1,0.000950885005,0.00161231426,-3,0x3ad3544a,0.00161231426,0x3f800000,1,0x00000000,0,0x00000000,0,00000000,0,0,000000,00000000,0,0,00000,0x00000000,0,0x00000000,0,0x00000000,0
l1,0.0625,0,min-error,metric_min,exp1,0,1,1,0.134744048,0.134744063,0.134744048,0.134744063,1.49011612e-08,117,raw-and-scaled,8,1,fp8_e1m6,fp8_e2m5,6,5,2,555,117,exp2,3,6,3,1,0.000950885005,0.00161231426,-3,0x3ad3544a,0.00161231426,0x3f800000,1,0x00000000,0,0x00000000,0,00000000,0,0,000000,00000000,0,0,00000,0x00000000,0,0x00000000,0,0x00000000,0
l1,0.0625,0,min-error,metric_min,exp1,0,1,1,0.134744048,0.134744063,0.134744048,0.134744063,1.49011612e-08,118,raw-and-scaled,8,1,fp8_e1m6,fp8_e2m5,6,5,2,555,118,exp2,3,6,3,1,0.000950885005,0.00161231426,-3,0x3ad3544a,0.00161231426,0x3f800000,1,0x00000000,0,0x00000000,0,00000000,0,0,000000,00000000,0,0,00000,0x00000000,0,0x00000000,0,0x00000000,0
l1,0.0625,0,min-error,metric_min,exp1,0,1,1,0.134744048,0.134744063,0.134744048,0.134744063,1.49011612e-08,119,raw-and-scaled,8,1,fp8_e1m6,fp8_e2m5,6,5,2,555,119,exp2,3,6,3,1,0.000950885005,0.00161231426,-3,0x3ad3544a,0.00161231426,0x3f800000,1,0x00000000,0,0x00000000,0,00000000,0,0,000000,00000000,0,0,00000,0x00000000,0,0x00000000,0,0x00000000,0
l1,0.0625,0,min-error,metric_min,exp1,0,1,1,0.134744048,0.134744063,0.134744048,0.134744063,1.49011612e-08,120,raw-and-scaled,8,1,fp8_e1m6,fp8_e2m5,6,5,2,555,120,exp2,3,6,3,1,0.000950885005,0.00161231426,-3,0x3ad3544a,0.00161231426,0x3f800000,1,0xbd7675d3,-0.0601709597,0xbd7675d3,-0.0601709597,10000011,0,3,000011,10000111,0,7,00111,0xbc59d74c,-0.0132959597,0xbbb3ae98,-0.00548345968,0xbf800000,-1
l1,0.0625,0,min-error,metric_min,exp1,0,1,1,0.134744048,0.134744063,0.134744048,0.134744063,1.49011612e-08,121,raw-and-scaled,8,1,fp8_e1m6,fp8_e2m5,6,5,2,555,121,exp2,3,6,3,1,0.000950885005,0.00161231426,-3,0x3ad3544a,0.00161231426,0x3f800000,1,0x00000000,0,0x00000000,0,00000000,0,0,000000,00000000,0,0,00000,0x00000000,0,0x00000000,0,0x00000000,0
l1,0.0625,0,min-error,metric_min,exp1,0,1,1,0.134744048,0.134744063,0.134744048,0.134744063,1.49011612e-08,122,raw-and-scaled,8,1,fp8_e1m6,fp8_e2m5,6,5,2,555,122,exp2,3,6,3,1,0.000950885005,0.00161231426,-3,0x3ad3544a,0.00161231426,0x3f800000,1,0x00000000,0,0x00000000,0,00000000,0,0,000000,00000000,0,0,00000,0x00000000,0,0x00000000,0,0x00000000,0
l1,0.0625,0,min-error,metric_min,exp1,0,1,1,0.134744048,0.134744063,0.134744048,0.134744063,1.49011612e-08,123,raw-and-scaled,8,1,fp8_e1m6,fp8_e2m5,6,5,2,555,123,exp2,3,6,3,1,0.000950885005,0.00161231426,-3,0x3ad3544a,0.00161231426,0x3f800000,1,0x00000000,0,0x00000000,0,00000000,0,0,000000,00000000,0,0,00000,0x00000000,0,0x00000000,0,0x00000000,0
l1,0.0625,0,min-error,metric_min,exp1,0,1,1,0.134744048,0.134744063,0.134744048,0.134744063,1.49011612e-08,124,raw-and-scaled,8,1,fp8_e1m6,fp8_e2m5,6,5,2,555,124,exp2,3,6,3,1,0.000950885005,0.00161231426,-3,0x3ad3544a,0.00161231426,0x3f800000,1,0x00000000,0,0x00000000,0,00000000,0,0,000000,00000000,0,0,00000,0x00000000,0,0x00000000,0,0x00000000,0
l1,0.0625,0,min-error,metric_min,exp1,0,1,1,0.134744048,0.134744063,0.134744048,0.134744063,1.49011612e-08,125,raw-and-scaled,8,1,fp8_e1m6,fp8_e2m5,6,5,2,555,125,exp2,3,6,3,1,0.000950885005,0.00161231426,-3,0x3ad3544a,0.00161231426,0x3f800000,1,0x00000000,0,0x00000000,0,00000000,0,0,000000,00000000,0,0,00000,0x00000000,0,0x00000000,0,0x00000000,0
l1,0.0625,0,min-error,metric_min,exp1,0,1,1,0.134744048,0.134744063,0.134744048,0.134744063,1.49011612e-08,126,raw-and-scaled,8,1,fp8_e1m6,fp8_e2m5,6,5,2,555,126,exp2,3,6,3,1,0.000950885005,0.00161231426,-3,0x3ad3544a,0.00161231426,0x3f800000,1,0x00000000,0,0x00000000,0,00000000,0,0,000000,00000000,0,0,00000,0x00000000,0,0x00000000,0,0x00000000,0
l1,0.0625,0,min-error,metric_min,exp1,0,1,1,0.134744048,0.134744063,0.134744048,0.134744063,1.49011612e-08,127,raw-and-scaled,8,1,fp8_e1m6,fp8_e2m5,6,5,2,555,127,exp2,3,6,3,1,0.000950885005,0.00161231426,-3,0x3ad3544a,0.00161231426,0x3f800000,1,0x00000000,0,0x00000000,0,00000000,0,0,000000,00000000,0,0,00000,0x00000000,0,0x00000000,0,0x00000000,0
l1,0.0625,0,min-error,metric_min,exp1,0,1,1,1.96907282,1.96907306,1.96907282,1.96907306,2.38418579e-07,0,raw-and-scaled,7,1,fp7_e1m5,fp7_e2m4,5,4,2,847,0,exp2,14,28,14,7,0.041086264,0.057890635,-14,0x3d6d1ebb,0.057890635,0x3f800000,1,0x3ffe9ccf,1.98916042,0x3ffe9ccf,1.98916042,0111111,1,31,11111,0111111,3,15,1111,0x3ca733c0,0.0204104185,0x3d5399e0,0.0516604185,0x3f800000,1
l1,0.0625,0,min-error,metric_min,exp1,0,1,1,1.96907282,1.96907306,1.96907282,1.96907306,2.38418579e-07,1,raw-and-scaled,7,1,fp7_e1m5,fp7_e2m4,5,4,2,847,1,exp2,14,28,14,7,0.041086264,0.057890635,-14,0x3d6d1ebb,0.057890635,0x3f800000,1,0x3f1d5035,0.614505112,0x3f1d5035,0.614505112,0010011,0,19,10011,0100011,2,3,0011,0x3caa06a0,0.0207551122,0x3caa06a0,0.0207551122,0x00000000,0
l1,0.0625,0,min-error,metric_min,exp1,0,1,1,1.96907282,1.96907306,1.96907282,1.96907306,2.38418579e-07,2,raw-and-scaled,7,1,fp7_e1m5,fp7_e2m4,5,4,2,847,2,exp2,14,28,14,7,0.041086264,0.057890635,-14,0x3d6d1ebb,0.057890635,0x3f800000,1,0x3fdf1efe,1.74313331,0x3fdf1efe,1.74313331,0110111,1,23,10111,0111011,3,11,1011,0x3cc7bf80,0.0243833065,0x3d63dfc0,0.0556333065,0x3f800000,1
l1,0.0625,0,min-error,metric_min,exp1,0,1,1,1.96907282,1.96907306,1.96907282,1.96907306,2.38418579e-07,3,raw-and-scaled,7,1,fp7_e1m5,fp7_e2m4,5,4,2,847,3,exp2,14,28,14,7,0.041086264,0.057890635,-14,0x3d6d1ebb,0.057890635,0x3f800000,1,0xbd008269,-0.0313743688,0xbd008269,-0.0313743688,1000001,0,1,00001,1000010,0,2,0010,0xb9026900,-0.000124368817,0xb9026900,-0.000124368817,0x80000000,-0
l1,0.0625,0,min-error,metric_min,exp1,0,1,1,1.96907282,1.96907306,1.96907282,1.96907306,2.38418579e-07,4,raw-and-scaled,7,1,fp7_e1m5,fp7_e2m4,5,4,2,847,4,exp2,14,28,14,7,0.041086264,0.057890635,-14,0x3d6d1ebb,0.057890635,0x3f800000,1,0x3f7b98e8,0.982801914,0x3f7b98e8,0.982801914,0011111,0,31,11111,0101111,2,15,1111,0x3c663a00,0.0140519142,0x3c663a00,0.0140519142,0x00000000,0
l1,0.0625,0,min-error,metric_min,exp1,0,1,1,1.96907282,1.96907306,1.96907282,1.96907306,2.38418579e-07,5,raw-and-scaled,7,1,fp7_e1m5,fp7_e2m4,5,4,2,847,5,exp2,14,28,14,7,0.041086264,0.057890635,-14,0x3d6d1ebb,0.057890635,0x3f800000,1,0xbcfacf14,-0.0306163207,0xbcfacf14,-0.0306163207,1000000,0,0,00000,1000001,0,1,0001,0xbcfacf14,-0.0306163207,0xbc759e28,-0.0149913207,0xbf800000,-1
l1,0.0625,0,min-error,metric_min,exp1,0,1,1,1.96907282,1.96907306,1.96907282,1.96907306,2.38418579e-07,6,raw-and-scaled,7,1,fp7_e1m5,fp7_e2m4,5,4,2,847,6,exp2,14,28,14,7,0.041086264,0.057890635,-14,0x3d6d1ebb,0.057890635,0x3f800000,1,0x3b80e90c,0.00393403135,0x3b80e90c,0.00393403135,0000000,0,0,00000,0000000,0,0,0000,0x3b80e90c,0.00393403135,0x3b80e90c,0.00393403135,0x00000000,0
l1,0.0625,0,min-error,metric_min,exp1,0,1,1,1.96907282,1.96907306,1.96907282,1.96907306,2.38418579e-07,7,raw-and-scaled,7,1,fp7_e1m5,fp7_e2m4,5,4,2,847,7,exp2,14,28,14,7,0.041086264,0.057890635,-14,0x3d6d1ebb,0.057890635,0x3f800000,1,0x3feeb41c,1.8648715,0x3feeb41c,1.8648715,0111011,1,27,11011,0111101,3,13,1101,0x3cad0700,0.0211215019,0x3d568380,0.0523715019,0x3f800000,1
l1,0.0625,0,min-error,metric_min,exp1,0,1,1,1.96907282,1.96907306,1.96907282,1.96907306,2.38418579e-07,8,raw-and-scaled,7,1,fp7_e1m5,fp7_e2m4,5,4,2,847,8,exp2,14,28,14,7,0.041086264,0.057890635,-14,0x3d6d1ebb,0.057890635,0x3f800000,1,0xbc216ceb,-0.00985262822,0xbc216ceb,-0.00985262822,1000000,0,0,00000,1000000,0,0,0000,0xbc216ceb,-0.00985262822,0xbc216ceb,-0.00985262822,0x00000000,0
l1,0.0625,0,min-error,metric_min,exp1,0,1,1,1.96907282,1.96907306,1.96907282,1.96907306,2.38418579e-07,9,raw-and-scaled,7,1,fp7_e1m5,fp7_e2m4,5,4,2,847,9,exp2,14,28,14,7,0.041086264,0.057890635,-14,0x3d6d1ebb,0.057890635,0x3f800000,1,0x3f0c30ca,0.547619462,0x3f0c30ca,0.547619462,0010001,0,17,10001,0100001,2,1,0001,0x3c861940,0.016369462,0x3c861940,0.016369462,0x00000000,0
l1,0.0625,0,min-error,metric_min,exp1,0,1,1,1.96907282,1.96907306,1.96907282,1.96907306,2.38418579e-07,10,raw-and-scaled,7,1,fp7_e1m5,fp7_e2m4,5,4,2,847,10,exp2,14,28,14,7,0.041086264,0.057890635,-14,0x3d6d1ebb,0.057890635,0x3f800000,1,0x3d7483c5,0.0596959777,0x3d7483c5,0.0596959777,0000001,0,1,00001,0000011,0,3,0011,0x3ce9078a,0.0284459777,0x3c520f14,0.0128209777,0xbf800000,-1
l1,0.0625,0,min-error,metric_min,exp1,0,1,1,1.96907282,1.96907306,1.96907282,1.96907306,2.38418579e-07,11,raw-and-scaled,7,1,fp7_e1m5,fp7_e2m4,5,4,2,847,11,exp2,14,28,14,7,0.041086264,0.057890635,-14,0x3d6d1ebb,0.057890635,0x3f800000,1,0xbfa3c11b,-1.27933061,0xbfa3c11b,-1.27933061,1101000,1,8,01000,1110100,3,4,0100,0xbcf046c0,-0.0293306112,0xbcf046c0,-0.0293306112,0x00000000,0
l1,0.0625,0,min-error,metric_min,exp1,0,1,1,1.96907282,1.96907306,1.96907282,1.96907306,2.38418579e-07,12,raw-and-scaled,7,1,fp7_e1m5,fp7_e2m4,5,4,2,847,12,exp2,14,28,14,7,0.041086264,0.057890635,-14,0x3d6d1ebb,0.057890635,0x3f800000,1,0xbeb27d67,-0.348612994,0xbeb27d67,-0.348612994,1001011,0,11,01011,1010110,1,6,0110,0xbb9f59c0,-0.00486299396,0xbb9f59c0,-0.00486299396,0x80000000,-0
l1,0.0625,0,min-error,metric_min,exp1,0,1,1,1.96907282,1.96907306,1.96907282,1.96907306,2.38418579e-07,13,raw-and-scaled,7,1,fp7_e1m5,fp7_e2m4,5,4,2,847,13,exp2,14,28,14,7,0.041086264,0.057890635,-14,0x3d6d1ebb,0.057890635,0x3f800000,1,0xbd174099,-0.0369268395,0xbd174099,-0.0369268395,1000001,0,1,00001,1000010,0,2,0010,0xbbba04c8,-0.0056768395,0xbbba04c8,-0.0056768395,0x80000000,-0
l1,0.0625,0,min-error,metric_min,exp1,0,1,1,1.96907282,1.96907306,1.96907282,1.96907306,2.38418579e-07,14,raw-and-scaled,7,1,fp7_e1m5,fp7_e2m4,5,4,2,847,14,exp2,14,28,14,7,0.041086264,0.057890635,-14,0x3d6d1ebb,0.057890635,0x3f800000,1,0xbe54c79e,-0.207792729,0xbe54c79e,-0.207792729,1000110,0,6,00110,1001101,0,13,1101,0xbca63cf0,-0.0202927291,0xbb98f3c0,-0.00466772914,0xbf800000,-1
l1,0.0625,0,min-error,metric_min,exp1,0,1,1,1.96907282,1.96907306,1.96907282,1.96907306,2.38418579e-07,15,raw-and-scaled,7,1,fp7_e1m5,fp7_e2m4,5,4,2,847,15,exp2,14,28,14,7,0.041086264,0.057890635,-14,0x3d6d1ebb,0.057890635,0x3f800000,1,0x3f1055a2,0.563806653,0x3f1055a2,0.563806653,0010010,0,18,10010,0100010,2,2,0010,0x3aab4400,0.00130665302,0x3aab4400,0.00130665302,0x00000000,0
l1,0.0625,0,min-error,metric_min,exp1,0,1,1,1.96907282,1.96907306,1.96907282,1.96907306,2.38418579e-07,16,raw-and-scaled,7,1,fp7_e1m5,fp7_e2m4,5,4,2,847,16,exp2,14,28,14,7,0.041086264,0.057890635,-14,0x3d6d1ebb,0.057890635,0x3f800000,1,0xbf11471b,-0.567491233,0xbf11471b,-0.567491233,1010010,0,18,10010,1100010,2,2,0010,0xbba38d80,-0.00499123335,0xbba38d80,-0.00499123335,0x00000000,0
l1,0.0625,0,min-error,metric_min,exp1,0,1,1,1.96907282,1.96907306,1.96907282,1.96907306,2.38418579e-07,17,raw-and-scaled,7,1,fp7_e1m5,fp7_e2m4,5,4,2,847,17,exp2,14,28,14,7,0.041086264,0.057890635,-14,0x3d6d1ebb,0.057890635,0x3f800000,1,0x3facb6f2,1.34933305,0x3facb6f2,1.34933305,0101011,1,11,01011,0110101,3,5,0101,0x3bb6f200,0.00558304787,0x3d16de40,0.0368330479,0x3f800000,1
l1,0.0625,0,min-error,metric_min,exp1,0,1,1,1.96907282,1.96907306,1.96907282,1.96907306,2.38418579e-07,18,raw-and-scaled,7,1,fp7_e1m5,fp7_e2m4,5,4,2,847,18,exp2,14,28,14,7,0.041086264,0.057890635,-14,0x3d6d1ebb,0.057890635,0x3f800000,1,0x3fd6e5b8,1.67888546,0x3fd6e5b8,1.67888546,0110101,1,21,10101,0111010,3,10,1010,0x3cb96e00,0.0226354599,0x3d5cb700,0.0538854599,0x3f800000,1
l1,0.0625,0,min-error,metric_min,exp1,0,1,1,1.96907282,1.96907306,1.96907282,1.96907306,2.38418579e-07,19,raw-and-scaled,7,1,fp7_e1m5,fp7_e2m4,5,4,2,847,19,exp2,14,28,14,7,0.041086264,0.057890635,-14,0x3d6d1ebb,0.057890635,0x3f800000,1,0x3f2de396,0.679253936,0x3f2de396,0.679253936,0010101,0,21,10101,0100101,2,5,0101,0x3cbc72c0,0.0230039358,0x3cbc72c0,0.0230039358,0x00000000,0
l1,0.0625,0,min-error,metric_min,exp1,0,1,1,1.96907282,1.96907306,1.96907282,1.96907306,2.38418579e-07,20,raw-and-scaled,7,1,fp7_e1m5,fp7_e2m4,5,4,2,847,20,exp2,14,28,14,7,0.041086264,0.057890635,-14,0x3d6d1ebb,0.057890635,0x3f800000,1,0xbd21ac6e,-0.0394710824,0xbd21ac6e,-0.0394710824,1000001,0,1,00001,1000010,0,2,0010,0xbc06b1b8,-0.00822108239,0xbc06b1b8,-0.00822108239,0x80000000,-0
l1,0.0625,0,min-error,metric_min,exp1,0,1,1,1.96907282,1.96907306,1.96907282,1.96907306,2.38418579e-07,21,raw-and-scaled,7,1,fp7_e1m5,fp7_e2m4,5,4,2,847,21,exp2,14,28,14,7,0.041086264,0.057890635,-14,0x3d6d1ebb,0.057890635,0x3f800000,1,0xbea62d0c,-0.32456243,0xbea62d0c,-0.32456243,1001010,0,10,01010,1010100,1,4,0100,0xbc45a180,-0.0120624304,0xbc45a180,-0.0120624304,0x80000000,-0
l1,0.0625,0,min-error,metric_min,exp1,0,1,1,1.96907282,1.96907306,1.96907282,1.96907306,2.38418579e-07,22,raw-and-scaled,7,1,fp7_e1m5,fp7_e2m4,5,4,2,847,22,exp2,14,28,14,7,0.041086264,0.057890635,-14,0x3d6d1ebb,0.057890635,0x3f800000,1,0x3f1ade9c,0.604959249,0x3f1ade9c,0.604959249,0010011,0,19,10011,0100011,2,3,0011,0x3c37a700,0.0112092495,0x3c37a700,0.0112092495,0x00000000,0
l1,0.0625,0,min-error,metric_min,exp1,0,1,1,1.96907282,1.96907306,1.96907282,1.96907306,2.38418579e-07,23,raw-and-scaled,7,1,fp7_e1m5,fp7_e2m4,5,4,2,847,23,exp2,14,28,14,7,0.041086264,0.057890635,-14,0x3d6d1ebb,0.057890635,0x3f800000,1,0x3bc03bd1,0.00586650567,0x3bc03bd1,0.00586650567,0000000,0,0,00000,0000000,0,0,0000,0x3bc03bd1,0.00586650567,0x3bc03bd1,0.00586650567,0x00000000,0
l1,0.0625,0,min-error,metric_min,exp1,0,1,1,1.96907282,1.96907306,1.96907282,1.96907306,2.38418579e-07,24,raw-and-scaled,7,1,fp7_e1m5,fp7_e2m4,5,4,2,847,24,exp2,14,28,14,7,0.041086264,0.057890635,-14,0x3d6d1ebb,0.057890635,0x3f800000,1,0x3df4edc9,0.119594164,0x3df4edc9,0.119594164,0000011,0,3,00011,0000111,0,7,0111,0x3cd3b724,0.0258441642,0x3c276e48,0.0102191642,0xbf800000,-1
l1,0.0625,0,min-error,metric_min,exp1,0,1,1,1.96907282,1.96907306,1.96907282,1.96907306,2.38418579e-07,25,raw-and-scaled,7,1,fp7_e1m5,fp7_e2m4,5,4,2,847,25,exp2,14,28,14,7,0.041086264,0.057890635,-14,0x3d6d1ebb,0.057890635,0x3f800000,1,0xbf3fb3c3,-0.748836696,0xbf3fb3c3,-0.748836696,1010111,0,23,10111,1100111,2,7,0111,0xbcf67860,-0.0300866961,0xbcf67860,-0.0300866961,0x00000000,0
l1,0.0625,0,min-error,metric_min,exp1,0,1,1,1.96907282,1.96907306,1.96907282,1.96907306,2.38418579e-07,26,raw-and-scaled,7,1,fp7_e1m5,fp7_e2m4,5,4,2,847,26,exp2,14,28,14,7,0.041086264,0.057890635,-14,0x3d6d1ebb,0.057890635,0x3f800000,1,0xbd6078ce,-0.0548027083,0xbd6078ce,-0.0548027083,1000001,0,1,00001,1000011,0,3,0011,0xbcc0f19c,-0.0235527083,0xbc01e338,-0.00792770833,0xbf800000,-1
l1,0.0625,0,min-error,metric_min,exp1,0,1,1,1.96907282,1.96907306,1.96907282,1.96907306,2.38418579e-07,27,raw-and-scaled,7,1,fp7_e1m5,fp7_e2m4,5,4,2,847,27,exp2,14,28,14,7,0.041086264,0.057890635,-14,0x3d6d1ebb,0.057890635,0x3f800000,1,0x3faab4ce,1.33364272,0x3faab4ce,1.33364272,0101010,1,10,01010,0110101,3,5,0101,0x3cad3380,0.0211427212,0x3cad3380,0.0211427212,0x00000000,0
l1,0.0625,0,min-error,metric_min,exp1,0,1,1,1.96907282,1.96907306,1.96907282,1.96907306,2.38418579e-07,28,raw-and-scaled,7,1,fp7_e1m5,fp7_e2m4,5,4,2,847,28,exp2,14,28,14,7,0.041086264,0.057890635,-14,0x3d6d1ebb,0.057890635,0x3f800000,1,0x3ea2047a,0.316440403,0x3ea2047a,0.316440403,0001010,0,10,01010,0010100,1,4,0100,0x3b811e80,0.00394040346,0x3b811e80,0.00394040346,0x80000000,-0
l1,0.0625,0,min-error,metric_min,exp1,0,1,1,1.96907282,1.96907306,1.96907282,1.96907306,2.38418579e-07,29,raw-and-scaled,7,1,fp7_e1m5,fp7_e2m4,5,4,2,847,29,exp2,14,28,14,7,0.041086264,0.057890635,-14,0x3d6d1ebb,0.057890635,0x3f800000,1,0xbf5241fe,-0.821319461,0xbf5241fe,-0.821319461,1011010,0,26,11010,1101010,2,10,1010,0xbc107f80,-0.00881946087,0xbc107f80,-0.00881946087,0x00000000,0
l1,0.0625,0,min-error,metric_min,exp1,0,1,1,1.96907282,1.96907306,1.96907282,1.96907306,2.38418579e-07,30,raw-and-scaled,7,1,fp7_e1m5,fp7_e2m4,5,4,2,847,30,exp2,14,28,14,7,0.041086264,0.057890635,-14,0x3d6d1ebb,0.057890635,0x3f800000,1,0xbeb83484,-0.359775662,0xbeb83484,-0.359775662,1001011,0,11,01011,1010111,1,7,0111,0xbc834840,-0.0160256624,0xb9d21000,-0.000400662422,0xbf800000,-1
l1,0.0625,0,min-error,metric_min,exp1,0,1,1,1.96907282,1.96907306,1.96907282,1.96907306,2.38418579e-07,31,raw-and-scaled,7,1,fp7_e1m5,fp7_e2m4,5,4,2,847,31,exp2,14,28,14,7,0.041086264,0.057890635,-14,0x3d6d1ebb,0.057890635,0x3f800000,1,0x3f0d6051,0.552250922,0x3f0d6051,0.552250922,0010001,0,17,10001,0100001,2,1,0001,0x3cac0a20,0.0210009217,0x3cac0a20,0.0210009217,0x00000000,0
l1,0.0625,0,min-error,metric_min,exp1,0,1,1,1.96907282,1.96907306,1.96907282,1.96907306,2.38418579e-07,32,raw-and-scaled,7,1,fp7_e1m5,fp7_e2m4,5,4,2,847,32,exp2,14,28,14,7,0.041086264,0.057890635,-14,0x3d6d1ebb,0.057890635,0x3f800000,1,0xbc11f9d8,-0.00890966505,0xbc11f9d8,-0.00890966505,1000000,0,0,00000,1000000,0,0,0000,0xbc11f9d8,-0.00890966505,0xbc11f9d8,-0.00890966505,0x00000000,0
l1,0.0625,0,min-error,metric_min,exp1,0,1,1,1.96907282,1.96907306,1.96907282,1.96907306,2.38418579e-07,33,raw-and-scaled,7,1,fp7_e1m5,fp7_e2m4,5,4,2,847,33,exp2,14,28,14,7,0.041086264,0.057890635,-14,0x3d6d1ebb,0.057890635,0x3f800000,1,0x3e882ae3,0.2659522,0x3e882ae3,0.2659522,0001000,0,8,01000,0010001,1,1,0001,0x3c82ae30,0.0159521997,0x39ab8c00,0.000327199697,0xbf800000,-1
l1,0.0625,0,min-error,metric_min,exp1,0,1,1,1.96907282,1.96907306,1.96907282,1.96907306,2.38418579e-07,34,raw-and-scaled,7,1,fp7_e1m5,fp7_e2m4,5,4,2,847,34,exp2,14,28,14,7,0.041086264,0.057890635,-14,0x3d6d1ebb,0.057890635,0x3f800000,1,0x3e41cb3c,0.18925184,0x3e41cb3c,0.18925184,0000110,0,6,00110,0001100,0,12,1100,0x3ae59e00,0.00175184011,0x3ae59e00,0.00175184011,0x80000000,-0
l1,0.0625,0,min-error,metric_min,exp1,0,1,1,1.96907282,1.96907306,1.96907282,1.96907306,2.38418579e-07,35,raw-and-scaled,7,1,fp7_e1m5,fp7_e2m4,5,4,2,847,35,exp2,14,28,14,7,0.041086264,0.057890635,-14,0x3d6d1ebb,0.057890635,0x3f800000,1,0x3d7ef292,0.0622430518,0x3d7ef292,0.0622430518,0000001,0,1,00001,0000011,0,3,0011,0x3cfde524,0.0309930518,0x3c7bca48,0.0153680518,0xbf800000,-1
l1,0.0625,0,min-error,metric_min,exp1,0,1,1,1.96907282,1.96907306,1.96907282,1.96907306,2.38418579e-07,36,raw-and-scaled,7,1,fp7_e1m5,fp7_e2m4,5,4,2,847,36,exp2,14,28,14,7,0.041086264,0.057890635,-14,0x3d6d1ebb,0.057890635,0x3f800000,1,0xbed420df,-0.414313287,0xbed420df,-0.414313287,1001101,0,13,01101,1011010,1,10,1010,0xbc041be0,-0.00806328654,0xbc041be0,-0.00806328654,0x80000000,-0
l1,0.0625,0,min-error,metric_min,exp1,0,1,1,1.96907282,1.96907306,1.96907282,1.96907306,2.38418579e-07,37,raw-and-scaled,7,1,fp7_e1m5,fp7_e2m4,5,4,2,847,37,exp2,14,28,14,7,0.041086264,0.057890635,-14,0x3d6d1ebb,0.057890635,0x3f800000,1,0xbf02a486,-0.510322928,0xbf02a486,-0.510322928,1010000,0,16,10000,1100000,2,0,0000,0xbc292180,-0.0103229284,0xbc292180,-0.0103229284,0x00000000,0
l1,0.0625,0,min-error,metric_min,exp1,0,1,1,1.96907282,1.96907306,1.96907282,1.96907306,2.38418579e-07,38,raw-and-scaled,7,1,fp7_e1m5,fp7_e2m4,5,4,2,847,38,exp2,14,28,14,7,0.041086264,0.057890635,-14,0x3d6d1ebb,0.057890635,0x3f800000,1,0x3f2a85cc,0.666104078,0x3f2a85cc,0.666104078,0010101,0,21,10101,0100101,2,5,0101,0x3c217300,0.00985407829,0x3c217300,0.00985407829,0x00000000,0
l1,0.0625,0,min-error,metric_min,exp1,0,1,1,1.96907282,1.96907306,1.96907282,1.96907306,2.38418579e-07,39,raw-and-scaled,7,1,fp7_e1m5,fp7_e2m4,5,4,2,847,39,exp2,14,28,14,7,0.041086264,0.057890635,-14,0x3d6d1ebb,0.057890635,0x3f800000,1,0xbff33252,-1.89997315,0xbff33252,-1.89997315,1111100,1,28,11100,1111110,3,14,1110,0xbccc9480,-0.0249731541,0xbccc9480,-0.0249731541,0x00000000,0
l1,0.0625,0,min-error,metric_min,exp1,0,1,1,1.96907282,1.96907306,1.96907282,1.96907306,2.38418579e-07,40,raw-and-scaled,7,1,fp7_e1m5,fp7_e2m4,5,4,2,847,40,exp2,14,28,14,7,0.041086264,0.057890635,-14,0x3d6d1ebb,0.057890635,0x3f800000,1,0xbf1d6ddc,-0.614957571,0xbf1d6ddc,-0.614957571,1010011,0,19,10011,1100011,2,3,0011,0xbcadbb80,-0.021207571,0xbcadbb80,-0.021207571,0x00000000,0
l1,0.0625,0,min-error,metric_min,exp1,0,1,1,1.96907282,1.96907306,1.96907282,1.96907306,2.38418579e-07,41,raw-and-scaled,7,1,fp7_e1m5,fp7_e2m4,5,4,2,847,41,exp2,14,28,14,7,0.041086264,0.057890635,-14,0x3d6d1ebb,0.057890635,0x3f800000,1,0xbe7975be,-0.243613213,0xbe7975be,-0.243613213,1000111,0,7,00111,1001111,0,15,1111,0xbccbadf0,-0.0248632133,0xbc175be0,-0.0092382133,0xbf800000,-1
l1,0.0625,0,min-error,metric_min,exp1,0,1,1,1.96907282,1.96907306,1.96907282,1.96907306,2.38418579e-07,42,raw-and-scaled,7,1,fp7_e1m5,fp7_e2m4,5,4,2,847,42,exp2,14,28,14,7,0.041086264,0.057890635,-14,0x3d6d1ebb,0.057890635,0x3f800000,1,0xbfb36c28,-1.40173817,0xbfb36c28,-1.40173817,1101100,1,12,01100,1110110,3,6,0110,0xbcdb0a00,-0.0267381668,0xbcdb0a00,-0.0267381668,0x00000000,0
l1,0.0625,0,min-error,metric_min,exp1,0,1,1,1.96907282,1.96907306,1.96907282,1.96907306,2.38418579e-07,43,raw-and-scaled,7,1,fp7_e1m5,fp7_e2m4,5,4,2,847,43,exp2,14,28,14,7,0.041086264,0.057890635,-14,0x3d6d1ebb,0.057890635,0x3f800000,1,0xbec843d6,-0.391142547,0xbec843d6,-0.391142547,1001100,0,12,01100,1011001,1,9,1001,0xbc843d60,-0.0161425471,0xba07ac00,-0.000517547131,0xbf800000,-1
l1,0.0625,0,min-error,metric_min,exp1,0,1,1,1.96907282,1.96907306,1.96907282,1.96907306,2.38418579e-07,44,raw-and-scaled,7,1,fp7_e1m5,fp7_e2m4,5,4,2,847,44,exp2,14,28,14,7,0.041086264,0.057890635,-14,0x3d6d1ebb,0.057890635,0x3f800000,1,0x3fbf6096,1.49513507,0x3fbf6096,1.49513507,0101111,1,15,01111,0110111,3,7,0111,0x3cd82580,0.0263850689,0x3d6c12c0,0.0576350689,0x3f800000,1
l1,0.0625,0,min-error,metric_min,exp1,0,1,1,1.96907282,1.96907306,1.96907282,1.96907306,2.38418579e-07,45,raw-and-scaled,7,1,fp7_e1m5,fp7_e2m4,5,4,2,847,45,exp2,14,28,14,7,0.041086264,0.057890635,-14,0x3d6d1ebb,0.057890635,0x3f800000,1,0xbf1d485c,-0.614385366,0xbf1d485c,-0.614385366,1010011,0,19,10011,1100011,2,3,0011,0xbca90b80,-0.0206353664,0xbca90b80,-0.0206353664,0x00000000,0
l1,0.0625,0,min-error,metric_min,exp1,0,1,1,1.96907282,1.96907306,1.96907282,1.96907306,2.38418579e-07,46,raw-and-scaled,7,1,fp7_e1m5,fp7_e2m4,5,4,2,847,46,exp2,14,28,14,7,0.041086264,0.057890635,-14,0x3d6d1ebb,0.057890635,0x3f800000,1,0x3e84b52a,0.259194672,0x3e84b52a,0.259194672,0001000,0,8,01000,0010000,1,0,0000,0x3c16a540,0.00919467211,0x3c16a540,0.00919467211,0x80000000,-0
l1,0.0625,0,min-error,metric_min,exp1,0,1,1,1.96907282,1.96907306,1.96907282,1.96907306,2.38418579e-07,47,raw-and-scaled,7,1,fp7_e1m5,fp7_e2m4,5,4,2,847,47,exp2,14,28,14,7,0.041086264,0.057890635,-14,0x3d6d1ebb,0.057890635,0x3f800000,1,0x3fb057e0,1.37768173,0x3fb057e0,1.37768173,0101100,1,12,01100,0110110,3,6,0110,0x3b2fc000,0.00268173218,0x3b2fc000,0.00268173218,0x00000000,0
l1,0.0625,0,min-error,metric_min,exp1,0,1,1,1.96907282,1.96907306,1.96907282,1.96907306,2.38418579e-07,48,raw-and-scaled,7,1,fp7_e1m5,fp7_e2m4,5,4,2,847,48,exp2,14,28,14,7,0.041086264,0.057890635,-14,0x3d6d1ebb,0.057890635,0x3f800000,1,0x3f2f5ea0,0.685037613,0x3f2f5ea0,0.685037613,0010101,0,21,10101,0100101,2,5,0101,0x3cebd400,0.0287876129,0x3cebd400,0.0287876129,0x00000000,0
l1,0.0625,0,min-error,metric_min,exp1,0,1,1,1.96907282,1.96907306,1.96907282,1.96907306,2.38418579e-07,49,raw-and-scaled,7,1,fp7_e1m5,fp7_e2m4,5,4,2,847,49,exp2,14,28,14,7,0.041086264,0.057890635,-14,0x3d6d1ebb,0.057890635,0x3f800000,1,0xbf71fb2e,-0.945238948,0xbf71fb2e,-0.945238948,1011110,0,30,11110,1101110,2,14,1110,0xbbfd9700,-0.00773894787,0xbbfd9700,-0.00773894787,0x00000000,0
l1,0.0625,0,min-error,metric_min,exp1,0,1,1,1.96907282,1.96907306,1.96907282,1.96907306,2.38418579e-07,50,raw-and-scaled,7,1,fp7_e1m5,fp7_e2m4,5,4,2,847,50,exp2,14,28,14,7,0.041086264,0.057890635,-14,0x3d6d1ebb,0.057890635,0x3f800000,1,0xbe014c3c,-0.126267374,0xbe014c3c,-0.126267374,1000100,0,4,00100,1001000,0,8,1000,0xbaa61e00,-0.00126737356,0xbaa61e00,-0.00126737356,0x80000000,-0
l1,0.0625,0,min-error,metric_min,exp1,0,1,1,1.96907282,1.96907306,1.96907282,1.96907306,2.38418579e-07,51,raw-and-scaled,7,1,fp7_e1m5,fp7_e2m4,5,4,2,847,51,exp2,14,28,14,7,0.041086264,0.057890635,-14,0x3d6d1ebb,0.057890635,0x3f800000,1,0xbf89a7c2,-1.07543206,0xbf89a7c2,-1.07543206,1100010,1,2,00010,1110001,3,1,0001,0xbc53e100,-0.0129320621,0xbc53e100,-0.0129320621,0x00000000,0
l1,0.0625,0,min-error,metric_min,exp1,0,1,1,1.96907282,1.96907306,1.96907282,1.96907306,2.38418579e-07,52,raw-and-scaled,7,1,fp7_e1m5,fp7_e2m4,5,4,2,847,52,exp2,14,28,14,7,0.041086264,0.057890635,-14,0x3d6d1ebb,0.057890635,0x3f800000,1,0xbe9b7f25,-0.303704411,0xbe9b7f25,-0.303704411,1001001,0,9,01001,1010011,1,3,0011,0xbcb7f250,-0.0224544108,0xbbdfc940,-0.00682941079,0xbf800000,-1
l1,0.0625,0,min-error,metric_min,exp1,0,1,1,1.96907282,1.96907306,1.96907282,1.96907306,2.38418579e-07,53,raw-and-scaled,7,1,fp7_e1m5,fp7_e2m4,5,4,2,847,53,exp2,14,28,14,7,0.041086264,0.057890635,-14,0x3d6d1ebb,0.057890635,0x3f800000,1,0xbf1ced62,-0.612997174,0xbf1ced62,-0.612997174,1010011,0,19,10011,1100011,2,3,0011,0xbc9dac40,-0.0192471743,0xbc9dac40,-0.0192471743,0x00000000,0
l1,0.0625,0,min-error,metric_min,exp1,0,1,1,1.96907282,1.96907306,1.96907282,1.96907306,2.38418579e-07,54,raw-and-scaled,7,1,fp7_e1m5,fp7_e2m4,5,4,2,847,54,exp2,14,28,14,7,0.041086264,0.057890635,-14,0x3d6d1ebb,0.057890635,0x3f800000,1,0x3faa4094,1.33009577,0x3faa4094,1.33009577,0101010,1,10,01010,0110101,3,5,0101,0x3c902500,0.017595768,0x3c902500,0.017595768,0x00000000,0
l1,0.0625,0,min-error,metric_min,exp1,0,1,1,1.96907282,1.96907306,1.96907282,1.96907306,2.38418579e-07,55,raw-and-scaled,7,1,fp7_e1m5,fp7_e2m4,5,4,2,847,55,exp2,14,28,14,7,0.041086264,0.057890635,-14,0x3d6d1ebb,0.057890635,0x3f800000,1,0xbeea731d,-0.457909495,0xbeea731d,-0.457909495,1001110,0,14,01110,1011101,1,13,1101,0xbca731d0,-0.0204094946,0xbb9cc740,-0.00478449464,0xbf800000,-1
l1,0.0625,0,min-error,metric_min,exp1,0,1,1,1.96907282,1.96907306,1.96907282,1.96907306,2.38418579e-07,56,raw-and-scaled,7,1,fp7_e1m5,fp7_e2m4,5,4,2,847,56,exp2,14,28,14,7,0.041086264,0.057890635,-14,0x3d6d1ebb,0.057890635,0x3f800000,1,0x3f0cba21,0.549715102,0x3f0cba21,0.549715102,0010001,0,17,10001,0100001,2,1,0001,0x3c974420,0.0184651017,0x3c974420,0.0184651017,0x00000000,0
l1,0.0625,0,min-error,metric_min,exp1,0,1,1,1.96907282,1.96907306,1.96907282,1.96907306,2.38418579e-07,57,raw-and-scaled,7,1,fp7_e1m5,fp7_e2m4,5,4,2,847,57,exp2,14,28,14,7,0.041086264,0.057890635,-14,0x3d6d1ebb,0.057890635,0x3f800000,1,0xbfa5862f,-1.29315746,0xbfa5862f,-1.29315746,1101001,1,9,01001,1110100,3,4,0100,0xbc431780,-0.0119074583,0xbd30c5e0,-0.0431574583,0x3f800000,1
l1,0.0625,0,min-error,metric_min,exp1,0,1,1,1.96907282,1.96907306,1.96907282,1.96907306,2.38418579e-07,58,raw-and-scaled,7,1,fp7_e1m5,fp7_e2m4,5,4,2,847,58,exp2,14,28,14,7,0.041086264,0.057890635,-14,0x3d6d1ebb,0.057890635,0x3f800000,1,0xbf033fc7,-0.512691915,0xbf033fc7,-0.512691915,1010000,0,16,10000,1100000,2,0,0000,0xbc4ff1c0,-0.012691915,0xbc4ff1c0,-0.012691915,0x00000000,0
l1,0.0625,0,min-error,metric_min,exp1,0,1,1,1.96907282,1.96907306,1.96907282,1.96907306,2.38418579e-07,59,raw-and-scaled,7,1,fp7_e1m5,fp7_e2m4,5,4,2,847,59,exp2,14,28,14,7,0.041086264,0.057890635,-14,0x3d6d1ebb,0.057890635,0x3f800000,1,0xbe305f1a,-0.172237784,0xbe305f1a,-0.172237784,1000101,0,5,00101,1001011,0,11,1011,0xbc82f8d0,-0.0159877837,0xb9be3400,-0.00036278367,0xbf800000,-1
l1,0.0625,0,min-error,metric_min,exp1,0,1,1,1.96907282,1.96907306,1.96907282,1.96907306,2.38418579e-07,60,raw-and-scaled,7,1,fp7_e1m5,fp7_e2m4,5,4,2,847,60,exp2,14,28,14,7,0.041086264,0.057890635,-14,0x3d6d1ebb,0.057890635,0x3f800000,1,0x3f73afc9,0.951901019,0x3f73afc9,0.951901019,0011110,0,30,11110,0101110,2,14,1110,0x3c6bf240,0.0144010186,0x3c6bf240,0.0144010186,0x00000000,0
l1,0.0625,0,min-error,metric_min,exp1,0,1,1,1.96907282,1.96907306,1.96907282,1.96907306,2.38418579e-07,61,raw-and-scaled,7,1,fp7_e1m5,fp7_e2m4,5,4,2,847,61,exp2,14,28,14,7,0.041086264,0.057890635,-14,0x3d6d1ebb,0.057890635,0x3f800000,1,0xbf9bee8c,-1.21821737,0xbf9bee8c,-1.21821737,1100110,1,6,00110,1110011,3,3,0011,0xbcfba300,-0.0307173729,0xbcfba300,-0.0307173729,0x00000000,0
l1,0.0625,0,min-error,metric_min,exp1,0,1,1,1.96907282,1.96907306,1.96907282,1.96907306,2.38418579e-07,62,raw-and-scaled,7,1,fp7_e1m5,fp7_e2m4,5,4,2,847,62,exp2,14,28,14,7,0.041086264,0.057890635,-14,0x3d6d1ebb,0.057890635,0x3f800000,1,0x3f8e7a57,1.11310852,0x3f8e7a57,1.11310852,0100011,1,3,00011,0110001,3,1,0001,0x3c9e95c0,0.0193585157,0x3d4f4ae0,0.0506085157,0x3f800000,1
l1,0.0625,0,min-error,metric_min,exp1,0,1,1,1.96907282,1.96907306,1.96907282,1.96907306,2.38418579e-07,63,raw-and-scaled,7,1,fp7_e1m5,fp7_e2m4,5,4,2,847,63,exp2,14,28,14,7,0.041086264,0.057890635,-14,0x3d6d1ebb,0.057890635,0x3f800000,1,0xbfc6eb10,-1.55404854,0xbfc6eb10,-1.55404854,1110001,1,17,10001,1111000,3,8,1000,0xbcbac400,-0.0227985382,0xbd5d6200,-0.0540485382,0x3f800000,1
l1,0.0625,0,min-error,metric_min,exp1,0,1,1,1.96907282,1.96907306,1.96907282,1.96907306,2.38418579e-07,64,raw-and-scaled,7,1,fp7_e1m5,fp7_e2m4,5,4,2,847,64,exp2,14,28,14,7,0.041086264,0.057890635,-14,0x3d6d1ebb,0.057890635,0x3f800000,1,0x3f5dfe2d,0.867159665,0x3f5dfe2d,0.867159665,0011011,0,27,11011,0101011,2,11,1011,0x3cbfc5a0,0.0234096646,0x3cbfc5a0,0.0234096646,0x00000000,0
l1,0.0625,0,min-error,metric_min,exp1,0,1,1,1.96907282,1.96907306,1.96907282,1.96907306,2.38418579e-07,65,raw-and-scaled,7,1,fp7_e1m5,fp7_e2m4,5,4,2,847,65,exp2,14,28,14,7,0.041086264,0.057890635,-14,0x3d6d1ebb,0.057890635,0x3f800000,1,0x3e49b98e,0.196996897,0x3e49b98e,0.196996897,0000110,0,6,00110,0001100,0,12,1100,0x3c1b98e0,0.00949689746,0x3c1b98e0,0.00949689746,0x80000000,-0
l1,0.0625,0,min-error,metric_min,exp1,0,1,1,1.96907282,1.96907306,1.96907282,1.96907306,2.38418579e-07,66,raw-and-scaled,7,1,fp7_e1m5,fp7_e2m4,5,4,2,847,66,exp2,14,28,14,7,0.041086264,0.057890635,-14,0x3d6d1ebb,0.057890635,0x3f800000,1,0xbe491f56,-0.1964086,0xbe491f56,-0.1964086,1000110,0,6,00110,1001100,0,12,1100,0xbc11f560,-0.00890859962,0xbc11f560,-0.00890859962,0x80000000,-0
l1,0.0625,0,min-error,metric_min,exp1,0,1,1,1.96907282,1.96907306,1.96907282,1.96907306,2.38418579e-07,67,raw-and-scaled,7,1,fp7_e1m5,fp7_e2m4,5,4,2,847,67,exp2,14,28,14,7,0.041086264,0.057890635,-14,0x3d6d1ebb,0.057890635,0x3f800000,1,0xbd40525e,-0.0469535515,0xbd40525e,-0.0469535515,1000001,0,1,00001,1000011,0,3,0011,0xbc80a4bc,-0.0157035515,0xb8a4bc00,-7.85514712e-05,0xbf800000,-1
l1,0.0625,0,min-error,metric_min,exp1,0,1,1,1.96907282,1.96907306,1.96907282,1.96907306,2.38418579e-07,68,raw-and-scaled,7,1,fp7_e1m5,fp7_e2m4,5,4,2,847,68,exp2,14,28,14,7,0.041086264,0.057890635,-14,0x3d6d1ebb,0.057890635,0x3f800000,1,0xbeb395d8,-0.350752592,0xbeb395d8,-0.350752592,1001011,0,11,01011,1010110,1,6,0110,0xbbe57600,-0.00700259209,0xbbe57600,-0.00700259209,0x80000000,-0
l1,0.0625,0,min-error,metric_min,exp1,0,1,1,1.96907282,1.96907306,1.96907282,1.96907306,2.38418579e-07,69,raw-and-scaled,7,1,fp7_e1m5,fp7_e2m4,5,4,2,847,69,exp2,14,28,14,7,0.041086264,0.057890635,-14,0x3d6d1ebb,0.057890635,0x3f800000,1,0xbff0d94e,-1.88163161,0xbff0d94e,-1.88163161,1111100,1,28,11100,1111110,3,14,1110,0xbbd94e00,-0.00663161278,0xbbd94e00,-0.00663161278,0x00000000,0
l1,0.0625,0,min-error,metric_min,exp1,0,1,1,1.96907282,1.96907306,1.96907282,1.96907306,2.38418579e-07,70,raw-and-scaled,7,1,fp7_e1m5,fp7_e2m4,5,4,2,847,70,exp2,14,28,14,7,0.041086264,0.057890635,-14,0x3d6d1ebb,0.057890635,0x3f800000,1,0xbeb27b5c,-0.348597407,0xbeb27b5c,-0.348597407,1001011,0,11,01011,1010110,1,6,0110,0xbb9ed700,-0.00484740734,0xbb9ed700,-0.00484740734,0x80000000,-0
l1,0.0625,0,min-error,metric_min,exp1,0,1,1,1.96907282,1.96907306,1.96907282,1.96907306,2.38418579e-07,71,raw-and-scaled,7,1,fp7_e1m5,fp7_e2m4,5,4,2,847,71,exp2,14,28,14,7,0.041086264,0.057890635,-14,0x3d6d1ebb,0.057890635,0x3f800000,1,0x3ce8f4bb,0.0284370091,0x3ce8f4bb,0.0284370091,0000000,0,0,00000,0000001,0,1,0001,0x3ce8f4bb,0.0284370091,0x3c51e976,0.0128120091,0xbf800000,-1
l1,0.0625,0,min-error,metric_min,exp1,0,1,1,1.96907282,1.96907306,1.96907282,1.96907306,2.38418579e-07,72,raw-and-scaled,7,1,fp7_e1m5,fp7_e2m4,5,4,2,847,72,exp2,14,28,14,7,0.041086264,0.057890635,-14,0x3d6d1ebb,0.057890635,0x3f800000,1,0xbeeae150,-0.458750248,0xbeeae150,-0.458750248,1001110,0,14,01110,1011101,1,13,1101,0xbcae1500,-0.021250248,0xbbb85400,-0.00562524796,0xbf800000,-1
l1,0.0625,0,min-error,metric_min,exp1,0,1,1,1.96907282,1.96907306,1.96907282,1.96907306,2.38418579e-07,73,raw-and-scaled,7,1,fp7_e1m5,fp7_e2m4,5,4,2,847,73,exp2,14,28,14,7,0.041086264,0.057890635,-14,0x3d6d1ebb,0.057890635,0x3f800000,1,0x3f885bd8,1.06530285,0x3f885bd8,1.06530285,0100010,1,2,00010,0110001,3,1,0001,0x3b37b000,0.00280284882,0x3b37b000,0.00280284882,0x00000000,0
l1,0.0625,0,min-error,metric_min,exp1,0,1,1,1.96907282,1.96907306,1.96907282,1.96907306,2.38418579e-07,74,raw-and-scaled,7,1,fp7_e1m5,fp7_e2m4,5,4,2,847,74,exp2,14,28,14,7,0.041086264,0.057890635,-14,0x3d6d1ebb,0.057890635,0x3f800000,1,0x3f2e9f7c,0.682121038,0x3f2e9f7c,0.682121038,0010101,0,21,10101,0100101,2,5,0101,0x3cd3ef80,0.0258710384,0x3cd3ef80,0.0258710384,0x00000000,0
l1,0.0625,0,min-error,metric_min,exp1,0,1,1,1.96907282,1.96907306,1.96907282,1.96907306,2.38418579e-07,75,raw-and-scaled,7,1,fp7_e1m5,fp7_e2m4,5,4,2,847,75,exp2,14,28,14,7,0.041086264,0.057890635,-14,0x3d6d1ebb,0.057890635,0x3f800000,1,0xbcfcea1e,-0.0308733545,0xbcfcea1e,-0.0308733545,1000000,0,0,00000,1000001,0,1,0001,0xbcfcea1e,-0.0308733545,0xbc79d43c,-0.0152483545,0xbf800000,-1
l1,0.0625,0,min-error,metric_min,exp1,0,1,1,1.96907282,1.96907306,1.96907282,1.96907306,2.38418579e-07,76,raw-and-scaled,7,1,fp7_e1m5,fp7_e2m4,5,4,2,847,76,exp2,14,28,14,7,0.041086264,0.057890635,-14,0x3d6d1ebb,0.057890635,0x3f800000,1,0xbf4c8d2c,-0.799029112,0xbf4c8d2c,-0.799029112,1011001,0,25,11001,1101001,2,9,1001,0xbc91a580,-0.0177791119,0xbc91a580,-0.0177791119,0x00000000,0
l1,0.0625,0,min-error,metric_min,exp1,0,1,1,1.96907282,1.96907306,1.96907282,1.96907306,2.38418579e-07,77,raw-and-scaled,7,1,fp7_e1m5,fp7_e2m4,5,4,2,847,77,exp2,14,28,14,7,0.041086264,0.057890635,-14,0x3d6d1ebb,0.057890635,0x3f800000,1,0xbe485b0e,-0.195659846,0xbe485b0e,-0.195659846,1000110,0,6,00110,1001100,0,12,1100,0xbc05b0e0,-0.00815984607,0xbc05b0e0,-0.00815984607,0x80000000,-0
l1,0.0625,0,min-error,metric_min,exp1,0,1,1,1.96907282,1.96907306,1.96907282,1.96907306,2.38418579e-07,78,raw-and-scaled,7,1,fp7_e1m5,fp7_e2m4,5,4,2,847,78,exp2,14,28,14,7,0.041086264,0.057890635,-14,0x3d6d1ebb,0.057890635,0x3f800000,1,0xbfffd086,-1.99855113,0xbfffd086,-1.99855113,1111111,1,31,11111,1111111,3,15,1111,0xbcf42180,-0.0298011303,0xbd7a10c0,-0.0610511303,0x3f800000,1
l1,0.0625,0,min-error,metric_min,exp1,0,1,1,1.96907282,1.96907306,1.96907282,1.96907306,2.38418579e-07,79,raw-and-scaled,7,1,fp7_e1m5,fp7_e2m4,5,4,2,847,79,exp2,14,28,14,7,0.041086264,0.057890635,-14,0x3d6d1ebb,0.057890635,0x3f800000,1,0xbdf3337e,-0.118750557,0xbdf3337e,-0.118750557,1000011,0,3,00011,1000111,0,7,0111,0xbccccdf8,-0.0250005573,0xbc199bf0,-0.0093755573,0xbf800000,-1
l1,0.0625,0,min-error,metric_min,exp1,0,1,1,1.96907282,1.96907306,1.96907282,1.96907306,2.38418579e-07,80,raw-and-scaled,7,1,fp7_e1m5,fp7_e2m4,5,4,2,847,80,exp2,14,28,14,7,0.041086264,0.057890635,-14,0x3d6d1ebb,0.057890635,0x3f800000,1,0xbffb7fbb,-1.96483552,0xbffb7fbb,-1.96483552,1111110,1,30,11110,1111111,3,15,1111,0xbcdfeec0,-0.0273355246,0xbcdfeec0,-0.0273355246,0x00000000,0
l1,0.0625,0,min-error,metric_min,exp1,0,1,1,1.96907282,1.96907306,1.96907282,1.96907306,2.38418579e-07,81,raw-and-scaled,7,1,fp7_e1m5,fp7_e2m4,5,4,2,847,81,exp2,14,28,14,7,0.041086264,0.057890635,-14,0x3d6d1ebb,0.057890635,0x3f800000,1,0x3ba5a8c4,0.00505551882,0x3ba5a8c4,0.00505551882,0000000,0,0,00000,0000000,0,0,0000,0x3ba5a8c4,0.00505551882,0x3ba5a8c4,0.00505551882,0x00000000,0
l1,0.0625,0,min-error,metric_min,exp1,0,1,1,1.96907282,1.96907306,1.96907282,1.96907306,2.38418579e-07,82,raw-and-scaled,7,1,fp7_e1m5,fp7_e2m4,5,4,2,847,82,exp2,14,28,14,7,0.041086264,0.057890635,-14,0x3d6d1ebb,0.057890635,0x3f800000,1,0x3ca55991,0.0201843102,0x3ca55991,0.0201843102,0000000,0,0,00000,0000001,0,1,0001,0x3ca55991,0.0201843102,0x3b956644,0.00455931015,0xbf800000,-1
l1,0.0625,0,min-error,metric_min,exp1,0,1,1,1.96907282,1.96907306,1.96907282,1.96907306,2.38418579e-07,83,raw-and-scaled,7,1,fp7_e1m5,fp7_e2m4,5,4,2,847,83,exp2,14,28,14,7,0.041086264,0.057890635,-14,0x3d6d1ebb,0.057890635,0x3f800000,1,0x3ee28fba,0.442502797,0x3ee28fba,0.442502797,0001110,0,14,01110,0011100,1,12,1100,0x3ba3ee80,0.00500279665,0x3ba3ee80,0.00500279665,0x80000000,-0
l1,0.0625,0,min-error,metric_min,exp1,0,1,1,1.96907282,1.96907306,1.96907282,1.96907306,2.38418579e-07,84,raw-and-scaled,7,1,fp7_e1m5,fp7_e2m4,5,4,2,847,84,exp2,14,28,14,7,0.041086264,0.057890635,-14,0x3d6d1ebb,0.057890635,0x3f800000,1,0x3c658318,0.014008306,0x3c658318,0.014008306,0000000,0,0,00000,0000000,0,0,0000,0x3c658318,0.014008306,0x3c658318,0.014008306,0x00000000,0
l1,0.0625,0,min-error,metric_min,exp1,0,1,1,1.96907282,1.96907306,1.96907282,1.96907306,2.38418579e-07,85,raw-and-scaled,7,1,fp7_e1m5,fp7_e2m4,5,4,2,847,85,exp2,14,28,14,7,0.041086264,0.057890635,-14,0x3d6d1ebb,0.057890635,0x3f800000,1,0xbded11ac,-0.115756363,0xbded11ac,-0.115756363,1000011,0,3,00011,1000111,0,7,0111,0xbcb446b0,-0.0220063627,0xbbd11ac0,-0.00638136268,0xbf800000,-1
l1,0.0625,0,min-error,metric_min,exp1,0,1,1,1.96907282,1.96907306,1.96907282,1.96907306,2.38418579e-07,86,raw-and-scaled,7,1,fp7_e1m5,fp7_e2m4,5,4,2,847,86,exp2,14,28,14,7,0.041086264,0.057890635,-14,0x3d6d1ebb,0.057890635,0x3f800000,1,0xbd3a81e8,-0.0455340445,0xbd3a81e8,-0.0455340445,1000001,0,1,00001,1000010,0,2,0010,0xbc6a07a0,-0.0142840445,0xbc6a07a0,-0.0142840445,0x80000000,-0
l1,0.0625,0,min-error,metric_min,exp1,0,1,1,1.96907282,1.96907306,1.96907282,1.96907306,2.38418579e-07,87,raw-and-scaled,7,1,fp7_e1m5,fp7_e2m4,5,4,2,847,87,exp2,14,28,14,7,0.041086264,0.057890635,-14,0x3d6d1ebb,0.057890635,0x3f800000,1,0xbf19f306,-0.601364493,0xbf19f306,-0.601364493,1010011,0,19,10011,1100011,2,3,0011,0xbbf98300,-0.00761449337,0xbbf98300,-0.00761449337,0x00000000,0
l1,0.0625,0,min-error,metric_min,exp1,0,1,1,1.96907282,1.96907306,1.96907282,1.96907306,2.38418579e-07,88,raw-and-scaled,7,1,fp7_e1m5,fp7_e2m4,5,4,2,847,88,exp2,14,28,14,7,0.041086264,0.057890635,-14,0x3d6d1ebb,0.057890635,0x3f800000,1,0x3c0f54cd,0.00874824543,0x3c0f54cd,0.00874824543,0000000,0,0,00000,0000000,0,0,0000,0x3c0f54cd,0.00874824543,0x3c0f54cd,0.00874824543,0x00000000,0
l1,0.0625,0,min-error,metric_min,exp1,0,1,1,1.96907282,1.96907306,1.96907282,1.96907306,2.38418579e-07,89,raw-and-scaled,7,1,fp7_e1m5,fp7_e2m4,5,4,2,847,89,exp2,14,28,14,7,0.041086264,0.057890635,-14,0x3d6d1ebb,0.057890635,0x3f800000,1,0xbc717533,-0.0147374151,0xbc717533,-0.0147374151,1000000,0,0,00000,1000000,0,0,0000,0xbc717533,-0.0147374151,0xbc717533,-0.0147374151,0x00000000,0
l1,0.0625,0,min-error,metric_min,exp1,0,1,1,1.96907282,1.96907306,1.96907282,1.96907306,2.38418579e-07,90,raw-and-scaled,7,1,fp7_e1m5,fp7_e2m4,5,4,2,847,90,exp2,14,28,14,7,0.041086264,0.057890635,-14,0x3d6d1ebb,0.057890635,0x3f800000,1,0x3f780a41,0.968906462,0x3f780a41,0.968906462,0011111,0,31,11111,0101111,2,15,1111,0x39241000,0.000156462193,0x39241000,0.000156462193,0x00000000,0
l1,0.0625,0,min-error,metric_min,exp1,0,1,1,1.96907282,1.96907306,1.96907282,1.96907306,2.38418579e-07,91,raw-and-scaled,7,1,fp7_e1m5,fp7_e2m4,5,4,2,847,91,exp2,14,28,14,7,0.041086264,0.057890635,-14,0x3d6d1ebb,0.057890635,0x3f800000,1,0x3fcd3aa1,1.60335171,0x3fcd3aa1,1.60335171,0110011,1,19,10011,0111001,3,9,1001,0x3c1d5080,0.00960171223,0x3d275420,0.0408517122,0x3f800000,1
l1,0.0625,0,min-error,metric_min,exp1,0,1,1,1.96907282,1.96907306,1.96907282,1.96907306,2.38418579e-07,92,raw-and-scaled,7,1,fp7_e1m5,fp7_e2m4,5,4,2,847,92,exp2,14,28,14,7,0.041086264,0.057890635,-14,0x3d6d1ebb,0.057890635,0x3f800000,1,0x3f2f7068,0.685308933,0x3f2f7068,0.685308933,0010101,0,21,10101,0100101,2,5,0101,0x3cee0d00,0.0290589333,0x3cee0d00,0.0290589333,0x00000000,0
l1,0.0625,0,min-error,metric_min,exp1,0,1,1,1.96907282,1.96907306,1.96907282,1.96907306,2.38418579e-07,93,raw-and-scaled,7,1,fp7_e1m5,fp7_e2m4,5,4,2,847,93,exp2,14,28,14,7,0.041086264,0.057890635,-14,0x3d6d1ebb,0.057890635,0x3f800000,1,0xbcc7720c,-0.024346374,0xbcc7720c,-0.024346374,1000000,0,0,00000,1000001,0,1,0001,0xbcc7720c,-0.024346374,0xbc0ee418,-0.00872137398,0xbf800000,-1
l1,0.0625,0,min-error,metric_min,exp1,0,1,1,1.96907282,1.96907306,1.96907282,1.96907306,2.38418579e-07,94,raw-and-scaled,7,1,fp7_e1m5,fp7_e2m4,5,4,2,847,94,exp2,14,28,14,7,0.041086264,0.057890635,-14,0x3d6d1ebb,0.057890635,0x3f800000,1,0x3d9567f2,0.0729521662,0x3d9567f2,0.0729521662,0000010,0,2,00010,0000100,0,4,0100,0x3c2b3f90,0.0104521662,0x3c2b3f90,0.0104521662,0x80000000,-0
l1,0.0625,0,min-error,metric_min,exp1,0,1,1,1.96907282,1.96907306,1.96907282,1.96907306,2.38418579e-07,95,raw-and-scaled,7,1,fp7_e1m5,fp7_e2m4,5,4,2,847,95,exp2,14,28,14,7,0.041086264,0.057890635,-14,0x3d6d1ebb,0.057890635,0x3f800000,1,0xbdb86483,-0.0900354609,0xbdb86483,-0.0900354609,1000010,0,2,00010,1000101,0,5,0101,0xbce1920c,-0.0275354609,0xbc432418,-0.0119104609,0xbf800000,-1
l1,0.0625,0,min-error,metric_min,exp1,0,1,1,1.96907282,1.96907306,1.96907282,1.96907306,2.38418579e-07,96,raw-and-scaled,7,1,fp7_e1m5,fp7_e2m4,5,4,2,847,96,exp2,14,28,14,7,0.041086264,0.057890635,-14,0x3d6d1ebb,0.057890635,0x3f800000,1,0x3f58f0c8,0.84742403,0x3f58f0c8,0.84742403,0011011,0,27,11011,0101011,2,11,1011,0x3b70c800,0.0036740303,0x3b70c800,0.0036740303,0x00000000,0
l1,0.0625,0,min-error,metric_min,exp1,0,1,1,1.96907282,1.96907306,1.96907282,1.96907306,2.38418579e-07,97,raw-and-scaled,7,1,fp7_e1m5,fp7_e2m4,5,4,2,847,97,exp2,14,28,14,7,0.041086264,0.057890635,-14,0x3d6d1ebb,0.057890635,0x3f800000,1,0xbfa99f9c,-1.32518339,0xbfa99f9c,-1.32518339,1101010,1,10,01010,1110101,3,5,0101,0xbc4fce00,-0.0126833916,0xbc4fce00,-0.0126833916,0x00000000,0
l1,0.0625,0,min-error,metric_min,exp1,0,1,1,1.96907282,1.96907306,1.96907282,1.96907306,2.38418579e-07,98,raw-and-scaled,7,1,fp7_e1m5,fp7_e2m4,5,4,2,847,98,exp2,14,28,14,7,0.041086264,0.057890635,-14,0x3d6d1ebb,0.057890635,0x3f800000,1,0xbc076de6,-0.00826594792,0xbc076de6,-0.00826594792,1000000,0,0,00000,1000000,0,0,0000,0xbc076de6,-0.00826594792,0xbc076de6,-0.00826594792,0x00000000,0
l1,0.0625,0,min-error,metric_min,exp1,0,1,1,1.96907282,1.96907306,1.96907282,1.96907306,2.38418579e-07,99,raw-and-scaled,7,1,fp7_e1m5,fp7_e2m4,5,4,2,847,99,exp2,14,28,14,7,0.041086264,0.057890635,-14,0x3d6d1ebb,0.057890635,0x3f800000,1,0xbddbdee6,-0.107358739,0xbddbdee6,-0.107358739,1000011,0,3,00011,1000110,0,6,0110,0xbc5ef730,-0.0136087388,0xbc5ef730,-0.0136087388,0x80000000,-0
l1,0.0625,0,min-error,metric_min,exp1,0,1,1,1.96907282,1.96907306,1.96907282,1.96907306,2.38418579e-07,100,raw-and-scaled,7,1,fp7_e1m5,fp7_e2m4,5,4,2,847,100,exp2,14,28,14,7,0.041086264,0.057890635,-14,0x3d6d1ebb,0.057890635,0x3f800000,1,0x3bc6b2be,0.0060637882,0x3bc6b2be,0.0060637882,0000000,0,0,00000,0000000,0,0,0000,0x3bc6b2be,0.0060637882,0x3bc6b2be,0.0060637882,0x00000000,0
l1,0.0625,0,min-error,metric_min,exp1,0,1,1,1.96907282,1.96907306,1.96907282,1.96907306,2.38418579e-07,101,raw-and-scaled,7,1,fp7_e1m5,fp7_e2m4,5,4,2,847,101,exp2,14,28,14,7,0.041086264,0.057890635,-14,0x3d6d1ebb,0.057890635,0x3f800000,1,0x3f9be142,1.21781182,0x3f9be142,1.21781182,0100110,1,6,00110,0110011,3,3,0011,0x3cf85080,0.0303118229,0x3cf85080,0.0303118229,0x00000000,0
l1,0.0625,0,min-error,metric_min,exp1,0,1,1,1.96907282,1.96907306,1.96907282,1.96907306,2.38418579e-07,102,raw-and-scaled,7,1,fp7_e1m5,fp7_e2m4,5,4,2,847,102,exp2,14,28,14,7,0.041086264,0.057890635,-14,0x3d6d1ebb,0.057890635,0x3f800000,1,0xbb4ba9e2,-0.00310765998,0xbb4ba9e2,-0.00310765998,1000000,0,0,00000,1000000,0,0,0000,0xbb4ba9e2,-0.00310765998,0xbb4ba9e2,-0.00310765998,0x00000000,0
l1,0.0625,0,min-error,metric_min,exp1,0,1,1,1.96907282,1.96907306,1.96907282,1.96907306,2.38418579e-07,103,raw-and-scaled,7,1,fp7_e1m5,fp7_e2m4,5,4,2,847,103,exp2,14,28,14,7,0.041086264,0.057890635,-14,0x3d6d1ebb,0.057890635,0x3f800000,1,0x3fe41b64,1.7820859,0x3fe41b64,1.7820859,0111001,1,25,11001,0111100,3,12,1100,0x3a5b2000,0.000835895538,0x3d036c80,0.0320858955,0x3f800000,1
l1,0.0625,0,min-error,metric_min,exp1,0,1,1,1.96907282,1.96907306,1.96907282,1.96907306,2.38418579e-07,104,raw-and-scaled,7,1,fp7_e1m5,fp7_e2m4,5,4,2,847,104,exp2,14,28,14,7,0.041086264,0.057890635,-14,0x3d6d1ebb,0.057890635,0x3f800000,1,0x3a997184,0.00117068039,0x3a997184,0.00117068039,0000000,0,0,00000,0000000,0,0,0000,0x3a997184,0.00117068039,0x3a997184,0.00117068039,0x00000000,0
l1,0.0625,0,min-error,metric_min,exp1,0,1,1,1.96907282,1.96907306,1.96907282,1.96907306,2.38418579e-07,105,raw-and-scaled,7,1,fp7_e1m5,fp7_e2m4,5,4,2,847,105,exp2,14,28,14,7,0.041086264,0.057890635,-14,0x3d6d1ebb,0.057890635,0x3f800000,1,0xbf97ef33,-1.18698728,0xbf97ef33,-1.18698728,1100101,1,5,00101,1110010,3,2,0010,0xbcfbccc0,-0.0307372808,0xbd7de660,-0.0619872808,0x3f800000,1
l1,0.0625,0,min-error,metric_min,exp1,0,1,1,1.96907282,1.96907306,1.96907282,1.96907306,2.38418579e-07,106,raw-and-scaled,7,1,fp7_e1m5,fp7_e2m4,5,4,2,847,106,exp2,14,28,14,7,0.041086264,0.057890635,-14,0x3d6d1ebb,0.057890635,0x3f800000,1,0x3f6b4b38,0.919116497,0x3f6b4b38,0.919116497,0011101,0,29,11101,0101101,2,13,1101,0x3c52ce00,0.012866497,0x3c52ce00,0.012866497,0x00000000,0
l1,0.0625,0,min-error,metric_min,exp1,0,1,1,1.96907282,1.96907306,1.96907282,1.96907306,2.38418579e-07,107,raw-and-scaled,7,1,fp7_e1m5,fp7_e2m4,5,4,2,847,107,exp2,14,28,14,7,0.041086264,0.057890635,-14,0x3d6d1ebb,0.057890635,0x3f800000,1,0x3f8af2b0,1.08553123,0x3f8af2b0,1.08553123,0100010,1,2,00010,0110001,3,1,0001,0x3cbcac00,0.0230312347,0x3cbcac00,0.0230312347,0x00000000,0
l1,0.0625,0,min-error,metric_min,exp1,0,1,1,1.96907282,1.96907306,1.96907282,1.96907306,2.38418579e-07,108,raw-and-scaled,7,1,fp7_e1m5,fp7_e2m4,5,4,2,847,108,exp2,14,28,14,7,0.041086264,0.057890635,-14,0x3d6d1ebb,0.057890635,0x3f800000,1,0xbf350a94,-0.707192659,0xbf350a94,-0.707192659,1010110,0,22,10110,1100110,2,6,0110,0xbca15280,-0.0196926594,0xbca15280,-0.0196926594,0x00000000,0
l1,0.0625,0,min-error,metric_min,exp1,0,1,1,1.96907282,1.96907306,1.96907282,1.96907306,2.38418579e-07,109,raw-and-scaled,7,1,fp7_e1m5,fp7_e2m4,5,4,2,847,109,exp2,14,28,14,7,0.041086264,0.057890635,-14,0x3d6d1ebb,0.057890635,0x3f800000,1,0x3cdc9004,0.0269241408,0x3cdc9004,0.0269241408,0000000,0,0,00000,0000001,0,1,0001,0x3cdc9004,0.0269241408,0x3c392008,0.0112991408,0xbf800000,-1
l1,0.0625,0,min-error,metric_min,exp1,0,1,1,1.96907282,1.96907306,1.96907282,1.96907306,2.38418579e-07,110,raw-and-scaled,7,1,fp7_e1m5,fp7_e2m4,5,4,2,847,110,exp2,14,28,14,7,0.041086264,0.057890635,-14,0x3d6d1ebb,0.057890635,0x3f800000,1,0xbe18e976,-0.149328083,0xbe18e976,-0.149328083,1000100,0,4,00100,1001001,0,9,1001,0xbcc74bb0,-0.0243280828,0xbc0e9760,-0.0087030828,0xbf800000,-1
l1,0.0625,0,min-error,metric_min,exp1,0,1,1,1.96907282,1.96907306,1.96907282,1.96907306,2.38418579e-07,111,raw-and-scaled,7,1,fp7_e1m5,fp7_e2m4,5,4,2,847,111,exp2,14,28,14,7,0.041086264,0.057890635,-14,0x3d6d1ebb,0.057890635,0x3f800000,1,0x3ecd44d8,0.400915861,0x3ecd44d8,0.400915861,0001100,0,12,01100,0011001,1,9,1001,0x3cd44d80,0.0259158611,0x3c289b00,0.0102908611,0xbf800000,-1
l1,0.0625,0,min-error,metric_min,exp1,0,1,1,1.96907282,1.96907306,1.96907282,1.96907306,2.38418579e-07,112,raw-and-scaled,7,1,fp7_e1m5,fp7_e2m4,5,4,2,847,112,exp2,14,28,14,7,0.041086264,0.057890635,-14,0x3d6d1ebb,0.057890635,0x3f800000,1,0xbf2983d0,-0.662167549,0xbf2983d0,-0.662167549,1010101,0,21,10101,1100101,2,5,0101,0xbbc1e800,-0.00591754913,0xbbc1e800,-0.00591754913,0x00000000,0
l1,0.0625,0,min-error,metric_min,exp1,0,1,1,1.96907282,1.96907306,1.96907282,1.96907306,2.38418579e-07,113,raw-and-scaled,7,1,fp7_e1m5,fp7_e2m4,5,4,2,847,113,exp2,14,28,14,7,0.041086264,0.057890635,-14,0x3d6d1ebb,0.057890635,0x3f800000,1,0xbf92096a,-1.14091229,0xbf92096a,-1.14091229,1100100,1,4,00100,1110010,3,2,0010,0xbc825a80,-0.0159122944,0xbc825a80,-0.0159122944,0x00000000,0
l1,0.0625,0,min-error,metric_min,exp1,0,1,1,1.96907282,1.96907306,1.96907282,1.96907306,2.38418579e-07,114,raw-and-scaled,7,1,fp7_e1m5,fp7_e2m4,5,4,2,847,114,exp2,14,28,14,7,0.041086264,0.057890635,-14,0x3d6d1ebb,0.057890635,0x3f800000,1,0x3e06b989,0.131567135,0x3e06b989,0.131567135,0000100,0,4,00100,0001000,0,8,1000,0x3bd73120,0.00656713545,0x3bd73120,0.00656713545,0x80000000,-0
l1,0.0625,0,min-error,metric_min,exp1,0,1,1,1.96907282,1.96907306,1.96907282,1.96907306,2.38418579e-07,115,raw-and-scaled,7,1,fp7_e1m5,fp7_e2m4,5,4,2,847,115,exp2,14,28,14,7,0.041086264,0.057890635,-14,0x3d6d1ebb,0.057890635,0x3f800000,1,0x3fc07408,1.50354099,0x3fc07408,1.50354099,0110000,1,16,10000,0111000,3,8,1000,0x3b681000,0.00354099274,0x3b681000,0.00354099274,0x00000000,0
l1,0.0625,0,min-error,metric_min,exp1,0,1,1,1.96907282,1.96907306,1.96907282,1.96907306,2.38418579e-07,116,raw-and-scaled,7,1,fp7_e1m5,fp7_e2m4,5,4,2,847,116,exp2,14,28,14,7,0.041086264,0.057890635,-14,0x3d6d1ebb,0.057890635,0x3f800000,1,0x3e03e72a,0.128811508,0x3e03e72a,0.128811508,0000100,0,4,00100,0001000,0,8,1000,0x3b79ca80,0.00381150842,0x3b79ca80,0.00381150842,0x80000000,-0
l1,0.0625,0,min-error,metric_min,exp1,0,1,1,1.96907282,1.96907306,1.96907282,1.96907306,2.38418579e-07,117,raw-and-scaled,7,1,fp7_e1m5,fp7_e2m4,5,4,2,847,117,exp2,14,28,14,7,0.041086264,0.057890635,-14,0x3d6d1ebb,0.057890635,0x3f800000,1,0x3f8b5950,1.0886631,0x3f8b5950,1.0886631,0100010,1,2,00010,0110001,3,1,0001,0x3cd65400,0.0261631012,0x3cd65400,0.0261631012,0x00000000,0
l1,0.0625,0,min-error,metric_min,exp1,0,1,1,1.96907282,1.96907306,1.96907282,1.96907306,2.38418579e-07,118,raw-and-scaled,7,1,fp7_e1m5,fp7_e2m4,5,4,2,847,118,exp2,14,28,14,7,0.041086264,0.057890635,-14,0x3d6d1ebb,0.057890635,0x3f800000,1,0x3f9eb784,1.23997545,0x3f9eb784,1.23997545,0100111,1,7,00111,0110011,3,3,0011,0x3cade100,0.0212254524,0x3d56f080,0.0524754524,0x3f800000,1
l1,0.0625,0,min-error,metric_min,exp1,0,1,1,1.96907282,1.96907306,1.96907282,1.96907306,2.38418579e-07,119,raw-and-scaled,7,1,fp7_e1m5,fp7_e2m4,5,4,2,847,119,exp2,14,28,14,7,0.041086264,0.057890635,-14,0x3d6d1ebb,0.057890635,0x3f800000,1,0x3f723a3c,0.946201086,0x3f723a3c,0.946201086,0011110,0,30,11110,0101110,2,14,1110,0x3c0e8f00,0.00870108604,0x3c0e8f00,0.00870108604,0x00000000,0
l1,0.0625,0,min-error,metric_min,exp1,0,1,1,1.96907282,1.96907306,1.96907282,1.96907306,2.38418579e-07,120,raw-and-scaled,7,1,fp7_e1m5,fp7_e2m4,5,4,2,847,120,exp2,14,28,14,7,0.041086264,0.057890635,-14,0x3d6d1ebb,0.057890635,0x3f800000,1,0xbb0a477e,-0.00210997416,0xbb0a477e,-0.00210997416,1000000,0,0,00000,1000000,0,0,0000,0xbb0a477e,-0.00210997416,0xbb0a477e,-0.00210997416,0x00000000,0
l1,0.0625,0,min-error,metric_min,exp1,0,1,1,1.96907282,1.96907306,1.96907282,1.96907306,2.38418579e-07,121,raw-and-scaled,7,1,fp7_e1m5,fp7_e2m4,5,4,2,847,121,exp2,14,28,14,7,0.041086264,0.057890635,-14,0x3d6d1ebb,0.057890635,0x3f800000,1,0xbde0a892,-0.109696522,0xbde0a892,-0.109696522,1000011,0,3,00011,1000111,0,7,0111,0xbc82a248,-0.0159465224,0xb9a89200,-0.000321522355,0xbf800000,-1
l1,0.0625,0,min-error,metric_min,exp1,0,1,1,1.96907282,1.96907306,1.96907282,1.96907306,2.38418579e-07,122,raw-and-scaled,7,1,fp7_e1m5,fp7_e2m4,5,4,2,847,122,exp2,14,28,14,7,0.041086264,0.057890635,-14,0x3d6d1ebb,0.057890635,0x3f800000,1,0xbe939708,-0.288261652,0xbe939708,-0.288261652,1001001,0,9,01001,1010010,1,2,0010,0xbbe5c200,-0.00701165199,0xbbe5c200,-0.00701165199,0x80000000,-0
l1,0.0625,0,min-error,metric_min,exp1,0,1,1,1.96907282,1.96907306,1.96907282,1.96907306,2.38418579e-07,123,raw-and-scaled,7,1,fp7_e1m5,fp7_e2m4,5,4,2,847,123,exp2,14,28,14,7,0.041086264,0.057890635,-14,0x3d6d1ebb,0.057890635,0x3f800000,1,0x3e7ba150,0.245732546,0x3e7ba150,0.245732546,0000111,0,7,00111,0001111,0,15,1111,0x3cdd0a80,0.0269825459,0x3c3a1500,0.0113575459,0xbf800000,-1
l1,0.0625,0,min-error,metric_min,exp1,0,1,1,1.96907282,1.96907306,1.96907282,1.96907306,2.38418579e-07,124,raw-and-scaled,7,1,fp7_e1m5,fp7_e2m4,5,4,2,847,124,exp2,14,28,14,7,0.041086264,0.057890635,-14,0x3d6d1ebb,0.057890635,0x3f800000,1,0xbf6c750e,-0.923661113,0xbf6c750e,-0.923661113,1011101,0,29,11101,1101101,2,13,1101,0xbc8ea1c0,-0.0174111128,0xbc8ea1c0,-0.0174111128,0x00000000,0
l1,0.0625,0,min-error,metric_min,exp1,0,1,1,1.96907282,1.96907306,1.96907282,1.96907306,2.38418579e-07,125,raw-and-scaled,7,1,fp7_e1m5,fp7_e2m4,5,4,2,847,125,exp2,14,28,14,7,0.041086264,0.057890635,-14,0x3d6d1ebb,0.057890635,0x3f800000,1,0xbaaf1b5a,-0.00133595918,0xbaaf1b5a,-0.00133595918,1000000,0,0,00000,1000000,0,0,0000,0xbaaf1b5a,-0.00133595918,0xbaaf1b5a,-0.00133595918,0x00000000,0
l1,0.0625,0,min-error,metric_min,exp1,0,1,1,1.96907282,1.96907306,1.96907282,1.96907306,2.38418579e-07,126,raw-and-scaled,7,1,fp7_e1m5,fp7_e2m4,5,4,2,847,126,exp2,14,28,14,7,0.041086264,0.057890635,-14,0x3d6d1ebb,0.057890635,0x3f800000,1,0x3f90240c,1.12610006,0x3f90240c,1.12610006,0100100,1,4,00100,0110010,3,2,0010,0x3a903000,0.00110006332,0x3a903000,0.00110006332,0x00000000,0
l1,0.0625,0,min-error,metric_min,exp1,0,1,1,1.96907282,1.96907306,1.96907282,1.96907306,2.38418579e-07,127,raw-and-scaled,7,1,fp7_e1m5,fp7_e2m4,5,4,2,847,127,exp2,14,28,14,7,0.041086264,0.057890635,-14,0x3d6d1ebb,0.057890635,0x3f800000,1,0x3db35551,0.0875650719,0x3db35551,0.0875650719,0000010,0,2,00010,0000101,0,5,0101,0x3ccd5544,0.0250650719,0x3c1aaa88,0.00944007188,0xbf800000,-1
l1,0.0625,0,min-error,metric_min,exp1,0,1,1,0.606242776,0.606242836,0.606242776,0.606242836,5.96046448e-08,0,raw-and-scaled,6,1,fp6_e1m4,fp6_e2m3,4,3,2,183,0,exp2,2,4,2,1,0.0193345863,0.0247385874,-2,0x3ccaa894,0.0247385874,0x3f800000,1,0xbe144275,-0.144784763,0xbe144275,-0.144784763,100010,0,2,0010,100100,0,4,100,0xbca213a8,-0.0197847635,0xbca213a8,-0.0197847635,0x80000000,-0
l1,0.0625,0,min-error,metric_min,exp1,0,1,1,0.606242776,0.606242836,0.606242776,0.606242836,5.96046448e-08,1,raw-and-scaled,6,1,fp6_e1m4,fp6_e2m3,4,3,2,183,1,exp2,2,4,2,1,0.0193345863,0.0247385874,-2,0x3ccaa894,0.0247385874,0x3f800000,1,0x00000000,0,0x00000000,0,000000,0,0,0000,000000,0,0,000,0x00000000,0,0x00000000,0,0x00000000,0
l1,0.0625,0,min-error,metric_min,exp1,0,1,1,0.606242776,0.606242836,0.606242776,0.606242836,5.96046448e-08,2,raw-and-scaled,6,1,fp6_e1m4,fp6_e2m3,4,3,2,183,2,exp2,2,4,2,1,0.0193345863,0.0247385874,-2,0x3ccaa894,0.0247385874,0x3f800000,1,0x00000000,0,0x00000000,0,000000,0,0,0000,000000,0,0,000,0x00000000,0,0x00000000,0,0x00000000,0
l1,0.0625,0,min-error,metric_min,exp1,0,1,1,0.606242776,0.606242836,0.606242776,0.606242836,5.96046448e-08,3,raw-and-scaled,6,1,fp6_e1m4,fp6_e2m3,4,3,2,183,3,exp2,2,4,2,1,0.0193345863,0.0247385874,-2,0x3ccaa894,0.0247385874,0x3f800000,1,0x00000000,0,0x00000000,0,000000,0,0,0000,000000,0,0,000,0x00000000,0,0x00000000,0,0x00000000,0
l1,0.0625,0,min-error,metric_min,exp1,0,1,1,0.606242776,0.606242836,0.606242776,0.606242836,5.96046448e-08,4,raw-and-scaled,6,1,fp6_e1m4,fp6_e2m3,4,3,2,183,4,exp2,2,4,2,1,0.0193345863,0.0247385874,-2,0x3ccaa894,0.0247385874,0x3f800000,1,0x3ec7bf2b,0.390130371,0x3ec7bf2b,0.390130371,000110,0,6,0110,001100,1,4,100,0x3c77e560,0.0151303709,0x3c77e560,0.0151303709,0x80000000,-0
l1,0.0625,0,min-error,metric_min,exp1,0,1,1,0.606242776,0.606242836,0.606242776,0.606242836,5.96046448e-08,5,raw-and-scaled,6,1,fp6_e1m4,fp6_e2m3,4,3,2,183,5,exp2,2,4,2,1,0.0193345863,0.0247385874,-2,0x3ccaa894,0.0247385874,0x3f800000,1,0xbc6b4506,-0.0143597182,0xbc6b4506,-0.0143597182,100000,0,0,0000,100000,0,0,000,0xbc6b4506,-0.0143597182,0xbc6b4506,-0.0143597182,0x00000000,0
l1,0.0625,0,min-error,metric_min,exp1,0,1,1,0.606242776,0.606242836,0.606242776,0.606242836,5.96046448e-08,6,raw-and-scaled,6,1,fp6_e1m4,fp6_e2m3,4,3,2,183,6,exp2,2,4,2,1,0.0193345863,0.0247385874,-2,0x3ccaa894,0.0247385874,0x3f800000,1,0x00000000,0,0x00000000,0,000000,0,0,0000,000000,0,0,000,0x00000000,0,0x00000000,0,0x00000000,0
l1,0.0625,0,min-error,metric_min,exp1,0,1,1,0.606242776,0.606242836,0.606242776,0.606242836,5.96046448e-08,7,raw-and-scaled,6,1,fp6_e1m4,fp6_e2m3,4,3,2,183,7,exp2,2,4,2,1,0.0193345863,0.0247385874,-2,0x3ccaa894,0.0247385874,0x3f800000,1,0x00000000,0,0x00000000,0,000000,0,0,0000,000000,0,0,000,0x00000000,0,0x00000000,0,0x00000000,0
l1,0.0625,0,min-error,metric_min,exp1,0,1,1,0.606242776,0.606242836,0.606242776,0.606242836,5.96046448e-08,8,raw-and-scaled,6,1,fp6_e1m4,fp6_e2m3,4,3,2,183,8,exp2,2,4,2,1,0.0193345863,0.0247385874,-2,0x3ccaa894,0.0247385874,0x3f800000,1,0x00000000,0,0x00000000,0,000000,0,0,0000,000000,0,0,000,0x00000000,0,0x00000000,0,0x00000000,0
l1,0.0625,0,min-error,metric_min,exp1,0,1,1,0.606242776,0.606242836,0.606242776,0.606242836,5.96046448e-08,9,raw-and-scaled,6,1,fp6_e1m4,fp6_e2m3,4,3,2,183,9,exp2,2,4,2,1,0.0193345863,0.0247385874,-2,0x3ccaa894,0.0247385874,0x3f800000,1,0xbfb821d8,-1.43853283,0xbfb821d8,-1.43853283,110111,1,7,0111,111011,3,3,011,0xba876000,-0.00103282928,0xbd821d80,-0.0635328293,0x3f800000,1
l1,0.0625,0,min-error,metric_min,exp1,0,1,1,0.606242776,0.606242836,0.606242776,0.606242836,5.96046448e-08,10,raw-and-scaled,6,1,fp6_e1m4,fp6_e2m3,4,3,2,183,10,exp2,2,4,2,1,0.0193345863,0.0247385874,-2,0x3ccaa894,0.0247385874,0x3f800000,1,0x00000000,0,0x00000000,0,000000,0,0,0000,000000,0,0,000,0x00000000,0,0x00000000,0,0x00000000,0
l1,0.0625,0,min-error,metric_min,exp1,0,1,1,0.606242776,0.606242836,0.606242776,0.606242836,5.96046448e-08,11,raw-and-scaled,6,1,fp6_e1m4,fp6_e2m3,4,3,2,183,11,exp2,2,4,2,1,0.0193345863,0.0247385874,-2,0x3ccaa894,0.0247385874,0x3f800000,1,0x00000000,0,0x00000000,0,000000,0,0,0000,000000,0,0,000,0x00000000,0,0x00000000,0,0x00000000,0
l1,0.0625,0,min-error,metric_min,exp1,0,1,1,0.606242776,0.606242836,0.606242776,0.606242836,5.96046448e-08,12,raw-and-scaled,6,1,fp6_e1m4,fp6_e2m3,4,3,2,183,12,exp2,2,4,2,1,0.0193345863,0.0247385874,-2,0x3ccaa894,0.0247385874,0x3f800000,1,0x00000000,0,0x00000000,0,000000,0,0,0000,000000,0,0,000,0x00000000,0,0x00000000,0,0x00000000,0
l1,0.0625,0,min-error,metric_min,exp1,0,1,1,0.606242776,0.606242836,0.606242776,0.606242836,5.96046448e-08,13,raw-and-scaled,6,1,fp6_e1m4,fp6_e2m3,4,3,2,183,13,exp2,2,4,2,1,0.0193345863,0.0247385874,-2,0x3ccaa894,0.0247385874,0x3f800000,1,0x00000000,0,0x00000000,0,000000,0,0,0000,000000,0,0,000,0x00000000,0,0x00000000,0,0x00000000,0
l1,0.0625,0,min-error,metric_min,exp1,0,1,1,0.606242776,0.606242836,0.606242776,0.606242836,5.96046448e-08,14,raw-and-scaled,6,1,fp6_e1m4,fp6_e2m3,4,3,2,183,14,exp2,2,4,2,1,0.0193345863,0.0247385874,-2,0x3ccaa894,0.0247385874,0x3f800000,1,0xbc00b846,-0.00785643421,0xbc00b846,-0.00785643421,100000,0,0,0000,100000,0,0,000,0xbc00b846,-0.00785643421,0xbc00b846,-0.00785643421,0x00000000,0
l1,0.0625,0,min-error,metric_min,exp1,0,1,1,0.606242776,0.606242836,0.606242776,0.606242836,5.96046448e-08,15,raw-and-scaled,6,1,fp6_e1m4,fp6_e2m3,4,3,2,183,15,exp2,2,4,2,1,0.0193345863,0.0247385874,-2,0x3ccaa894,0.0247385874,0x3f800000,1,0x00000000,0,0x00000000,0,000000,0,0,0000,000000,0,0,000,0x00000000,0,0x00000000,0,0x00000000,0
l1,0.0625,0,min-error,metric_min,exp1,0,1,1,0.606242776,0.606242836,0.606242776,0.606242836,5.96046448e-08,16,raw-and-scaled,6,1,fp6_e1m4,fp6_e2m3,4,3,2,183,16,exp2,2,4,2,1,0.0193345863,0.0247385874,-2,0x3ccaa894,0.0247385874,0x3f800000,1,0x3fe66b3c,1.80014753,0x3fe66b3c,1.80014753,011100,1,12,1100,011110,3,6,110,0x3d4d6780,0.0501475334,0x3d4d6780,0.0501475334,0x00000000,0
l1,0.0625,0,min-error,metric_min,exp1,0,1,1,0.606242776,0.606242836,0.606242776,0.606242836,5.96046448e-08,17,raw-and-scaled,6,1,fp6_e1m4,fp6_e2m3,4,3,2,183,17,exp2,2,4,2,1,0.0193345863,0.0247385874,-2,0x3ccaa894,0.0247385874,0x3f800000,1,0x00000000,0,0x00000000,0,000000,0,0,0000,000000,0,0,000,0x00000000,0,0x00000000,0,0x00000000,0
l1,0.0625,0,min-error,metric_min,exp1,0,1,1,0.606242776,0.606242836,0.606242776,0.606242836,5.96046448e-08,18,raw-and-scaled,6,1,fp6_e1m4,fp6_e2m3,4,3,2,183,18,exp2,2,4,2,1,0.0193345863,0.0247385874,-2,0x3ccaa894,0.0247385874,0x3f800000,1,0x00000000,0,0x00000000,0,000000,0,0,0000,000000,0,0,000,0x00000000,0,0x00000000,0,0x00000000,0
l1,0.0625,0,min-error,metric_min,exp1,0,1,1,0.606242776,0.606242836,0.606242776,0.606242836,5.96046448e-08,19,raw-and-scaled,6,1,fp6_e1m4,fp6_e2m3,4,3,2,183,19,exp2,2,4,2,1,0.0193345863,0.0247385874,-2,0x3ccaa894,0.0247385874,0x3f800000,1,0xbe052d0b,-0.130054638,0xbe052d0b,-0.130054638,100010,0,2,0010,100100,0,4,100,0xbba5a160,-0.00505463779,0xbba5a160,-0.00505463779,0x80000000,-0
l1,0.0625,0,min-error,metric_min,exp1,0,1,1,0.606242776,0.606242836,0.606242776,0.606242836,5.96046448e-08,20,raw-and-scaled,6,1,fp6_e1m4,fp6_e2m3,4,3,2,183,20,exp2,2,4,2,1,0.0193345863,0.0247385874,-2,0x3ccaa894,0.0247385874,0x3f800000,1,0xbef8ce2e,-0.485948026,0xbef8ce2e,-0.485948026,100111,0,7,0111,101111,1,7,111,0xbd467170,-0.0484480262,0xbc8ce2e0,-0.0171980262,0xbf800000,-1
l1,0.0625,0,min-error,metric_min,exp1,0,1,1,0.606242776,0.606242836,0.606242776,0.606242836,5.96046448e-08,21,raw-and-scaled,6,1,fp6_e1m4,fp6_e2m3,4,3,2,183,21,exp2,2,4,2,1,0.0193345863,0.0247385874,-2,0x3ccaa894,0.0247385874,0x3f800000,1,0x00000000,0,0x00000000,0,000000,0,0,0000,000000,0,0,000,0x00000000,0,0x00000000,0,0x00000000,0
l1,0.0625,0,min-error,metric_min,exp1,0,1,1,0.606242776,0.606242836,0.606242776,0.606242836,5.96046448e-08,22,raw-and-scaled,6,1,fp6_e1m4,fp6_e2m3,4,3,2,183,22,exp2,2,4,2,1,0.0193345863,0.0247385874,-2,0x3ccaa894,0.0247385874,0x3f800000,1,0xbc9e384f,-0.0193139594,0xbc9e384f,-0.0193139594,100000,0,0,0000,100000,0,0,000,0xbc9e384f,-0.0193139594,0xbc9e384f,-0.0193139594,0x00000000,0
l1,0.0625,0,min-error,metric_min,exp1,0,1,1,0.606242776,0.606242836,0.606242776,0.606242836,5.96046448e-08,23,raw-and-scaled,6,1,fp6_e1m4,fp6_e2m3,4,3,2,183,23,exp2,2,4,2,1,0.0193345863,0.0247385874,-2,0x3ccaa894,0.0247385874,0x3f800000,1,0x00000000,0,0x00000000,0,000000,0,0,0000,000000,0,0,000,0x00000000,0,0x00000000,0,0x00000000,0
l1,0.0625,0,min-error,metric_min,exp1,0,1,1,0.606242776,0.606242836,0.606242776,0.606242836,5.96046448e-08,24,raw-and-scaled,6,1,fp6_e1m4,fp6_e2m3,4,3,2,183,24,exp2,2,4,2,1,0.0193345863,0.0247385874,-2,0x3ccaa894,0.0247385874,0x3f800000,1,0x00000000,0,0x00000000,0,000000,0,0,0000,000000,0,0,000,0x00000000,0,0x00000000,0,0x00000000,0
l1,0.0625,0,min-error,metric_min,exp1,0,1,1,0.606242776,0.606242836,0.606242776,0.606242836,5.96046448e-08,25,raw-and-scaled,6,1,fp6_e1m4,fp6_e2m3,4,3,2,183,25,exp2,2,4,2,1,0.0193345863,0.0247385874,-2,0x3ccaa894,0.0247385874,0x3f800000,1,0x00000000,0,0x00000000,0,000000,0,0,0000,000000,0,0,000,0x00000000,0,0x00000000,0,0x00000000,0
l1,0.0625,0,min-error,metric_min,exp1,0,1,1,0.606242776,0.606242836,0.606242776,0.606242836,5.96046448e-08,26,raw-and-scaled,6,1,fp6_e1m4,fp6_e2m3,4,3,2,183,26,exp2,2,4,2,1,0.0193345863,0.0247385874,-2,0x3ccaa894,0.0247385874,0x3f800000,1,0x00000000,0,0x00000000,0,000000,0,0,0000,000000,0,0,000,0x00000000,0,0x00000000,0,0x00000000,0
l1,0.0625,0,min-error,metric_min,exp1,0,1,1,0.606242776,0.606242836,0.606242776,0.606242836,5.96046448e-08,27,raw-and-scaled,6,1,fp6_e1m4,fp6_e2m3,4,3,2,183,27,exp2,2,4,2,1,0.0193345863,0.0247385874,-2,0x3ccaa894,0.0247385874,0x3f800000,1,0xbccc65ba,-0.0249508508,0xbccc65ba,-0.0249508508,100000,0,0,0000,100000,0,0,000,0xbccc65ba,-0.0249508508,0xbccc65ba,-0.0249508508,0x00000000,0
l1,0.0625,0,min-error,metric_min,exp1,0,1,1,0.606242776,0.606242836,0.606242776,0.606242836,5.96046448e-08,28,raw-and-scaled,6,1,fp6_e1m4,fp6_e2m3,4,3,2,183,28,exp2,2,4,2,1,0.0193345863,0.0247385874,-2,0x3ccaa894,0.0247385874,0x3f800000,1,0x00000000,0,0x00000000,0,000000,0,0,0000,000000,0,0,000,0x00000000,0,0x00000000,0,0x00000000,0
l1,0.0625,0,min-error,metric_min,exp1,0,1,1,0.606242776,0.606242836,0.606242776,0.606242836,5.96046448e-08,29,raw-and-scaled,6,1,fp6_e1m4,fp6_e2m3,4,3,2,183,29,exp2,2,4,2,1,0.0193345863,0.0247385874,-2,0x3ccaa894,0.0247385874,0x3f800000,1,0x00000000,0,0x00000000,0,000000,0,0,0000,000000,0,0,000,0x00000000,0,0x00000000,0,0x00000000,0
l1,0.0625,0,min-error,metric_min,exp1,0,1,1,0.606242776,0.606242836,0.606242776,0.606242836,5.96046448e-08,30,raw-and-scaled,6,1,fp6_e1m4,fp6_e2m3,4,3,2,183,30,exp2,2,4,2,1,0.0193345863,0.0247385874,-2,0x3ccaa894,0.0247385874,0x3f800000,1,0x00000000,0,0x00000000,0,000000,0,0,0000,000000,0,0,000,0x00000000,0,0x00000000,0,0x00000000,0
l1,0.0625,0,min-error,metric_min,exp1,0,1,1,0.606242776,0.606242836,0.606242776,0.606242836,5.96046448e-08,31,raw-and-scaled,6,1,fp6_e1m4,fp6_e2m3,4,3,2,183,31,exp2,2,4,2,1,0.0193345863,0.0247385874,-2,0x3ccaa894,0.0247385874,0x3f800000,1,0xbdc187ea,-0.0944975168,0xbdc187ea,-0.0944975168,100001,0,1,0001,100011,0,3,011,0xbd030fd4,-0.0319975168,0xba43f500,-0.000747516751,0xbf800000,-1
l1,0.0625,0,min-error,metric_min,exp1,0,1,1,0.606242776,0.606242836,0.606242776,0.606242836,5.96046448e-08,32,raw-and-scaled,6,1,fp6_e1m4,fp6_e2m3,4,3,2,183,32,exp2,2,4,2,1,0.0193345863,0.0247385874,-2,0x3ccaa894,0.0247385874,0x3f800000,1,0x00000000,0,0x00000000,0,000000,0,0,0000,000000,0,0,000,0x00000000,0,0x00000000,0,0x00000000,0
l1,0.0625,0,min-error,metric_min,exp1,0,1,1,0.606242776,0.606242836,0.606242776,0.606242836,5.96046448e-08,33,raw-and-scaled,6,1,fp6_e1m4,fp6_e2m3,4,3,2,183,33,exp2,2,4,2,1,0.0193345863,0.0247385874,-2,0x3ccaa894,0.0247385874,0x3f800000,1,0x00000000,0,0x00000000,0,000000,0,0,0000,000000,0,0,000,0x00000000,0,0x00000000,0,0x00000000,0
l1,0.0625,0,min-error,metric_min,exp1,0,1,1,0.606242776,0.606242836,0.606242776,0.606242836,5.96046448e-08,34,raw-and-scaled,6,1,fp6_e1m4,fp6_e2m3,4,3,2,183,34,exp2,2,4,2,1,0.0193345863,0.0247385874,-2,0x3ccaa894,0.0247385874,0x3f800000,1,0x00000000,0,0x00000000,0,000000,0,0,0000,000000,0,0,000,0x00000000,0,0x00000000,0,0x00000000,0
l1,0.0625,0,min-error,metric_min,exp1,0,1,1,0.606242776,0.606242836,0.606242776,0.606242836,5.96046448e-08,35,raw-and-scaled,6,1,fp6_e1m4,fp6_e2m3,4,3,2,183,35,exp2,2,4,2,1,0.0193345863,0.0247385874,-2,0x3ccaa894,0.0247385874,0x3f800000,1,0x3bc7d77f,0.00609868718,0x3bc7d77f,0.00609868718,000000,0,0,0000,000000,0,0,000,0x3bc7d77f,0.00609868718,0x3bc7d77f,0.00609868718,0x00000000,0
l1,0.0625,0,min-error,metric_min,exp1,0,1,1,0.606242776,0.606242836,0.606242776,0.606242836,5.96046448e-08,36,raw-and-scaled,6,1,fp6_e1m4,fp6_e2m3,4,3,2,183,36,exp2,2,4,2,1,0.0193345863,0.0247385874,-2,0x3ccaa894,0.0247385874,0x3f800000,1,0xbf8c06a0,-1.09395218,0xbf8c06a0,-1.09395218,110001,1,1,0001,111000,3,0,000,0xbd00d400,-0.031452179,0xbdc06a00,-0.093952179,0x3f800000,1
l1,0.0625,0,min-error,metric_min,exp1,0,1,1,0.606242776,0.606242836,0.606242776,0.606242836,5.96046448e-08,37,raw-and-scaled,6,1,fp6_e1m4,fp6_e2m3,4,3,2,183,37,exp2,2,4,2,1,0.0193345863,0.0247385874,-2,0x3ccaa894,0.0247385874,0x3f800000,1,0x00000000,0,0x00000000,0,000000,0,0,0000,000000,0,0,000,0x00000000,0,0x00000000,0,0x00000000,0
l1,0.0625,0,min-error,metric_min,exp1,0,1,1,0.606242776,0.606242836,0.606242776,0.606242836,5.96046448e-08,38,raw-and-scaled,6,1,fp6_e1m4,fp6_e2m3,4,3,2,183,38,exp2,2,4,2,1,0.0193345863,0.0247385874,-2,0x3ccaa894,0.0247385874,0x3f800000,1,0x00000000,0,0x00000000,0,000000,0,0,0000,000000,0,0,000,0x00000000,0,0x00000000,0,0x00000000,0
l1,0.0625,0,min-error,metric_min,exp1,0,1,1,0.606242776,0.606242836,0.606242776,0.606242836,5.96046448e-08,39,raw-and-scaled,6,1,fp6_e1m4,fp6_e2m3,4,3,2,183,39,exp2,2,4,2,1,0.0193345863,0.0247385874,-2,0x3ccaa894,0.0247385874,0x3f800000,1,0x3b26805d,0.00254061003,0x3b26805d,0.00254061003,000000,0,0,0000,000000,0,0,000,0x3b26805d,0.00254061003,0x3b26805d,0.00254061003,0x00000000,0
l1,0.0625,0,min-error,metric_min,exp1,0,1,1,0.606242776,0.606242836,0.606242776,0.606242836,5.96046448e-08,40,raw-and-scaled,6,1,fp6_e1m4,fp6_e2m3,4,3,2,183,40,exp2,2,4,2,1,0.0193345863,0.0247385874,-2,0x3ccaa894,0.0247385874,0x3f800000,1,0x00000000,0,0x00000000,0,000000,0,0,0000,000000,0,0,000,0x00000000,0,0x00000000,0,0x00000000,0
l1,0.0625,0,min-error,metric_min,exp1,0,1,1,0.606242776,0.606242836,0.606242776,0.606242836,5.96046448e-08,41,raw-and-scaled,6,1,fp6_e1m4,fp6_e2m3,4,3,2,183,41,exp2,2,4,2,1,0.0193345863,0.0247385874,-2,0x3ccaa894,0.0247385874,0x3f800000,1,0x00000000,0,0x00000000,0,000000,0,0,0000,000000,0,0,000,0x00000000,0,0x00000000,0,0x00000000,0
l1,0.0625,0,min-error,metric_min,exp1,0,1,1,0.606242776,0.606242836,0.606242776,0.606242836,5.96046448e-08,42,raw-and-scaled,6,1,fp6_e1m4,fp6_e2m3,4,3,2,183,42,exp2,2,4,2,1,0.0193345863,0.0247385874,-2,0x3ccaa894,0.0247385874,0x3f800000,1,0xbe565f90,-0.209348917,0xbe565f90,-0.209348917,100011,0,3,0011,100110,0,6,110,0xbcb2fc80,-0.021848917,0xbcb2fc80,-0.021848917,0x80000000,-0
l1,0.0625,0,min-error,metric_min,exp1,0,1,1,0.606242776,0.606242836,0.606242776,0.606242836,5.96046448e-08,43,raw-and-scaled,6,1,fp6_e1m4,fp6_e2m3,4,3,2,183,43,exp2,2,4,2,1,0.0193345863,0.0247385874,-2,0x3ccaa894,0.0247385874,0x3f800000,1,0x00000000,0,0x00000000,0,000000,0,0,0000,000000,0,0,000,0x00000000,0,0x00000000,0,0x00000000,0
l1,0.0625,0,min-error,metric_min,exp1,0,1,1,0.606242776,0.606242836,0.606242776,0.606242836,5.96046448e-08,44,raw-and-scaled,6,1,fp6_e1m4,fp6_e2m3,4,3,2,183,44,exp2,2,4,2,1,0.0193345863,0.0247385874,-2,0x3ccaa894,0.0247385874,0x3f800000,1,0x00000000,0,0x00000000,0,000000,0,0,0000,000000,0,0,000,0x00000000,0,0x00000000,0,0x00000000,0
l1,0.0625,0,min-error,metric_min,exp1,0,1,1,0.606242776,0.606242836,0.606242776,0.606242836,5.96046448e-08,45,raw-and-scaled,6,1,fp6_e1m4,fp6_e2m3,4,3,2,183,45,exp2,2,4,2,1,0.0193345863,0.0247385874,-2,0x3ccaa894,0.0247385874,0x3f800000,1,0x3def21f7,0.116764002,0x3def21f7,0.116764002,000001,0,1,0001,000011,0,3,011,0x3d5e43ee,0.0542640015,0x3cbc87dc,0.0230140015,0xbf800000,-1
l1,0.0625,0,min-error,metric_min,exp1,0,1,1,0.606242776,0.606242836,0.606242776,0.606242836,5.96046448e-08,46,raw-and-scaled,6,1,fp6_e1m4,fp6_e2m3,4,3,2,183,46,exp2,2,4,2,1,0.0193345863,0.0247385874,-2,0x3ccaa894,0.0247385874,0x3f800000,1,0x00000000,0,0x00000000,0,000000,0,0,0000,000000,0,0,000,0x00000000,0,0x00000000,0,0x00000000,0
l1,0.0625,0,min-error,metric_min,exp1,0,1,1,0.606242776,0.606242836,0.606242776,0.606242836,5.96046448e-08,47,raw-and-scaled,6,1,fp6_e1m4,fp6_e2m3,4,3,2,183,47,exp2,2,4,2,1,0.0193345863,0.0247385874,-2,0x3ccaa894,0.0247385874,0x3f800000,1,0x00000000,0,0x00000000,0,000000,0,0,0000,000000,0,0,000,0x00000000,0,0x00000000,0,0x00000000,0
l1,0.0625,0,min-error,metric_min,exp1,0,1,1,0.606242776,0.606242836,0.606242776,0.606242836,5.96046448e-08,48,raw-and-scaled,6,1,fp6_e1m4,fp6_e2m3,4,3,2,183,48,exp2,2,4,2,1,0.0193345863,0.0247385874,-2,0x3ccaa894,0.0247385874,0x3f800000,1,0x00000000,0,0x00000000,0,000000,0,0,0000,000000,0,0,000,0x00000000,0,0x00000000,0,0x00000000,0
l1,0.0625,0,min-error,metric_min,exp1,0,1,1,0.606242776,0.606242836,0.606242776,0.606242836,5.96046448e-08,49,raw-and-scaled,6,1,fp6_e1m4,fp6_e2m3,4,3,2,183,49,exp2,2,4,2,1,0.0193345863,0.0247385874,-2,0x3ccaa894,0.0247385874,0x3f800000,1,0x00000000,0,0x00000000,0,000000,0,0,0000,000000,0,0,000,0x00000000,0,0x00000000,0,0x00000000,0
l1,0.0625,0,min-error,metric_min,exp1,0,1,1,0.606242776,0.606242836,0.606242776,0.606242836,5.96046448e-08,50,raw-and-scaled,6,1,fp6_e1m4,fp6_e2m3,4,3,2,183,50,exp2,2,4,2,1,0.0193345863,0.0247385874,-2,0x3ccaa894,0.0247385874,0x3f800000,1,0x00000000,0,0x00000000,0,000000,0,0,0000,000000,0,0,000,0x00000000,0,0x00000000,0,0x00000000,0
l1,0.0625,0,min-error,metric_min,exp1,0,1,1,0.606242776,0.606242836,0.606242776,0.606242836,5.96046448e-08,51,raw-and-scaled,6,1,fp6_e1m4,fp6_e2m3,4,3,2,183,51,exp2,2,4,2,1,0.0193345863,0.0247385874,-2,0x3ccaa894,0.0247385874,0x3f800000,1,0x00000000,0,0x00000000,0,000000,0,0,0000,000000,0,0,000,0x00000000,0,0x00000000,0,0x00000000,0
l1,0.0625,0,min-error,metric_min,exp1,0,1,1,0.606242776,0.606242836,0.606242776,0.606242836,5.96046448e-08,52,raw-and-scaled,6,1,fp6_e1m4,fp6_e2m3,4,3,2,183,52,exp2,2,4,2,1,0.0193345863,0.0247385874,-2,0x3ccaa894,0.0247385874,0x3f800000,1,0x00000000,0,0x00000000,0,000000,0,0,0000,000000,0,0,000,0x00000000,0,0x00000000,0,0x00000000,0
l1,0.0625,0,min-error,metric_min,exp1,0,1,1,0.606242776,0.606242836,0.606242776,0.606242836,5.96046448e-08,53,raw-and-scaled,6,1,fp6_e1m4,fp6_e2m3,4,3,2,183,53,exp2,2,4,2,1,0.0193345863,0.0247385874,-2,0x3ccaa894,0.0247385874,0x3f800000,1,0xbca60f23,-0.0202708896,0xbca60f23,-0.0202708896,100000,0,0,0000,100000,0,0,000,0xbca60f23,-0.0202708896,0xbca60f23,-0.0202708896,0x00000000,0
l1,0.0625,0,min-error,metric_min,exp1,0,1,1,0.606242776,0.606242836,0.606242776,0.606242836,5.96046448e-08,54,raw-and-scaled,6,1,fp6_e1m4,fp6_e2m3,4,3,2,183,54,exp2,2,4,2,1,0.0193345863,0.0247385874,-2,0x3ccaa894,0.0247385874,0x3f800000,1,0x00000000,0,0x00000000,0,000000,0,0,0000,000000,0,0,000,0x00000000,0,0x00000000,0,0x00000000,0
l1,0.0625,0,min-error,metric_min,exp1,0,1,1,0.606242776,0.606242836,0.606242776,0.606242836,5.96046448e-08,55,raw-and-scaled,6,1,fp6_e1m4,fp6_e2m3,4,3,2,183,55,exp2,2,4,2,1,0.0193345863,0.0247385874,-2,0x3ccaa894,0.0247385874,0x3f800000,1,0x00000000,0,0x00000000,0,000000,0,0,0000,000000,0,0,000,0x00000000,0,0x00000000,0,0x00000000,0
l1,0.0625,0,min-error,metric_min,exp1,0,1,1,0.606242776,0.606242836,0.606242776,0.606242836,5.96046448e-08,56,raw-and-scaled,6,1,fp6_e1m4,fp6_e2m3,4,3,2,183,56,exp2,2,4,2,1,0.0193345863,0.0247385874,-2,0x3ccaa894,0.0247385874,0x3f800000,1,0x3a9d44b9,0.00119986304,0x3a9d44b9,0.00119986304,000000,0,0,0000,000000,0,0,000,0x3a9d44b9,0.00119986304,0x3a9d44b9,0.00119986304,0x00000000,0
l1,0.0625,0,min-error,metric_min,exp1,0,1,1,0.606242776,0.606242836,0.606242776,0.606242836,5.96046448e-08,57,raw-and-scaled,6,1,fp6_e1m4,fp6_e2m3,4,3,2,183,57,exp2,2,4,2,1,0.0193345863,0.0247385874,-2,0x3ccaa894,0.0247385874,0x3f800000,1,0x00000000,0,0x00000000,0,000000,0,0,0000,000000,0,0,000,0x00000000,0,0x00000000,0,0x00000000,0
l1,0.0625,0,min-error,metric_min,exp1,0,1,1,0.606242776,0.606242836,0.606242776,0.606242836,5.96046448e-08,58,raw-and-scaled,6,1,fp6_e1m4,fp6_e2m3,4,3,2,183,58,exp2,2,4,2,1,0.0193345863,0.0247385874,-2,0x3ccaa894,0.0247385874,0x3f800000,1,0x00000000,0,0x00000000,0,000000,0,0,0000,000000,0,0,000,0x00000000,0,0x00000000,0,0x00000000,0
l1,0.0625,0,min-error,metric_min,exp1,0,1,1,0.606242776,0.606242836,0.606242776,0.606242836,5.96046448e-08,59,raw-and-scaled,6,1,fp6_e1m4,fp6_e2m3,4,3,2,183,59,exp2,2,4,2,1,0.0193345863,0.0247385874,-2,0x3ccaa894,0.0247385874,0x3f800000,1,0x00000000,0,0x00000000,0,000000,0,0,0000,000000,0,0,000,0x00000000,0,0x00000000,0,0x00000000,0
l1,0.0625,0,min-error,metric_min,exp1,0,1,1,0.606242776,0.606242836,0.606242776,0.606242836,5.96046448e-08,60,raw-and-scaled,6,1,fp6_e1m4,fp6_e2m3,4,3,2,183,60,exp2,2,4,2,1,0.0193345863,0.0247385874,-2,0x3ccaa894,0.0247385874,0x3f800000,1,0x00000000,0,0x00000000,0,000000,0,0,0000,000000,0,0,000,0x00000000,0,0x00000000,0,0x00000000,0
l1,0.0625,0,min-error,metric_min,exp1,0,1,1,0.606242776,0.606242836,0.606242776,0.606242836,5.96046448e-08,61,raw-and-scaled,6,1,fp6_e1m4,fp6_e2m3,4,3,2,183,61,exp2,2,4,2,1,0.0193345863,0.0247385874,-2,0x3ccaa894,0.0247385874,0x3f800000,1,0x00000000,0,0x00000000,0,000000,0,0,0000,000000,0,0,000,0x00000000,0,0x00000000,0,0x00000000,0
l1,0.0625,0,min-error,metric_min,exp1,0,1,1,0.606242776,0.606242836,0.606242776,0.606242836,5.96046448e-08,62,raw-and-scaled,6,1,fp6_e1m4,fp6_e2m3,4,3,2,183,62,exp2,2,4,2,1,0.0193345863,0.0247385874,-2,0x3ccaa894,0.0247385874,0x3f800000,1,0x00000000,0,0x00000000,0,000000,0,0,0000,000000,0,0,000,0x00000000,0,0x00000000,0,0x00000000,0
l1,0.0625,0,min-error,metric_min,exp1,0,1,1,0.606242776,0.606242836,0.606242776,0.606242836,5.96046448e-08,63,raw-and-scaled,6,1,fp6_e1m4,fp6_e2m3,4,3,2,183,63,exp2,2,4,2,1,0.0193345863,0.0247385874,-2,0x3ccaa894,0.0247385874,0x3f800000,1,0x00000000,0,0x00000000,0,000000,0,0,0000,000000,0,0,000,0x00000000,0,0x00000000,0,0x00000000,0
l1,0.0625,0,min-error,metric_min,exp1,0,1,1,0.606242776,0.606242836,0.606242776,0.606242836,5.96046448e-08,64,raw-and-scaled,6,1,fp6_e1m4,fp6_e2m3,4,3,2,183,64,exp2,2,4,2,1,0.0193345863,0.0247385874,-2,0x3ccaa894,0.0247385874,0x3f800000,1,0x00000000,0,0x00000000,0,000000,0,0,0000,000000,0,0,000,0x00000000,0,0x00000000,0,0x00000000,0
l1,0.0625,0,min-error,metric_min,exp1,0,1,1,0.606242776,0.606242836,0.606242776,0.606242836,5.96046448e-08,65,raw-and-scaled,6,1,fp6_e1m4,fp6_e2m3,4,3,2,183,65,exp2,2,4,2,1,0.0193345863,0.0247385874,-2,0x3ccaa894,0.0247385874,0x3f800000,1,0x00000000,0,0x00000000,0,000000,0,0,0000,000000,0,0,000,0x00000000,0,0x00000000,0,0x00000000,0
l1,0.0625,0,min-error,metric_min,exp1,0,1,1,0.606242776,0.606242836,0.606242776,0.606242836,5.96046448e-08,66,raw-and-scaled,6,1,fp6_e1m4,fp6_e2m3,4,3,2,183,66,exp2,2,4,2,1,0.0193345863,0.0247385874,-2,0x3ccaa894,0.0247385874,0x3f800000,1,0x00000000,0,0x00000000,0,000000,0,0,0000,000000,0,0,000,0x00000000,0,0x00000000,0,0x00000000,0
l1,0.0625,0,min-error,metric_min,exp1,0,1,1,0.606242776,0.606242836,0.606242776,0.606242836,5.96046448e-08,67,raw-and-scaled,6,1,fp6_e1m4,fp6_e2m3,4,3,2,183,67,exp2,2,4,2,1,0.0193345863,0.0247385874,-2,0x3ccaa894,0.0247385874,0x3f800000,1,0x00000000,0,0x00000000,0,000000,0,0,0000,000000,0,0,000,0x00000000,0,0x00000000,0,0x00000000,0
l1,0.0625,0,min-error,metric_min,exp1,0,1,1,0.606242776,0.606242836,0.606242776,0.606242836,5.96046448e-08,68,raw-and-scaled,6,1,fp6_e1m4,fp6_e2m3,4,3,2,183,68,exp2,2,4,2,1,0.0193345863,0.0247385874,-2,0x3ccaa894,0.0247385874,0x3f800000,1,0x00000000,0,0x00000000,0,000000,0,0,0000,000000,0,0,000,0x00000000,0,0x00000000,0,0x00000000,0
l1,0.0625,0,min-error,metric_min,exp1,0,1,1,0.606242776,0.606242836,0.606242776,0.606242836,5.96046448e-08,69,raw-and-scaled,6,1,fp6_e1m4,fp6_e2m3,4,3,2,183,69,exp2,2,4,2,1,0.0193345863,0.0247385874,-2,0x3ccaa894,0.0247385874,0x3f800000,1,0x00000000,0,0x00000000,0,000000,0,0,0000,000000,0,0,000,0x00000000,0,0x00000000,0,0x00000000,0
l1,0.0625,0,min-error,metric_min,exp1,0,1,1,0.606242776,0.606242836,0.606242776,0.606242836,5.96046448e-08,70,raw-and-scaled,6,1,fp6_e1m4,fp6_e2m3,4,3,2,183,70,exp2,2,4,2,1,0.0193345863,0.0247385874,-2,0x3ccaa894,0.0247385874,0x3f800000,1,0x00000000,0,0x00000000,0,000000,0,0,0000,000000,0,0,000,0x00000000,0,0x00000000,0,0x00000000,0
l1,0.0625,0,min-error,metric_min,exp1,0,1,1,0.606242776,0.606242836,0.606242776,0.606242836,5.96046448e-08,71,raw-and-scaled,6,1,fp6_e1m4,fp6_e2m3,4,3,2,183,71,exp2,2,4,2,1,0.0193345863,0.0247385874,-2,0x3ccaa894,0.0247385874,0x3f800000,1,0x00000000,0,0x00000000,0,000000,0,0,0000,000000,0,0,000,0x00000000,0,0x00000000,0,0x00000000,0
l1,0.0625,0,min-error,metric_min,exp1,0,1,1,0.606242776,0.606242836,0.606242776,0.606242836,5.96046448e-08,72,raw-and-scaled,6,1,fp6_e1m4,fp6_e2m3,4,3,2,183,72,exp2,2,4,2,1,0.0193345863,0.0247385874,-2,0x3ccaa894,0.0247385874,0x3f800000,1,0x00000000,0,0x00000000,0,000000,0,0,0000,000000,0,0,000,0x00000000,0,0x00000000,0,0x00000000,0
l1,0.0625,0,min-error,metric_min,exp1,0,1,1,0.606242776,0.606242836,0.606242776,0.606242836,5.96046448e-08,73,raw-and-scaled,6,1,fp6_e1m4,fp6_e2m3,4,3,2,183,73,exp2,2,4,2,1,0.0193345863,0.0247385874,-2,0x3ccaa894,0.0247385874,0x3f800000,1,0x3c7b4499,0.0153361792,0x3c7b4499,0.0153361792,000000,0,0,0000,000000,0,0,000,0x3c7b4499,0.0153361792,0x3c7b4499,0.0153361792,0x00000000,0
l1,0.0625,0,min-error,metric_min,exp1,0,1,1,0.606242776,0.606242836,0.606242776,0.606242836,5.96046448e-08,74,raw-and-scaled,6,1,fp6_e1m4,fp6_e2m3,4,3,2,183,74,exp2,2,4,2,1,0.0193345863,0.0247385874,-2,0x3ccaa894,0.0247385874,0x3f800000,1,0x00000000,0,0x00000000,0,000000,0,0,0000,000000,0,0,000,0x00000000,0,0x00000000,0,0x00000000,0
l1,0.0625,0,min-error,metric_min,exp1,0,1,1,0.606242776,0.606242836,0.606242776,0.606242836,5.96046448e-08,75,raw-and-scaled,6,1,fp6_e1m4,fp6_e2m3,4,3,2,183,75,exp2,2,4,2,1,0.0193345863,0.0247385874,-2,0x3ccaa894,0.0247385874,0x3f800000,1,0x3b8d11f4,0.00430511869,0x3b8d11f4,0.00430511869,000000,0,0,0000,000000,0,0,000,0x3b8d11f4,0.00430511869,0x3b8d11f4,0.00430511869,0x00000000,0
l1,0.0625,0,min-error,metric_min,exp1,0,1,1,0.606242776,0.606242836,0.606242776,0.606242836,5.96046448e-08,76,raw-and-scaled,6,1,fp6_e1m4,fp6_e2m3,4,3,2,183,76,exp2,2,4,2,1,0.0193345863,0.0247385874,-2,0x3ccaa894,0.0247385874,0x3f800000,1,0x00000000,0,0x00000000,0,000000,0,0,0000,000000,0,0,000,0x00000000,0,0x00000000,0,0x00000000,0
l1,0.0625,0,min-error,metric_min,exp1,0,1,1,0.606242776,0.606242836,0.606242776,0.606242836,5.96046448e-08,77,raw-and-scaled,6,1,fp6_e1m4,fp6_e2m3,4,3,2,183,77,exp2,2,4,2,1,0.0193345863,0.0247385874,-2,0x3ccaa894,0.0247385874,0x3f800000,1,0x00000000,0,0x00000000,0,000000,0,0,0000,000000,0,0,000,0x00000000,0,0x00000000,0,0x00000000,0
l1,0.0625,0,min-error,metric_min,exp1,0,1,1,0.606242776,0.606242836,0.606242776,0.606242836,5.96046448e-08,78,raw-and-scaled,6,1,fp6_e1m4,fp6_e2m3,4,3,2,183,78,exp2,2,4,2,1,0.0193345863,0.0247385874,-2,0x3ccaa894,0.0247385874,0x3f800000,1,0x00000000,0,0x00000000,0,000000,0,0,0000,000000,0,0,000,0x00000000,0,0x00000000,0,0x00000000,0
l1,0.0625,0,min-error,metric_min,exp1,0,1,1,0.606242776,0.606242836,0.606242776,0.606242836,5.96046448e-08,79,raw-and-scaled,6,1,fp6_e1m4,fp6_e2m3,4,3,2,183,79,exp2,2,4,2,1,0.0193345863,0.0247385874,-2,0x3ccaa894,0.0247385874,0x3f800000,1,0x00000000,0,0x00000000,0,000000,0,0,0000,000000,0,0,000,0x00000000,0,0x00000000,0,0x00000000,0
l1,0.0625,0,min-error,metric_min,exp1,0,1,1,0.606242776,0.606242836,0.606242776,0.606242836,5.96046448e-08,80,raw-and-scaled,6,1,fp6_e1m4,fp6_e2m3,4,3,2,183,80,exp2,2,4,2,1,0.0193345863,0.0247385874,-2,0x3ccaa894,0.0247385874,0x3f800000,1,0x00000000,0,0x00000000,0,000000,0,0,0000,000000,0,0,000,0x00000000,0,0x00000000,0,0x00000000,0
l1,0.0625,0,min-error,metric_min,exp1,0,1,1,0.606242776,0.606242836,0.606242776,0.606242836,5.96046448e-08,81,raw-and-scaled,6,1,fp6_e1m4,fp6_e2m3,4,3,2,183,81,exp2,2,4,2,1,0.0193345863,0.0247385874,-2,0x3ccaa894,0.0247385874,0x3f800000,1,0x00000000,0,0x00000000,0,000000,0,0,0000,000000,0,0,000,0x00000000,0,0x00000000,0,0x00000000,0
l1,0.0625,0,min-error,metric_min,exp1,0,1,1,0.606242776,0.606242836,0.606242776,0.606242836,5.96046448e-08,82,raw-and-scaled,6,1,fp6_e1m4,fp6_e2m3,4,3,2,183,82,exp2,2,4,2,1,0.0193345863,0.0247385874,-2,0x3ccaa894,0.0247385874,0x3f800000,1,0x00000000,0,0x00000000,0,000000,0,0,0000,000000,0,0,000,0x00000000,0,0x00000000,0,0x00000000,0
l1,0.0625,0,min-error,metric_min,exp1,0,1,1,0.606242776,0.606242836,0.606242776,0.606242836,5.96046448e-08,83,raw-and-scaled,6,1,fp6_e1m4,fp6_e2m3,4,3,2,183,83,exp2,2,4,2,1,0.0193345863,0.0247385874,-2,0x3ccaa894,0.0247385874,0x3f800000,1,0x00000000,0,0x00000000,0,000000,0,0,0000,000000,0,0,000,0x00000000,0,0x00000000,0,0x00000000,0
l1,0.0625,0,min-error,metric_min,exp1,0,1,1,0.606242776,0.606242836,0.606242776,0.606242836,5.96046448e-08,84,raw-and-scaled,6,1,fp6_e1m4,fp6_e2m3,4,3,2,183,84,exp2,2,4,2,1,0.0193345863,0.0247385874,-2,0x3ccaa894,0.0247385874,0x3f800000,1,0x00000000,0,0x00000000,0,000000,0,0,0000,000000,0,0,000,0x00000000,0,0x00000000,0,0x00000000,0
l1,0.0625,0,min-error,metric_min,exp1,0,1,1,0.606242776,0.606242836,0.606242776,0.606242836,5.96046448e-08,85,raw-and-scaled,6,1,fp6_e1m4,fp6_e2m3,4,3,2,183,85,exp2,2,4,2,1,0.0193345863,0.0247385874,-2,0x3ccaa894,0.0247385874,0x3f800000,1,0xbace97dc,-0.00157618104,0xbace97dc,-0.00157618104,100000,0,0,0000,100000,0,0,000,0xbace97dc,-0.00157618104,0xbace97dc,-0.00157618104,0x00000000,0
l1,0.0625,0,min-error,metric_min,exp1,0,1,1,0.606242776,0.606242836,0.606242776,0.606242836,5.96046448e-08,86,raw-and-scaled,6,1,fp6_e1m4,fp6_e2m3,4,3,2,183,86,exp2,2,4,2,1,0.0193345863,0.0247385874,-2,0x3ccaa894,0.0247385874,0x3f800000,1,0xbccac95b,-0.0247542169,0xbccac95b,-0.0247542169,100000,0,0,0000,100000,0,0,000,0xbccac95b,-0.0247542169,0xbccac95b,-0.0247542169,0x00000000,0
l1,0.0625,0,min-error,metric_min,exp1,0,1,1,0.606242776,0.606242836,0.606242776,0.606242836,5.96046448e-08,87,raw-and-scaled,6,1,fp6_e1m4,fp6_e2m3,4,3,2,183,87,exp2,2,4,2,1,0.0193345863,0.0247385874,-2,0x3ccaa894,0.0247385874,0x3f800000,1,0xbcebbc44,-0.0287762955,0xbcebbc44,-0.0287762955,100000,0,0,0000,100000,0,0,000,0xbcebbc44,-0.0287762955,0xbcebbc44,-0.0287762955,0x00000000,0
l1,0.0625,0,min-error,metric_min,exp1,0,1,1,0.606242776,0.606242836,0.606242776,0.606242836,5.96046448e-08,88,raw-and-scaled,6,1,fp6_e1m4,fp6_e2m3,4,3,2,183,88,exp2,2,4,2,1,0.0193345863,0.0247385874,-2,0x3ccaa894,0.0247385874,0x3f800000,1,0x00000000,0,0x00000000,0,000000,0,0,0000,000000,0,0,000,0x00000000,0,0x00000000,0,0x00000000,0
l1,0.0625,0,min-error,metric_min,exp1,0,1,1,0.606242776,0.606242836,0.606242776,0.606242836,5.96046448e-08,89,raw-and-scaled,6,1,fp6_e1m4,fp6_e2m3,4,3,2,183,89,exp2,2,4,2,1,0.0193345863,0.0247385874,-2,0x3ccaa894,0.0247385874,0x3f800000,1,0x00000000,0,0x00000000,0,000000,0,0,0000,000000,0,0,000,0x00000000,0,0x00000000,0,0x00000000,0
l1,0.0625,0,min-error,metric_min,exp1,0,1,1,0.606242776,0.606242836,0.606242776,0.606242836,5.96046448e-08,90,raw-and-scaled,6,1,fp6_e1m4,fp6_e2m3,4,3,2,183,90,exp2,2,4,2,1,0.0193345863,0.0247385874,-2,0x3ccaa894,0.0247385874,0x3f800000,1,0xbb599b86,-0.00332042715,0xbb599b86,-0.00332042715,100000,0,0,0000,100000,0,0,000,0xbb599b86,-0.00332042715,0xbb599b86,-0.00332042715,0x00000000,0
l1,0.0625,0,min-error,metric_min,exp1,0,1,1,0.606242776,0.606242836,0.606242776,0.606242836,5.96046448e-08,91,raw-and-scaled,6,1,fp6_e1m4,fp6_e2m3,4,3,2,183,91,exp2,2,4,2,1,0.0193345863,0.0247385874,-2,0x3ccaa894,0.0247385874,0x3f800000,1,0x00000000,0,0x00000000,0,000000,0,0,0000,000000,0,0,000,0x00000000,0,0x00000000,0,0x00000000,0
l1,0.0625,0,min-error,metric_min,exp1,0,1,1,0.606242776,0.606242836,0.606242776,0.606242836,5.96046448e-08,92,raw-and-scaled,6,1,fp6_e1m4,fp6_e2m3,4,3,2,183,92,exp2,2,4,2,1,0.0193345863,0.0247385874,-2,0x3ccaa894,0.0247385874,0x3f800000,1,0x00000000,0,0x00000000,0,000000,0,0,0000,000000,0,0,000,0x00000000,0,0x00000000,0,0x00000000,0
l1,0.0625,0,min-error,metric_min,exp1,0,1,1,0.606242776,0.606242836,0.606242776,0.606242836,5.96046448e-08,93,raw-and-scaled,6,1,fp6_e1m4,fp6_e2m3,4,3,2,183,93,exp2,2,4,2,1,0.0193345863,0.0247385874,-2,0x3ccaa894,0.0247385874,0x3f800000,1,0x00000000,0,0x00000000,0,000000,0,0,0000,000000,0,0,000,0x00000000,0,0x00000000,0,0x00000000,0
l1,0.0625,0,min-error,metric_min,exp1,0,1,1,0.606242776,0.606242836,0.606242776,0.606242836,5.96046448e-08,94,raw-and-scaled,6,1,fp6_e1m4,fp6_e2m3,4,3,2,183,94,exp2,2,4,2,1,0.0193345863,0.0247385874,-2,0x3ccaa894,0.0247385874,0x3f800000,1,0x00000000,0,0x00000000,0,000000,0,0,0000,000000,0,0,000,0x00000000,0,0x00000000,0,0x00000000,0
l1,0.0625,0,min-error,metric_min,exp1,0,1,1,0.606242776,0.606242836,0.606242776,0.606242836,5.96046448e-08,95,raw-and-scaled,6,1,fp6_e1m4,fp6_e2m3,4,3,2,183,95,exp2,2,4,2,1,0.0193345863,0.0247385874,-2,0x3ccaa894,0.0247385874,0x3f800000,1,0x00000000,0,0x00000000,0,000000,0,0,0000,000000,0,0,000,0x00000000,0,0x00000000,0,0x00000000,0
l1,0.0625,0,min-error,metric_min,exp1,0,1,1,0.606242776,0.606242836,0.606242776,0.606242836,5.96046448e-08,96,raw-and-scaled,6,1,fp6_e1m4,fp6_e2m3,4,3,2,183,96,exp2,2,4,2,1,0.0193345863,0.0247385874,-2,0x3ccaa894,0.0247385874,0x3f800000,1,0x00000000,0,0x00000000,0,000000,0,0,0000,000000,0,0,000,0x00000000,0,0x00000000,0,0x00000000,0
l1,0.0625,0,min-error,metric_min,exp1,0,1,1,0.606242776,0.606242836,0.606242776,0.606242836,5.96046448e-08,97,raw-and-scaled,6,1,fp6_e1m4,fp6_e2m3,4,3,2,183,97,exp2,2,4,2,1,0.0193345863,0.0247385874,-2,0x3ccaa894,0.0247385874,0x3f800000,1,0x00000000,0,0x00000000,0,000000,0,0,0000,000000,0,0,000,0x00000000,0,0x00000000,0,0x00000000,0
l1,0.0625,0,min-error,metric_min,exp1,0,1,1,0.606242776,0.606242836,0.606242776,0.606242836,5.96046448e-08,98,raw-and-scaled,6,1,fp6_e1m4,fp6_e2m3,4,3,2,183,98,exp2,2,4,2,1,0.0193345863,0.0247385874,-2,0x3ccaa894,0.0247385874,0x3f800000,1,0x00000000,0,0x00000000,0,000000,0,0,0000,000000,0,0,000,0x00000000,0,0x00000000,0,0x00000000,0
l1,0.0625,0,min-error,metric_min,exp1,0,1,1,0.606242776,0.606242836,0.606242776,0.606242836,5.96046448e-08,99,raw-and-scaled,6,1,fp6_e1m4,fp6_e2m3,4,3,2,183,99,exp2,2,4,2,1,0.0193345863,0.0247385874,-2,0x3ccaa894,0.0247385874,0x3f800000,1,0x3bdd3188,0.00675028935,0x3bdd3188,0.00675028935,000000,0,0,0000,000000,0,0,000,0x3bdd3188,0.00675028935,0x3bdd3188,0.00675028935,0x00000000,0
l1,0.0625,0,min-error,metric_min,exp1,0,1,1,0.606242776,0.606242836,0.606242776,0.606242836,5.96046448e-08,100,raw-and-scaled,6,1,fp6_e1m4,fp6_e2m3,4,3,2,183,100,exp2,2,4,2,1,0.0193345863,0.0247385874,-2,0x3ccaa894,0.0247385874,0x3f800000,1,0x00000000,0,0x00000000,0,000000,0,0,0000,000000,0,0,000,0x00000000,0,0x00000000,0,0x00000000,0
l1,0.0625,0,min-error,metric_min,exp1,0,1,1,0.606242776,0.606242836,0.606242776,0.606242836,5.96046448e-08,101,raw-and-scaled,6,1,fp6_e1m4,fp6_e2m3,4,3,2,183,101,exp2,2,4,2,1,0.0193345863,0.0247385874,-2,0x3ccaa894,0.0247385874,0x3f800000,1,0xbc4277cc,-0.0118693821,0xbc4277cc,-0.0118693821,100000,0,0,0000,100000,0,0,000,0xbc4277cc,-0.0118693821,0xbc4277cc,-0.0118693821,0x00000000,0
l1,0.0625,0,min-error,metric_min,exp1,0,1,1,0.606242776,0.606242836,0.606242776,0.606242836,5.96046448e-08,102,raw-and-scaled,6,1,fp6_e1m4,fp6_e2m3,4,3,2,183,102,exp2,2,4,2,1,0.0193345863,0.0247385874,-2,0x3ccaa894,0.0247385874,0x3f800000,1,0x3f629817,0.885133207,0x3f629817,0.885133207,001110,0,14,1110,010110,2,6,110,0x3c2605c0,0.0101332068,0x3c2605c0,0.0101332068,0x00000000,0
l1,0.0625,0,min-error,metric_min,exp1,0,1,1,0.606242776,0.606242836,0.606242776,0.606242836,5.96046448e-08,103,raw-and-scaled,6,1,fp6_e1m4,fp6_e2m3,4,3,2,183,103,exp2,2,4,2,1,0.0193345863,0.0247385874,-2,0x3ccaa894,0.0247385874,0x3f800000,1,0x00000000,0,0x00000000,0,000000,0,0,0000,000000,0,0,000,0x00000000,0,0x00000000,0,0x00000000,0
l1,0.0625,0,min-error,metric_min,exp1,0,1,1,0.606242776,0.606242836,0.606242776,0.606242836,5.96046448e-08,104,raw-and-scaled,6,1,fp6_e1m4,fp6_e2m3,4,3,2,183,104,exp2,2,4,2,1,0.0193345863,0.0247385874,-2,0x3ccaa894,0.0247385874,0x3f800000,1,0x00000000,0,0x00000000,0,000000,0,0,0000,000000,0,0,000,0x00000000,0,0x00000000,0,0x00000000,0
l1,0.0625,0,min-error,metric_min,exp1,0,1,1,0.606242776,0.606242836,0.606242776,0.606242836,5.96046448e-08,105,raw-and-scaled,6,1,fp6_e1m4,fp6_e2m3,4,3,2,183,105,exp2,2,4,2,1,0.0193345863,0.0247385874,-2,0x3ccaa894,0.0247385874,0x3f800000,1,0x00000000,0,0x00000000,0,000000,0,0,0000,000000,0,0,000,0x00000000,0,0x00000000,0,0x00000000,0
l1,0.0625,0,min-error,metric_min,exp1,0,1,1,0.606242776,0.606242836,0.606242776,0.606242836,5.96046448e-08,106,raw-and-scaled,6,1,fp6_e1m4,fp6_e2m3,4,3,2,183,106,exp2,2,4,2,1,0.0193345863,0.0247385874,-2,0x3ccaa894,0.0247385874,0x3f800000,1,0x00000000,0,0x00000000,0,000000,0,0,0000,000000,0,0,000,0x00000000,0,0x00000000,0,0x00000000,0
l1,0.0625,0,min-error,metric_min,exp1,0,1,1,0.606242776,0.606242836,0.606242776,0.606242836,5.96046448e-08,107,raw-and-scaled,6,1,fp6_e1m4,fp6_e2m3,4,3,2,183,107,exp2,2,4,2,1,0.0193345863,0.0247385874,-2,0x3ccaa894,0.0247385874,0x3f800000,1,0x00000000,0,0x00000000,0,000000,0,0,0000,000000,0,0,000,0x00000000,0,0x00000000,0,0x00000000,0
l1,0.0625,0,min-error,metric_min,exp1,0,1,1,0.606242776,0.606242836,0.606242776,0.606242836,5.96046448e-08,108,raw-and-scaled,6,1,fp6_e1m4,fp6_e2m3,4,3,2,183,108,exp2,2,4,2,1,0.0193345863,0.0247385874,-2,0x3ccaa894,0.0247385874,0x3f800000,1,0x00000000,0,0x00000000,0,000000,0,0,0000,000000,0,0,000,0x00000000,0,0x00000000,0,0x00000000,0
l1,0.0625,0,min-error,metric_min,exp1,0,1,1,0.606242776,0.606242836,0.606242776,0.606242836,5.96046448e-08,109,raw-and-scaled,6,1,fp6_e1m4,fp6_e2m3,4,3,2,183,109,exp2,2,4,2,1,0.0193345863,0.0247385874,-2,0x3ccaa894,0.0247385874,0x3f800000,1,0x00000000,0,0x00000000,0,000000,0,0,0000,000000,0,0,000,0x00000000,0,0x00000000,0,0x00000000,0
l1,0.0625,0,min-error,metric_min,exp1,0,1,1,0.606242776,0.606242836,0.606242776,0.606242836,5.96046448e-08,110,raw-and-scaled,6,1,fp6_e1m4,fp6_e2m3,4,3,2,183,110,exp2,2,4,2,1,0.0193345863,0.0247385874,-2,0x3ccaa894,0.0247385874,0x3f800000,1,0x00000000,0,0x00000000,0,000000,0,0,0000,000000,0,0,000,0x00000000,0,0x00000000,0,0x00000000,0
l1,0.0625,0,min-error,metric_min,exp1,0,1,1,0.606242776,0.606242836,0.606242776,0.606242836,5.96046448e-08,111,raw-and-scaled,6,1,fp6_e1m4,fp6_e2m3,4,3,2,183,111,exp2,2,4,2,1,0.0193345863,0.0247385874,-2,0x3ccaa894,0.0247385874,0x3f800000,1,0x00000000,0,0x00000000,0,000000,0,0,0000,000000,0,0,000,0x00000000,0,0x00000000,0,0x00000000,0
l1,0.0625,0,min-error,metric_min,exp1,0,1,1,0.606242776,0.606242836,0.606242776,0.606242836,5.96046448e-08,112,raw-and-scaled,6,1,fp6_e1m4,fp6_e2m3,4,3,2,183,112,exp2,2,4,2,1,0.0193345863,0.0247385874,-2,0x3ccaa894,0.0247385874,0x3f800000,1,0x3b56e093,0.00327876653,0x3b56e093,0.00327876653,000000,0,0,0000,000000,0,0,000,0x3b56e093,0.00327876653,0x3b56e093,0.00327876653,0x00000000,0
l1,0.0625,0,min-error,metric_min,exp1,0,1,1,0.606242776,0.606242836,0.606242776,0.606242836,5.96046448e-08,113,raw-and-scaled,6,1,fp6_e1m4,fp6_e2m3,4,3,2,183,113,exp2,2,4,2,1,0.0193345863,0.0247385874,-2,0x3ccaa894,0.0247385874,0x3f800000,1,0x00000000,0,0x00000000,0,000000,0,0,0000,000000,0,0,000,0x00000000,0,0x00000000,0,0x00000000,0
l1,0.0625,0,min-error,metric_min,exp1,0,1,1,0.606242776,0.606242836,0.606242776,0.606242836,5.96046448e-08,114,raw-and-scaled,6,1,fp6_e1m4,fp6_e2m3,4,3,2,183,114,exp2,2,4,2,1,0.0193345863,0.0247385874,-2,0x3ccaa894,0.0247385874,0x3f800000,1,0x00000000,0,0x00000000,0,000000,0,0,0000,000000,0,0,000,0x00000000,0,0x00000000,0,0x00000000,0
l1,0.0625,0,min-error,metric_min,exp1,0,1,1,0.606242776,0.606242836,0.606242776,0.606242836,5.96046448e-08,115,raw-and-scaled,6,1,fp6_e1m4,fp6_e2m3,4,3,2,183,115,exp2,2,4,2,1,0.0193345863,0.0247385874,-2,0x3ccaa894,0.0247385874,0x3f800000,1,0x00000000,0,0x00000000,0,000000,0,0,0000,000000,0,0,000,0x00000000,0,0x00000000,0,0x00000000,0
l1,0.0625,0,min-error,metric_min,exp1,0,1,1,0.606242776,0.606242836,0.606242776,0.606242836,5.96046448e-08,116,raw-and-scaled,6,1,fp6_e1m4,fp6_e2m3,4,3,2,183,116,exp2,2,4,2,1,0.0193345863,0.0247385874,-2,0x3ccaa894,0.0247385874,0x3f800000,1,0x00000000,0,0x00000000,0,000000,0,0,0000,000000,0,0,000,0x00000000,0,0x00000000,0,0x00000000,0
l1,0.0625,0,min-error,metric_min,exp1,0,1,1,0.606242776,0.606242836,0.606242776,0.606242836,5.96046448e-08,117,raw-and-scaled,6,1,fp6_e1m4,fp6_e2m3,4,3,2,183,117,exp2,2,4,2,1,0.0193345863,0.0247385874,-2,0x3ccaa894,0.0247385874,0x3f800000,1,0x00000000,0,0x00000000,0,000000,0,0,0000,000000,0,0,000,0x00000000,0,0x00000000,0,0x00000000,0
l1,0.0625,0,min-error,metric_min,exp1,0,1,1,0.606242776,0.606242836,0.606242776,0.606242836,5.96046448e-08,118,raw-and-scaled,6,1,fp6_e1m4,fp6_e2m3,4,3,2,183,118,exp2,2,4,2,1,0.0193345863,0.0247385874,-2,0x3ccaa894,0.0247385874,0x3f800000,1,0x00000000,0,0x00000000,0,000000,0,0,0000,000000,0,0,000,0x00000000,0,0x00000000,0,0x00000000,0
l1,0.0625,0,min-error,metric_min,exp1,0,1,1,0.606242776,0.606242836,0.606242776,0.606242836,5.96046448e-08,119,raw-and-scaled,6,1,fp6_e1m4,fp6_e2m3,4,3,2,183,119,exp2,2,4,2,1,0.0193345863,0.0247385874,-2,0x3ccaa894,0.0247385874,0x3f800000,1,0x3ac0565c,0.00146741746,0x3ac0565c,0.00146741746,000000,0,0,0000,000000,0,0,000,0x3ac0565c,0.00146741746,0x3ac0565c,0.00146741746,0x00000000,0
l1,0.0625,0,min-error,metric_min,exp1,0,1,1,0.606242776,0.606242836,0.606242776,0.606242836,5.96046448e-08,120,raw-and-scaled,6,1,fp6_e1m4,fp6_e2m3,4,3,2,183,120,exp2,2,4,2,1,0.0193345863,0.0247385874,-2,0x3ccaa894,0.0247385874,0x3f800000,1,0x3d0030b7,0.0312964581,0x3d0030b7,0.0312964581,000000,0,0,0000,000001,0,1,001,0x3d0030b7,0.0312964581,0x3842dc00,4.64580953e-05,0xbf800000,-1
l1,0.0625,0,min-error,metric_min,exp1,0,1,1,0.606242776,0.606242836,0.606242776,0.606242836,5.96046448e-08,121,raw-and-scaled,6,1,fp6_e1m4,fp6_e2m3,4,3,2,183,121,exp2,2,4,2,1,0.0193345863,0.0247385874,-2,0x3ccaa894,0.0247385874,0x3f800000,1,0xbf2d8b7a,-0.677909493,0xbf2d8b7a,-0.677909493,101010,0,10,1010,110010,2,2,010,0xbd58b7a0,-0.0529094934,0xbd58b7a0,-0.0529094934,0x00000000,0
l1,0.0625,0,min-error,metric_min,exp1,0,1,1,0.606242776,0.606242836,0.606242776,0.606242836,5.96046448e-08,122,raw-and-scaled,6,1,fp6_e1m4,fp6_e2m3,4,3,2,183,122,exp2,2,4,2,1,0.0193345863,0.0247385874,-2,0x3ccaa894,0.0247385874,0x3f800000,1,0x00000000,0,0x00000000,0,000000,0,0,0000,000000,0,0,000,0x00000000,0,0x00000000,0,0x00000000,0
l1,0.0625,0,min-error,metric_min,exp1,0,1,1,0.606242776,0.606242836,0.606242776,0.606242836,5.96046448e-08,123,raw-and-scaled,6,1,fp6_e1m4,fp6_e2m3,4,3,2,183,123,exp2,2,4,2,1,0.0193345863,0.0247385874,-2,0x3ccaa894,0.0247385874,0x3f800000,1,0x3b2290c4,0.00248055253,0x3b2290c4,0.00248055253,000000,0,0,0000,000000,0,0,000,0x3b2290c4,0.00248055253,0x3b2290c4,0.00248055253,0x00000000,0
l1,0.0625,0,min-error,metric_min,exp1,0,1,1,0.606242776,0.606242836,0.606242776,0.606242836,5.96046448e-08,124,raw-and-scaled,6,1,fp6_e1m4,fp6_e2m3,4,3,2,183,124,exp2,2,4,2,1,0.0193345863,0.0247385874,-2,0x3ccaa894,0.0247385874,0x3f800000,1,0x00000000,0,0x00000000,0,000000,0,0,0000,000000,0,0,000,0x00000000,0,0x00000000,0,0x00000000,0
l1,0.0625,0,min-error,metric_min,exp1,0,1,1,0.606242776,0.606242836,0.606242776,0.606242836,5.96046448e-08,125,raw-and-scaled,6,1,fp6_e1m4,fp6_e2m3,4,3,2,183,125,exp2,2,4,2,1,0.0193345863,0.0247385874,-2,0x3ccaa894,0.0247385874,0x3f800000,1,0x00000000,0,0x00000000,0,000000,0,0,0000,000000,0,0,000,0x00000000,0,0x00000000,0,0x00000000,0
l1,0.0625,0,min-error,metric_min,exp1,0,1,1,0.606242776,0.606242836,0.606242776,0.606242836,5.96046448e-08,126,raw-and-scaled,6,1,fp6_e1m4,fp6_e2m3,4,3,2,183,126,exp2,2,4,2,1,0.0193345863,0.0247385874,-2,0x3ccaa894,0.0247385874,0x3f800000,1,0x3b3599a0,0.00277099758,0x3b3599a0,0.00277099758,000000,0,0,0000,000000,0,0,000,0x3b3599a0,0.00277099758,0x3b3599a0,0.00277099758,0x00000000,0
l1,0.0625,0,min-error,metric_min,exp1,0,1,1,0.606242776,0.606242836,0.606242776,0.606242836,5.96046448e-08,127,raw-and-scaled,6,1,fp6_e1m4,fp6_e2m3,4,3,2,183,127,exp2,2,4,2,1,0.0193345863,0.0247385874,-2,0x3ccaa894,0.0247385874,0x3f800000,1,0xbf178b16,-0.591966033,0xbf178b16,-0.591966033,101001,0,9,1001,110001,2,1,001,0xbcf162c0,-0.029466033,0xbcf162c0,-0.029466033,0x00000000,0
l1,0.0625,0,min-error,metric_min,exp1,0,1,1,3.55508327,3.55508351,3.55508327,3.55508351,2.38418579e-07,0,raw-and-scaled,6,1,fp6_e1m4,fp6_e2m3,4,3,2,409,0,exp2,14,28,14,7,0.138588727,0.203073129,-14,0x3e4ff267,0.203073129,0x3f800000,1,0x3f06beb1,0.52634722,0x3f06beb1,0.52634722,001000,0,8,1000,010000,2,0,000,0x3cd7d620,0.0263472199,0x3cd7d620,0.0263472199,0x00000000,0
l1,0.0625,0,min-error,metric_min,exp1,0,1,1,3.55508327,3.55508351,3.55508327,3.55508351,2.38418579e-07,1,raw-and-scaled,6,1,fp6_e1m4,fp6_e2m3,4,3,2,409,1,exp2,14,28,14,7,0.138588727,0.203073129,-14,0x3e4ff267,0.203073129,0x3f800000,1,0x3f78d2b6,0.971965194,0x3f78d2b6,0.971965194,001111,0,15,1111,010111,2,7,111,0x3d0d2b60,0.0344651937,0x3d0d2b60,0.0344651937,0x00000000,0
l1,0.0625,0,min-error,metric_min,exp1,0,1,1,3.55508327,3.55508351,3.55508327,3.55508351,2.38418579e-07,2,raw-and-scaled,6,1,fp6_e1m4,fp6_e2m3,4,3,2,409,2,exp2,14,28,14,7,0.138588727,0.203073129,-14,0x3e4ff267,0.203073129,0x3f800000,1,0xbfe9684d,-1.82349551,0xbfe9684d,-1.82349551,111101,1,13,1101,111110,3,6,110,0xbc342680,-0.0109955072,0xbd9684d0,-0.0734955072,0x3f800000,1
l1,0.0625,0,min-error,metric_min,exp1,0,1,1,3.55508327,3.55508351,3.55508327,3.55508351,2.38418579e-07,3,raw-and-scaled,6,1,fp6_e1m4,fp6_e2m3,4,3,2,409,3,exp2,14,28,14,7,0.138588727,0.203073129,-14,0x3e4ff267,0.203073129,0x3f800000,1,0xbbd3f590,-0.00646848232,0xbbd3f590,-0.00646848232,100000,0,0,0000,100000,0,0,000,0xbbd3f590,-0.00646848232,0xbbd3f590,-0.00646848232,0x00000000,0
l1,0.0625,0,min-error,metric_min,exp1,0,1,1,3.55508327,3.55508351,3.55508327,3.55508351,2.38418579e-07,4,raw-and-scaled,6,1,fp6_e1m4,fp6_e2m3,4,3,2,409,4,exp2,14,28,14,7,0.138588727,0.203073129,-14,0x3e4ff267,0.203073129,0x3f800000,1,0x3e76a930,0.240879774,0x3e76a930,0.240879774,000011,0,3,0011,000111,0,7,111,0x3d5aa4c0,0.0533797741,0x3cb54980,0.0221297741,0xbf800000,-1
l1,0.0625,0,min-error,metric_min,exp1,0,1,1,3.55508327,3.55508351,3.55508327,3.55508351,2.38418579e-07,5,raw-and-scaled,6,1,fp6_e1m4,fp6_e2m3,4,3,2,409,5,exp2,14,28,14,7,0.138588727,0.203073129,-14,0x3e4ff267,0.203073129,0x3f800000,1,0xbfe16d81,-1.76115429,0xbfe16d81,-1.76115429,111100,1,12,1100,111110,3,6,110,0xbc36c080,-0.011154294,0xbc36c080,-0.011154294,0x00000000,0
l1,0.0625,0,min-error,metric_min,exp1,0,1,1,3.55508327,3.55508351,3.55508327,3.55508351,2.38418579e-07,6,raw-and-scaled,6,1,fp6_e1m4,fp6_e2m3,4,3,2,409,6,exp2,14,28,14,7,0.138588727,0.203073129,-14,0x3e4ff267,0.203073129,0x3f800000,1,0xbd2e0fd0,-0.0424955487,0xbd2e0fd0,-0.0424955487,100000,0,0,0000,100001,0,1,001,0xbd2e0fd0,-0.0424955487,0xbc383f40,-0.0112455487,0xbf800000,-1
l1,0.0625,0,min-error,metric_min,exp1,0,1,1,3.55508327,3.55508351,3.55508327,3.55508351,2.38418579e-07,7,raw-and-scaled,6,1,fp6_e1m4,fp6_e2m3,4,3,2,409,7,exp2,14,28,14,7,0.138588727,0.203073129,-14,0x3e4ff267,0.203073129,0x3f800000,1,0x3f13e363,0.577688396,0x3f13e363,0.577688396,001001,0,9,1001,010001,2,1,001,0x3c78d8c0,0.015188396,0x3c78d8c0,0.015188396,0x00000000,0
l1,0.0625,0,min-error,metric_min,exp1,0,1,1,3.55508327,3.55508351,3.55508327,3.55508351,2.38418579e-07,8,raw-and-scaled,6,1,fp6_e1m4,fp6_e2m3,4,3,2,409,8,exp2,14,28,14,7,0.138588727,0.203073129,-14,0x3e4ff267,0.203073129,0x3f800000,1,0xbf89a390,-1.07530403,0xbf89a390,-1.07530403,110001,1,1,0001,111000,3,0,000,0xbc51c800,-0.0128040314,0xbd9a3900,-0.0753040314,0x3f800000,1
l1,0.0625,0,min-error,metric_min,exp1,0,1,1,3.55508327,3.55508351,3.55508327,3.55508351,2.38418579e-07,9,raw-and-scaled,6,1,fp6_e1m4,fp6_e2m3,4,3,2,409,9,exp2,14,28,14,7,0.138588727,0.203073129,-14,0x3e4ff267,0.203073129,0x3f800000,1,0x3b48e54a,0.00306542451,0x3b48e54a,0.00306542451,000000,0,0,0000,000000,0,0,000,0x3b48e54a,0.00306542451,0x3b48e54a,0.00306542451,0x00000000,0
l1,0.0625,0,min-error,metric_min,exp1,0,1,1,3.55508327,3.55508351,3.55508327,3.55508351,2.38418579e-07,10,raw-and-scaled,6,1,fp6_e1m4,fp6_e2m3,4,3,2,409,10,exp2,14,28,14,7,0.138588727,0.203073129,-14,0x3e4ff267,0.203073129,0x3f800000,1,0xbff1184e,-1.88355422,0xbff1184e,-1.88355422,111110,1,14,1110,111111,3,7,111,0xbc0c2700,-0.0085542202,0xbc0c2700,-0.0085542202,0x00000000,0
l1,0.0625,0,min-error,metric_min,exp1,0,1,1,3.55508327,3.55508351,3.55508327,3.55508351,2.38418579e-07,11,raw-and-scaled,6,1,fp6_e1m4,fp6_e2m3,4,3,2,409,11,exp2,14,28,14,7,0.138588727,0.203073129,-14,0x3e4ff267,0.203073129,0x3f800000,1,0x3e110e82,0.141656905,0x3e110e82,0.141656905,000010,0,2,0010,000100,0,4,100,0x3c887410,0.0166569054,0x3c887410,0.0166569054,0x80000000,-0
l1,0.0625,0,min-error,metric_min,exp1,0,1,1,3.55508327,3.55508351,3.55508327,3.55508351,2.38418579e-07,12,raw-and-scaled,6,1,fp6_e1m4,fp6_e2m3,4,3,2,409,12,exp2,14,28,14,7,0.138588727,0.203073129,-14,0x3e4ff267,0.203073129,0x3f800000,1,0xbe0b72e2,-0.136180431,0xbe0b72e2,-0.136180431,100010,0,2,0010,100100,0,4,100,0xbc372e20,-0.0111804307,0xbc372e20,-0.0111804307,0x80000000,-0
l1,0.0625,0,min-error,metric_min,exp1,0,1,1,3.55508327,3.55508351,3.55508327,3.55508351,2.38418579e-07,13,raw-and-scaled,6,1,fp6_e1m4,fp6_e2m3,4,3,2,409,13,exp2,14,28,14,7,0.138588727,0.203073129,-14,0x3e4ff267,0.203073129,0x3f800000,1,0xbfa8ebb3,-1.31969297,0xbfa8ebb3,-1.31969297,110101,1,5,0101,111010,3,2,010,0xbbebb300,-0.00719296932,0xbd8ebb30,-0.0696929693,0x3f800000,1
l1,0.0625,0,min-error,metric_min,exp1,0,1,1,3.55508327,3.55508351,3.55508327,3.55508351,2.38418579e-07,14,raw-and-scaled,6,1,fp6_e1m4,fp6_e2m3,4,3,2,409,14,exp2,14,28,14,7,0.138588727,0.203073129,-14,0x3e4ff267,0.203073129,0x3f800000,1,0x3f779940,0.967182159,0x3f779940,0.967182159,001111,0,15,1111,010111,2,7,111,0x3cf32800,0.0296821594,0x3cf32800,0.0296821594,0x00000000,0
l1,0.0625,0,min-error,metric_min,exp1,0,1,1,3.55508327,3.55508351,3.55508327,3.55508351,2.38418579e-07,15,raw-and-scaled,6,1,fp6_e1m4,fp6_e2m3,4,3,2,409,15,exp2,14,28,14,7,0.138588727,0.203073129,-14,0x3e4ff267,0.203073129,0x3f800000,1,0x3ffc104f,1.9692477,0x3ffc104f,1.9692477,011111,1,15,1111,011111,3,7,111,0x3d0209e0,0.0317476988,0x3dc104f0,0.0942476988,0x3f800000,1
l1,0.0625,0,min-error,metric_min,exp1,0,1,1,3.55508327,3.55508351,3.55508327,3.55508351,2.38418579e-07,16,raw-and-scaled,6,1,fp6_e1m4,fp6_e2m3,4,3,2,409,16,exp2,14,28,14,7,0.138588727,0.203073129,-14,0x3e4ff267,0.203073129,0x3f800000,1,0xbcb450d6,-0.0220112018,0xbcb450d6,-0.0220112018,100000,0,0,0000,100000,0,0,000,0xbcb450d6,-0.0220112018,0xbcb450d6,-0.0220112018,0x00000000,0
l1,0.0625,0,min-error,metric_min,exp1,0,1,1,3.55508327,3.55508351,3.55508327,3.55508351,2.38418579e-07,17,raw-and-scaled,6,1,fp6_e1m4,fp6_e2m3,4,3,2,409,17,exp2,14,28,14,7,0.138588727,0.203073129,-14,0x3e4ff267,0.203073129,0x3f800000,1,0xbdb430a8,-0.0879834294,0xbdb430a8,-0.0879834294,100001,0,1,0001,100010,0,2,010,0xbcd0c2a0,-0.0254834294,0xbcd0c2a0,-0.0254834294,0x80000000,-0
l1,0.0625,0,min-error,metric_min,exp1,0,1,1,3.55508327,3.55508351,3.55508327,3.55508351,2.38418579e-07,18,raw-and-scaled,6,1,fp6_e1m4,fp6_e2m3,4,3,2,409,18,exp2,14,28,14,7,0.138588727,0.203073129,-14,0x3e4ff267,0.203073129,0x3f800000,1,0xbd1334a3,-0.0359388702,0xbd1334a3,-0.0359388702,100000,0,0,0000,100001,0,1,001,0xbd1334a3,-0.0359388702,0xbb99a518,-0.00468887016,0xbf800000,-1
l1,0.0625,0,min-error,metric_min,exp1,0,1,1,3.55508327,3.55508351,3.55508327,3.55508351,2.38418579e-07,19,raw-and-scaled,6,1,fp6_e1m4,fp6_e2m3,4,3,2,409,19,exp2,14,28,14,7,0.138588727,0.203073129,-14,0x3e4ff267,0.203073129,0x3f800000,1,0xbe634bda,-0.221969038,0xbe634bda,-0.221969038,100011,0,3,0011,100111,0,7,111,0xbd0d2f68,-0.0344690382,0xbb52f680,-0.00321903825,0xbf800000,-1
l1,0.0625,0,min-error,metric_min,exp1,0,1,1,3.55508327,3.55508351,3.55508327,3.55508351,2.38418579e-07,20,raw-and-scaled,6,1,fp6_e1m4,fp6_e2m3,4,3,2,409,20,exp2,14,28,14,7,0.138588727,0.203073129,-14,0x3e4ff267,0.203073129,0x3f800000,1,0xbe1d57b8,-0.153654933,0xbe1d57b8,-0.153654933,100010,0,2,0010,100100,0,4,100,0xbceabdc0,-0.028654933,0xbceabdc0,-0.028654933,0x80000000,-0
l1,0.0625,0,min-error,metric_min,exp1,0,1,1,3.55508327,3.55508351,3.55508327,3.55508351,2.38418579e-07,21,raw-and-scaled,6,1,fp6_e1m4,fp6_e2m3,4,3,2,409,21,exp2,14,28,14,7,0.138588727,0.203073129,-14,0x3e4ff267,0.203073129,0x3f800000,1,0xbf553200,-0.832794189,0xbf553200,-0.832794189,101101,0,13,1101,110101,2,5,101,0xbca64000,-0.0202941895,0xbca64000,-0.0202941895,0x00000000,0
l1,0.0625,0,min-error,metric_min,exp1,0,1,1,3.55508327,3.55508351,3.55508327,3.55508351,2.38418579e-07,22,raw-and-scaled,6,1,fp6_e1m4,fp6_e2m3,4,3,2,409,22,exp2,14,28,14,7,0.138588727,0.203073129,-14,0x3e4ff267,0.203073129,0x3f800000,1,0x3cfa0116,0.0305180959,0x3cfa0116,0.0305180959,000000,0,0,0000,000000,0,0,000,0x3cfa0116,0.0305180959,0x3cfa0116,0.0305180959,0x00000000,0
l1,0.0625,0,min-error,metric_min,exp1,0,1,1,3.55508327,3.55508351,3.55508327,3.55508351,2.38418579e-07,23,raw-and-scaled,6,1,fp6_e1m4,fp6_e2m3,4,3,2,409,23,exp2,14,28,14,7,0.138588727,0.203073129,-14,0x3e4ff267,0.203073129,0x3f800000,1,0xbea477d8,-0.321226835,0xbea477d8,-0.321226835,100101,0,5,0101,101010,1,2,010,0xbc0efb00,-0.00872683525,0xbc0efb00,-0.00872683525,0x80000000,-0
l1,0.0625,0,min-error,metric_min,exp1,0,1,1,3.55508327,3.55508351,3.55508327,3.55508351,2.38418579e-07,24,raw-and-scaled,6,1,fp6_e1m4,fp6_e2m3,4,3,2,409,24,exp2,14,28,14,7,0.138588727,0.203073129,-14,0x3e4ff267,0.203073129,0x3f800000,1,0x3d0bf292,0.03416688,0x3d0bf292,0.03416688,000000,0,0,0000,000001,0,1,001,0x3d0bf292,0.03416688,0x3b3f2920,0.00291687995,0xbf800000,-1
l1,0.0625,0,min-error,metric_min,exp1,0,1,1,3.55508327,3.55508351,3.55508327,3.55508351,2.38418579e-07,25,raw-and-scaled,6,1,fp6_e1m4,fp6_e2m3,4,3,2,409,25,exp2,14,28,14,7,0.138588727,0.203073129,-14,0x3e4ff267,0.203073129,0x3f800000,1,0xbd54030a,-0.0517607108,0xbd54030a,-0.0517607108,100000,0,0,0000,100001,0,1,001,0xbd54030a,-0.0517607108,0xbca80614,-0.0205107108,0xbf800000,-1
l1,0.0625,0,min-error,metric_min,exp1,0,1,1,3.55508327,3.55508351,3.55508327,3.55508351,2.38418579e-07,26,raw-and-scaled,6,1,fp6_e1m4,fp6_e2m3,4,3,2,409,26,exp2,14,28,14,7,0.138588727,0.203073129,-14,0x3e4ff267,0.203073129,0x3f800000,1,0x3f50448b,0.813545883,0x3f50448b,0.813545883,001101,0,13,1101,010101,2,5,101,0x3a891600,0.0010458827,0x3a891600,0.0010458827,0x00000000,0
l1,0.0625,0,min-error,metric_min,exp1,0,1,1,3.55508327,3.55508351,3.55508327,3.55508351,2.38418579e-07,27,raw-and-scaled,6,1,fp6_e1m4,fp6_e2m3,4,3,2,409,27,exp2,14,28,14,7,0.138588727,0.203073129,-14,0x3e4ff267,0.203073129,0x3f800000,1,0xbd22e566,-0.0397695526,0xbd22e566,-0.0397695526,100000,0,0,0000,100001,0,1,001,0xbd22e566,-0.0397695526,0xbc0b9598,-0.00851955265,0xbf800000,-1
l1,0.0625,0,min-error,metric_min,exp1,0,1,1,3.55508327,3.55508351,3.55508327,3.55508351,2.38418579e-07,28,raw-and-scaled,6,1,fp6_e1m4,fp6_e2m3,4,3,2,409,28,exp2,14,28,14,7,0.138588727,0.203073129,-14,0x3e4ff267,0.203073129,0x3f800000,1,0xbe99c5f4,-0.300338387,0xbe99c5f4,-0.300338387,100100,0,4,0100,101001,1,1,001,0xbd4e2fa0,-0.0503383875,0xbc9c5f40,-0.0190883875,0xbf800000,-1
l1,0.0625,0,min-error,metric_min,exp1,0,1,1,3.55508327,3.55508351,3.55508327,3.55508351,2.38418579e-07,29,raw-and-scaled,6,1,fp6_e1m4,fp6_e2m3,4,3,2,409,29,exp2,14,28,14,7,0.138588727,0.203073129,-14,0x3e4ff267,0.203073129,0x3f800000,1,0x3c2ed410,0.0106706768,0x3c2ed410,0.0106706768,000000,0,0,0000,000000,0,0,000,0x3c2ed410,0.0106706768,0x3c2ed410,0.0106706768,0x00000000,0
l1,0.0625,0,min-error,metric_min,exp1,0,1,1,3.55508327,3.55508351,3.55508327,3.55508351,2.38418579e-07,30,raw-and-scaled,6,1,fp6_e1m4,fp6_e2m3,4,3,2,409,30,exp2,14,28,14,7,0.138588727,0.203073129,-14,0x3e4ff267,0.203073129,0x3f800000,1,0x3fc31eb2,1.52437425,0x3fc31eb2,1.52437425,011000,1,8,1000,011100,3,4,100,0x3cc7ac80,0.0243742466,0x3cc7ac80,0.0243742466,0x00000000,0
l1,0.0625,0,min-error,metric_min,exp1,0,1,1,3.55508327,3.55508351,3.55508327,3.55508351,2.38418579e-07,31,raw-and-scaled,6,1,fp6_e1m4,fp6_e2m3,4,3,2,409,31,exp2,14,28,14,7,0.138588727,0.203073129,-14,0x3e4ff267,0.203073129,0x3f800000,1,0x3f07c962,0.530416608,0x3f07c962,0.530416608,001000,0,8,1000,010000,2,0,000,0x3cf92c40,0.0304166079,0x3cf92c40,0.0304166079,0x00000000,0
l1,0.0625,0,min-error,metric_min,exp1,0,1,1,3.55508327,3.55508351,3.55508327,3.55508351,2.38418579e-07,32,raw-and-scaled,6,1,fp6_e1m4,fp6_e2m3,4,3,2,409,32,exp2,14,28,14,7,0.138588727,0.203073129,-14,0x3e4ff267,0.203073129,0x3f800000,1,0xbfed6c32,-1.85486436,0xbfed6c32,-1.85486436,111101,1,13,1101,111110,3,6,110,0xbd2d8640,-0.0423643589,0xbdd6c320,-0.104864359,0x3f800000,1
l1,0.0625,0,min-error,metric_min,exp1,0,1,1,3.55508327,3.55508351,3.55508327,3.55508351,2.38418579e-07,33,raw-and-scaled,6,1,fp6_e1m4,fp6_e2m3,4,3,2,409,33,exp2,14,28,14,7,0.138588727,0.203073129,-14,0x3e4ff267,0.203073129,0x3f800000,1,0x3f87b98f,1.0603503,0x3f87b98f,1.0603503,010000,1,0,0000,011000,3,0,000,0x3d7731e0,0.0603502989,0x3d7731e0,0.0603502989,0x00000000,0
l1,0.0625,0,min-error,metric_min,exp1,0,1,1,3.55508327,3.55508351,3.55508327,3.55508351,2.38418579e-07,34,raw-and-scaled,6,1,fp6_e1m4,fp6_e2m3,4,3,2,409,34,exp2,14,28,14,7,0.138588727,0.203073129,-14,0x3e4ff267,0.203073129,0x3f800000,1,0x3feec286,1.86531138,0x3feec286,1.86531138,011101,1,13,1101,011110,3,6,110,0x3d5850c0,0.0528113842,0x3dec2860,0.115311384,0x3f800000,1
l1,0.0625,0,min-error,metric_min,exp1,0,1,1,3.55508327,3.55508351,3.55508327,3.55508351,2.38418579e-07,35,raw-and-scaled,6,1,fp6_e1m4,fp6_e2m3,4,3,2,409,35,exp2,14,28,14,7,0.138588727,0.203073129,-14,0x3e4ff267,0.203073129,0x3f800000,1,0x3ff4d5f6,1.91277957,0x3ff4d5f6,1.91277957,011110,1,14,1110,011111,3,7,111,0x3d1abec0,0.0377795696,0x3d1abec0,0.0377795696,0x00000000,0
l1,0.0625,0,min-error,metric_min,exp1,0,1,1,3.55508327,3.55508351,3.55508327,3.55508351,2.38418579e-07,36,raw-and-scaled,6,1,fp6_e1m4,fp6_e2m3,4,3,2,409,36,exp2,14,28,14,7,0.138588727,0.203073129,-14,0x3e4ff267,0.203073129,0x3f800000,1,0x3ef04574,0.469279885,0x3ef04574,0.469279885,000111,0,7,0111,001111,1,7,111,0x3d022ba0,0.0317798853,0x3a0ae800,0.000529885292,0xbf800000,-1
l1,0.0625,0,min-error,metric_min,exp1,0,1,1,3.55508327,3.55508351,3.55508327,3.55508351,2.38418579e-07,37,raw-and-scaled,6,1,fp6_e1m4,fp6_e2m3,4,3,2,409,37,exp2,14,28,14,7,0.138588727,0.203073129,-14,0x3e4ff267,0.203073129,0x3f800000,1,0xbf9135ce,-1.13445449,0xbf9135ce,-1.13445449,110010,1,2,0010,111001,3,1,001,0xbc1ae700,-0.00945448875,0xbc1ae700,-0.00945448875,0x00000000,0
l1,0.0625,0,min-error,metric_min,exp1,0,1,1,3.55508327,3.55508351,3.55508327,3.55508351,2.38418579e-07,38,raw-and-scaled,6,1,fp6_e1m4,fp6_e2m3,4,3,2,409,38,exp2,14,28,14,7,0.138588727,0.203073129,-14,0x3e4ff267,0.203073129,0x3f800000,1,0xbe1640d8,-0.146731734,0xbe1640d8,-0.146731734,100010,0,2,0010,100100,0,4,100,0xbcb206c0,-0.0217317343,0xbcb206c0,-0.0217317343,0x80000000,-0
l1,0.0625,0,min-error,metric_min,exp1,0,1,1,3.55508327,3.55508351,3.55508327,3.55508351,2.38418579e-07,39,raw-and-scaled,6,1,fp6_e1m4,fp6_e2m3,4,3,2,409,39,exp2,14,28,14,7,0.138588727,0.203073129,-14,0x3e4ff267,0.203073129,0x3f800000,1,0x3c5c798e,0.0134567153,0x3c5c798e,0.0134567153,000000,0,0,0000,000000,0,0,000,0x3c5c798e,0.0134567153,0x3c5c798e,0.0134567153,0x00000000,0
l1,0.0625,0,min-error,metric_min,exp1,0,1,1,3.55508327,3.55508351,3.55508327,3.55508351,2.38418579e-07,40,raw-and-scaled,6,1,fp6_e1m4,fp6_e2m3,4,3,2,409,40,exp2,14,28,14,7,0.138588727,0.203073129,-14,0x3e4ff267,0.203073129,0x3f800000,1,0xbe6a5b83,-0.228864715,0xbe6a5b83,-0.228864715,100011,0,3,0011,100111,0,7,111,0xbd296e0c,-0.0413647145,0xbc25b830,-0.0101147145,0xbf800000,-1
l1,0.0625,0,min-error,metric_min,exp1,0,1,1,3.55508327,3.55508351,3.55508327,3.55508351,2.38418579e-07,41,raw-and-scaled,6,1,fp6_e1m4,fp6_e2m3,4,3,2,409,41,exp2,14,28,14,7,0.138588727,0.203073129,-14,0x3e4ff267,0.203073129,0x3f800000,1,0x3c670f50,0.0141027719,0x3c670f50,0.0141027719,000000,0,0,0000,000000,0,0,000,0x3c670f50,0.0141027719,0x3c670f50,0.0141027719,0x00000000,0
l1,0.0625,0,min-error,metric_min,exp1,0,1,1,3.55508327,3.55508351,3.55508327,3.55508351,2.38418579e-07,42,raw-and-scaled,6,1,fp6_e1m4,fp6_e2m3,4,3,2,409,42,exp2,14,28,14,7,0.138588727,0.203073129,-14,0x3e4ff267,0.203073129,0x3f800000,1,0x3cbe4c6a,0.0232297964,0x3cbe4c6a,0.0232297964,000000,0,0,0000,000000,0,0,000,0x3cbe4c6a,0.0232297964,0x3cbe4c6a,0.0232297964,0x00000000,0
l1,0.0625,0,min-error,metric_min,exp1,0,1,1,3.55508327,3.55508351,3.55508327,3.55508351,2.38418579e-07,43,raw-and-scaled,6,1,fp6_e1m4,fp6_e2m3,4,3,2,409,43,exp2,14,28,14,7,0.138588727,0.203073129,-14,0x3e4ff267,0.203073129,0x3f800000,1,0x3f755f3c,0.958484411,0x3f755f3c,0.958484411,001111,0,15,1111,010111,2,7,111,0x3cabe780,0.0209844112,0x3cabe780,0.0209844112,0x00000000,0
l1,0.0625,0,min-error,metric_min,exp1,0,1,1,3.55508327,3.55508351,3.55508327,3.55508351,2.38418579e-07,44,raw-and-scaled,6,1,fp6_e1m4,fp6_e2m3,4,3,2,409,44,exp2,14,28,14,7,0.138588727,0.203073129,-14,0x3e4ff267,0.203073129,0x3f800000,1,0xbb8a9999,-0.00422973605,0xbb8a9999,-0.00422973605,100000,0,0,0000,100000,0,0,000,0xbb8a9999,-0.00422973605,0xbb8a9999,-0.00422973605,0x00000000,0
l1,0.0625,0,min-error,metric_min,exp1,0,1,1,3.55508327,3.55508351,3.55508327,3.55508351,2.38418579e-07,45,raw-and-scaled,6,1,fp6_e1m4,fp6_e2m3,4,3,2,409,45,exp2,14,28,14,7,0.138588727,0.203073129,-14,0x3e4ff267,0.203073129,0x3f800000,1,0x3fc3a0ba,1.52834249,0x3fc3a0ba,1.52834249,011000,1,8,1000,011100,3,4,100,0x3ce82e80,0.0283424854,0x3ce82e80,0.0283424854,0x00000000,0
l1,0.0625,0,min-error,metric_min,exp1,0,1,1,3.55508327,3.55508351,3.55508327,3.55508351,2.38418579e-07,46,raw-and-scaled,6,1,fp6_e1m4,fp6_e2m3,4,3,2,409,46,exp2,14,28,14,7,0.138588727,0.203073129,-14,0x3e4ff267,0.203073129,0x3f800000,1,0xbe96612c,-0.293710113,0xbe96612c,-0.293710113,100100,0,4,0100,101001,1,1,001,0xbd330960,-0.0437101126,0xbc4c2580,-0.0124601126,0xbf800000,-1
l1,0.0625,0,min-error,metric_min,exp1,0,1,1,3.55508327,3.55508351,3.55508327,3.55508351,2.38418579e-07,47,raw-and-scaled,6,1,fp6_e1m4,fp6_e2m3,4,3,2,409,47,exp2,14,28,14,7,0.138588727,0.203073129,-14,0x3e4ff267,0.203073129,0x3f800000,1,0xbf809866,-1.00465083,0xbf809866,-1.00465083,110000,1,0,0000,111000,3,0,000,0xbb986600,-0.00465083122,0xbb986600,-0.00465083122,0x00000000,0
l1,0.0625,0,min-error,metric_min,exp1,0,1,1,3.55508327,3.55508351,3.55508327,3.55508351,2.38418579e-07,48,raw-and-scaled,6,1,fp6_e1m4,fp6_e2m3,4,3,2,409,48,exp2,14,28,14,7,0.138588727,0.203073129,-14,0x3e4ff267,0.203073129,0x3f800000,1,0x3c7a9b28,0.0152957812,0x3c7a9b28,0.0152957812,000000,0,0,0000,000000,0,0,000,0x3c7a9b28,0.0152957812,0x3c7a9b28,0.0152957812,0x00000000,0
l1,0.0625,0,min-error,metric_min,exp1,0,1,1,3.55508327,3.55508351,3.55508327,3.55508351,2.38418579e-07,49,raw-and-scaled,6,1,fp6_e1m4,fp6_e2m3,4,3,2,409,49,exp2,14,28,14,7,0.138588727,0.203073129,-14,0x3e4ff267,0.203073129,0x3f800000,1,0xbf4a9505,-0.791336358,0xbf4a9505,-0.791336358,101100,0,12,1100,110100,2,4,100,0xbd295050,-0.0413363576,0xbd295050,-0.0413363576,0x00000000,0
l1,0.0625,0,min-error,metric_min,exp1,0,1,1,3.55508327,3.55508351,3.55508327,3.55508351,2.38418579e-07,50,raw-and-scaled,6,1,fp6_e1m4,fp6_e2m3,4,3,2,409,50,exp2,14,28,14,7,0.138588727,0.203073129,-14,0x3e4ff267,0.203073129,0x3f800000,1,0xbef2faee,-0.474570692,0xbef2faee,-0.474570692,100111,0,7,0111,101111,1,7,111,0xbd17d770,-0.0370706916,0xbbbebb80,-0.00582069159,0xbf800000,-1
l1,0.0625,0,min-error,metric_min,exp1,0,1,1,3.55508327,3.55508351,3.55508327,3.55508351,2.38418579e-07,51,raw-and-scaled,6,1,fp6_e1m4,fp6_e2m3,4,3,2,409,51,exp2,14,28,14,7,0.138588727,0.203073129,-14,0x3e4ff267,0.203073129,0x3f800000,1,0xbf663492,-0.899239659,0xbf663492,-0.899239659,101110,0,14,1110,110110,2,6,110,0xbcc69240,-0.0242396593,0xbcc69240,-0.0242396593,0x00000000,0
l1,0.0625,0,min-error,metric_min,exp1,0,1,1,3.55508327,3.55508351,3.55508327,3.55508351,2.38418579e-07,52,raw-and-scaled,6,1,fp6_e1m4,fp6_e2m3,4,3,2,409,52,exp2,14,28,14,7,0.138588727,0.203073129,-14,0x3e4ff267,0.203073129,0x3f800000,1,0xbc849c54,-0.0161878243,0xbc849c54,-0.0161878243,100000,0,0,0000,100000,0,0,000,0xbc849c54,-0.0161878243,0xbc849c54,-0.0161878243,0x00000000,0
l1,0.0625,0,min-error,metric_min,exp1,0,1,1,3.55508327,3.55508351,3.55508327,3.55508351,2.38418579e-07,53,raw-and-scaled,6,1,fp6_e1m4,fp6_e2m3,4,3,2,409,53,exp2,14,28,14,7,0.138588727,0.203073129,-14,0x3e4ff267,0.203073129,0x3f800000,1,0xbe420243,-0.189461753,0xbe420243,-0.189461753,100011,0,3,0011,100110,0,6,110,0xbb0090c0,-0.00196175277,0xbb0090c0,-0.00196175277,0x80000000,-0
l1,0.0625,0,min-error,metric_min,exp1,0,1,1,3.55508327,3.55508351,3.55508327,3.55508351,2.38418579e-07,54,raw-and-scaled,6,1,fp6_e1m4,fp6_e2m3,4,3,2,409,54,exp2,14,28,14,7,0.138588727,0.203073129,-14,0x3e4ff267,0.203073129,0x3f800000,1,0xbf2f1196,-0.68386209,0xbf2f1196,-0.68386209,101010,0,10,1010,110010,2,2,010,0xbd711960,-0.0588620901,0xbd711960,-0.0588620901,0x00000000,0
l1,0.0625,0,min-error,metric_min,exp1,0,1,1,3.55508327,3.55508351,3.55508327,3.55508351,2.38418579e-07,55,raw-and-scaled,6,1,fp6_e1m4,fp6_e2m3,4,3,2,409,55,exp2,14,28,14,7,0.138588727,0.203073129,-14,0x3e4ff267,0.203073129,0x3f800000,1,0xbf1f1516,-0.621415496,0xbf1f1516,-0.621415496,101001,0,9,1001,110001,2,1,001,0xbd715160,-0.0589154959,0xbd715160,-0.0589154959,0x00000000,0
l1,0.0625,0,min-error,metric_min,exp1,0,1,1,3.55508327,3.55508351,3.55508327,3.55508351,2.38418579e-07,56,raw-and-scaled,6,1,fp6_e1m4,fp6_e2m3,4,3,2,409,56,exp2,14,28,14,7,0.138588727,0.203073129,-14,0x3e4ff267,0.203073129,0x3f800000,1,0x3ffd0641,1.97675335,0x3ffd0641,1.97675335,011111,1,15,1111,011111,3,7,111,0x3d20c820,0.0392533541,0x3dd06410,0.101753354,0x3f800000,1
l1,0.0625,0,min-error,metric_min,exp1,0,1,1,3.55508327,3.55508351,3.55508327,3.55508351,2.38418579e-07,57,raw-and-scaled,6,1,fp6_e1m4,fp6_e2m3,4,3,2,409,57,exp2,14,28,14,7,0.138588727,0.203073129,-14,0x3e4ff267,0.203073129,0x3f800000,1,0x3e84bca7,0.259251803,0x3e84bca7,0.259251803,000100,0,4,0100,001000,1,0,000,0x3c1794e0,0.00925180316,0x3c1794e0,0.00925180316,0x80000000,-0
l1,0.0625,0,min-error,metric_min,exp1,0,1,1,3.55508327,3.55508351,3.55508327,3.55508351,2.38418579e-07,58,raw-and-scaled,6,1,fp6_e1m4,fp6_e2m3,4,3,2,409,58,exp2,14,28,14,7,0.138588727,0.203073129,-14,0x3e4ff267,0.203073129,0x3f800000,1,0xbf0a715c,-0.540792227,0xbf0a715c,-0.540792227,101000,0,8,1000,110000,2,0,000,0xbd2715c0,-0.0407922268,0xbd2715c0,-0.0407922268,0x00000000,0
l1,0.0625,0,min-error,metric_min,exp1,0,1,1,3.55508327,3.55508351,3.55508327,3.55508351,2.38418579e-07,59,raw-and-scaled,6,1,fp6_e1m4,fp6_e2m3,4,3,2,409,59,exp2,14,28,14,7,0.138588727,0.203073129,-14,0x3e4ff267,0.203073129,0x3f800000,1,0xbf6104b8,-0.878978252,0xbf6104b8,-0.878978252,101110,0,14,1110,110110,2,6,110,0xbb825c00,-0.00397825241,0xbb825c00,-0.00397825241,0x00000000,0
l1,0.0625,0,min-error,metric_min,exp1,0,1,1,3.55508327,3.55508351,3.55508327,3.55508351,2.38418579e-07,60,raw-and-scaled,6,1,fp6_e1m4,fp6_e2m3,4,3,2,409,60,exp2,14,28,14,7,0.138588727,0.203073129,-14,0x3e4ff267,0.203073129,0x3f800000,1,0x3ff3ce4e,1.90473342,0x3ff3ce4e,1.90473342,011110,1,14,1110,011111,3,7,111,0x3cf39380,0.0297334194,0x3cf39380,0.0297334194,0x00000000,0
l1,0.0625,0,min-error,metric_min,exp1,0,1,1,3.55508327,3.55508351,3.55508327,3.55508351,2.38418579e-07,61,raw-and-scaled,6,1,fp6_e1m4,fp6_e2m3,4,3,2,409,61,exp2,14,28,14,7,0.138588727,0.203073129,-14,0x3e4ff267,0.203073129,0x3f800000,1,0x3e35df7d,0.177610353,0x3e35df7d,0.177610353,000010,0,2,0010,000101,0,5,101,0x3d577df4,0.0526103526,0x3caefbe8,0.0213603526,0xbf800000,-1
l1,0.0625,0,min-error,metric_min,exp1,0,1,1,3.55508327,3.55508351,3.55508327,3.55508351,2.38418579e-07,62,raw-and-scaled,6,1,fp6_e1m4,fp6_e2m3,4,3,2,409,62,exp2,14,28,14,7,0.138588727,0.203073129,-14,0x3e4ff267,0.203073129,0x3f800000,1,0xbf74c07f,-0.956062257,0xbf74c07f,-0.956062257,101111,0,15,1111,110111,2,7,111,0xbc980fe0,-0.0185622573,0xbc980fe0,-0.0185622573,0x00000000,0
l1,0.0625,0,min-error,metric_min,exp1,0,1,1,3.55508327,3.55508351,3.55508327,3.55508351,2.38418579e-07,63,raw-and-scaled,6,1,fp6_e1m4,fp6_e2m3,4,3,2,409,63,exp2,14,28,14,7,0.138588727,0.203073129,-14,0x3e4ff267,0.203073129,0x3f800000,1,0x3f524f30,0.821520805,0x3f524f30,0.821520805,001101,0,13,1101,010101,2,5,101,0x3c13cc00,0.00902080536,0x3c13cc00,0.00902080536,0x00000000,0
l1,0.0625,0,min-error,metric_min,exp1,0,1,1,3.55508327,3.55508351,3.55508327,3.55508351,2.38418579e-07,64,raw-and-scaled,6,1,fp6_e1m4,fp6_e2m3,4,3,2,409,64,exp2,14,28,14,7,0.138588727,0.203073129,-14,0x3e4ff267,0.203073129,0x3f800000,1,0x3c6ec272,0.0145727266,0x3c6ec272,0.0145727266,000000,0,0,0000,000000,0,0,000,0x3c6ec272,0.0145727266,0x3c6ec272,0.0145727266,0x00000000,0
l1,0.0625,0,min-error,metric_min,exp1,0,1,1,3.55508327,3.55508351,3.55508327,3.55508351,2.38418579e-07,65,raw-and-scaled,6,1,fp6_e1m4,fp6_e2m3,4,3,2,409,65,exp2,14,28,14,7,0.138588727,0.203073129,-14,0x3e4ff267,0.203073129,0x3f800000,1,0xbfdfca9a,-1.74837041,0xbfdfca9a,-1.74837041,111011,1,11,1011,111101,3,5,101,0xbd795340,-0.060870409,0xbdfca9a0,-0.123370409,0x3f800000,1
l1,0.0625,0,min-error,metric_min,exp1,0,1,1,3.55508327,3.55508351,3.55508327,3.55508351,2.38418579e-07,66,raw-and-scaled,6,1,fp6_e1m4,fp6_e2m3,4,3,2,409,66,exp2,14,28,14,7,0.138588727,0.203073129,-14,0x3e4ff267,0.203073129,0x3f800000,1,0x3f3febf2,0.74969399,0x3f3febf2,0.74969399,001011,0,11,1011,010011,2,3,011,0x3d7ebf20,0.0621939898,0x3d7ebf20,0.0621939898,0x00000000,0
l1,0.0625,0,min-error,metric_min,exp1,0,1,1,3.55508327,3.55508351,3.55508327,3.55508351,2.38418579e-07,67,raw-and-scaled,6,1,fp6_e1m4,fp6_e2m3,4,3,2,409,67,exp2,14,28,14,7,0.138588727,0.203073129,-14,0x3e4ff267,0.203073129,0x3f800000,1,0xbf267a68,-0.650305271,0xbf267a68,-0.650305271,101010,0,10,1010,110010,2,2,010,0xbccf4d00,-0.0253052711,0xbccf4d00,-0.0253052711,0x00000000,0
l1,0.0625,0,min-error,metric_min,exp1,0,1,1,3.55508327,3.55508351,3.55508327,3.55508351,2.38418579e-07,68,raw-and-scaled,6,1,fp6_e1m4,fp6_e2m3,4,3,2,409,68,exp2,14,28,14,7,0.138588727,0.203073129,-14,0x3e4ff267,0.203073129,0x3f800000,1,0xbee31d9a,-0.443585217,0xbee31d9a,-0.443585217,100111,0,7,0111,101110,1,6,110,0xbbc76680,-0.006085217,0xbbc76680,-0.006085217,0x80000000,-0
l1,0.0625,0,min-error,metric_min,exp1,0,1,1,3.55508327,3.55508351,3.55508327,3.55508351,2.38418579e-07,69,raw-and-scaled,6,1,fp6_e1m4,fp6_e2m3,4,3,2,409,69,exp2,14,28,14,7,0.138588727,0.203073129,-14,0x3e4ff267,0.203073129,0x3f800000,1,0xbd199998,-0.037499994,0xbd199998,-0.037499994,100000,0,0,0000,100001,0,1,001,0xbd199998,-0.037499994,0xbbccccc0,-0.00624999404,0xbf800000,-1
l1,0.0625,0,min-error,metric_min,exp1,0,1,1,3.55508327,3.55508351,3.55508327,3.55508351,2.38418579e-07,70,raw-and-scaled,6,1,fp6_e1m4,fp6_e2m3,4,3,2,409,70,exp2,14,28,14,7,0.138588727,0.203073129,-14,0x3e4ff267,0.203073129,0x3f800000,1,0x3f0febaa,0.562189698,0x3f0febaa,0.562189698,001000,0,8,1000,010000,2,0,000,0x3d7ebaa0,0.0621896982,0x3d7ebaa0,0.0621896982,0x00000000,0
l1,0.0625,0,min-error,metric_min,exp1,0,1,1,3.55508327,3.55508351,3.55508327,3.55508351,2.38418579e-07,71,raw-and-scaled,6,1,fp6_e1m4,fp6_e2m3,4,3,2,409,71,exp2,14,28,14,7,0.138588727,0.203073129,-14,0x3e4ff267,0.203073129,0x3f800000,1,0xbebdf350,-0.370996952,0xbebdf350,-0.370996952,100101,0,5,0101,101011,1,3,011,0xbd6f9a80,-0.0584969521,0xbcdf3500,-0.0272469521,0xbf800000,-1
l1,0.0625,0,min-error,metric_min,exp1,0,1,1,3.55508327,3.55508351,3.55508327,3.55508351,2.38418579e-07,72,raw-and-scaled,6,1,fp6_e1m4,fp6_e2m3,4,3,2,409,72,exp2,14,28,14,7,0.138588727,0.203073129,-14,0x3e4ff267,0.203073129,0x3f800000,1,0xbee2952d,-0.442544371,0xbee2952d,-0.442544371,100111,0,7,0111,101110,1,6,110,0xbba54b40,-0.00504437089,0xbba54b40,-0.00504437089,0x80000000,-0
l1,0.0625,0,min-error,metric_min,exp1,0,1,1,3.55508327,3.55508351,3.55508327,3.55508351,2.38418579e-07,73,raw-and-scaled,6,1,fp6_e1m4,fp6_e2m3,4,3,2,409,73,exp2,14,28,14,7,0.138588727,0.203073129,-14,0x3e4ff267,0.203073129,0x3f800000,1,0xbffd17f2,-1.97729325,0xbffd17f2,-1.97729325,111111,1,15,1111,111111,3,7,111,0xbd22fe40,-0.0397932529,0xbdd17f20,-0.102293253,0x3f800000,1
l1,0.0625,0,min-error,metric_min,exp1,0,1,1,3.55508327,3.55508351,3.55508327,3.55508351,2.38418579e-07,74,raw-and-scaled,6,1,fp6_e1m4,fp6_e2m3,4,3,2,409,74,exp2,14,28,14,7,0.138588727,0.203073129,-14,0x3e4ff267,0.203073129,0x3f800000,1,0xbf5d0a4a,-0.863438249,0xbf5d0a4a,-0.863438249,101101,0,13,1101,110101,2,5,101,0xbd50a4a0,-0.0509382486,0xbd50a4a0,-0.0509382486,0x00000000,0
l1,0.0625,0,min-error,metric_min,exp1,0,1,1,3.55508327,3.55508351,3.55508327,3.55508351,2.38418579e-07,75,raw-and-scaled,6,1,fp6_e1m4,fp6_e2m3,4,3,2,409,75,exp2,14,28,14,7,0.138588727,0.203073129,-14,0x3e4ff267,0.203073129,0x3f800000,1,0x3f38c330,0.721728325,0x3f38c330,0.721728325,001011,0,11,1011,010011,2,3,011,0x3d0c3300,0.0342283249,0x3d0c3300,0.0342283249,0x00000000,0
l1,0.0625,0,min-error,metric_min,exp1,0,1,1,3.55508327,3.55508351,3.55508327,3.55508351,2.38418579e-07,76,raw-and-scaled,6,1,fp6_e1m4,fp6_e2m3,4,3,2,409,76,exp2,14,28,14,7,0.138588727,0.203073129,-14,0x3e4ff267,0.203073129,0x3f800000,1,0xbbd51fef,-0.00650405092,0xbbd51fef,-0.00650405092,100000,0,0,0000,100000,0,0,000,0xbbd51fef,-0.00650405092,0xbbd51fef,-0.00650405092,0x00000000,0
l1,0.0625,0,min-error,metric_min,exp1,0,1,1,3.55508327,3.55508351,3.55508327,3.55508351,2.38418579e-07,77,raw-and-scaled,6,1,fp6_e1m4,fp6_e2m3,4,3,2,409,77,exp2,14,28,14,7,0.138588727,0.203073129,-14,0x3e4ff267,0.203073129,0x3f800000,1,0x3efe6a82,0.49690634,0x3efe6a82,0.49690634,000111,0,7,0111,001111,1,7,111,0x3d735410,0.0594063401,0x3ce6a820,0.0281563401,0xbf800000,-1
l1,0.0625,0,min-error,metric_min,exp1,0,1,1,3.55508327,3.55508351,3.55508327,3.55508351,2.38418579e-07,78,raw-and-scaled,6,1,fp6_e1m4,fp6_e2m3,4,3,2,409,78,exp2,14,28,14,7,0.138588727,0.203073129,-14,0x3e4ff267,0.203073129,0x3f800000,1,0xbf739700,-0.951522827,0xbf739700,-0.951522827,101111,0,15,1111,110111,2,7,111,0xbc65c000,-0.0140228271,0xbc65c000,-0.0140228271,0x00000000,0
l1,0.0625,0,min-error,metric_min,exp1,0,1,1,3.55508327,3.55508351,3.55508327,3.55508351,2.38418579e-07,79,raw-and-scaled,6,1,fp6_e1m4,fp6_e2m3,4,3,2,409,79,exp2,14,28,14,7,0.138588727,0.203073129,-14,0x3e4ff267,0.203073129,0x3f800000,1,0x3dc79c68,0.09746629,0x3dc79c68,0.09746629,000001,0,1,0001,000011,0,3,011,0x3d0f38d0,0.03496629,0x3b738d00,0.00371629,0xbf800000,-1
l1,0.0625,0,min-error,metric_min,exp1,0,1,1,3.55508327,3.55508351,3.55508327,3.55508351,2.38418579e-07,80,raw-and-scaled,6,1,fp6_e1m4,fp6_e2m3,4,3,2,409,80,exp2,14,28,14,7,0.138588727,0.203073129,-14,0x3e4ff267,0.203073129,0x3f800000,1,0xbf3cf469,-0.738104403,0xbf3cf469,-0.738104403,101011,0,11,1011,110011,2,3,011,0xbd4f4690,-0.050604403,0xbd4f4690,-0.050604403,0x00000000,0
l1,0.0625,0,min-error,metric_min,exp1,0,1,1,3.55508327,3.55508351,3.55508327,3.55508351,2.38418579e-07,81,raw-and-scaled,6,1,fp6_e1m4,fp6_e2m3,4,3,2,409,81,exp2,14,28,14,7,0.138588727,0.203073129,-14,0x3e4ff267,0.203073129,0x3f800000,1,0xbf7acf40,-0.979724884,0xbf7acf40,-0.979724884,101111,0,15,1111,110111,2,7,111,0xbd2cf400,-0.042224884,0xbd2cf400,-0.042224884,0x00000000,0
l1,0.0625,0,min-error,metric_min,exp1,0,1,1,3.55508327,3.55508351,3.55508327,3.55508351,2.38418579e-07,82,raw-and-scaled,6,1,fp6_e1m4,fp6_e2m3,4,3,2,409,82,exp2,14,28,14,7,0.138588727,0.203073129,-14,0x3e4ff267,0.203073129,0x3f800000,1,0x3b79de72,0.00381269725,0x3b79de72,0.00381269725,000000,0,0,0000,000000,0,0,000,0x3b79de72,0.00381269725,0x3b79de72,0.00381269725,0x00000000,0
l1,0.0625,0,min-error,metric_min,exp1,0,1,1,3.55508327,3.55508351,3.55508327,3.55508351,2.38418579e-07,83,raw-and-scaled,6,1,fp6_e1m4,fp6_e2m3,4,3,2,409,83,exp2,14,28,14,7,0.138588727,0.203073129,-14,0x3e4ff267,0.203073129,0x3f800000,1,0x3d9fbcc8,0.0779967904,0x3d9fbcc8,0.0779967904,000001,0,1,0001,000010,0,2,010,0x3c7de640,0.0154967904,0x3c7de640,0.0154967904,0x80000000,-0
l1,0.0625,0,min-error,metric_min,exp1,0,1,1,3.55508327,3.55508351,3.55508327,3.55508351,2.38418579e-07,84,raw-and-scaled,6,1,fp6_e1m4,fp6_e2m3,4,3,2,409,84,exp2,14,28,14,7,0.138588727,0.203073129,-14,0x3e4ff267,0.203073129,0x3f800000,1,0x3f2495eb,0.642912567,0x3f2495eb,0.642912567,001010,0,10,1010,010010,2,2,010,0x3c92bd60,0.0179125667,0x3c92bd60,0.0179125667,0x00000000,0
l1,0.0625,0,min-error,metric_min,exp1,0,1,1,3.55508327,3.55508351,3.55508327,3.55508351,2.38418579e-07,85,raw-and-scaled,6,1,fp6_e1m4,fp6_e2m3,4,3,2,409,85,exp2,14,28,14,7,0.138588727,0.203073129,-14,0x3e4ff267,0.203073129,0x3f800000,1,0x3fd5ccb5,1.67030966,0x3fd5ccb5,1.67030966,011010,1,10,1010,011101,3,5,101,0x3d3996a0,0.0453096628,0x3d3996a0,0.0453096628,0x00000000,0
l1,0.0625,0,min-error,metric_min,exp1,0,1,1,3.55508327,3.55508351,3.55508327,3.55508351,2.38418579e-07,86,raw-and-scaled,6,1,fp6_e1m4,fp6_e2m3,4,3,2,409,86,exp2,14,28,14,7,0.138588727,0.203073129,-14,0x3e4ff267,0.203073129,0x3f800000,1,0xbeedbbb7,-0.464322776,0xbeedbbb7,-0.464322776,100111,0,7,0111,101110,1,6,110,0xbcdbbb70,-0.0268227756,0xbcdbbb70,-0.0268227756,0x80000000,-0
l1,0.0625,0,min-error,metric_min,exp1,0,1,1,3.55508327,3.55508351,3.55508327,3.55508351,2.38418579e-07,87,raw-and-scaled,6,1,fp6_e1m4,fp6_e2m3,4,3,2,409,87,exp2,14,28,14,7,0.138588727,0.203073129,-14,0x3e4ff267,0.203073129,0x3f800000,1,0x3fbdf900,1.48416138,0x3fbdf900,1.48416138,010111,1,7,0111,011011,3,3,011,0x3d3f2000,0.046661377,0x3ddf9000,0.109161377,0x3f800000,1
l1,0.0625,0,min-error,metric_min,exp1,0,1,1,3.55508327,3.55508351,3.55508327,3.55508351,2.38418579e-07,88,raw-and-scaled,6,1,fp6_e1m4,fp6_e2m3,4,3,2,409,88,exp2,14,28,14,7,0.138588727,0.203073129,-14,0x3e4ff267,0.203073129,0x3f800000,1,0x3a9af7b6,0.00118230912,0x3a9af7b6,0.00118230912,000000,0,0,0000,000000,0,0,000,0x3a9af7b6,0.00118230912,0x3a9af7b6,0.00118230912,0x00000000,0
l1,0.0625,0,min-error,metric_min,exp1,0,1,1,3.55508327,3.55508351,3.55508327,3.55508351,2.38418579e-07,89,raw-and-scaled,6,1,fp6_e1m4,fp6_e2m3,4,3,2,409,89,exp2,14,28,14,7,0.138588727,0.203073129,-14,0x3e4ff267,0.203073129,0x3f800000,1,0x3f8f3fcc,1.11913443,0x3f8f3fcc,1.11913443,010001,1,1,0001,011000,3,0,000,0x3d67f980,0.0566344261,0x3df3fcc0,0.119134426,0x3f800000,1
l1,0.0625,0,min-error,metric_min,exp1,0,1,1,3.55508327,3.55508351,3.55508327,3.55508351,2.38418579e-07,90,raw-and-scaled,6,1,fp6_e1m4,fp6_e2m3,4,3,2,409,90,exp2,14,28,14,7,0.138588727,0.203073129,-14,0x3e4ff267,0.203073129,0x3f800000,1,0xbff14c59,-1.88514245,0xbff14c59,-1.88514245,111110,1,14,1110,111111,3,7,111,0xbc262c80,-0.0101424456,0xbc262c80,-0.0101424456,0x00000000,0
l1,0.0625,0,min-error,metric_min,exp1,0,1,1,3.55508327,3.55508351,3.55508327,3.55508351,2.38418579e-07,91,raw-and-scaled,6,1,fp6_e1m4,fp6_e2m3,4,3,2,409,91,exp2,14,28,14,7,0.138588727,0.203073129,-14,0x3e4ff267,0.203073129,0x3f800000,1,0xbfb2e67c,-1.39765882,0xbfb2e67c,-1.39765882,110110,1,6,0110,111011,3,3,011,0xbcb99f00,-0.0226588249,0xbcb99f00,-0.0226588249,0x00000000,0
l1,0.0625,0,min-error,metric_min,exp1,0,1,1,3.55508327,3.55508351,3.55508327,3.55508351,2.38418579e-07,92,raw-and-scaled,6,1,fp6_e1m4,fp6_e2m3,4,3,2,409,92,exp2,14,28,14,7,0.138588727,0.203073129,-14,0x3e4ff267,0.203073129,0x3f800000,1,0xbe0267be,-0.12734887,0xbe0267be,-0.12734887,100010,0,2,0010,100100,0,4,100,0xbb19ef80,-0.00234887004,0xbb19ef80,-0.00234887004,0x80000000,-0
l1,0.0625,0,min-error,metric_min,exp1,0,1,1,3.55508327,3.55508351,3.55508327,3.55508351,2.38418579e-07,93,raw-and-scaled,6,1,fp6_e1m4,fp6_e2m3,4,3,2,409,93,exp2,14,28,14,7,0.138588727,0.203073129,-14,0x3e4ff267,0.203073129,0x3f800000,1,0x3defff98,0.117186725,0x3defff98,0.117186725,000001,0,1,0001,000011,0,3,011,0x3d5fff30,0.0546867251,0x3cbffe60,0.0234367251,0xbf800000,-1
l1,0.0625,0,min-error,metric_min,exp1,0,1,1,3.55508327,3.55508351,3.55508327,3.55508351,2.38418579e-07,94,raw-and-scaled,6,1,fp6_e1m4,fp6_e2m3,4,3,2,409,94,exp2,14,28,14,7,0.138588727,0.203073129,-14,0x3e4ff267,0.203073129,0x3f800000,1,0x3fe19f16,1.76266742,0x3fe19f16,1.76266742,011100,1,12,1100,011110,3,6,110,0x3c4f8b00,0.0126674175,0x3c4f8b00,0.0126674175,0x00000000,0
l1,0.0625,0,min-error,metric_min,exp1,0,1,1,3.55508327,3.55508351,3.55508327,3.55508351,2.38418579e-07,95,raw-and-scaled,6,1,fp6_e1m4,fp6_e2m3,4,3,2,409,95,exp2,14,28,14,7,0.138588727,0.203073129,-14,0x3e4ff267,0.203073129,0x3f800000,1,0x3d12fcc0,0.0358855724,0x3d12fcc0,0.0358855724,000000,0,0,0000,000001,0,1,001,0x3d12fcc0,0.0358855724,0x3b97e600,0.00463557243,0xbf800000,-1
l1,0.0625,0,min-error,metric_min,exp1,0,1,1,3.55508327,3.55508351,3.55508327,3.55508351,2.38418579e-07,96,raw-and-scaled,6,1,fp6_e1m4,fp6_e2m3,4,3,2,409,96,exp2,14,28,14,7,0.138588727,0.203073129,-14,0x3e4ff267,0.203073129,0x3f800000,1,0xbf555f9a,-0.833490014,0xbf555f9a,-0.833490014,101101,0,13,1101,110101,2,5,101,0xbcabf340,-0.0209900141,0xbcabf340,-0.0209900141,0x00000000,0
l1,0.0625,0,min-error,metric_min,exp1,0,1,1,3.55508327,3.55508351,3.55508327,3.55508351,2.38418579e-07,97,raw-and-scaled,6,1,fp6_e1m4,fp6_e2m3,4,3,2,409,97,exp2,14,28,14,7,0.138588727,0.203073129,-14,0x3e4ff267,0.203073129,0x3f800000,1,0xbf05cf8a,-0.522698045,0xbf05cf8a,-0.522698045,101000,0,8,1000,110000,2,0,000,0xbcb9f140,-0.0226980448,0xbcb9f140,-0.0226980448,0x00000000,0
l1,0.0625,0,min-error,metric_min,exp1,0,1,1,3.55508327,3.55508351,3.55508327,3.55508351,2.38418579e-07,98,raw-and-scaled,6,1,fp6_e1m4,fp6_e2m3,4,3,2,409,98,exp2,14,28,14,7,0.138588727,0.203073129,-14,0x3e4ff267,0.203073129,0x3f800000,1,0x3e8c6546,0.274210155,0x3e8c6546,0.274210155,000100,0,4,0100,001000,1,0,000,0x3cc65460,0.024210155,0x3cc65460,0.024210155,0x80000000,-0
l1,0.0625,0,min-error,metric_min,exp1,0,1,1,3.55508327,3.55508351,3.55508327,3.55508351,2.38418579e-07,99,raw-and-scaled,6,1,fp6_e1m4,fp6_e2m3,4,3,2,409,99,exp2,14,28,14,7,0.138588727,0.203073129,-14,0x3e4ff267,0.203073129,0x3f800000,1,0x3ef057f3,0.469420999,0x3ef057f3,0.469420999,000111,0,7,0111,001111,1,7,111,0x3d02bf98,0.0319209993,0x3a2fe600,0.000670999289,0xbf800000,-1
l1,0.0625,0,min-error,metric_min,exp1,0,1,1,3.55508327,3.55508351,3.55508327,3.55508351,2.38418579e-07,100,raw-and-scaled,6,1,fp6_e1m4,fp6_e2m3,4,3,2,409,100,exp2,14,28,14,7,0.138588727,0.203073129,-14,0x3e4ff267,0.203073129,0x3f800000,1,0xbbdc19b4,-0.00671693124,0xbbdc19b4,-0.00671693124,100000,0,0,0000,100000,0,0,000,0xbbdc19b4,-0.00671693124,0xbbdc19b4,-0.00671693124,0x00000000,0
l1,0.0625,0,min-error,metric_min,exp1,0,1,1,3.55508327,3.55508351,3.55508327,3.55508351,2.38418579e-07,101,raw-and-scaled,6,1,fp6_e1m4,fp6_e2m3,4,3,2,409,101,exp2,14,28,14,7,0.138588727,0.203073129,-14,0x3e4ff267,0.203073129,0x3f800000,1,0x3c3eb326,0.011639392,0x3c3eb326,0.011639392,000000,0,0,0000,000000,0,0,000,0x3c3eb326,0.011639392,0x3c3eb326,0.011639392,0x00000000,0
l1,0.0625,0,min-error,metric_min,exp1,0,1,1,3.55508327,3.55508351,3.55508327,3.55508351,2.38418579e-07,102,raw-and-scaled,6,1,fp6_e1m4,fp6_e2m3,4,3,2,409,102,exp2,14,28,14,7,0.138588727,0.203073129,-14,0x3e4ff267,0.203073129,0x3f800000,1,0x3fbbf726,1.46847987,0x3fbbf726,1.46847987,010111,1,7,0111,011011,3,3,011,0x3cfdc980,0.0309798717,0x3dbf7260,0.0934798717,0x3f800000,1
l1,0.0625,0,min-error,metric_min,exp1,0,1,1,3.55508327,3.55508351,3.55508327,3.55508351,2.38418579e-07,103,raw-and-scaled,6,1,fp6_e1m4,fp6_e2m3,4,3,2,409,103,exp2,14,28,14,7,0.138588727,0.203073129,-14,0x3e4ff267,0.203073129,0x3f800000,1,0x3dd89b63,0.105765127,0x3dd89b63,0.105765127,000001,0,1,0001,000011,0,3,011,0x3d3136c6,0.0432651266,0x3c44db18,0.0120151266,0xbf800000,-1
l1,0.0625,0,min-error,metric_min,exp1,0,1,1,3.55508327,3.55508351,3.55508327,3.55508351,2.38418579e-07,104,raw-and-scaled,6,1,fp6_e1m4,fp6_e2m3,4,3,2,409,104,exp2,14,28,14,7,0.138588727,0.203073129,-14,0x3e4ff267,0.203073129,0x3f800000,1,0x3cb8eda0,0.0225742459,0x3cb8eda0,0.0225742459,000000,0,0,0000,000000,0,0,000,0x3cb8eda0,0.0225742459,0x3cb8eda0,0.0225742459,0x00000000,0
l1,0.0625,0,min-error,metric_min,exp1,0,1,1,3.55508327,3.55508351,3.55508327,3.55508351,2.38418579e-07,105,raw-and-scaled,6,1,fp6_e1m4,fp6_e2m3,4,3,2,409,105,exp2,14,28,14,7,0.138588727,0.203073129,-14,0x3e4ff267,0.203073129,0x3f800000,1,0xbf5375ba,-0.826015115,0xbf5375ba,-0.826015115,101101,0,13,1101,110101,2,5,101,0xbc5d6e80,-0.0135151148,0xbc5d6e80,-0.0135151148,0x00000000,0
l1,0.0625,0,min-error,metric_min,exp1,0,1,1,3.55508327,3.55508351,3.55508327,3.55508351,2.38418579e-07,106,raw-and-scaled,6,1,fp6_e1m4,fp6_e2m3,4,3,2,409,106,exp2,14,28,14,7,0.138588727,0.203073129,-14,0x3e4ff267,0.203073129,0x3f800000,1,0xbdeeb6a1,-0.116559274,0xbdeeb6a1,-0.116559274,100001,0,1,0001,100011,0,3,011,0xbd5d6d42,-0.0540592745,0xbcbada84,-0.0228092745,0xbf800000,-1
l1,0.0625,0,min-error,metric_min,exp1,0,1,1,3.55508327,3.55508351,3.55508327,3.55508351,2.38418579e-07,107,raw-and-scaled,6,1,fp6_e1m4,fp6_e2m3,4,3,2,409,107,exp2,14,28,14,7,0.138588727,0.203073129,-14,0x3e4ff267,0.203073129,0x3f800000,1,0x3aac3d94,0.00131409103,0x3aac3d94,0.00131409103,000000,0,0,0000,000000,0,0,000,0x3aac3d94,0.00131409103,0x3aac3d94,0.00131409103,0x00000000,0
l1,0.0625,0,min-error,metric_min,exp1,0,1,1,3.55508327,3.55508351,3.55508327,3.55508351,2.38418579e-07,108,raw-and-scaled,6,1,fp6_e1m4,fp6_e2m3,4,3,2,409,108,exp2,14,28,14,7,0.138588727,0.203073129,-14,0x3e4ff267,0.203073129,0x3f800000,1,0xbfad5a52,-1.35431886,0xbfad5a52,-1.35431886,110101,1,5,0101,111010,3,2,010,0xbd2b4a40,-0.0418188572,0xbdd5a520,-0.104318857,0x3f800000,1
l1,0.0625,0,min-error,metric_min,exp1,0,1,1,3.55508327,3.55508351,3.55508327,3.55508351,2.38418579e-07,109,raw-and-scaled,6,1,fp6_e1m4,fp6_e2m3,4,3,2,409,109,exp2,14,28,14,7,0.138588727,0.203073129,-14,0x3e4ff267,0.203073129,0x3f800000,1,0x3fb0337c,1.37657118,0x3fb0337c,1.37657118,010110,1,6,0110,011011,3,3,011,0x3acdf000,0.00157117844,0x3acdf000,0.00157117844,0x00000000,0
l1,0.0625,0,min-error,metric_min,exp1,0,1,1,3.55508327,3.55508351,3.55508327,3.55508351,2.38418579e-07,110,raw-and-scaled,6,1,fp6_e1m4,fp6_e2m3,4,3,2,409,110,exp2,14,28,14,7,0.138588727,0.203073129,-14,0x3e4ff267,0.203073129,0x3f800000,1,0xbe65c166,-0.224370569,0xbe65c166,-0.224370569,100011,0,3,0011,100111,0,7,111,0xbd170598,-0.036870569,0xbbb82cc0,-0.00562056899,0xbf800000,-1
l1,0.0625,0,min-error,metric_min,exp1,0,1,1,3.55508327,3.55508351,3.55508327,3.55508351,2.38418579e-07,111,raw-and-scaled,6,1,fp6_e1m4,fp6_e2m3,4,3,2,409,111,exp2,14,28,14,7,0.138588727,0.203073129,-14,0x3e4ff267,0.203073129,0x3f800000,1,0x3d88d97e,0.0668210834,0x3d88d97e,0.0668210834,000001,0,1,0001,000010,0,2,010,0x3b8d97e0,0.00432108343,0x3b8d97e0,0.00432108343,0x80000000,-0
l1,0.0625,0,min-error,metric_min,exp1,0,1,1,3.55508327,3.55508351,3.55508327,3.55508351,2.38418579e-07,112,raw-and-scaled,6,1,fp6_e1m4,fp6_e2m3,4,3,2,409,112,exp2,14,28,14,7,0.138588727,0.203073129,-14,0x3e4ff267,0.203073129,0x3f800000,1,0x3f88209c,1.06349516,0x3f88209c,1.06349516,010001,1,1,0001,011000,3,0,000,0x3a827000,0.000995159149,0x3d8209c0,0.0634951591,0x3f800000,1
l1,0.0625,0,min-error,metric_min,exp1,0,1,1,3.55508327,3.55508351,3.55508327,3.55508351,2.38418579e-07,113,raw-and-scaled,6,1,fp6_e1m4,fp6_e2m3,4,3,2,409,113,exp2,14,28,14,7,0.138588727,0.203073129,-14,0x3e4ff267,0.203073129,0x3f800000,1,0x3f41de13,0.757294834,0x3f41de13,0.757294834,001100,0,12,1100,010100,2,4,100,0x3bef0980,0.00729483366,0x3bef0980,0.00729483366,0x00000000,0
l1,0.0625,0,min-error,metric_min,exp1,0,1,1,3.55508327,3.55508351,3.55508327,3.55508351,2.38418579e-07,114,raw-and-scaled,6,1,fp6_e1m4,fp6_e2m3,4,3,2,409,114,exp2,14,28,14,7,0.138588727,0.203073129,-14,0x3e4ff267,0.203073129,0x3f800000,1,0x3f948f6e,1.16062713,0x3f948f6e,1.16062713,010010,1,2,0010,011001,3,1,001,0x3d11edc0,0.0356271267,0x3d11edc0,0.0356271267,0x00000000,0
l1,0.0625,0,min-error,metric_min,exp1,0,1,1,3.55508327,3.55508351,3.55508327,3.55508351,2.38418579e-07,115,raw-and-scaled,6,1,fp6_e1m4,fp6_e2m3,4,3,2,409,115,exp2,14,28,14,7,0.138588727,0.203073129,-14,0x3e4ff267,0.203073129,0x3f800000,1,0x3ef56036,0.479249656,0x3ef56036,0.479249656,000111,0,7,0111,001111,1,7,111,0x3d2b01b0,0.0417496562,0x3c2c06c0,0.0104996562,0xbf800000,-1
l1,0.0625,0,min-error,metric_min,exp1,0,1,1,3.55508327,3.55508351,3.55508327,3.55508351,2.38418579e-07,116,raw-and-scaled,6,1,fp6_e1m4,fp6_e2m3,4,3,2,409,116,exp2,14,28,14,7,0.138588727,0.203073129,-14,0x3e4ff267,0.203073129,0x3f800000,1,0x3fe476f2,1.78487992,0x3fe476f2,1.78487992,011100,1,12,1100,011110,3,6,110,0x3d0ede40,0.0348799229,0x3d0ede40,0.0348799229,0x00000000,0
l1,0.0625,0,min-error,metric_min,exp1,0,1,1,3.55508327,3.55508351,3.55508327,3.55508351,2.38418579e-07,117,raw-and-scaled,6,1,fp6_e1m4,fp6_e2m3,4,3,2,409,117,exp2,14,28,14,7,0.138588727,0.203073129,-14,0x3e4ff267,0.203073129,0x3f800000,1,0x3de42ad2,0.111409798,0x3de42ad2,0.111409798,000001,0,1,0001,000011,0,3,011,0x3d4855a4,0.0489097983,0x3c90ab48,0.0176597983,0xbf800000,-1
l1,0.0625,0,min-error,metric_min,exp1,0,1,1,3.55508327,3.55508351,3.55508327,3.55508351,2.38418579e-07,118,raw-and-scaled,6,1,fp6_e1m4,fp6_e2m3,4,3,2,409,118,exp2,14,28,14,7,0.138588727,0.203073129,-14,0x3e4ff267,0.203073129,0x3f800000,1,0xbe12aac6,-0.143229574,0xbe12aac6,-0.143229574,100010,0,2,0010,100100,0,4,100,0xbc955630,-0.018229574,0xbc955630,-0.018229574,0x80000000,-0
l1,0.0625,0,min-error,metric_min,exp1,0,1,1,3.55508327,3.55508351,3.55508327,3.55508351,2.38418579e-07,119,raw-and-scaled,6,1,fp6_e1m4,fp6_e2m3,4,3,2,409,119,exp2,14,28,14,7,0.138588727,0.203073129,-14,0x3e4ff267,0.203073129,0x3f800000,1,0x3d3066a0,0.0430666208,0x3d3066a0,0.0430666208,000000,0,0,0000,000001,0,1,001,0x3d3066a0,0.0430666208,0x3c419a80,0.0118166208,0xbf800000,-1
l1,0.0625,0,min-error,metric_min,exp1,0,1,1,3.55508327,3.55508351,3.55508327,3.55508351,2.38418579e-07,120,raw-and-scaled,6,1,fp6_e1m4,fp6_e2m3,4,3,2,409,120,exp2,14,28,14,7,0.138588727,0.203073129,-14,0x3e4ff267,0.203073129,0x3f800000,1,0x3efadf0c,0.489982963,0x3efadf0c,0.489982963,000111,0,7,0111,001111,1,7,111,0x3d56f860,0.0524829626,0x3cadf0c0,0.0212329626,0xbf800000,-1
l1,0.0625,0,min-error,metric_min,exp1,0,1,1,3.55508327,3.55508351,3.55508327,3.55508351,2.38418579e-07,121,raw-and-scaled,6,1,fp6_e1m4,fp6_e2m3,4,3,2,409,121,exp2,14,28,14,7,0.138588727,0.203073129,-14,0x3e4ff267,0.203073129,0x3f800000,1,0xbfe14bb7,-1.76012313,0xbfe14bb7,-1.76012313,111100,1,12,1100,111110,3,6,110,0xbc25db80,-0.0101231337,0xbc25db80,-0.0101231337,0x00000000,0
l1,0.0625,0,min-error,metric_min,exp1,0,1,1,3.55508327,3.55508351,3.55508327,3.55508351,2.38418579e-07,122,raw-and-scaled,6,1,fp6_e1m4,fp6_e2m3,4,3,2,409,122,exp2,14,28,14,7,0.138588727,0.203073129,-14,0x3e4ff267,0.203073129,0x3f800000,1,0xbf29dfd4,-0.663571596,0xbf29dfd4,-0.663571596,101010,0,10,1010,110010,2,2,010,0xbd1dfd40,-0.0385715961,0xbd1dfd40,-0.0385715961,0x00000000,0
l1,0.0625,0,min-error,metric_min,exp1,0,1,1,3.55508327,3.55508351,3.55508327,3.55508351,2.38418579e-07,123,raw-and-scaled,6,1,fp6_e1m4,fp6_e2m3,4,3,2,409,123,exp2,14,28,14,7,0.138588727,0.203073129,-14,0x3e4ff267,0.203073129,0x3f800000,1,0x3eb8d183,0.360973448,0x3eb8d183,0.360973448,000101,0,5,0101,001011,1,3,011,0x3d468c18,0.0484734476,0x3c8d1830,0.0172234476,0xbf800000,-1
l1,0.0625,0,min-error,metric_min,exp1,0,1,1,3.55508327,3.55508351,3.55508327,3.55508351,2.38418579e-07,124,raw-and-scaled,6,1,fp6_e1m4,fp6_e2m3,4,3,2,409,124,exp2,14,28,14,7,0.138588727,0.203073129,-14,0x3e4ff267,0.203073129,0x3f800000,1,0xbcb6dd2e,-0.0223222636,0xbcb6dd2e,-0.0223222636,100000,0,0,0000,100000,0,0,000,0xbcb6dd2e,-0.0223222636,0xbcb6dd2e,-0.0223222636,0x00000000,0
l1,0.0625,0,min-error,metric_min,exp1,0,1,1,3.55508327,3.55508351,3.55508327,3.55508351,2.38418579e-07,125,raw-and-scaled,6,1,fp6_e1m4,fp6_e2m3,4,3,2,409,125,exp2,14,28,14,7,0.138588727,0.203073129,-14,0x3e4ff267,0.203073129,0x3f800000,1,0x3f203ac4,0.625896692,0x3f203ac4,0.625896692,001010,0,10,1010,010010,2,2,010,0x3a6b1000,0.000896692276,0x3a6b1000,0.000896692276,0x00000000,0
l1,0.0625,0,min-error,metric_min,exp1,0,1,1,3.55508327,3.55508351,3.55508327,3.55508351,2.38418579e-07,126,raw-and-scaled,6,1,fp6_e1m4,fp6_e2m3,4,3,2,409,126,exp2,14,28,14,7,0.138588727,0.203073129,-14,0x3e4ff267,0.203073129,0x3f800000,1,0x3f0bdee7,0.54636997,0x3f0bdee7,0.54636997,001000,0,8,1000,010000,2,0,000,0x3d3dee70,0.0463699698,0x3d3dee70,0.0463699698,0x00000000,0
l1,0.0625,0,min-error,metric_min,exp1,0,1,1,3.55508327,3.55508351,3.55508327,3.55508351,2.38418579e-07,127,raw-and-scaled,6,1,fp6_e1m4,fp6_e2m3,4,3,2,409,127,exp2,14,28,14,7,0.138588727,0.203073129,-14,0x3e4ff267,0.203073129,0x3f800000,1,0xbff56102,-1.91702294,0xbff56102,-1.91702294,111110,1,14,1110,111111,3,7,111,0xbd2c2040,-0.0420229435,0xbd2c2040,-0.0420229435,0x00000000,0
l1,0.0625,0,min-error,metric_min,exp1,0,1,1,2.67976189,2.67976213,2.67976189,2.67976213,2.38418579e-07,0,raw-and-scaled,6,1,fp6_e1m4,fp6_e2m3,4,3,2,602,0,exp2,11,22,11,5,0.0982141644,0.139260799,-11,0x3e0e9a62,0.139260799,0x3f800000,1,0xbd804040,-0.0626225471,0xbd804040,-0.0626225471,100001,0,1,0001,100010,0,2,010,0xb9008000,-0.00012254715,0xb9008000,-0.00012254715,0x80000000,-0
l1,0.0625,0,min-error,metric_min,exp1,0,1,1,2.67976189,2.67976213,2.67976189,2.67976213,2.38418579e-07,1,raw-and-scaled,6,1,fp6_e1m4,fp6_e2m3,4,3,2,602,1,exp2,11,22,11,5,0.0982141644,0.139260799,-11,0x3e0e9a62,0.139260799,0x3f800000,1,0xbe860200,-0.261734009,0xbe860200,-0.261734009,100100,0,4,0100,101000,1,0,000,0xbc404000,-0.0117340088,0xbc404000,-0.0117340088,0x80000000,-0
l1,0.0625,0,min-error,metric_min,exp1,0,1,1,2.67976189,2.67976213,2.67976189,2.67976213,2.38418579e-07,2,raw-and-scaled,6,1,fp6_e1m4,fp6_e2m3,4,3,2,602,2,exp2,11,22,11,5,0.0982141644,0.139260799,-11,0x3e0e9a62,0.139260799,0x3f800000,1,0xbe09fe00,-0.134757996,0xbe09fe00,-0.134757996,100010,0,2,0010,100100,0,4,100,0xbc1fe000,-0.00975799561,0xbc1fe000,-0.00975799561,0x80000000,-0
l1,0.0625,0,min-error,metric_min,exp1,0,1,1,2.67976189,2.67976213,2.67976189,2.67976213,2.38418579e-07,3,raw-and-scaled,6,1,fp6_e1m4,fp6_e2m3,4,3,2,602,3,exp2,11,22,11,5,0.0982141644,0.139260799,-11,0x3e0e9a62,0.139260799,0x3f800000,1,0xbb37f800,-0.00280714035,0xbb37f800,-0.00280714035,100000,0,0,0000,100000,0,0,000,0xbb37f800,-0.00280714035,0xbb37f800,-0.00280714035,0x00000000,0
l1,0.0625,0,min-error,metric_min,exp1,0,1,1,2.67976189,2.67976213,2.67976189,2.67976213,2.38418579e-07,4,raw-and-scaled,6,1,fp6_e1m4,fp6_e2m3,4,3,2,602,4,exp2,11,22,11,5,0.0982141644,0.139260799,-11,0x3e0e9a62,0.139260799,0x3f800000,1,0xbf08ff00,-0.535140991,0xbf08ff00,-0.535140991,101000,0,8,1000,110000,2,0,000,0xbd0ff000,-0.0351409912,0xbd0ff000,-0.0351409912,0x00000000,0
l1,0.0625,0,min-error,metric_min,exp1,0,1,1,2.67976189,2.67976213,2.67976189,2.67976213,2.38418579e-07,5,raw-and-scaled,6,1,fp6_e1m4,fp6_e2m3,4,3,2,602,5,exp2,11,22,11,5,0.0982141644,0.139260799,-11,0x3e0e9a62,0.139260799,0x3f800000,1,0x3c2c0400,0.0104990005,0x3c2c0400,0.0104990005,000000,0,0,0000,000000,0,0,000,0x3c2c0400,0.0104990005,0x3c2c0400,0.0104990005,0x00000000,0
l1,0.0625,0,min-error,metric_min,exp1,0,1,1,2.67976189,2.67976213,2.67976189,2.67976213,2.38418579e-07,6,raw-and-scaled,6,1,fp6_e1m4,fp6_e2m3,4,3,2,602,6,exp2,11,22,11,5,0.0982141644,0.139260799,-11,0x3e0e9a62,0.139260799,0x3f800000,1,0x3c833fc0,0.0160216093,0x3c833fc0,0.0160216093,000000,0,0,0000,000000,0,0,000,0x3c833fc0,0.0160216093,0x3c833fc0,0.0160216093,0x00000000,0
l1,0.0625,0,min-error,metric_min,exp1,0,1,1,2.67976189,2.67976213,2.67976189,2.67976213,2.38418579e-07,7,raw-and-scaled,6,1,fp6_e1m4,fp6_e2m3,4,3,2,602,7,exp2,11,22,11,5,0.0982141644,0.139260799,-11,0x3e0e9a62,0.139260799,0x3f800000,1,0x3f8f0100,1.11721802,0x3f8f0100,1.11721802,010001,1,1,0001,011000,3,0,000,0x3d602000,0.0547180176,0x3df01000,0.117218018,0x3f800000,1
l1,0.0625,0,min-error,metric_min,exp1,0,1,1,2.67976189,2.67976213,2.67976189,2.67976213,2.38418579e-07,8,raw-and-scaled,6,1,fp6_e1m4,fp6_e2m3,4,3,2,602,8,exp2,11,22,11,5,0.0982141644,0.139260799,-11,0x3e0e9a62,0.139260799,0x3f800000,1,0x3a844040,0.00100899488,0x3a844040,0.00100899488,000000,0,0,0000,000000,0,0,000,0x3a844040,0.00100899488,0x3a844040,0.00100899488,0x00000000,0
l1,0.0625,0,min-error,metric_min,exp1,0,1,1,2.67976189,2.67976213,2.67976189,2.67976213,2.38418579e-07,9,raw-and-scaled,6,1,fp6_e1m4,fp6_e2m3,4,3,2,602,9,exp2,11,22,11,5,0.0982141644,0.139260799,-11,0x3e0e9a62,0.139260799,0x3f800000,1,0xbe4bfc00,-0.199203491,0xbe4bfc00,-0.199203491,100011,0,3,0011,100110,0,6,110,0xbc3fc000,-0.0117034912,0xbc3fc000,-0.0117034912,0x80000000,-0
l1,0.0625,0,min-error,metric_min,exp1,0,1,1,2.67976189,2.67976213,2.67976189,2.67976213,2.38418579e-07,10,raw-and-scaled,6,1,fp6_e1m4,fp6_e2m3,4,3,2,602,10,exp2,11,22,11,5,0.0982141644,0.139260799,-11,0x3e0e9a62,0.139260799,0x3f800000,1,0xbc053fc0,-0.00813287497,0xbc053fc0,-0.00813287497,100000,0,0,0000,100000,0,0,000,0xbc053fc0,-0.00813287497,0xbc053fc0,-0.00813287497,0x00000000,0
l1,0.0625,0,min-error,metric_min,exp1,0,1,1,2.67976189,2.67976213,2.67976189,2.67976213,2.38418579e-07,11,raw-and-scaled,6,1,fp6_e1m4,fp6_e2m3,4,3,2,602,11,exp2,11,22,11,5,0.0982141644,0.139260799,-11,0x3e0e9a62,0.139260799,0x3f800000,1,0x3c2e0200,0.010620594,0x3c2e0200,0.010620594,000000,0,0,0000,000000,0,0,000,0x3c2e0200,0.010620594,0x3c2e0200,0.010620594,0x00000000,0
l1,0.0625,0,min-error,metric_min,exp1,0,1,1,2.67976189,2.67976213,2.67976189,2.67976213,2.38418579e-07,12,raw-and-scaled,6,1,fp6_e1m4,fp6_e2m3,4,3,2,602,12,exp2,11,22,11,5,0.0982141644,0.139260799,-11,0x3e0e9a62,0.139260799,0x3f800000,1,0xbec7f800,-0.390563965,0xbec7f800,-0.390563965,100110,0,6,0110,101100,1,4,100,0xbc7f0000,-0.0155639648,0xbc7f0000,-0.0155639648,0x80000000,-0
l1,0.0625,0,min-error,metric_min,exp1,0,1,1,2.67976189,2.67976213,2.67976189,2.67976213,2.38418579e-07,13,raw-and-scaled,6,1,fp6_e1m4,fp6_e2m3,4,3,2,602,13,exp2,11,22,11,5,0.0982141644,0.139260799,-11,0x3e0e9a62,0.139260799,0x3f800000,1,0x3f06c040,0.526371002,0x3f06c040,0.526371002,001000,0,8,1000,010000,2,0,000,0x3cd80800,0.0263710022,0x3cd80800,0.0263710022,0x00000000,0
l1,0.0625,0,min-error,metric_min,exp1,0,1,1,2.67976189,2.67976213,2.67976189,2.67976213,2.38418579e-07,14,raw-and-scaled,6,1,fp6_e1m4,fp6_e2m3,4,3,2,602,14,exp2,11,22,11,5,0.0982141644,0.139260799,-11,0x3e0e9a62,0.139260799,0x3f800000,1,0xbe873fc0,-0.264158249,0xbe873fc0,-0.264158249,100100,0,4,0100,101000,1,0,000,0xbc67f800,-0.0141582489,0xbc67f800,-0.0141582489,0x80000000,-0
l1,0.0625,0,min-error,metric_min,exp1,0,1,1,2.67976189,2.67976213,2.67976189,2.67976213,2.38418579e-07,15,raw-and-scaled,6,1,fp6_e1m4,fp6_e2m3,4,3,2,602,15,exp2,11,22,11,5,0.0982141644,0.139260799,-11,0x3e0e9a62,0.139260799,0x3f800000,1,0xbf8f8080,-1.12110901,0xbf8f8080,-1.12110901,110001,1,1,0001,111000,3,0,000,0xbd701000,-0.0586090088,0xbdf80800,-0.121109009,0x3f800000,1
l1,0.0625,0,min-error,metric_min,exp1,0,1,1,2.67976189,2.67976213,2.67976189,2.67976213,2.38418579e-07,16,raw-and-scaled,6,1,fp6_e1m4,fp6_e2m3,4,3,2,602,16,exp2,11,22,11,5,0.0982141644,0.139260799,-11,0x3e0e9a62,0.139260799,0x3f800000,1,0x3d83fc00,0.0644454956,0x3d83fc00,0.0644454956,000001,0,1,0001,000010,0,2,010,0x3aff0000,0.00194549561,0x3aff0000,0.00194549561,0x80000000,-0
l1,0.0625,0,min-error,metric_min,exp1,0,1,1,2.67976189,2.67976213,2.67976189,2.67976213,2.38418579e-07,17,raw-and-scaled,6,1,fp6_e1m4,fp6_e2m3,4,3,2,602,17,exp2,11,22,11,5,0.0982141644,0.139260799,-11,0x3e0e9a62,0.139260799,0x3f800000,1,0xbe17f800,-0.148406982,0xbe17f800,-0.148406982,100010,0,2,0010,100100,0,4,100,0xbcbfc000,-0.0234069824,0xbcbfc000,-0.0234069824,0x80000000,-0
l1,0.0625,0,min-error,metric_min,exp1,0,1,1,2.67976189,2.67976213,2.67976189,2.67976213,2.38418579e-07,18,raw-and-scaled,6,1,fp6_e1m4,fp6_e2m3,4,3,2,602,18,exp2,11,22,11,5,0.0982141644,0.139260799,-11,0x3e0e9a62,0.139260799,0x3f800000,1,0xbf27f800,-0.65612793,0xbf27f800,-0.65612793,101010,0,10,1010,110010,2,2,010,0xbcff0000,-0.0311279297,0xbcff0000,-0.0311279297,0x00000000,0
l1,0.0625,0,min-error,metric_min,exp1,0,1,1,2.67976189,2.67976213,2.67976189,2.67976213,2.38418579e-07,19,raw-and-scaled,6,1,fp6_e1m4,fp6_e2m3,4,3,2,602,19,exp2,11,22,11,5,0.0982141644,0.139260799,-11,0x3e0e9a62,0.139260799,0x3f800000,1,0xba938080,-0.00112535059,0xba938080,-0.00112535059,100000,0,0,0000,100000,0,0,000,0xba938080,-0.00112535059,0xba938080,-0.00112535059,0x00000000,0
l1,0.0625,0,min-error,metric_min,exp1,0,1,1,2.67976189,2.67976213,2.67976189,2.67976213,2.38418579e-07,20,raw-and-scaled,6,1,fp6_e1m4,fp6_e2m3,4,3,2,602,20,exp2,11,22,11,5,0.0982141644,0.139260799,-11,0x3e0e9a62,0.139260799,0x3f800000,1,0xbad20200,-0.00160223246,0xbad20200,-0.00160223246,100000,0,0,0000,100000,0,0,000,0xbad20200,-0.00160223246,0xbad20200,-0.00160223246,0x00000000,0
l1,0.0625,0,min-error,metric_min,exp1,0,1,1,2.67976189,2.67976213,2.67976189,2.67976213,2.38418579e-07,21,raw-and-scaled,6,1,fp6_e1m4,fp6_e2m3,4,3,2,602,21,exp2,11,22,11,5,0.0982141644,0.139260799,-11,0x3e0e9a62,0.139260799,0x3f800000,1,0x3e958080,0.291996002,0x3e958080,0.291996002,000100,0,4,0100,001001,1,1,001,0x3d2c0400,0.0419960022,0x3c301000,0.0107460022,0xbf800000,-1
l1,0.0625,0,min-error,metric_min,exp1,0,1,1,2.67976189,2.67976213,2.67976189,2.67976213,2.38418579e-07,22,raw-and-scaled,6,1,fp6_e1m4,fp6_e2m3,4,3,2,602,22,exp2,11,22,11,5,0.0982141644,0.139260799,-11,0x3e0e9a62,0.139260799,0x3f800000,1,0x3eb3fc00,0.351531982,0x3eb3fc00,0.351531982,000101,0,5,0101,001011,1,3,011,0x3d1fe000,0.0390319824,0x3bff0000,0.00778198242,0xbf800000,-1
l1,0.0625,0,min-error,metric_min,exp1,0,1,1,2.67976189,2.67976213,2.67976189,2.67976213,2.38418579e-07,23,raw-and-scaled,6,1,fp6_e1m4,fp6_e2m3,4,3,2,602,23,exp2,11,22,11,5,0.0982141644,0.139260799,-11,0x3e0e9a62,0.139260799,0x3f800000,1,0xbf178080,-0.591804504,0xbf178080,-0.591804504,101001,0,9,1001,110001,2,1,001,0xbcf01000,-0.0293045044,0xbcf01000,-0.0293045044,0x00000000,0
l1,0.0625,0,min-error,metric_min,exp1,0,1,1,2.67976189,2.67976213,2.67976189,2.67976213,2.38418579e-07,24,raw-and-scaled,6,1,fp6_e1m4,fp6_e2m3,4,3,2,602,24,exp2,11,22,11,5,0.0982141644,0.139260799,-11,0x3e0e9a62,0.139260799,0x3f800000,1,0x3ac3fc00,0.00149524212,0x3ac3fc00,0.00149524212,000000,0,0,0000,000000,0,0,000,0x3ac3fc00,0.00149524212,0x3ac3fc00,0.00149524212,0x00000000,0
l1,0.0625,0,min-error,metric_min,exp1,0,1,1,2.67976189,2.67976213,2.67976189,2.67976213,2.38418579e-07,25,raw-and-scaled,6,1,fp6_e1m4,fp6_e2m3,4,3,2,602,25,exp2,11,22,11,5,0.0982141644,0.139260799,-11,0x3e0e9a62,0.139260799,0x3f800000,1,0xbf997f80,-1.19920349,0xbf997f80,-1.19920349,110011,1,3,0011,111001,3,1,001,0xbc3fc000,-0.0117034912,0xbd97f800,-0.0742034912,0x3f800000,1
l1,0.0625,0,min-error,metric_min,exp1,0,1,1,2.67976189,2.67976213,2.67976189,2.67976213,2.38418579e-07,26,raw-and-scaled,6,1,fp6_e1m4,fp6_e2m3,4,3,2,602,26,exp2,11,22,11,5,0.0982141644,0.139260799,-11,0x3e0e9a62,0.139260799,0x3f800000,1,0xbe27f800,-0.164031982,0xbe27f800,-0.164031982,100010,0,2,0010,100101,0,5,101,0xbd1fe000,-0.0390319824,0xbbff0000,-0.00778198242,0xbf800000,-1
l1,0.0625,0,min-error,metric_min,exp1,0,1,1,2.67976189,2.67976213,2.67976189,2.67976213,2.38418579e-07,27,raw-and-scaled,6,1,fp6_e1m4,fp6_e2m3,4,3,2,602,27,exp2,11,22,11,5,0.0982141644,0.139260799,-11,0x3e0e9a62,0.139260799,0x3f800000,1,0x3c1b8080,0.00949108601,0x3c1b8080,0.00949108601,000000,0,0,0000,000000,0,0,000,0x3c1b8080,0.00949108601,0x3c1b8080,0.00949108601,0x00000000,0
l1,0.0625,0,min-error,metric_min,exp1,0,1,1,2.67976189,2.67976213,2.67976189,2.67976213,2.38418579e-07,28,raw-and-scaled,6,1,fp6_e1m4,fp6_e2m3,4,3,2,602,28,exp2,11,22,11,5,0.0982141644,0.139260799,-11,0x3e0e9a62,0.139260799,0x3f800000,1,0x3d480800,0.0488357544,0x3d480800,0.0488357544,000000,0,0,0000,000001,0,1,001,0x3d480800,0.0488357544,0x3c901000,0.0175857544,0xbf800000,-1
l1,0.0625,0,min-error,metric_min,exp1,0,1,1,2.67976189,2.67976213,2.67976189,2.67976213,2.38418579e-07,29,raw-and-scaled,6,1,fp6_e1m4,fp6_e2m3,4,3,2,602,29,exp2,11,22,11,5,0.0982141644,0.139260799,-11,0x3e0e9a62,0.139260799,0x3f800000,1,0x3b9d8080,0.00480657816,0x3b9d8080,0.00480657816,000000,0,0,0000,000000,0,0,000,0x3b9d8080,0.00480657816,0x3b9d8080,0.00480657816,0x00000000,0
l1,0.0625,0,min-error,metric_min,exp1,0,1,1,2.67976189,2.67976213,2.67976189,2.67976213,2.38418579e-07,30,raw-and-scaled,6,1,fp6_e1m4,fp6_e2m3,4,3,2,602,30,exp2,11,22,11,5,0.0982141644,0.139260799,-11,0x3e0e9a62,0.139260799,0x3f800000,1,0xbe0f3fc0,-0.139891624,0xbe0f3fc0,-0.139891624,100010,0,2,0010,100100,0,4,100,0xbc73fc00,-0.0148916245,0xbc73fc00,-0.0148916245,0x80000000,-0
l1,0.0625,0,min-error,metric_min,exp1,0,1,1,2.67976189,2.67976213,2.67976189,2.67976213,2.38418579e-07,31,raw-and-scaled,6,1,fp6_e1m4,fp6_e2m3,4,3,2,602,31,exp2,11,22,11,5,0.0982141644,0.139260799,-11,0x3e0e9a62,0.139260799,0x3f800000,1,0x3e1f8080,0.155763626,0x3e1f8080,0.155763626,000010,0,2,0010,000100,0,4,100,0x3cfc0400,0.0307636261,0x3cfc0400,0.0307636261,0x80000000,-0
l1,0.0625,0,min-error,metric_min,exp1,0,1,1,2.67976189,2.67976213,2.67976189,2.67976213,2.38418579e-07,32,raw-and-scaled,6,1,fp6_e1m4,fp6_e2m3,4,3,2,602,32,exp2,11,22,11,5,0.0982141644,0.139260799,-11,0x3e0e9a62,0.139260799,0x3f800000,1,0x3f410100,0.753921509,0x3f410100,0.753921509,001100,0,12,1100,010100,2,4,100,0x3b808000,0.00392150879,0x3b808000,0.00392150879,0x00000000,0
l1,0.0625,0,min-error,metric_min,exp1,0,1,1,2.67976189,2.67976213,2.67976189,2.67976213,2.38418579e-07,33,raw-and-scaled,6,1,fp6_e1m4,fp6_e2m3,4,3,2,602,33,exp2,11,22,11,5,0.0982141644,0.139260799,-11,0x3e0e9a62,0.139260799,0x3f800000,1,0xbb8bfc00,-0.0042719841,0xbb8bfc00,-0.0042719841,100000,0,0,0000,100000,0,0,000,0xbb8bfc00,-0.0042719841,0xbb8bfc00,-0.0042719841,0x00000000,0
l1,0.0625,0,min-error,metric_min,exp1,0,1,1,2.67976189,2.67976213,2.67976189,2.67976213,2.38418579e-07,34,raw-and-scaled,6,1,fp6_e1m4,fp6_e2m3,4,3,2,602,34,exp2,11,22,11,5,0.0982141644,0.139260799,-11,0x3e0e9a62,0.139260799,0x3f800000,1,0xbe8a0200,-0.269546509,0xbe8a0200,-0.269546509,100100,0,4,0100,101000,1,0,000,0xbca02000,-0.0195465088,0xbca02000,-0.0195465088,0x80000000,-0
l1,0.0625,0,min-error,metric_min,exp1,0,1,1,2.67976189,2.67976213,2.67976189,2.67976213,2.38418579e-07,35,raw-and-scaled,6,1,fp6_e1m4,fp6_e2m3,4,3,2,602,35,exp2,11,22,11,5,0.0982141644,0.139260799,-11,0x3e0e9a62,0.139260799,0x3f800000,1,0x3f470100,0.777359009,0x3f470100,0.777359009,001100,0,12,1100,010100,2,4,100,0x3ce02000,0.0273590088,0x3ce02000,0.0273590088,0x00000000,0
l1,0.0625,0,min-error,metric_min,exp1,0,1,1,2.67976189,2.67976213,2.67976189,2.67976213,2.38418579e-07,36,raw-and-scaled,6,1,fp6_e1m4,fp6_e2m3,4,3,2,602,36,exp2,11,22,11,5,0.0982141644,0.139260799,-11,0x3e0e9a62,0.139260799,0x3f800000,1,0xbbc7f800,-0.00610256195,0xbbc7f800,-0.00610256195,100000,0,0,0000,100000,0,0,000,0xbbc7f800,-0.00610256195,0xbbc7f800,-0.00610256195,0x00000000,0
l1,0.0625,0,min-error,metric_min,exp1,0,1,1,2.67976189,2.67976213,2.67976189,2.67976213,2.38418579e-07,37,raw-and-scaled,6,1,fp6_e1m4,fp6_e2m3,4,3,2,602,37,exp2,11,22,11,5,0.0982141644,0.139260799,-11,0x3e0e9a62,0.139260799,0x3f800000,1,0xbbac0400,-0.00524950027,0xbbac0400,-0.00524950027,100000,0,0,0000,100000,0,0,000,0xbbac0400,-0.00524950027,0xbbac0400,-0.00524950027,0x00000000,0
l1,0.0625,0,min-error,metric_min,exp1,0,1,1,2.67976189,2.67976213,2.67976189,2.67976213,2.38418579e-07,38,raw-and-scaled,6,1,fp6_e1m4,fp6_e2m3,4,3,2,602,38,exp2,11,22,11,5,0.0982141644,0.139260799,-11,0x3e0e9a62,0.139260799,0x3f800000,1,0x3b268080,0.00254061818,0x3b268080,0.00254061818,000000,0,0,0000,000000,0,0,000,0x3b268080,0.00254061818,0x3b268080,0.00254061818,0x00000000,0
l1,0.0625,0,min-error,metric_min,exp1,0,1,1,2.67976189,2.67976213,2.67976189,2.67976213,2.38418579e-07,39,raw-and-scaled,6,1,fp6_e1m4,fp6_e2m3,4,3,2,602,39,exp2,11,22,11,5,0.0982141644,0.139260799,-11,0x3e0e9a62,0.139260799,0x3f800000,1,0x3da78080,0.081788063,0x3da78080,0.081788063,000001,0,1,0001,000010,0,2,010,0x3c9e0200,0.019288063,0x3c9e0200,0.019288063,0x80000000,-0
l1,0.0625,0,min-error,metric_min,exp1,0,1,1,2.67976189,2.67976213,2.67976189,2.67976213,2.38418579e-07,40,raw-and-scaled,6,1,fp6_e1m4,fp6_e2m3,4,3,2,602,40,exp2,11,22,11,5,0.0982141644,0.139260799,-11,0x3e0e9a62,0.139260799,0x3f800000,1,0x3aa87f80,0.00128553808,0x3aa87f80,0.00128553808,000000,0,0,0000,000000,0,0,000,0x3aa87f80,0.00128553808,0x3aa87f80,0.00128553808,0x00000000,0
l1,0.0625,0,min-error,metric_min,exp1,0,1,1,2.67976189,2.67976213,2.67976189,2.67976213,2.38418579e-07,41,raw-and-scaled,6,1,fp6_e1m4,fp6_e2m3,4,3,2,602,41,exp2,11,22,11,5,0.0982141644,0.139260799,-11,0x3e0e9a62,0.139260799,0x3f800000,1,0x3d94c040,0.0726323128,0x3d94c040,0.0726323128,000001,0,1,0001,000010,0,2,010,0x3c260200,0.0101323128,0x3c260200,0.0101323128,0x80000000,-0
l1,0.0625,0,min-error,metric_min,exp1,0,1,1,2.67976189,2.67976213,2.67976189,2.67976213,2.38418579e-07,42,raw-and-scaled,6,1,fp6_e1m4,fp6_e2m3,4,3,2,602,42,exp2,11,22,11,5,0.0982141644,0.139260799,-11,0x3e0e9a62,0.139260799,0x3f800000,1,0xbfd40400,-1.65637207,0xbfd40400,-1.65637207,111010,1,10,1010,111101,3,5,101,0xbd008000,-0.0313720703,0xbd008000,-0.0313720703,0x00000000,0
l1,0.0625,0,min-error,metric_min,exp1,0,1,1,2.67976189,2.67976213,2.67976189,2.67976213,2.38418579e-07,43,raw-and-scaled,6,1,fp6_e1m4,fp6_e2m3,4,3,2,602,43,exp2,11,22,11,5,0.0982141644,0.139260799,-11,0x3e0e9a62,0.139260799,0x3f800000,1,0x3d37f800,0.0449142456,0x3d37f800,0.0449142456,000000,0,0,0000,000001,0,1,001,0x3d37f800,0.0449142456,0x3c5fe000,0.0136642456,0xbf800000,-1
l1,0.0625,0,min-error,metric_min,exp1,0,1,1,2.67976189,2.67976213,2.67976189,2.67976213,2.38418579e-07,44,raw-and-scaled,6,1,fp6_e1m4,fp6_e2m3,4,3,2,602,44,exp2,11,22,11,5,0.0982141644,0.139260799,-11,0x3e0e9a62,0.139260799,0x3f800000,1,0xbf31fe00,-0.695281982,0xbf31fe00,-0.695281982,101011,0,11,1011,110011,2,3,011,0xbbff0000,-0.00778198242,0xbbff0000,-0.00778198242,0x00000000,0
l1,0.0625,0,min-error,metric_min,exp1,0,1,1,2.67976189,2.67976213,2.67976189,2.67976213,2.38418579e-07,45,raw-and-scaled,6,1,fp6_e1m4,fp6_e2m3,4,3,2,602,45,exp2,11,22,11,5,0.0982141644,0.139260799,-11,0x3e0e9a62,0.139260799,0x3f800000,1,0x3ddaff00,0.106931686,0x3ddaff00,0.106931686,000001,0,1,0001,000011,0,3,011,0x3d35fe00,0.0444316864,0x3c57f800,0.0131816864,0xbf800000,-1
l1,0.0625,0,min-error,metric_min,exp1,0,1,1,2.67976189,2.67976213,2.67976189,2.67976213,2.38418579e-07,46,raw-and-scaled,6,1,fp6_e1m4,fp6_e2m3,4,3,2,602,46,exp2,11,22,11,5,0.0982141644,0.139260799,-11,0x3e0e9a62,0.139260799,0x3f800000,1,0xbbe7f800,-0.00707912445,0xbbe7f800,-0.00707912445,100000,0,0,0000,100000,0,0,000,0xbbe7f800,-0.00707912445,0xbbe7f800,-0.00707912445,0x00000000,0
l1,0.0625,0,min-error,metric_min,exp1,0,1,1,2.67976189,2.67976213,2.67976189,2.67976213,2.38418579e-07,47,raw-and-scaled,6,1,fp6_e1m4,fp6_e2m3,4,3,2,602,47,exp2,11,22,11,5,0.0982141644,0.139260799,-11,0x3e0e9a62,0.139260799,0x3f800000,1,0x3c17c040,0.00926214457,0x3c17c040,0.00926214457,000000,0,0,0000,000000,0,0,000,0x3c17c040,0.00926214457,0x3c17c040,0.00926214457,0x00000000,0
l1,0.0625,0,min-error,metric_min,exp1,0,1,1,2.67976189,2.67976213,2.67976189,2.67976213,2.38418579e-07,48,raw-and-scaled,6,1,fp6_e1m4,fp6_e2m3,4,3,2,602,48,exp2,11,22,11,5,0.0982141644,0.139260799,-11,0x3e0e9a62,0.139260799,0x3f800000,1,0x3f307f80,0.689445496,0x3f307f80,0.689445496,001011,0,11,1011,010011,2,3,011,0x3aff0000,0.00194549561,0x3aff0000,0.00194549561,0x00000000,0
l1,0.0625,0,min-error,metric_min,exp1,0,1,1,2.67976189,2.67976213,2.67976189,2.67976213,2.38418579e-07,49,raw-and-scaled,6,1,fp6_e1m4,fp6_e2m3,4,3,2,602,49,exp2,11,22,11,5,0.0982141644,0.139260799,-11,0x3e0e9a62,0.139260799,0x3f800000,1,0xbd180800,-0.0371170044,0xbd180800,-0.0371170044,100000,0,0,0000,100001,0,1,001,0xbd180800,-0.0371170044,0xbbc04000,-0.00586700439,0xbf800000,-1
l1,0.0625,0,min-error,metric_min,exp1,0,1,1,2.67976189,2.67976213,2.67976189,2.67976213,2.38418579e-07,50,raw-and-scaled,6,1,fp6_e1m4,fp6_e2m3,4,3,2,602,50,exp2,11,22,11,5,0.0982141644,0.139260799,-11,0x3e0e9a62,0.139260799,0x3f800000,1,0x3b4a0200,0.0030823946,0x3b4a0200,0.0030823946,000000,0,0,0000,000000,0,0,000,0x3b4a0200,0.0030823946,0x3b4a0200,0.0030823946,0x00000000,0
l1,0.0625,0,min-error,metric_min,exp1,0,1,1,2.67976189,2.67976213,2.67976189,2.67976213,2.38418579e-07,51,raw-and-scaled,6,1,fp6_e1m4,fp6_e2m3,4,3,2,602,51,exp2,11,22,11,5,0.0982141644,0.139260799,-11,0x3e0e9a62,0.139260799,0x3f800000,1,0x3a9c0400,0.00119030476,0x3a9c0400,0.00119030476,000000,0,0,0000,000000,0,0,000,0x3a9c0400,0.00119030476,0x3a9c0400,0.00119030476,0x00000000,0
l1,0.0625,0,min-error,metric_min,exp1,0,1,1,2.67976189,2.67976213,2.67976189,2.67976213,2.38418579e-07,52,raw-and-scaled,6,1,fp6_e1m4,fp6_e2m3,4,3,2,602,52,exp2,11,22,11,5,0.0982141644,0.139260799,-11,0x3e0e9a62,0.139260799,0x3f800000,1,0x3bc80800,0.0061044693,0x3bc80800,0.0061044693,000000,0,0,0000,000000,0,0,000,0x3bc80800,0.0061044693,0x3bc80800,0.0061044693,0x00000000,0
l1,0.0625,0,min-error,metric_min,exp1,0,1,1,2.67976189,2.67976213,2.67976189,2.67976213,2.38418579e-07,53,raw-and-scaled,6,1,fp6_e1m4,fp6_e2m3,4,3,2,602,53,exp2,11,22,11,5,0.0982141644,0.139260799,-11,0x3e0e9a62,0.139260799,0x3f800000,1,0x3e357f80,0.177244186,0x3e357f80,0.177244186,000010,0,2,0010,000101,0,5,101,0x3d55fe00,0.0522441864,0x3cabfc00,0.0209941864,0xbf800000,-1
l1,0.0625,0,min-error,metric_min,exp1,0,1,1,2.67976189,2.67976213,2.67976189,2.67976213,2.38418579e-07,54,raw-and-scaled,6,1,fp6_e1m4,fp6_e2m3,4,3,2,602,54,exp2,11,22,11,5,0.0982141644,0.139260799,-11,0x3e0e9a62,0.139260799,0x3f800000,1,0xbded0100,-0.115724564,0xbded0100,-0.115724564,100001,0,1,0001,100011,0,3,011,0xbd5a0200,-0.0532245636,0xbcb40400,-0.0219745636,0xbf800000,-1
l1,0.0625,0,min-error,metric_min,exp1,0,1,1,2.67976189,2.67976213,2.67976189,2.67976213,2.38418579e-07,55,raw-and-scaled,6,1,fp6_e1m4,fp6_e2m3,4,3,2,602,55,exp2,11,22,11,5,0.0982141644,0.139260799,-11,0x3e0e9a62,0.139260799,0x3f800000,1,0x3fbbfc00,1.46862793,0x3fbbfc00,1.46862793,010111,1,7,0111,011011,3,3,011,0x3cff0000,0.0311279297,0x3dbfc000,0.0936279297,0x3f800000,1
l1,0.0625,0,min-error,metric_min,exp1,0,1,1,2.67976189,2.67976213,2.67976189,2.67976213,2.38418579e-07,56,raw-and-scaled,6,1,fp6_e1m4,fp6_e2m3,4,3,2,602,56,exp2,11,22,11,5,0.0982141644,0.139260799,-11,0x3e0e9a62,0.139260799,0x3f800000,1,0x3be1fe00,0.00689673424,0x3be1fe00,0.00689673424,000000,0,0,0000,000000,0,0,000,0x3be1fe00,0.00689673424,0x3be1fe00,0.00689673424,0x00000000,0
l1,0.0625,0,min-error,metric_min,exp1,0,1,1,2.67976189,2.67976213,2.67976189,2.67976213,2.38418579e-07,57,raw-and-scaled,6,1,fp6_e1m4,fp6_e2m3,4,3,2,602,57,exp2,11,22,11,5,0.0982141644,0.139260799,-11,0x3e0e9a62,0.139260799,0x3f800000,1,0x3c660200,0.0140385628,0x3c660200,0.0140385628,000000,0,0,0000,000000,0,0,000,0x3c660200,0.0140385628,0x3c660200,0.0140385628,0x00000000,0
l1,0.0625,0,min-error,metric_min,exp1,0,1,1,2.67976189,2.67976213,2.67976189,2.67976213,2.38418579e-07,58,raw-and-scaled,6,1,fp6_e1m4,fp6_e2m3,4,3,2,602,58,exp2,11,22,11,5,0.0982141644,0.139260799,-11,0x3e0e9a62,0.139260799,0x3f800000,1,0xbc3a8080,-0.0113831758,0xbc3a8080,-0.0113831758,100000,0,0,0000,100000,0,0,000,0xbc3a8080,-0.0113831758,0xbc3a8080,-0.0113831758,0x00000000,0
l1,0.0625,0,min-error,metric_min,exp1,0,1,1,2.67976189,2.67976213,2.67976189,2.67976213,2.38418579e-07,59,raw-and-scaled,6,1,fp6_e1m4,fp6_e2m3,4,3,2,602,59,exp2,11,22,11,5,0.0982141644,0.139260799,-11,0x3e0e9a62,0.139260799,0x3f800000,1,0x3fb80800,1.43774414,0x3fb80800,1.43774414,010111,1,7,0111,011011,3,3,011,0x39800000,0.000244140625,0x3d808000,0.0627441406,0x3f800000,1
l1,0.0625,0,min-error,metric_min,exp1,0,1,1,2.67976189,2.67976213,2.67976189,2.67976213,2.38418579e-07,60,raw-and-scaled,6,1,fp6_e1m4,fp6_e2m3,4,3,2,602,60,exp2,11,22,11,5,0.0982141644,0.139260799,-11,0x3e0e9a62,0.139260799,0x3f800000,1,0x3c9e4040,0.0193177462,0x3c9e4040,0.0193177462,000000,0,0,0000,000000,0,0,000,0x3c9e4040,0.0193177462,0x3c9e4040,0.0193177462,0x00000000,0
l1,0.0625,0,min-error,metric_min,exp1,0,1,1,2.67976189,2.67976213,2.67976189,2.67976213,2.38418579e-07,61,raw-and-scaled,6,1,fp6_e1m4,fp6_e2m3,4,3,2,602,61,exp2,11,22,11,5,0.0982141644,0.139260799,-11,0x3e0e9a62,0.139260799,0x3f800000,1,0x3b7b0100,0.00383001566,0x3b7b0100,0.00383001566,000000,0,0,0000,000000,0,0,000,0x3b7b0100,0.00383001566,0x3b7b0100,0.00383001566,0x00000000,0
l1,0.0625,0,min-error,metric_min,exp1,0,1,1,2.67976189,2.67976213,2.67976189,2.67976213,2.38418579e-07,62,raw-and-scaled,6,1,fp6_e1m4,fp6_e2m3,4,3,2,602,62,exp2,11,22,11,5,0.0982141644,0.139260799,-11,0x3e0e9a62,0.139260799,0x3f800000,1,0x3b680800,0.0035405159,0x3b680800,0.0035405159,000000,0,0,0000,000000,0,0,000,0x3b680800,0.0035405159,0x3b680800,0.0035405159,0x00000000,0
l1,0.0625,0,min-error,metric_min,exp1,0,1,1,2.67976189,2.67976213,2.67976189,2.67976213,2.38418579e-07,63,raw-and-scaled,6,1,fp6_e1m4,fp6_e2m3,4,3,2,602,63,exp2,11,22,11,5,0.0982141644,0.139260799,-11,0x3e0e9a62,0.139260799,0x3f800000,1,0xbe7f0100,-0.249027252,0xbe7f0100,-0.249027252,100011,0,3,0011,100111,0,7,111,0xbd7c0400,-0.0615272522,0xbcf80800,-0.0302772522,0xbf800000,-1
l1,0.0625,0,min-error,metric_min,exp1,0,1,1,2.67976189,2.67976213,2.67976189,2.67976213,2.38418579e-07,64,raw-and-scaled,6,1,fp6_e1m4,fp6_e2m3,4,3,2,602,64,exp2,11,22,11,5,0.0982141644,0.139260799,-11,0x3e0e9a62,0.139260799,0x3f800000,1,0x3aa03fc0,0.00122260302,0x3aa03fc0,0.00122260302,000000,0,0,0000,000000,0,0,000,0x3aa03fc0,0.00122260302,0x3aa03fc0,0.00122260302,0x00000000,0
l1,0.0625,0,min-error,metric_min,exp1,0,1,1,2.67976189,2.67976213,2.67976189,2.67976213,2.38418579e-07,65,raw-and-scaled,6,1,fp6_e1m4,fp6_e2m3,4,3,2,602,65,exp2,11,22,11,5,0.0982141644,0.139260799,-11,0x3e0e9a62,0.139260799,0x3f800000,1,0xbd17f800,-0.0371017456,0xbd17f800,-0.0371017456,100000,0,0,0000,100001,0,1,001,0xbd17f800,-0.0371017456,0xbbbfc000,-0.00585174561,0xbf800000,-1
l1,0.0625,0,min-error,metric_min,exp1,0,1,1,2.67976189,2.67976213,2.67976189,2.67976213,2.38418579e-07,66,raw-and-scaled,6,1,fp6_e1m4,fp6_e2m3,4,3,2,602,66,exp2,11,22,11,5,0.0982141644,0.139260799,-11,0x3e0e9a62,0.139260799,0x3f800000,1,0x3f050100,0.519546509,0x3f050100,0.519546509,001000,0,8,1000,010000,2,0,000,0x3ca02000,0.0195465088,0x3ca02000,0.0195465088,0x00000000,0
l1,0.0625,0,min-error,metric_min,exp1,0,1,1,2.67976189,2.67976213,2.67976189,2.67976213,2.38418579e-07,67,raw-and-scaled,6,1,fp6_e1m4,fp6_e2m3,4,3,2,602,67,exp2,11,22,11,5,0.0982141644,0.139260799,-11,0x3e0e9a62,0.139260799,0x3f800000,1,0x3c9c0400,0.0190448761,0x3c9c0400,0.0190448761,000000,0,0,0000,000000,0,0,000,0x3c9c0400,0.0190448761,0x3c9c0400,0.0190448761,0x00000000,0
l1,0.0625,0,min-error,metric_min,exp1,0,1,1,2.67976189,2.67976213,2.67976189,2.67976213,2.38418579e-07,68,raw-and-scaled,6,1,fp6_e1m4,fp6_e2m3,4,3,2,602,68,exp2,11,22,11,5,0.0982141644,0.139260799,-11,0x3e0e9a62,0.139260799,0x3f800000,1,0x3c890100,0.0167241096,0x3c890100,0.0167241096,000000,0,0,0000,000000,0,0,000,0x3c890100,0.0167241096,0x3c890100,0.0167241096,0x00000000,0
l1,0.0625,0,min-error,metric_min,exp1,0,1,1,2.67976189,2.67976213,2.67976189,2.67976213,2.38418579e-07,69,raw-and-scaled,6,1,fp6_e1m4,fp6_e2m3,4,3,2,602,69,exp2,11,22,11,5,0.0982141644,0.139260799,-11,0x3e0e9a62,0.139260799,0x3f800000,1,0xbc160200,-0.00915575027,0xbc160200,-0.00915575027,100000,0,0,0000,100000,0,0,000,0xbc160200,-0.00915575027,0xbc160200,-0.00915575027,0x00000000,0
l1,0.0625,0,min-error,metric_min,exp1,0,1,1,2.67976189,2.67976213,2.67976189,2.67976213,2.38418579e-07,70,raw-and-scaled,6,1,fp6_e1m4,fp6_e2m3,4,3,2,602,70,exp2,11,22,11,5,0.0982141644,0.139260799,-11,0x3e0e9a62,0.139260799,0x3f800000,1,0x3d233fc0,0.0398557186,0x3d233fc0,0.0398557186,000000,0,0,0000,000001,0,1,001,0x3d233fc0,0.0398557186,0x3c0cff00,0.00860571861,0xbf800000,-1
l1,0.0625,0,min-error,metric_min,exp1,0,1,1,2.67976189,2.67976213,2.67976189,2.67976213,2.38418579e-07,71,raw-and-scaled,6,1,fp6_e1m4,fp6_e2m3,4,3,2,602,71,exp2,11,22,11,5,0.0982141644,0.139260799,-11,0x3e0e9a62,0.139260799,0x3f800000,1,0x3f1dfe00,0.617156982,0x3f1dfe00,0.617156982,001001,0,9,1001,010001,2,1,001,0x3d5fe000,0.0546569824,0x3d5fe000,0.0546569824,0x00000000,0
l1,0.0625,0,min-error,metric_min,exp1,0,1,1,2.67976189,2.67976213,2.67976189,2.67976213,2.38418579e-07,72,raw-and-scaled,6,1,fp6_e1m4,fp6_e2m3,4,3,2,602,72,exp2,11,22,11,5,0.0982141644,0.139260799,-11,0x3e0e9a62,0.139260799,0x3f800000,1,0x3ea1fe00,0.316390991,0x3ea1fe00,0.316390991,000101,0,5,0101,001010,1,2,010,0x3b7f0000,0.00389099121,0x3b7f0000,0.00389099121,0x80000000,-0
l1,0.0625,0,min-error,metric_min,exp1,0,1,1,2.67976189,2.67976213,2.67976189,2.67976213,2.38418579e-07,73,raw-and-scaled,6,1,fp6_e1m4,fp6_e2m3,4,3,2,602,73,exp2,11,22,11,5,0.0982141644,0.139260799,-11,0x3e0e9a62,0.139260799,0x3f800000,1,0xbaa60200,-0.0012665391,0xbaa60200,-0.0012665391,100000,0,0,0000,100000,0,0,000,0xbaa60200,-0.0012665391,0xbaa60200,-0.0012665391,0x00000000,0
l1,0.0625,0,min-error,metric_min,exp1,0,1,1,2.67976189,2.67976213,2.67976189,2.67976213,2.38418579e-07,74,raw-and-scaled,6,1,fp6_e1m4,fp6_e2m3,4,3,2,602,74,exp2,11,22,11,5,0.0982141644,0.139260799,-11,0x3e0e9a62,0.139260799,0x3f800000,1,0xbf29fe00,-0.664031982,0xbf29fe00,-0.664031982,101010,0,10,1010,110010,2,2,010,0xbd1fe000,-0.0390319824,0xbd1fe000,-0.0390319824,0x00000000,0
l1,0.0625,0,min-error,metric_min,exp1,0,1,1,2.67976189,2.67976213,2.67976189,2.67976213,2.38418579e-07,75,raw-and-scaled,6,1,fp6_e1m4,fp6_e2m3,4,3,2,602,75,exp2,11,22,11,5,0.0982141644,0.139260799,-11,0x3e0e9a62,0.139260799,0x3f800000,1,0x3f16ff00,0.589828491,0x3f16ff00,0.589828491,001001,0,9,1001,010001,2,1,001,0x3cdfe000,0.0273284912,0x3cdfe000,0.0273284912,0x00000000,0
l1,0.0625,0,min-error,metric_min,exp1,0,1,1,2.67976189,2.67976213,2.67976189,2.67976213,2.38418579e-07,76,raw-and-scaled,6,1,fp6_e1m4,fp6_e2m3,4,3,2,602,76,exp2,11,22,11,5,0.0982141644,0.139260799,-11,0x3e0e9a62,0.139260799,0x3f800000,1,0x3fb1fe00,1.39056396,0x3fb1fe00,1.39056396,010110,1,6,0110,011011,3,3,011,0x3c7f0000,0.0155639648,0x3c7f0000,0.0155639648,0x00000000,0
l1,0.0625,0,min-error,metric_min,exp1,0,1,1,2.67976189,2.67976213,2.67976189,2.67976213,2.38418579e-07,77,raw-and-scaled,6,1,fp6_e1m4,fp6_e2m3,4,3,2,602,77,exp2,11,22,11,5,0.0982141644,0.139260799,-11,0x3e0e9a62,0.139260799,0x3f800000,1,0x3dd7f800,0.105453491,0x3dd7f800,0.105453491,000001,0,1,0001,000011,0,3,011,0x3d2ff000,0.0429534912,0x3c3fc000,0.0117034912,0xbf800000,-1
l1,0.0625,0,min-error,metric_min,exp1,0,1,1,2.67976189,2.67976213,2.67976189,2.67976213,2.38418579e-07,78,raw-and-scaled,6,1,fp6_e1m4,fp6_e2m3,4,3,2,602,78,exp2,11,22,11,5,0.0982141644,0.139260799,-11,0x3e0e9a62,0.139260799,0x3f800000,1,0x3d3a0200,0.0454120636,0x3d3a0200,0.0454120636,000000,0,0,0000,000001,0,1,001,0x3d3a0200,0.0454120636,0x3c680800,0.0141620636,0xbf800000,-1
l1,0.0625,0,min-error,metric_min,exp1,0,1,1,2.67976189,2.67976213,2.67976189,2.67976213,2.38418579e-07,79,raw-and-scaled,6,1,fp6_e1m4,fp6_e2m3,4,3,2,602,79,exp2,11,22,11,5,0.0982141644,0.139260799,-11,0x3e0e9a62,0.139260799,0x3f800000,1,0xbf27bfc0,-0.655269623,0xbf27bfc0,-0.655269623,101010,0,10,1010,110010,2,2,010,0xbcf7f800,-0.0302696228,0xbcf7f800,-0.0302696228,0x00000000,0
l1,0.0625,0,min-error,metric_min,exp1,0,1,1,2.67976189,2.67976213,2.67976189,2.67976213,2.38418579e-07,80,raw-and-scaled,6,1,fp6_e1m4,fp6_e2m3,4,3,2,602,80,exp2,11,22,11,5,0.0982141644,0.139260799,-11,0x3e0e9a62,0.139260799,0x3f800000,1,0x3ed08080,0.407230377,0x3ed08080,0.407230377,000110,0,6,0110,001101,1,5,101,0x3d040400,0.0322303772,0x3a808000,0.000980377197,0xbf800000,-1
l1,0.0625,0,min-error,metric_min,exp1,0,1,1,2.67976189,2.67976213,2.67976189,2.67976213,2.38418579e-07,81,raw-and-scaled,6,1,fp6_e1m4,fp6_e2m3,4,3,2,602,81,exp2,11,22,11,5,0.0982141644,0.139260799,-11,0x3e0e9a62,0.139260799,0x3f800000,1,0xbea8c040,-0.329591751,0xbea8c040,-0.329591751,100101,0,5,0101,101010,1,2,010,0xbc8c0400,-0.0170917511,0xbc8c0400,-0.0170917511,0x80000000,-0
l1,0.0625,0,min-error,metric_min,exp1,0,1,1,2.67976189,2.67976213,2.67976189,2.67976213,2.38418579e-07,82,raw-and-scaled,6,1,fp6_e1m4,fp6_e2m3,4,3,2,602,82,exp2,11,22,11,5,0.0982141644,0.139260799,-11,0x3e0e9a62,0.139260799,0x3f800000,1,0x3fa93fc0,1.322258,0x3fa93fc0,1.322258,010101,1,5,0101,011010,3,2,010,0x3c1fe000,0.00975799561,0x3d93fc00,0.0722579956,0x3f800000,1
l1,0.0625,0,min-error,metric_min,exp1,0,1,1,2.67976189,2.67976213,2.67976189,2.67976213,2.38418579e-07,83,raw-and-scaled,6,1,fp6_e1m4,fp6_e2m3,4,3,2,602,83,exp2,11,22,11,5,0.0982141644,0.139260799,-11,0x3e0e9a62,0.139260799,0x3f800000,1,0x3c537f80,0.0129088163,0x3c537f80,0.0129088163,000000,0,0,0000,000000,0,0,000,0x3c537f80,0.0129088163,0x3c537f80,0.0129088163,0x00000000,0
l1,0.0625,0,min-error,metric_min,exp1,0,1,1,2.67976189,2.67976213,2.67976189,2.67976213,2.38418579e-07,84,raw-and-scaled,6,1,fp6_e1m4,fp6_e2m3,4,3,2,602,84,exp2,11,22,11,5,0.0982141644,0.139260799,-11,0x3e0e9a62,0.139260799,0x3f800000,1,0x3ac80800,0.00152611732,0x3ac80800,0.00152611732,000000,0,0,0000,000000,0,0,000,0x3ac80800,0.00152611732,0x3ac80800,0.00152611732,0x00000000,0
l1,0.0625,0,min-error,metric_min,exp1,0,1,1,2.67976189,2.67976213,2.67976189,2.67976213,2.38418579e-07,85,raw-and-scaled,6,1,fp6_e1m4,fp6_e2m3,4,3,2,602,85,exp2,11,22,11,5,0.0982141644,0.139260799,-11,0x3e0e9a62,0.139260799,0x3f800000,1,0xbf558080,-0.833992004,0xbf558080,-0.833992004,101101,0,13,1101,110101,2,5,101,0xbcb01000,-0.0214920044,0xbcb01000,-0.0214920044,0x00000000,0
l1,0.0625,0,min-error,metric_min,exp1,0,1,1,2.67976189,2.67976213,2.67976189,2.67976213,2.38418579e-07,86,raw-and-scaled,6,1,fp6_e1m4,fp6_e2m3,4,3,2,602,86,exp2,11,22,11,5,0.0982141644,0.139260799,-11,0x3e0e9a62,0.139260799,0x3f800000,1,0xbad9fe00,-0.0016631484,0xbad9fe00,-0.0016631484,100000,0,0,0000,100000,0,0,000,0xbad9fe00,-0.0016631484,0xbad9fe00,-0.0016631484,0x00000000,0
l1,0.0625,0,min-error,metric_min,exp1,0,1,1,2.67976189,2.67976213,2.67976189,2.67976213,2.38418579e-07,87,raw-and-scaled,6,1,fp6_e1m4,fp6_e2m3,4,3,2,602,87,exp2,11,22,11,5,0.0982141644,0.139260799,-11,0x3e0e9a62,0.139260799,0x3f800000,1,0xbdaeff00,-0.0854473114,0xbdaeff00,-0.0854473114,100001,0,1,0001,100010,0,2,010,0xbcbbfc00,-0.0229473114,0xbcbbfc00,-0.0229473114,0x80000000,-0
l1,0.0625,0,min-error,metric_min,exp1,0,1,1,2.67976189,2.67976213,2.67976189,2.67976213,2.38418579e-07,88,raw-and-scaled,6,1,fp6_e1m4,fp6_e2m3,4,3,2,602,88,exp2,11,22,11,5,0.0982141644,0.139260799,-11,0x3e0e9a62,0.139260799,0x3f800000,1,0xbf880800,-1.06274414,0xbf880800,-1.06274414,110001,1,1,0001,111000,3,0,000,0xb9800000,-0.000244140625,0xbd808000,-0.0627441406,0x3f800000,1
l1,0.0625,0,min-error,metric_min,exp1,0,1,1,2.67976189,2.67976213,2.67976189,2.67976213,2.38418579e-07,89,raw-and-scaled,6,1,fp6_e1m4,fp6_e2m3,4,3,2,602,89,exp2,11,22,11,5,0.0982141644,0.139260799,-11,0x3e0e9a62,0.139260799,0x3f800000,1,0x3f97f800,1.18725586,0x3f97f800,1.18725586,010010,1,2,0010,011001,3,1,001,0x3d7f0000,0.0622558594,0x3d7f0000,0.0622558594,0x00000000,0
l1,0.0625,0,min-error,metric_min,exp1,0,1,1,2.67976189,2.67976213,2.67976189,2.67976213,2.38418579e-07,90,raw-and-scaled,6,1,fp6_e1m4,fp6_e2m3,4,3,2,602,90,exp2,11,22,11,5,0.0982141644,0.139260799,-11,0x3e0e9a62,0.139260799,0x3f800000,1,0x3fd3fc00,1.65612793,0x3fd3fc00,1.65612793,011010,1,10,1010,011101,3,5,101,0x3cff0000,0.0311279297,0x3cff0000,0.0311279297,0x00000000,0
l1,0.0625,0,min-error,metric_min,exp1,0,1,1,2.67976189,2.67976213,2.67976189,2.67976213,2.38418579e-07,91,raw-and-scaled,6,1,fp6_e1m4,fp6_e2m3,4,3,2,602,91,exp2,11,22,11,5,0.0982141644,0.139260799,-11,0x3e0e9a62,0.139260799,0x3f800000,1,0xbf5b7f80,-0.857414246,0xbf5b7f80,-0.857414246,101101,0,13,1101,110101,2,5,101,0xbd37f800,-0.0449142456,0xbd37f800,-0.0449142456,0x00000000,0
l1,0.0625,0,min-error,metric_min,exp1,0,1,1,2.67976189,2.67976213,2.67976189,2.67976213,2.38418579e-07,92,raw-and-scaled,6,1,fp6_e1m4,fp6_e2m3,4,3,2,602,92,exp2,11,22,11,5,0.0982141644,0.139260799,-11,0x3e0e9a62,0.139260799,0x3f800000,1,0xbadc7f80,-0.00168226659,0xbadc7f80,-0.00168226659,100000,0,0,0000,100000,0,0,000,0xbadc7f80,-0.00168226659,0xbadc7f80,-0.00168226659,0x00000000,0
l1,0.0625,0,min-error,metric_min,exp1,0,1,1,2.67976189,2.67976213,2.67976189,2.67976213,2.38418579e-07,93,raw-and-scaled,6,1,fp6_e1m4,fp6_e2m3,4,3,2,602,93,exp2,11,22,11,5,0.0982141644,0.139260799,-11,0x3e0e9a62,0.139260799,0x3f800000,1,0xbf760200,-0.960968018,0xbf760200,-0.960968018,101111,0,15,1111,110111,2,7,111,0xbcc04000,-0.0234680176,0xbcc04000,-0.0234680176,0x00000000,0
l1,0.0625,0,min-error,metric_min,exp1,0,1,1,2.67976189,2.67976213,2.67976189,2.67976213,2.38418579e-07,94,raw-and-scaled,6,1,fp6_e1m4,fp6_e2m3,4,3,2,602,94,exp2,11,22,11,5,0.0982141644,0.139260799,-11,0x3e0e9a62,0.139260799,0x3f800000,1,0xbfde8080,-1.73829651,0xbfde8080,-1.73829651,111011,1,11,1011,111101,3,5,101,0xbd501000,-0.0507965088,0xbde80800,-0.113296509,0x3f800000,1
l1,0.0625,0,min-error,metric_min,exp1,0,1,1,2.67976189,2.67976213,2.67976189,2.67976213,2.38418579e-07,95,raw-and-scaled,6,1,fp6_e1m4,fp6_e2m3,4,3,2,602,95,exp2,11,22,11,5,0.0982141644,0.139260799,-11,0x3e0e9a62,0.139260799,0x3f800000,1,0xbefc0400,-0.492218018,0xbefc0400,-0.492218018,100111,0,7,0111,101111,1,7,111,0xbd602000,-0.0547180176,0xbcc04000,-0.0234680176,0xbf800000,-1
l1,0.0625,0,min-error,metric_min,exp1,0,1,1,2.67976189,2.67976213,2.67976189,2.67976213,2.38418579e-07,96,raw-and-scaled,6,1,fp6_e1m4,fp6_e2m3,4,3,2,602,96,exp2,11,22,11,5,0.0982141644,0.139260799,-11,0x3e0e9a62,0.139260799,0x3f800000,1,0x3d03fc00,0.0322227478,0x3d03fc00,0.0322227478,000000,0,0,0000,000001,0,1,001,0x3d03fc00,0.0322227478,0x3a7f0000,0.000972747803,0xbf800000,-1
l1,0.0625,0,min-error,metric_min,exp1,0,1,1,2.67976189,2.67976213,2.67976189,2.67976213,2.38418579e-07,97,raw-and-scaled,6,1,fp6_e1m4,fp6_e2m3,4,3,2,602,97,exp2,11,22,11,5,0.0982141644,0.139260799,-11,0x3e0e9a62,0.139260799,0x3f800000,1,0x3ee18080,0.440433502,0x3ee18080,0.440433502,000111,0,7,0111,001110,1,6,110,0x3b404000,0.0029335022,0x3b404000,0.0029335022,0x80000000,-0
l1,0.0625,0,min-error,metric_min,exp1,0,1,1,2.67976189,2.67976213,2.67976189,2.67976213,2.38418579e-07,98,raw-and-scaled,6,1,fp6_e1m4,fp6_e2m3,4,3,2,602,98,exp2,11,22,11,5,0.0982141644,0.139260799,-11,0x3e0e9a62,0.139260799,0x3f800000,1,0xbfa7f800,-1.31225586,0xbfa7f800,-1.31225586,110100,1,4,0100,111010,3,2,010,0xbd7f0000,-0.0622558594,0xbd7f0000,-0.0622558594,0x00000000,0
l1,0.0625,0,min-error,metric_min,exp1,0,1,1,2.67976189,2.67976213,2.67976189,2.67976213,2.38418579e-07,99,raw-and-scaled,6,1,fp6_e1m4,fp6_e2m3,4,3,2,602,99,exp2,11,22,11,5,0.0982141644,0.139260799,-11,0x3e0e9a62,0.139260799,0x3f800000,1,0xbc470100,-0.0121462345,0xbc470100,-0.0121462345,100000,0,0,0000,100000,0,0,000,0xbc470100,-0.0121462345,0xbc470100,-0.0121462345,0x00000000,0
l1,0.0625,0,min-error,metric_min,exp1,0,1,1,2.67976189,2.67976213,2.67976189,2.67976213,2.38418579e-07,100,raw-and-scaled,6,1,fp6_e1m4,fp6_e2m3,4,3,2,602,100,exp2,11,22,11,5,0.0982141644,0.139260799,-11,0x3e0e9a62,0.139260799,0x3f800000,1,0x3c240400,0.0100107193,0x3c240400,0.0100107193,000000,0,0,0000,000000,0,0,000,0x3c240400,0.0100107193,0x3c240400,0.0100107193,0x00000000,0
l1,0.0625,0,min-error,metric_min,exp1,0,1,1,2.67976189,2.67976213,2.67976189,2.67976213,2.38418579e-07,101,raw-and-scaled,6,1,fp6_e1m4,fp6_e2m3,4,3,2,602,101,exp2,11,22,11,5,0.0982141644,0.139260799,-11,0x3e0e9a62,0.139260799,0x3f800000,1,0xbbcaff00,-0.00619494915,0xbbcaff00,-0.00619494915,100000,0,0,0000,100000,0,0,000,0xbbcaff00,-0.00619494915,0xbbcaff00,-0.00619494915,0x00000000,0
l1,0.0625,0,min-error,metric_min,exp1,0,1,1,2.67976189,2.67976213,2.67976189,2.67976213,2.38418579e-07,102,raw-and-scaled,6,1,fp6_e1m4,fp6_e2m3,4,3,2,602,102,exp2,11,22,11,5,0.0982141644,0.139260799,-11,0x3e0e9a62,0.139260799,0x3f800000,1,0xbb667f80,-0.00351712108,0xbb667f80,-0.00351712108,100000,0,0,0000,100000,0,0,000,0xbb667f80,-0.00351712108,0xbb667f80,-0.00351712108,0x00000000,0
l1,0.0625,0,min-error,metric_min,exp1,0,1,1,2.67976189,2.67976213,2.67976189,2.67976213,2.38418579e-07,103,raw-and-scaled,6,1,fp6_e1m4,fp6_e2m3,4,3,2,602,103,exp2,11,22,11,5,0.0982141644,0.139260799,-11,0x3e0e9a62,0.139260799,0x3f800000,1,0x3d4f0100,0.050538063,0x3d4f0100,0.050538063,000000,0,0,0000,000001,0,1,001,0x3d4f0100,0.050538063,0x3c9e0200,0.019288063,0xbf800000,-1
l1,0.0625,0,min-error,metric_min,exp1,0,1,1,2.67976189,2.67976213,2.67976189,2.67976213,2.38418579e-07,104,raw-and-scaled,6,1,fp6_e1m4,fp6_e2m3,4,3,2,602,104,exp2,11,22,11,5,0.0982141644,0.139260799,-11,0x3e0e9a62,0.139260799,0x3f800000,1,0x3ea1fe00,0.316390991,0x3ea1fe00,0.316390991,000101,0,5,0101,001010,1,2,010,0x3b7f0000,0.00389099121,0x3b7f0000,0.00389099121,0x80000000,-0
l1,0.0625,0,min-error,metric_min,exp1,0,1,1,2.67976189,2.67976213,2.67976189,2.67976213,2.38418579e-07,105,raw-and-scaled,6,1,fp6_e1m4,fp6_e2m3,4,3,2,602,105,exp2,11,22,11,5,0.0982141644,0.139260799,-11,0x3e0e9a62,0.139260799,0x3f800000,1,0xbcd30100,-0.0257573128,0xbcd30100,-0.0257573128,100000,0,0,0000,100000,0,0,000,0xbcd30100,-0.0257573128,0xbcd30100,-0.0257573128,0x00000000,0
l1,0.0625,0,min-error,metric_min,exp1,0,1,1,2.67976189,2.67976213,2.67976189,2.67976213,2.38418579e-07,106,raw-and-scaled,6,1,fp6_e1m4,fp6_e2m3,4,3,2,602,106,exp2,11,22,11,5,0.0982141644,0.139260799,-11,0x3e0e9a62,0.139260799,0x3f800000,1,0x3aa9fe00,0.00129693747,0x3aa9fe00,0.00129693747,000000,0,0,0000,000000,0,0,000,0x3aa9fe00,0.00129693747,0x3aa9fe00,0.00129693747,0x00000000,0
l1,0.0625,0,min-error,metric_min,exp1,0,1,1,2.67976189,2.67976213,2.67976189,2.67976213,2.38418579e-07,107,raw-and-scaled,6,1,fp6_e1m4,fp6_e2m3,4,3,2,602,107,exp2,11,22,11,5,0.0982141644,0.139260799,-11,0x3e0e9a62,0.139260799,0x3f800000,1,0xbdd70100,-0.104982376,0xbdd70100,-0.104982376,100001,0,1,0001,100011,0,3,011,0xbd2e0200,-0.0424823761,0xbc380800,-0.0112323761,0xbf800000,-1
l1,0.0625,0,min-error,metric_min,exp1,0,1,1,2.67976189,2.67976213,2.67976189,2.67976213,2.38418579e-07,108,raw-and-scaled,6,1,fp6_e1m4,fp6_e2m3,4,3,2,602,108,exp2,11,22,11,5,0.0982141644,0.139260799,-11,0x3e0e9a62,0.139260799,0x3f800000,1,0xbb480800,-0.00305223465,0xbb480800,-0.00305223465,100000,0,0,0000,100000,0,0,000,0xbb480800,-0.00305223465,0xbb480800,-0.00305223465,0x00000000,0
l1,0.0625,0,min-error,metric_min,exp1,0,1,1,2.67976189,2.67976213,2.67976189,2.67976213,2.38418579e-07,109,raw-and-scaled,6,1,fp6_e1m4,fp6_e2m3,4,3,2,602,109,exp2,11,22,11,5,0.0982141644,0.139260799,-11,0x3e0e9a62,0.139260799,0x3f800000,1,0x3f5aff00,0.855453491,0x3f5aff00,0.855453491,001101,0,13,1101,010101,2,5,101,0x3d2ff000,0.0429534912,0x3d2ff000,0.0429534912,0x00000000,0
l1,0.0625,0,min-error,metric_min,exp1,0,1,1,2.67976189,2.67976213,2.67976189,2.67976213,2.38418579e-07,110,raw-and-scaled,6,1,fp6_e1m4,fp6_e2m3,4,3,2,602,110,exp2,11,22,11,5,0.0982141644,0.139260799,-11,0x3e0e9a62,0.139260799,0x3f800000,1,0x3b740400,0.00372338295,0x3b740400,0.00372338295,000000,0,0,0000,000000,0,0,000,0x3b740400,0.00372338295,0x3b740400,0.00372338295,0x00000000,0
l1,0.0625,0,min-error,metric_min,exp1,0,1,1,2.67976189,2.67976213,2.67976189,2.67976213,2.38418579e-07,111,raw-and-scaled,6,1,fp6_e1m4,fp6_e2m3,4,3,2,602,111,exp2,11,22,11,5,0.0982141644,0.139260799,-11,0x3e0e9a62,0.139260799,0x3f800000,1,0xbe37c040,-0.179444313,0xbe37c040,-0.179444313,100010,0,2,0010,100101,0,5,101,0xbd5f0100,-0.054444313,0xbcbe0200,-0.023194313,0xbf800000,-1
l1,0.0625,0,min-error,metric_min,exp1,0,1,1,2.67976189,2.67976213,2.67976189,2.67976213,2.38418579e-07,112,raw-and-scaled,6,1,fp6_e1m4,fp6_e2m3,4,3,2,602,112,exp2,11,22,11,5,0.0982141644,0.139260799,-11,0x3e0e9a62,0.139260799,0x3f800000,1,0xbcb83fc0,-0.0224913359,0xbcb83fc0,-0.0224913359,100000,0,0,0000,100000,0,0,000,0xbcb83fc0,-0.0224913359,0xbcb83fc0,-0.0224913359,0x00000000,0
l1,0.0625,0,min-error,metric_min,exp1,0,1,1,2.67976189,2.67976213,2.67976189,2.67976213,2.38418579e-07,113,raw-and-scaled,6,1,fp6_e1m4,fp6_e2m3,4,3,2,602,113,exp2,11,22,11,5,0.0982141644,0.139260799,-11,0x3e0e9a62,0.139260799,0x3f800000,1,0x3e0bfc00,0.136703491,0x3e0bfc00,0.136703491,000010,0,2,0010,000100,0,4,100,0x3c3fc000,0.0117034912,0x3c3fc000,0.0117034912,0x80000000,-0
l1,0.0625,0,min-error,metric_min,exp1,0,1,1,2.67976189,2.67976213,2.67976189,2.67976213,2.38418579e-07,114,raw-and-scaled,6,1,fp6_e1m4,fp6_e2m3,4,3,2,602,114,exp2,11,22,11,5,0.0982141644,0.139260799,-11,0x3e0e9a62,0.139260799,0x3f800000,1,0xbe64ff00,-0.223628998,0xbe64ff00,-0.223628998,100011,0,3,0011,100111,0,7,111,0xbd13fc00,-0.0361289978,0xbb9fe000,-0.0048789978,0xbf800000,-1
l1,0.0625,0,min-error,metric_min,exp1,0,1,1,2.67976189,2.67976213,2.67976189,2.67976213,2.38418579e-07,115,raw-and-scaled,6,1,fp6_e1m4,fp6_e2m3,4,3,2,602,115,exp2,11,22,11,5,0.0982141644,0.139260799,-11,0x3e0e9a62,0.139260799,0x3f800000,1,0xbab9c040,-0.00141716748,0xbab9c040,-0.00141716748,100000,0,0,0000,100000,0,0,000,0xbab9c040,-0.00141716748,0xbab9c040,-0.00141716748,0x00000000,0
l1,0.0625,0,min-error,metric_min,exp1,0,1,1,2.67976189,2.67976213,2.67976189,2.67976213,2.38418579e-07,116,raw-and-scaled,6,1,fp6_e1m4,fp6_e2m3,4,3,2,602,116,exp2,11,22,11,5,0.0982141644,0.139260799,-11,0x3e0e9a62,0.139260799,0x3f800000,1,0x3cc80800,0.0244178772,0x3cc80800,0.0244178772,000000,0,0,0000,000000,0,0,000,0x3cc80800,0.0244178772,0x3cc80800,0.0244178772,0x00000000,0
l1,0.0625,0,min-error,metric_min,exp1,0,1,1,2.67976189,2.67976213,2.67976189,2.67976213,2.38418579e-07,117,raw-and-scaled,6,1,fp6_e1m4,fp6_e2m3,4,3,2,602,117,exp2,11,22,11,5,0.0982141644,0.139260799,-11,0x3e0e9a62,0.139260799,0x3f800000,1,0xbcf57f80,-0.0299680233,0xbcf57f80,-0.0299680233,100000,0,0,0000,100000,0,0,000,0xbcf57f80,-0.0299680233,0xbcf57f80,-0.0299680233,0x00000000,0
l1,0.0625,0,min-error,metric_min,exp1,0,1,1,2.67976189,2.67976213,2.67976189,2.67976213,2.38418579e-07,118,raw-and-scaled,6,1,fp6_e1m4,fp6_e2m3,4,3,2,602,118,exp2,11,22,11,5,0.0982141644,0.139260799,-11,0x3e0e9a62,0.139260799,0x3f800000,1,0x3f680800,0.90637207,0x3f680800,0.90637207,001110,0,14,1110,010110,2,6,110,0x3d008000,0.0313720703,0x3d008000,0.0313720703,0x00000000,0
l1,0.0625,0,min-error,metric_min,exp1,0,1,1,2.67976189,2.67976213,2.67976189,2.67976213,2.38418579e-07,119,raw-and-scaled,6,1,fp6_e1m4,fp6_e2m3,4,3,2,602,119,exp2,11,22,11,5,0.0982141644,0.139260799,-11,0x3e0e9a62,0.139260799,0x3f800000,1,0x3feeff00,1.86715698,0x3feeff00,1.86715698,011101,1,13,1101,011110,3,6,110,0x3d5fe000,0.0546569824,0x3deff000,0.117156982,0x3f800000,1
l1,0.0625,0,min-error,metric_min,exp1,0,1,1,2.67976189,2.67976213,2.67976189,2.67976213,2.38418579e-07,120,raw-and-scaled,6,1,fp6_e1m4,fp6_e2m3,4,3,2,602,120,exp2,11,22,11,5,0.0982141644,0.139260799,-11,0x3e0e9a62,0.139260799,0x3f800000,1,0x3af10100,0.00183871388,0x3af10100,0.00183871388,000000,0,0,0000,000000,0,0,000,0x3af10100,0.00183871388,0x3af10100,0.00183871388,0x00000000,0
l1,0.0625,0,min-error,metric_min,exp1,0,1,1,2.67976189,2.67976213,2.67976189,2.67976213,2.38418579e-07,121,raw-and-scaled,6,1,fp6_e1m4,fp6_e2m3,4,3,2,602,121,exp2,11,22,11,5,0.0982141644,0.139260799,-11,0x3e0e9a62,0.139260799,0x3f800000,1,0x3b97f800,0.0046377182,0x3b97f800,0.0046377182,000000,0,0,0000,000000,0,0,000,0x3b97f800,0.0046377182,0x3b97f800,0.0046377182,0x00000000,0
l1,0.0625,0,min-error,metric_min,exp1,0,1,1,2.67976189,2.67976213,2.67976189,2.67976213,2.38418579e-07,122,raw-and-scaled,6,1,fp6_e1m4,fp6_e2m3,4,3,2,602,122,exp2,11,22,11,5,0.0982141644,0.139260799,-11,0x3e0e9a62,0.139260799,0x3f800000,1,0x3c280800,0.0102558136,0x3c280800,0.0102558136,000000,0,0,0000,000000,0,0,000,0x3c280800,0.0102558136,0x3c280800,0.0102558136,0x00000000,0
l1,0.0625,0,min-error,metric_min,exp1,0,1,1,2.67976189,2.67976213,2.67976189,2.67976213,2.38418579e-07,123,raw-and-scaled,6,1,fp6_e1m4,fp6_e2m3,4,3,2,602,123,exp2,11,22,11,5,0.0982141644,0.139260799,-11,0x3e0e9a62,0.139260799,0x3f800000,1,0xbc7b8080,-0.015350461,0xbc7b8080,-0.015350461,100000,0,0,0000,100000,0,0,000,0xbc7b8080,-0.015350461,0xbc7b8080,-0.015350461,0x00000000,0
l1,0.0625,0,min-error,metric_min,exp1,0,1,1,2.67976189,2.67976213,2.67976189,2.67976213,2.38418579e-07,124,raw-and-scaled,6,1,fp6_e1m4,fp6_e2m3,4,3,2,602,124,exp2,11,22,11,5,0.0982141644,0.139260799,-11,0x3e0e9a62,0.139260799,0x3f800000,1,0xbffc8080,-1.97267151,0xbffc8080,-1.97267151,111111,1,15,1111,111111,3,7,111,0xbd101000,-0.0351715088,0xbdc80800,-0.0976715088,0x3f800000,1
l1,0.0625,0,min-error,metric_min,exp1,0,1,1,2.67976189,2.67976213,2.67976189,2.67976213,2.38418579e-07,125,raw-and-scaled,6,1,fp6_e1m4,fp6_e2m3,4,3,2,602,125,exp2,11,22,11,5,0.0982141644,0.139260799,-11,0x3e0e9a62,0.139260799,0x3f800000,1,0x3fd80800,1.68774414,0x3fd80800,1.68774414,011011,1,11,1011,011101,3,5,101,0x39800000,0.000244140625,0x3d808000,0.0627441406,0x3f800000,1
l1,0.0625,0,min-error,metric_min,exp1,0,1,1,2.67976189,2.67976213,2.67976189,2.67976213,2.38418579e-07,126,raw-and-scaled,6,1,fp6_e1m4,fp6_e2m3,4,3,2,602,126,exp2,11,22,11,5,0.0982141644,0.139260799,-11,0x3e0e9a62,0.139260799,0x3f800000,1,0xbcbf3fc0,-0.0233458281,0xbcbf3fc0,-0.0233458281,100000,0,0,0000,100000,0,0,000,0xbcbf3fc0,-0.0233458281,0xbcbf3fc0,-0.0233458281,0x00000000,0
l1,0.0625,0,min-error,metric_min,exp1,0,1,1,2.67976189,2.67976213,2.67976189,2.67976213,2.38418579e-07,127,raw-and-scaled,6,1,fp6_e1m4,fp6_e2m3,4,3,2,602,127,exp2,11,22,11,5,0.0982141644,0.139260799,-11,0x3e0e9a62,0.139260799,0x3f800000,1,0xbdf80800,-0.121109009,0xbdf80800,-0.121109009,100001,0,1,0001,100011,0,3,011,0xbd701000,-0.0586090088,0xbce02000,-0.0273590088,0xbf800000,-1
l1,0.0625,0,min-error,metric_min,exp1,0,1,1,0.588397861,0.58839792,0.588397861,0.58839792,5.96046448e-08,0,raw-and-scaled,6,1,fp6_e1m4,fp6_e2m3,4,3,2,699,0,exp2,1,2,1,0,0.0217887722,0.0276860353,-1,0x3ce2cdd3,0.0276860353,0x3f800000,1,0x00000000,0,0x00000000,0,000000,0,0,0000,000000,0,0,000,0x00000000,0,0x00000000,0,0x00000000,0
l1,0.0625,0,min-error,metric_min,exp1,0,1,1,0.588397861,0.58839792,0.588397861,0.58839792,5.96046448e-08,1,raw-and-scaled,6,1,fp6_e1m4,fp6_e2m3,4,3,2,699,1,exp2,1,2,1,0,0.0217887722,0.0276860353,-1,0x3ce2cdd3,0.0276860353,0x3f800000,1,0x00000000,0,0x00000000,0,000000,0,0,0000,000000,0,0,000,0x00000000,0,0x00000000,0,0x00000000,0
l1,0.0625,0,min-error,metric_min,exp1,0,1,1,0.588397861,0.58839792,0.588397861,0.58839792,5.96046448e-08,2,raw-and-scaled,6,1,fp6_e1m4,fp6_e2m3,4,3,2,699,2,exp2,1,2,1,0,0.0217887722,0.0276860353,-1,0x3ce2cdd3,0.0276860353,0x3f800000,1,0x00000000,0,0x00000000,0,000000,0,0,0000,000000,0,0,000,0x00000000,0,0x00000000,0,0x00000000,0
l1,0.0625,0,min-error,metric_min,exp1,0,1,1,0.588397861,0.58839792,0.588397861,0.58839792,5.96046448e-08,3,raw-and-scaled,6,1,fp6_e1m4,fp6_e2m3,4,3,2,699,3,exp2,1,2,1,0,0.0217887722,0.0276860353,-1,0x3ce2cdd3,0.0276860353,0x3f800000,1,0x00000000,0,0x00000000,0,000000,0,0,0000,000000,0,0,000,0x00000000,0,0x00000000,0,0x00000000,0
l1,0.0625,0,min-error,metric_min,exp1,0,1,1,0.588397861,0.58839792,0.588397861,0.58839792,5.96046448e-08,4,raw-and-scaled,6,1,fp6_e1m4,fp6_e2m3,4,3,2,699,4,exp2,1,2,1,0,0.0217887722,0.0276860353,-1,0x3ce2cdd3,0.0276860353,0x3f800000,1,0x00000000,0,0x00000000,0,000000,0,0,0000,000000,0,0,000,0x00000000,0,0x00000000,0,0x00000000,0
l1,0.0625,0,min-error,metric_min,exp1,0,1,1,0.588397861,0.58839792,0.588397861,0.58839792,5.96046448e-08,5,raw-and-scaled,6,1,fp6_e1m4,fp6_e2m3,4,3,2,699,5,exp2,1,2,1,0,0.0217887722,0.0276860353,-1,0x3ce2cdd3,0.0276860353,0x3f800000,1,0x00000000,0,0x00000000,0,000000,0,0,0000,000000,0,0,000,0x00000000,0,0x00000000,0,0x00000000,0
l1,0.0625,0,min-error,metric_min,exp1,0,1,1,0.588397861,0.58839792,0.588397861,0.58839792,5.96046448e-08,6,raw-and-scaled,6,1,fp6_e1m4,fp6_e2m3,4,3,2,699,6,exp2,1,2,1,0,0.0217887722,0.0276860353,-1,0x3ce2cdd3,0.0276860353,0x3f800000,1,0x00000000,0,0x00000000,0,000000,0,0,0000,000000,0,0,000,0x00000000,0,0x00000000,0,0x00000000,0
l1,0.0625,0,min-error,metric_min,exp1,0,1,1,0.588397861,0.58839792,0.588397861,0.58839792,5.96046448e-08,7,raw-and-scaled,6,1,fp6_e1m4,fp6_e2m3,4,3,2,699,7,exp2,1,2,1,0,0.0217887722,0.0276860353,-1,0x3ce2cdd3,0.0276860353,0x3f800000,1,0x00000000,0,0x00000000,0,000000,0,0,0000,000000,0,0,000,0x00000000,0,0x00000000,0,0x00000000,0
l1,0.0625,0,min-error,metric_min,exp1,0,1,1,0.588397861,0.58839792,0.588397861,0.58839792,5.96046448e-08,8,raw-and-scaled,6,1,fp6_e1m4,fp6_e2m3,4,3,2,699,8,exp2,1,2,1,0,0.0217887722,0.0276860353,-1,0x3ce2cdd3,0.0276860353,0x3f800000,1,0x00000000,0,0x00000000,0,000000,0,0,0000,000000,0,0,000,0x00000000,0,0x00000000,0,0x00000000,0
l1,0.0625,0,min-error,metric_min,exp1,0,1,1,0.588397861,0.58839792,0.588397861,0.58839792,5.96046448e-08,9,raw-and-scaled,6,1,fp6_e1m4,fp6_e2m3,4,3,2,699,9,exp2,1,2,1,0,0.0217887722,0.0276860353,-1,0x3ce2cdd3,0.0276860353,0x3f800000,1,0x00000000,0,0x00000000,0,000000,0,0,0000,000000,0,0,000,0x00000000,0,0x00000000,0,0x00000000,0
l1,0.0625,0,min-error,metric_min,exp1,0,1,1,0.588397861,0.58839792,0.588397861,0.58839792,5.96046448e-08,10,raw-and-scaled,6,1,fp6_e1m4,fp6_e2m3,4,3,2,699,10,exp2,1,2,1,0,0.0217887722,0.0276860353,-1,0x3ce2cdd3,0.0276860353,0x3f800000,1,0xbeec10a1,-0.461064368,0xbeec10a1,-0.461064368,100111,0,7,0111,101110,1,6,110,0xbcc10a10,-0.0235643685,0xbcc10a10,-0.0235643685,0x80000000,-0
l1,0.0625,0,min-error,metric_min,exp1,0,1,1,0.588397861,0.58839792,0.588397861,0.58839792,5.96046448e-08,11,raw-and-scaled,6,1,fp6_e1m4,fp6_e2m3,4,3,2,699,11,exp2,1,2,1,0,0.0217887722,0.0276860353,-1,0x3ce2cdd3,0.0276860353,0x3f800000,1,0x3aa65c1f,0.00126922491,0x3aa65c1f,0.00126922491,000000,0,0,0000,000000,0,0,000,0x3aa65c1f,0.00126922491,0x3aa65c1f,0.00126922491,0x00000000,0
l1,0.0625,0,min-error,metric_min,exp1,0,1,1,0.588397861,0.58839792,0.588397861,0.58839792,5.96046448e-08,12,raw-and-scaled,6,1,fp6_e1m4,fp6_e2m3,4,3,2,699,12,exp2,1,2,1,0,0.0217887722,0.0276860353,-1,0x3ce2cdd3,0.0276860353,0x3f800000,1,0x00000000,0,0x00000000,0,000000,0,0,0000,000000,0,0,000,0x00000000,0,0x00000000,0,0x00000000,0
l1,0.0625,0,min-error,metric_min,exp1,0,1,1,0.588397861,0.58839792,0.588397861,0.58839792,5.96046448e-08,13,raw-and-scaled,6,1,fp6_e1m4,fp6_e2m3,4,3,2,699,13,exp2,1,2,1,0,0.0217887722,0.0276860353,-1,0x3ce2cdd3,0.0276860353,0x3f800000,1,0x3c56cfd5,0.0131110745,0x3c56cfd5,0.0131110745,000000,0,0,0000,000000,0,0,000,0x3c56cfd5,0.0131110745,0x3c56cfd5,0.0131110745,0x00000000,0
l1,0.0625,0,min-error,metric_min,exp1,0,1,1,0.588397861,0.58839792,0.588397861,0.58839792,5.96046448e-08,14,raw-and-scaled,6,1,fp6_e1m4,fp6_e2m3,4,3,2,699,14,exp2,1,2,1,0,0.0217887722,0.0276860353,-1,0x3ce2cdd3,0.0276860353,0x3f800000,1,0x00000000,0,0x00000000,0,000000,0,0,0000,000000,0,0,000,0x00000000,0,0x00000000,0,0x00000000,0
l1,0.0625,0,min-error,metric_min,exp1,0,1,1,0.588397861,0.58839792,0.588397861,0.58839792,5.96046448e-08,15,raw-and-scaled,6,1,fp6_e1m4,fp6_e2m3,4,3,2,699,15,exp2,1,2,1,0,0.0217887722,0.0276860353,-1,0x3ce2cdd3,0.0276860353,0x3f800000,1,0x3fde6658,1.73749828,0x3fde6658,1.73749828,011011,1,11,1011,011101,3,5,101,0x3d4ccb00,0.0499982834,0x3de66580,0.112498283,0x3f800000,1
l1,0.0625,0,min-error,metric_min,exp1,0,1,1,0.588397861,0.58839792,0.588397861,0.58839792,5.96046448e-08,16,raw-and-scaled,6,1,fp6_e1m4,fp6_e2m3,4,3,2,699,16,exp2,1,2,1,0,0.0217887722,0.0276860353,-1,0x3ce2cdd3,0.0276860353,0x3f800000,1,0x00000000,0,0x00000000,0,000000,0,0,0000,000000,0,0,000,0x00000000,0,0x00000000,0,0x00000000,0
l1,0.0625,0,min-error,metric_min,exp1,0,1,1,0.588397861,0.58839792,0.588397861,0.58839792,5.96046448e-08,17,raw-and-scaled,6,1,fp6_e1m4,fp6_e2m3,4,3,2,699,17,exp2,1,2,1,0,0.0217887722,0.0276860353,-1,0x3ce2cdd3,0.0276860353,0x3f800000,1,0x00000000,0,0x00000000,0,000000,0,0,0000,000000,0,0,000,0x00000000,0,0x00000000,0,0x00000000,0
l1,0.0625,0,min-error,metric_min,exp1,0,1,1,0.588397861,0.58839792,0.588397861,0.58839792,5.96046448e-08,18,raw-and-scaled,6,1,fp6_e1m4,fp6_e2m3,4,3,2,699,18,exp2,1,2,1,0,0.0217887722,0.0276860353,-1,0x3ce2cdd3,0.0276860353,0x3f800000,1,0x3eeb583c,0.45965755,0x3eeb583c,0.45965755,000111,0,7,0111,001110,1,6,110,0x3cb583c0,0.0221575499,0x3cb583c0,0.0221575499,0x80000000,-0
l1,0.0625,0,min-error,metric_min,exp1,0,1,1,0.588397861,0.58839792,0.588397861,0.58839792,5.96046448e-08,19,raw-and-scaled,6,1,fp6_e1m4,fp6_e2m3,4,3,2,699,19,exp2,1,2,1,0,0.0217887722,0.0276860353,-1,0x3ce2cdd3,0.0276860353,0x3f800000,1,0x00000000,0,0x00000000,0,000000,0,0,0000,000000,0,0,000,0x00000000,0,0x00000000,0,0x00000000,0
l1,0.0625,0,min-error,metric_min,exp1,0,1,1,0.588397861,0.58839792,0.588397861,0.58839792,5.96046448e-08,20,raw-and-scaled,6,1,fp6_e1m4,fp6_e2m3,4,3,2,699,20,exp2,1,2,1,0,0.0217887722,0.0276860353,-1,0x3ce2cdd3,0.0276860353,0x3f800000,1,0x00000000,0,0x00000000,0,000000,0,0,0000,000000,0,0,000,0x00000000,0,0x00000000,0,0x00000000,0
l1,0.0625,0,min-error,metric_min,exp1,0,1,1,0.588397861,0.58839792,0.588397861,0.58839792,5.96046448e-08,21,raw-and-scaled,6,1,fp6_e1m4,fp6_e2m3,4,3,2,699,21,exp2,1,2,1,0,0.0217887722,0.0276860353,-1,0x3ce2cdd3,0.0276860353,0x3f800000,1,0xbc0dc823,-0.00865367334,0xbc0dc823,-0.00865367334,100000,0,0,0000,100000,0,0,000,0xbc0dc823,-0.00865367334,0xbc0dc823,-0.00865367334,0x00000000,0
l1,0.0625,0,min-error,metric_min,exp1,0,1,1,0.588397861,0.58839792,0.588397861,0.58839792,5.96046448e-08,22,raw-and-scaled,6,1,fp6_e1m4,fp6_e2m3,4,3,2,699,22,exp2,1,2,1,0,0.0217887722,0.0276860353,-1,0x3ce2cdd3,0.0276860353,0x3f800000,1,0x00000000,0,0x00000000,0,000000,0,0,0000,000000,0,0,000,0x00000000,0,0x00000000,0,0x00000000,0
l1,0.0625,0,min-error,metric_min,exp1,0,1,1,0.588397861,0.58839792,0.588397861,0.58839792,5.96046448e-08,23,raw-and-scaled,6,1,fp6_e1m4,fp6_e2m3,4,3,2,699,23,exp2,1,2,1,0,0.0217887722,0.0276860353,-1,0x3ce2cdd3,0.0276860353,0x3f800000,1,0x00000000,0,0x00000000,0,000000,0,0,0000,000000,0,0,000,0x00000000,0,0x00000000,0,0x00000000,0
l1,0.0625,0,min-error,metric_min,exp1,0,1,1,0.588397861,0.58839792,0.588397861,0.58839792,5.96046448e-08,24,raw-and-scaled,6,1,fp6_e1m4,fp6_e2m3,4,3,2,699,24,exp2,1,2,1,0,0.0217887722,0.0276860353,-1,0x3ce2cdd3,0.0276860353,0x3f800000,1,0xbc938637,-0.0180083346,0xbc938637,-0.0180083346,100000,0,0,0000,100000,0,0,000,0xbc938637,-0.0180083346,0xbc938637,-0.0180083346,0x00000000,0
l1,0.0625,0,min-error,metric_min,exp1,0,1,1,0.588397861,0.58839792,0.588397861,0.58839792,5.96046448e-08,25,raw-and-scaled,6,1,fp6_e1m4,fp6_e2m3,4,3,2,699,25,exp2,1,2,1,0,0.0217887722,0.0276860353,-1,0x3ce2cdd3,0.0276860353,0x3f800000,1,0x3c105dcd,0.00881142635,0x3c105dcd,0.00881142635,000000,0,0,0000,000000,0,0,000,0x3c105dcd,0.00881142635,0x3c105dcd,0.00881142635,0x00000000,0
l1,0.0625,0,min-error,metric_min,exp1,0,1,1,0.588397861,0.58839792,0.588397861,0.58839792,5.96046448e-08,26,raw-and-scaled,6,1,fp6_e1m4,fp6_e2m3,4,3,2,699,26,exp2,1,2,1,0,0.0217887722,0.0276860353,-1,0x3ce2cdd3,0.0276860353,0x3f800000,1,0x3e176642,0.14785102,0x3e176642,0.14785102,000010,0,2,0010,000100,0,4,100,0x3cbb3210,0.0228510201,0x3cbb3210,0.0228510201,0x80000000,-0
l1,0.0625,0,min-error,metric_min,exp1,0,1,1,0.588397861,0.58839792,0.588397861,0.58839792,5.96046448e-08,27,raw-and-scaled,6,1,fp6_e1m4,fp6_e2m3,4,3,2,699,27,exp2,1,2,1,0,0.0217887722,0.0276860353,-1,0x3ce2cdd3,0.0276860353,0x3f800000,1,0x3f09906f,0.537360132,0x3f09906f,0.537360132,001000,0,8,1000,010000,2,0,000,0x3d1906f0,0.0373601317,0x3d1906f0,0.0373601317,0x00000000,0
l1,0.0625,0,min-error,metric_min,exp1,0,1,1,0.588397861,0.58839792,0.588397861,0.58839792,5.96046448e-08,28,raw-and-scaled,6,1,fp6_e1m4,fp6_e2m3,4,3,2,699,28,exp2,1,2,1,0,0.0217887722,0.0276860353,-1,0x3ce2cdd3,0.0276860353,0x3f800000,1,0x00000000,0,0x00000000,0,000000,0,0,0000,000000,0,0,000,0x00000000,0,0x00000000,0,0x00000000,0
l1,0.0625,0,min-error,metric_min,exp1,0,1,1,0.588397861,0.58839792,0.588397861,0.58839792,5.96046448e-08,29,raw-and-scaled,6,1,fp6_e1m4,fp6_e2m3,4,3,2,699,29,exp2,1,2,1,0,0.0217887722,0.0276860353,-1,0x3ce2cdd3,0.0276860353,0x3f800000,1,0x00000000,0,0x00000000,0,000000,0,0,0000,000000,0,0,000,0x00000000,0,0x00000000,0,0x00000000,0
l1,0.0625,0,min-error,metric_min,exp1,0,1,1,0.588397861,0.58839792,0.588397861,0.58839792,5.96046448e-08,30,raw-and-scaled,6,1,fp6_e1m4,fp6_e2m3,4,3,2,699,30,exp2,1,2,1,0,0.0217887722,0.0276860353,-1,0x3ce2cdd3,0.0276860353,0x3f800000,1,0x00000000,0,0x00000000,0,000000,0,0,0000,000000,0,0,000,0x00000000,0,0x00000000,0,0x00000000,0
l1,0.0625,0,min-error,metric_min,exp1,0,1,1,0.588397861,0.58839792,0.588397861,0.58839792,5.96046448e-08,31,raw-and-scaled,6,1,fp6_e1m4,fp6_e2m3,4,3,2,699,31,exp2,1,2,1,0,0.0217887722,0.0276860353,-1,0x3ce2cdd3,0.0276860353,0x3f800000,1,0x00000000,0,0x00000000,0,000000,0,0,0000,000000,0,0,000,0x00000000,0,0x00000000,0,0x00000000,0
l1,0.0625,0,min-error,metric_min,exp1,0,1,1,0.588397861,0.58839792,0.588397861,0.58839792,5.96046448e-08,32,raw-and-scaled,6,1,fp6_e1m4,fp6_e2m3,4,3,2,699,32,exp2,1,2,1,0,0.0217887722,0.0276860353,-1,0x3ce2cdd3,0.0276860353,0x3f800000,1,0x3e4ae6bd,0.198145822,0x3e4ae6bd,0.198145822,000011,0,3,0011,000110,0,6,110,0x3c2e6bd0,0.0106458217,0x3c2e6bd0,0.0106458217,0x80000000,-0
l1,0.0625,0,min-error,metric_min,exp1,0,1,1,0.588397861,0.58839792,0.588397861,0.58839792,5.96046448e-08,33,raw-and-scaled,6,1,fp6_e1m4,fp6_e2m3,4,3,2,699,33,exp2,1,2,1,0,0.0217887722,0.0276860353,-1,0x3ce2cdd3,0.0276860353,0x3f800000,1,0x00000000,0,0x00000000,0,000000,0,0,0000,000000,0,0,000,0x00000000,0,0x00000000,0,0x00000000,0
l1,0.0625,0,min-error,metric_min,exp1,0,1,1,0.588397861,0.58839792,0.588397861,0.58839792,5.96046448e-08,34,raw-and-scaled,6,1,fp6_e1m4,fp6_e2m3,4,3,2,699,34,exp2,1,2,1,0,0.0217887722,0.0276860353,-1,0x3ce2cdd3,0.0276860353,0x3f800000,1,0xbda61243,-0.081089519,0xbda61243,-0.081089519,100001,0,1,0001,100010,0,2,010,0xbc98490c,-0.018589519,0xbc98490c,-0.018589519,0x80000000,-0
l1,0.0625,0,min-error,metric_min,exp1,0,1,1,0.588397861,0.58839792,0.588397861,0.58839792,5.96046448e-08,35,raw-and-scaled,6,1,fp6_e1m4,fp6_e2m3,4,3,2,699,35,exp2,1,2,1,0,0.0217887722,0.0276860353,-1,0x3ce2cdd3,0.0276860353,0x3f800000,1,0x00000000,0,0x00000000,0,000000,0,0,0000,000000,0,0,000,0x00000000,0,0x00000000,0,0x00000000,0
l1,0.0625,0,min-error,metric_min,exp1,0,1,1,0.588397861,0.58839792,0.588397861,0.58839792,5.96046448e-08,36,raw-and-scaled,6,1,fp6_e1m4,fp6_e2m3,4,3,2,699,36,exp2,1,2,1,0,0.0217887722,0.0276860353,-1,0x3ce2cdd3,0.0276860353,0x3f800000,1,0x3ece6f22,0.403191626,0x3ece6f22,0.403191626,000110,0,6,0110,001100,1,4,100,0x3ce6f220,0.0281916261,0x3ce6f220,0.0281916261,0x80000000,-0
l1,0.0625,0,min-error,metric_min,exp1,0,1,1,0.588397861,0.58839792,0.588397861,0.58839792,5.96046448e-08,37,raw-and-scaled,6,1,fp6_e1m4,fp6_e2m3,4,3,2,699,37,exp2,1,2,1,0,0.0217887722,0.0276860353,-1,0x3ce2cdd3,0.0276860353,0x3f800000,1,0x00000000,0,0x00000000,0,000000,0,0,0000,000000,0,0,000,0x00000000,0,0x00000000,0,0x00000000,0
l1,0.0625,0,min-error,metric_min,exp1,0,1,1,0.588397861,0.58839792,0.588397861,0.58839792,5.96046448e-08,38,raw-and-scaled,6,1,fp6_e1m4,fp6_e2m3,4,3,2,699,38,exp2,1,2,1,0,0.0217887722,0.0276860353,-1,0x3ce2cdd3,0.0276860353,0x3f800000,1,0x00000000,0,0x00000000,0,000000,0,0,0000,000000,0,0,000,0x00000000,0,0x00000000,0,0x00000000,0
l1,0.0625,0,min-error,metric_min,exp1,0,1,1,0.588397861,0.58839792,0.588397861,0.58839792,5.96046448e-08,39,raw-and-scaled,6,1,fp6_e1m4,fp6_e2m3,4,3,2,699,39,exp2,1,2,1,0,0.0217887722,0.0276860353,-1,0x3ce2cdd3,0.0276860353,0x3f800000,1,0x00000000,0,0x00000000,0,000000,0,0,0000,000000,0,0,000,0x00000000,0,0x00000000,0,0x00000000,0
l1,0.0625,0,min-error,metric_min,exp1,0,1,1,0.588397861,0.58839792,0.588397861,0.58839792,5.96046448e-08,40,raw-and-scaled,6,1,fp6_e1m4,fp6_e2m3,4,3,2,699,40,exp2,1,2,1,0,0.0217887722,0.0276860353,-1,0x3ce2cdd3,0.0276860353,0x3f800000,1,0x00000000,0,0x00000000,0,000000,0,0,0000,000000,0,0,000,0x00000000,0,0x00000000,0,0x00000000,0
l1,0.0625,0,min-error,metric_min,exp1,0,1,1,0.588397861,0.58839792,0.588397861,0.58839792,5.96046448e-08,41,raw-and-scaled,6,1,fp6_e1m4,fp6_e2m3,4,3,2,699,41,exp2,1,2,1,0,0.0217887722,0.0276860353,-1,0x3ce2cdd3,0.0276860353,0x3f800000,1,0x3ff67eb4,1.92574167,0x3ff67eb4,1.92574167,011110,1,14,1110,011111,3,7,111,0x3d4fd680,0.0507416725,0x3d4fd680,0.0507416725,0x00000000,0
l1,0.0625,0,min-error,metric_min,exp1,0,1,1,0.588397861,0.58839792,0.588397861,0.58839792,5.96046448e-08,42,raw-and-scaled,6,1,fp6_e1m4,fp6_e2m3,4,3,2,699,42,exp2,1,2,1,0,0.0217887722,0.0276860353,-1,0x3ce2cdd3,0.0276860353,0x3f800000,1,0x00000000,0,0x00000000,0,000000,0,0,0000,000000,0,0,000,0x00000000,0,0x00000000,0,0x00000000,0
l1,0.0625,0,min-error,metric_min,exp1,0,1,1,0.588397861,0.58839792,0.588397861,0.58839792,5.96046448e-08,43,raw-and-scaled,6,1,fp6_e1m4,fp6_e2m3,4,3,2,699,43,exp2,1,2,1,0,0.0217887722,0.0276860353,-1,0x3ce2cdd3,0.0276860353,0x3f800000,1,0x00000000,0,0x00000000,0,000000,0,0,0000,000000,0,0,000,0x00000000,0,0x00000000,0,0x00000000,0
l1,0.0625,0,min-error,metric_min,exp1,0,1,1,0.588397861,0.58839792,0.588397861,0.58839792,5.96046448e-08,44,raw-and-scaled,6,1,fp6_e1m4,fp6_e2m3,4,3,2,699,44,exp2,1,2,1,0,0.0217887722,0.0276860353,-1,0x3ce2cdd3,0.0276860353,0x3f800000,1,0x00000000,0,0x00000000,0,000000,0,0,0000,000000,0,0,000,0x00000000,0,0x00000000,0,0x00000000,0
l1,0.0625,0,min-error,metric_min,exp1,0,1,1,0.588397861,0.58839792,0.588397861,0.58839792,5.96046448e-08,45,raw-and-scaled,6,1,fp6_e1m4,fp6_e2m3,4,3,2,699,45,exp2,1,2,1,0,0.0217887722,0.0276860353,-1,0x3ce2cdd3,0.0276860353,0x3f800000,1,0x00000000,0,0x00000000,0,000000,0,0,0000,000000,0,0,000,0x00000000,0,0x00000000,0,0x00000000,0
l1,0.0625,0,min-error,metric_min,exp1,0,1,1,0.588397861,0.58839792,0.588397861,0.58839792,5.96046448e-08,46,raw-and-scaled,6,1,fp6_e1m4,fp6_e2m3,4,3,2,699,46,exp2,1,2,1,0,0.0217887722,0.0276860353,-1,0x3ce2cdd3,0.0276860353,0x3f800000,1,0x00000000,0,0x00000000,0,000000,0,0,0000,000000,0,0,000,0x00000000,0,0x00000000,0,0x00000000,0
l1,0.0625,0,min-error,metric_min,exp1,0,1,1,0.588397861,0.58839792,0.588397861,0.58839792,5.96046448e-08,47,raw-and-scaled,6,1,fp6_e1m4,fp6_e2m3,4,3,2,699,47,exp2,1,2,1,0,0.0217887722,0.0276860353,-1,0x3ce2cdd3,0.0276860353,0x3f800000,1,0x00000000,0,0x00000000,0,000000,0,0,0000,000000,0,0,000,0x00000000,0,0x00000000,0,0x00000000,0
l1,0.0625,0,min-error,metric_min,exp1,0,1,1,0.588397861,0.58839792,0.588397861,0.58839792,5.96046448e-08,48,raw-and-scaled,6,1,fp6_e1m4,fp6_e2m3,4,3,2,699,48,exp2,1,2,1,0,0.0217887722,0.0276860353,-1,0x3ce2cdd3,0.0276860353,0x3f800000,1,0x00000000,0,0x00000000,0,000000,0,0,0000,000000,0,0,000,0x00000000,0,0x00000000,0,0x00000000,0
l1,0.0625,0,min-error,metric_min,exp1,0,1,1,0.588397861,0.58839792,0.588397861,0.58839792,5.96046448e-08,49,raw-and-scaled,6,1,fp6_e1m4,fp6_e2m3,4,3,2,699,49,exp2,1,2,1,0,0.0217887722,0.0276860353,-1,0x3ce2cdd3,0.0276860353,0x3f800000,1,0x00000000,0,0x00000000,0,000000,0,0,0000,000000,0,0,000,0x00000000,0,0x00000000,0,0x00000000,0
l1,0.0625,0,min-error,metric_min,exp1,0,1,1,0.588397861,0.58839792,0.588397861,0.58839792,5.96046448e-08,50,raw-and-scaled,6,1,fp6_e1m4,fp6_e2m3,4,3,2,699,50,exp2,1,2,1,0,0.0217887722,0.0276860353,-1,0x3ce2cdd3,0.0276860353,0x3f800000,1,0x00000000,0,0x00000000,0,000000,0,0,0000,000000,0,0,000,0x00000000,0,0x00000000,0,0x00000000,0
l1,0.0625,0,min-error,metric_min,exp1,0,1,1,0.588397861,0.58839792,0.588397861,0.58839792,5.96046448e-08,51,raw-and-scaled,6,1,fp6_e1m4,fp6_e2m3,4,3,2,699,51,exp2,1,2,1,0,0.0217887722,0.0276860353,-1,0x3ce2cdd3,0.0276860353,0x3f800000,1,0x00000000,0,0x00000000,0,000000,0,0,0000,000000,0,0,000,0x00000000,0,0x00000000,0,0x00000000,0
l1,0.0625,0,min-error,metric_min,exp1,0,1,1,0.588397861,0.58839792,0.588397861,0.58839792,5.96046448e-08,52,raw-and-scaled,6,1,fp6_e1m4,fp6_e2m3,4,3,2,699,52,exp2,1,2,1,0,0.0217887722,0.0276860353,-1,0x3ce2cdd3,0.0276860353,0x3f800000,1,0x00000000,0,0x00000000,0,000000,0,0,0000,000000,0,0,000,0x00000000,0,0x00000000,0,0x00000000,0
l1,0.0625,0,min-error,metric_min,exp1,0,1,1,0.588397861,0.58839792,0.588397861,0.58839792,5.96046448e-08,53,raw-and-scaled,6,1,fp6_e1m4,fp6_e2m3,4,3,2,699,53,exp2,1,2,1,0,0.0217887722,0.0276860353,-1,0x3ce2cdd3,0.0276860353,0x3f800000,1,0x00000000,0,0x00000000,0,000000,0,0,0000,000000,0,0,000,0x00000000,0,0x00000000,0,0x00000000,0
l1,0.0625,0,min-error,metric_min,exp1,0,1,1,0.588397861,0.58839792,0.588397861,0.58839792,5.96046448e-08,54,raw-and-scaled,6,1,fp6_e1m4,fp6_e2m3,4,3,2,699,54,exp2,1,2,1,0,0.0217887722,0.0276860353,-1,0x3ce2cdd3,0.0276860353,0x3f800000,1,0x00000000,0,0x00000000,0,000000,0,0,0000,000000,0,0,000,0x00000000,0,0x00000000,0,0x00000000,0
l1,0.0625,0,min-error,metric_min,exp1,0,1,1,0.588397861,0.58839792,0.588397861,0.58839792,5.96046448e-08,55,raw-and-scaled,6,1,fp6_e1m4,fp6_e2m3,4,3,2,699,55,exp2,1,2,1,0,0.0217887722,0.0276860353,-1,0x3ce2cdd3,0.0276860353,0x3f800000,1,0xbaac9e1c,-0.00131696789,0xbaac9e1c,-0.00131696789,100000,0,0,0000,100000,0,0,000,0xbaac9e1c,-0.00131696789,0xbaac9e1c,-0.00131696789,0x00000000,0
l1,0.0625,0,min-error,metric_min,exp1,0,1,1,0.588397861,0.58839792,0.588397861,0.58839792,5.96046448e-08,56,raw-and-scaled,6,1,fp6_e1m4,fp6_e2m3,4,3,2,699,56,exp2,1,2,1,0,0.0217887722,0.0276860353,-1,0x3ce2cdd3,0.0276860353,0x3f800000,1,0x00000000,0,0x00000000,0,000000,0,0,0000,000000,0,0,000,0x00000000,0,0x00000000,0,0x00000000,0
l1,0.0625,0,min-error,metric_min,exp1,0,1,1,0.588397861,0.58839792,0.588397861,0.58839792,5.96046448e-08,57,raw-and-scaled,6,1,fp6_e1m4,fp6_e2m3,4,3,2,699,57,exp2,1,2,1,0,0.0217887722,0.0276860353,-1,0x3ce2cdd3,0.0276860353,0x3f800000,1,0x00000000,0,0x00000000,0,000000,0,0,0000,000000,0,0,000,0x00000000,0,0x00000000,0,0x00000000,0
l1,0.0625,0,min-error,metric_min,exp1,0,1,1,0.588397861,0.58839792,0.588397861,0.58839792,5.96046448e-08,58,raw-and-scaled,6,1,fp6_e1m4,fp6_e2m3,4,3,2,699,58,exp2,1,2,1,0,0.0217887722,0.0276860353,-1,0x3ce2cdd3,0.0276860353,0x3f800000,1,0x00000000,0,0x00000000,0,000000,0,0,0000,000000,0,0,000,0x00000000,0,0x00000000,0,0x00000000,0
l1,0.0625,0,min-error,metric_min,exp1,0,1,1,0.588397861,0.58839792,0.588397861,0.58839792,5.96046448e-08,59,raw-and-scaled,6,1,fp6_e1m4,fp6_e2m3,4,3,2,699,59,exp2,1,2,1,0,0.0217887722,0.0276860353,-1,0x3ce2cdd3,0.0276860353,0x3f800000,1,0x00000000,0,0x00000000,0,000000,0,0,0000,000000,0,0,000,0x00000000,0,0x00000000,0,0x00000000,0
l1,0.0625,0,min-error,metric_min,exp1,0,1,1,0.588397861,0.58839792,0.588397861,0.58839792,5.96046448e-08,60,raw-and-scaled,6,1,fp6_e1m4,fp6_e2m3,4,3,2,699,60,exp2,1,2,1,0,0.0217887722,0.0276860353,-1,0x3ce2cdd3,0.0276860353,0x3f800000,1,0x3b9aa467,0.00471930532,0x3b9aa467,0.00471930532,000000,0,0,0000,000000,0,0,000,0x3b9aa467,0.00471930532,0x3b9aa467,0.00471930532,0x00000000,0
l1,0.0625,0,min-error,metric_min,exp1,0,1,1,0.588397861,0.58839792,0.588397861,0.58839792,5.96046448e-08,61,raw-and-scaled,6,1,fp6_e1m4,fp6_e2m3,4,3,2,699,61,exp2,1,2,1,0,0.0217887722,0.0276860353,-1,0x3ce2cdd3,0.0276860353,0x3f800000,1,0x00000000,0,0x00000000,0,000000,0,0,0000,000000,0,0,000,0x00000000,0,0x00000000,0,0x00000000,0
l1,0.0625,0,min-error,metric_min,exp1,0,1,1,0.588397861,0.58839792,0.588397861,0.58839792,5.96046448e-08,62,raw-and-scaled,6,1,fp6_e1m4,fp6_e2m3,4,3,2,699,62,exp2,1,2,1,0,0.0217887722,0.0276860353,-1,0x3ce2cdd3,0.0276860353,0x3f800000,1,0x00000000,0,0x00000000,0,000000,0,0,0000,000000,0,0,000,0x00000000,0,0x00000000,0,0x00000000,0
l1,0.0625,0,min-error,metric_min,exp1,0,1,1,0.588397861,0.58839792,0.588397861,0.58839792,5.96046448e-08,63,raw-and-scaled,6,1,fp6_e1m4,fp6_e2m3,4,3,2,699,63,exp2,1,2,1,0,0.0217887722,0.0276860353,-1,0x3ce2cdd3,0.0276860353,0x3f800000,1,0x00000000,0,0x00000000,0,000000,0,0,0000,000000,0,0,000,0x00000000,0,0x00000000,0,0x00000000,0
l1,0.0625,0,min-error,metric_min,exp1,0,1,1,0.588397861,0.58839792,0.588397861,0.58839792,5.96046448e-08,64,raw-and-scaled,6,1,fp6_e1m4,fp6_e2m3,4,3,2,699,64,exp2,1,2,1,0,0.0217887722,0.0276860353,-1,0x3ce2cdd3,0.0276860353,0x3f800000,1,0x00000000,0,0x00000000,0,000000,0,0,0000,000000,0,0,000,0x00000000,0,0x00000000,0,0x00000000,0
l1,0.0625,0,min-error,metric_min,exp1,0,1,1,0.588397861,0.58839792,0.588397861,0.58839792,5.96046448e-08,65,raw-and-scaled,6,1,fp6_e1m4,fp6_e2m3,4,3,2,699,65,exp2,1,2,1,0,0.0217887722,0.0276860353,-1,0x3ce2cdd3,0.0276860353,0x3f800000,1,0xbbc55365,-0.00602190429,0xbbc55365,-0.00602190429,100000,0,0,0000,100000,0,0,000,0xbbc55365,-0.00602190429,0xbbc55365,-0.00602190429,0x00000000,0
l1,0.0625,0,min-error,metric_min,exp1,0,1,1,0.588397861,0.58839792,0.588397861,0.58839792,5.96046448e-08,66,raw-and-scaled,6,1,fp6_e1m4,fp6_e2m3,4,3,2,699,66,exp2,1,2,1,0,0.0217887722,0.0276860353,-1,0x3ce2cdd3,0.0276860353,0x3f800000,1,0x00000000,0,0x00000000,0,000000,0,0,0000,000000,0,0,000,0x00000000,0,0x00000000,0,0x00000000,0
l1,0.0625,0,min-error,metric_min,exp1,0,1,1,0.588397861,0.58839792,0.588397861,0.58839792,5.96046448e-08,67,raw-and-scaled,6,1,fp6_e1m4,fp6_e2m3,4,3,2,699,67,exp2,1,2,1,0,0.0217887722,0.0276860353,-1,0x3ce2cdd3,0.0276860353,0x3f800000,1,0x00000000,0,0x00000000,0,000000,0,0,0000,000000,0,0,000,0x00000000,0,0x00000000,0,0x00000000,0
l1,0.0625,0,min-error,metric_min,exp1,0,1,1,0.588397861,0.58839792,0.588397861,0.58839792,5.96046448e-08,68,raw-and-scaled,6,1,fp6_e1m4,fp6_e2m3,4,3,2,699,68,exp2,1,2,1,0,0.0217887722,0.0276860353,-1,0x3ce2cdd3,0.0276860353,0x3f800000,1,0x00000000,0,0x00000000,0,000000,0,0,0000,000000,0,0,000,0x00000000,0,0x00000000,0,0x00000000,0
l1,0.0625,0,min-error,metric_min,exp1,0,1,1,0.588397861,0.58839792,0.588397861,0.58839792,5.96046448e-08,69,raw-and-scaled,6,1,fp6_e1m4,fp6_e2m3,4,3,2,699,69,exp2,1,2,1,0,0.0217887722,0.0276860353,-1,0x3ce2cdd3,0.0276860353,0x3f800000,1,0x00000000,0,0x00000000,0,000000,0,0,0000,000000,0,0,000,0x00000000,0,0x00000000,0,0x00000000,0
l1,0.0625,0,min-error,metric_min,exp1,0,1,1,0.588397861,0.58839792,0.588397861,0.58839792,5.96046448e-08,70,raw-and-scaled,6,1,fp6_e1m4,fp6_e2m3,4,3,2,699,70,exp2,1,2,1,0,0.0217887722,0.0276860353,-1,0x3ce2cdd3,0.0276860353,0x3f800000,1,0x00000000,0,0x00000000,0,000000,0,0,0000,000000,0,0,000,0x00000000,0,0x00000000,0,0x00000000,0
l1,0.0625,0,min-error,metric_min,exp1,0,1,1,0.588397861,0.58839792,0.588397861,0.58839792,5.96046448e-08,71,raw-and-scaled,6,1,fp6_e1m4,fp6_e2m3,4,3,2,699,71,exp2,1,2,1,0,0.0217887722,0.0276860353,-1,0x3ce2cdd3,0.0276860353,0x3f800000,1,0x00000000,0,0x00000000,0,000000,0,0,0000,000000,0,0,000,0x00000000,0,0x00000000,0,0x00000000,0
l1,0.0625,0,min-error,metric_min,exp1,0,1,1,0.588397861,0.58839792,0.588397861,0.58839792,5.96046448e-08,72,raw-and-scaled,6,1,fp6_e1m4,fp6_e2m3,4,3,2,699,72,exp2,1,2,1,0,0.0217887722,0.0276860353,-1,0x3ce2cdd3,0.0276860353,0x3f800000,1,0x00000000,0,0x00000000,0,000000,0,0,0000,000000,0,0,000,0x00000000,0,0x00000000,0,0x00000000,0
l1,0.0625,0,min-error,metric_min,exp1,0,1,1,0.588397861,0.58839792,0.588397861,0.58839792,5.96046448e-08,73,raw-and-scaled,6,1,fp6_e1m4,fp6_e2m3,4,3,2,699,73,exp2,1,2,1,0,0.0217887722,0.0276860353,-1,0x3ce2cdd3,0.0276860353,0x3f800000,1,0x00000000,0,0x00000000,0,000000,0,0,0000,000000,0,0,000,0x00000000,0,0x00000000,0,0x00000000,0
l1,0.0625,0,min-error,metric_min,exp1,0,1,1,0.588397861,0.58839792,0.588397861,0.58839792,5.96046448e-08,74,raw-and-scaled,6,1,fp6_e1m4,fp6_e2m3,4,3,2,699,74,exp2,1,2,1,0,0.0217887722,0.0276860353,-1,0x3ce2cdd3,0.0276860353,0x3f800000,1,0x00000000,0,0x00000000,0,000000,0,0,0000,000000,0,0,000,0x00000000,0,0x00000000,0,0x00000000,0
l1,0.0625,0,min-error,metric_min,exp1,0,1,1,0.588397861,0.58839792,0.588397861,0.58839792,5.96046448e-08,75,raw-and-scaled,6,1,fp6_e1m4,fp6_e2m3,4,3,2,699,75,exp2,1,2,1,0,0.0217887722,0.0276860353,-1,0x3ce2cdd3,0.0276860353,0x3f800000,1,0x00000000,0,0x00000000,0,000000,0,0,0000,000000,0,0,000,0x00000000,0,0x00000000,0,0x00000000,0
l1,0.0625,0,min-error,metric_min,exp1,0,1,1,0.588397861,0.58839792,0.588397861,0.58839792,5.96046448e-08,76,raw-and-scaled,6,1,fp6_e1m4,fp6_e2m3,4,3,2,699,76,exp2,1,2,1,0,0.0217887722,0.0276860353,-1,0x3ce2cdd3,0.0276860353,0x3f800000,1,0x3e7f8cf7,0.249561176,0x3e7f8cf7,0.249561176,000011,0,3,0011,000111,0,7,111,0x3d7e33dc,0.0620611757,0x3cfc67b8,0.0308111757,0xbf800000,-1
l1,0.0625,0,min-error,metric_min,exp1,0,1,1,0.588397861,0.58839792,0.588397861,0.58839792,5.96046448e-08,77,raw-and-scaled,6,1,fp6_e1m4,fp6_e2m3,4,3,2,699,77,exp2,1,2,1,0,0.0217887722,0.0276860353,-1,0x3ce2cdd3,0.0276860353,0x3f800000,1,0x00000000,0,0x00000000,0,000000,0,0,0000,000000,0,0,000,0x00000000,0,0x00000000,0,0x00000000,0
l1,0.0625,0,min-error,metric_min,exp1,0,1,1,0.588397861,0.58839792,0.588397861,0.58839792,5.96046448e-08,78,raw-and-scaled,6,1,fp6_e1m4,fp6_e2m3,4,3,2,699,78,exp2,1,2,1,0,0.0217887722,0.0276860353,-1,0x3ce2cdd3,0.0276860353,0x3f800000,1,0x00000000,0,0x00000000,0,000000,0,0,0000,000000,0,0,000,0x00000000,0,0x00000000,0,0x00000000,0
l1,0.0625,0,min-error,metric_min,exp1,0,1,1,0.588397861,0.58839792,0.588397861,0.58839792,5.96046448e-08,79,raw-and-scaled,6,1,fp6_e1m4,fp6_e2m3,4,3,2,699,79,exp2,1,2,1,0,0.0217887722,0.0276860353,-1,0x3ce2cdd3,0.0276860353,0x3f800000,1,0x3db2a4bc,0.0872282684,0x3db2a4bc,0.0872282684,000001,0,1,0001,000010,0,2,010,0x3cca92f0,0.0247282684,0x3cca92f0,0.0247282684,0x80000000,-0
l1,0.0625,0,min-error,metric_min,exp1,0,1,1,0.588397861,0.58839792,0.588397861,0.58839792,5.96046448e-08,80,raw-and-scaled,6,1,fp6_e1m4,fp6_e2m3,4,3,2,699,80,exp2,1,2,1,0,0.0217887722,0.0276860353,-1,0x3ce2cdd3,0.0276860353,0x3f800000,1,0x00000000,0,0x00000000,0,000000,0,0,0000,000000,0,0,000,0x00000000,0,0x00000000,0,0x00000000,0
l1,0.0625,0,min-error,metric_min,exp1,0,1,1,0.588397861,0.58839792,0.588397861,0.58839792,5.96046448e-08,81,raw-and-scaled,6,1,fp6_e1m4,fp6_e2m3,4,3,2,699,81,exp2,1,2,1,0,0.0217887722,0.0276860353,-1,0x3ce2cdd3,0.0276860353,0x3f800000,1,0x00000000,0,0x00000000,0,000000,0,0,0000,000000,0,0,000,0x00000000,0,0x00000000,0,0x00000000,0
l1,0.0625,0,min-error,metric_min,exp1,0,1,1,0.588397861,0.58839792,0.588397861,0.58839792,5.96046448e-08,82,raw-and-scaled,6,1,fp6_e1m4,fp6_e2m3,4,3,2,699,82,exp2,1,2,1,0,0.0217887722,0.0276860353,-1,0x3ce2cdd3,0.0276860353,0x3f800000,1,0x00000000,0,0x00000000,0,000000,0,0,0000,000000,0,0,000,0x00000000,0,0x00000000,0,0x00000000,0
l1,0.0625,0,min-error,metric_min,exp1,0,1,1,0.588397861,0.58839792,0.588397861,0.58839792,5.96046448e-08,83,raw-and-scaled,6,1,fp6_e1m4,fp6_e2m3,4,3,2,699,83,exp2,1,2,1,0,0.0217887722,0.0276860353,-1,0x3ce2cdd3,0.0276860353,0x3f800000,1,0x00000000,0,0x00000000,0,000000,0,0,0000,000000,0,0,000,0x00000000,0,0x00000000,0,0x00000000,0
l1,0.0625,0,min-error,metric_min,exp1,0,1,1,0.588397861,0.58839792,0.588397861,0.58839792,5.96046448e-08,84,raw-and-scaled,6,1,fp6_e1m4,fp6_e2m3,4,3,2,699,84,exp2,1,2,1,0,0.0217887722,0.0276860353,-1,0x3ce2cdd3,0.0276860353,0x3f800000,1,0x3eb31cd0,0.349829197,0x3eb31cd0,0.349829197,000101,0,5,0101,001011,1,3,011,0x3d18e680,0.0373291969,0x3bc73400,0.00607919693,0xbf800000,-1
l1,0.0625,0,min-error,metric_min,exp1,0,1,1,0.588397861,0.58839792,0.588397861,0.58839792,5.96046448e-08,85,raw-and-scaled,6,1,fp6_e1m4,fp6_e2m3,4,3,2,699,85,exp2,1,2,1,0,0.0217887722,0.0276860353,-1,0x3ce2cdd3,0.0276860353,0x3f800000,1,0x00000000,0,0x00000000,0,000000,0,0,0000,000000,0,0,000,0x00000000,0,0x00000000,0,0x00000000,0
l1,0.0625,0,min-error,metric_min,exp1,0,1,1,0.588397861,0.58839792,0.588397861,0.58839792,5.96046448e-08,86,raw-and-scaled,6,1,fp6_e1m4,fp6_e2m3,4,3,2,699,86,exp2,1,2,1,0,0.0217887722,0.0276860353,-1,0x3ce2cdd3,0.0276860353,0x3f800000,1,0x00000000,0,0x00000000,0,000000,0,0,0000,000000,0,0,000,0x00000000,0,0x00000000,0,0x00000000,0
l1,0.0625,0,min-error,metric_min,exp1,0,1,1,0.588397861,0.58839792,0.588397861,0.58839792,5.96046448e-08,87,raw-and-scaled,6,1,fp6_e1m4,fp6_e2m3,4,3,2,699,87,exp2,1,2,1,0,0.0217887722,0.0276860353,-1,0x3ce2cdd3,0.0276860353,0x3f800000,1,0x00000000,0,0x00000000,0,000000,0,0,0000,000000,0,0,000,0x00000000,0,0x00000000,0,0x00000000,0
l1,0.0625,0,min-error,metric_min,exp1,0,1,1,0.588397861,0.58839792,0.588397861,0.58839792,5.96046448e-08,88,raw-and-scaled,6,1,fp6_e1m4,fp6_e2m3,4,3,2,699,88,exp2,1,2,1,0,0.0217887722,0.0276860353,-1,0x3ce2cdd3,0.0276860353,0x3f800000,1,0x00000000,0,0x00000000,0,000000,0,0,0000,000000,0,0,000,0x00000000,0,0x00000000,0,0x00000000,0
l1,0.0625,0,min-error,metric_min,exp1,0,1,1,0.588397861,0.58839792,0.588397861,0.58839792,5.96046448e-08,89,raw-and-scaled,6,1,fp6_e1m4,fp6_e2m3,4,3,2,699,89,exp2,1,2,1,0,0.0217887722,0.0276860353,-1,0x3ce2cdd3,0.0276860353,0x3f800000,1,0x00000000,0,0x00000000,0,000000,0,0,0000,000000,0,0,000,0x00000000,0,0x00000000,0,0x00000000,0
l1,0.0625,0,min-error,metric_min,exp1,0,1,1,0.588397861,0.58839792,0.588397861,0.58839792,5.96046448e-08,90,raw-and-scaled,6,1,fp6_e1m4,fp6_e2m3,4,3,2,699,90,exp2,1,2,1,0,0.0217887722,0.0276860353,-1,0x3ce2cdd3,0.0276860353,0x3f800000,1,0x00000000,0,0x00000000,0,000000,0,0,0000,000000,0,0,000,0x00000000,0,0x00000000,0,0x00000000,0
l1,0.0625,0,min-error,metric_min,exp1,0,1,1,0.588397861,0.58839792,0.588397861,0.58839792,5.96046448e-08,91,raw-and-scaled,6,1,fp6_e1m4,fp6_e2m3,4,3,2,699,91,exp2,1,2,1,0,0.0217887722,0.0276860353,-1,0x3ce2cdd3,0.0276860353,0x3f800000,1,0xbf3e44ac,-0.74323535,0xbf3e44ac,-0.74323535,101011,0,11,1011,110011,2,3,011,0xbd644ac0,-0.0557353497,0xbd644ac0,-0.0557353497,0x00000000,0
l1,0.0625,0,min-error,metric_min,exp1,0,1,1,0.588397861,0.58839792,0.588397861,0.58839792,5.96046448e-08,92,raw-and-scaled,6,1,fp6_e1m4,fp6_e2m3,4,3,2,699,92,exp2,1,2,1,0,0.0217887722,0.0276860353,-1,0x3ce2cdd3,0.0276860353,0x3f800000,1,0x00000000,0,0x00000000,0,000000,0,0,0000,000000,0,0,000,0x00000000,0,0x00000000,0,0x00000000,0
l1,0.0625,0,min-error,metric_min,exp1,0,1,1,0.588397861,0.58839792,0.588397861,0.58839792,5.96046448e-08,93,raw-and-scaled,6,1,fp6_e1m4,fp6_e2m3,4,3,2,699,93,exp2,1,2,1,0,0.0217887722,0.0276860353,-1,0x3ce2cdd3,0.0276860353,0x3f800000,1,0x00000000,0,0x00000000,0,000000,0,0,0000,000000,0,0,000,0x00000000,0,0x00000000,0,0x00000000,0
l1,0.0625,0,min-error,metric_min,exp1,0,1,1,0.588397861,0.58839792,0.588397861,0.58839792,5.96046448e-08,94,raw-and-scaled,6,1,fp6_e1m4,fp6_e2m3,4,3,2,699,94,exp2,1,2,1,0,0.0217887722,0.0276860353,-1,0x3ce2cdd3,0.0276860353,0x3f800000,1,0x00000000,0,0x00000000,0,000000,0,0,0000,000000,0,0,000,0x00000000,0,0x00000000,0,0x00000000,0
l1,0.0625,0,min-error,metric_min,exp1,0,1,1,0.588397861,0.58839792,0.588397861,0.58839792,5.96046448e-08,95,raw-and-scaled,6,1,fp6_e1m4,fp6_e2m3,4,3,2,699,95,exp2,1,2,1,0,0.0217887722,0.0276860353,-1,0x3ce2cdd3,0.0276860353,0x3f800000,1,0x00000000,0,0x00000000,0,000000,0,0,0000,000000,0,0,000,0x00000000,0,0x00000000,0,0x00000000,0
l1,0.0625,0,min-error,metric_min,exp1,0,1,1,0.588397861,0.58839792,0.588397861,0.58839792,5.96046448e-08,96,raw-and-scaled,6,1,fp6_e1m4,fp6_e2m3,4,3,2,699,96,exp2,1,2,1,0,0.0217887722,0.0276860353,-1,0x3ce2cdd3,0.0276860353,0x3f800000,1,0x00000000,0,0x00000000,0,000000,0,0,0000,000000,0,0,000,0x00000000,0,0x00000000,0,0x00000000,0
l1,0.0625,0,min-error,metric_min,exp1,0,1,1,0.588397861,0.58839792,0.588397861,0.58839792,5.96046448e-08,97,raw-and-scaled,6,1,fp6_e1m4,fp6_e2m3,4,3,2,699,97,exp2,1,2,1,0,0.0217887722,0.0276860353,-1,0x3ce2cdd3,0.0276860353,0x3f800000,1,0x3f03bba9,0.514582217,0x3f03bba9,0.514582217,001000,0,8,1000,010000,2,0,000,0x3c6eea40,0.0145822167,0x3c6eea40,0.0145822167,0x00000000,0
l1,0.0625,0,min-error,metric_min,exp1,0,1,1,0.588397861,0.58839792,0.588397861,0.58839792,5.96046448e-08,98,raw-and-scaled,6,1,fp6_e1m4,fp6_e2m3,4,3,2,699,98,exp2,1,2,1,0,0.0217887722,0.0276860353,-1,0x3ce2cdd3,0.0276860353,0x3f800000,1,0x00000000,0,0x00000000,0,000000,0,0,0000,000000,0,0,000,0x00000000,0,0x00000000,0,0x00000000,0
l1,0.0625,0,min-error,metric_min,exp1,0,1,1,0.588397861,0.58839792,0.588397861,0.58839792,5.96046448e-08,99,raw-and-scaled,6,1,fp6_e1m4,fp6_e2m3,4,3,2,699,99,exp2,1,2,1,0,0.0217887722,0.0276860353,-1,0x3ce2cdd3,0.0276860353,0x3f800000,1,0x00000000,0,0x00000000,0,000000,0,0,0000,000000,0,0,000,0x00000000,0,0x00000000,0,0x00000000,0
l1,0.0625,0,min-error,metric_min,exp1,0,1,1,0.588397861,0.58839792,0.588397861,0.58839792,5.96046448e-08,100,raw-and-scaled,6,1,fp6_e1m4,fp6_e2m3,4,3,2,699,100,exp2,1,2,1,0,0.0217887722,0.0276860353,-1,0x3ce2cdd3,0.0276860353,0x3f800000,1,0x00000000,0,0x00000000,0,000000,0,0,0000,000000,0,0,000,0x00000000,0,0x00000000,0,0x00000000,0
l1,0.0625,0,min-error,metric_min,exp1,0,1,1,0.588397861,0.58839792,0.588397861,0.58839792,5.96046448e-08,101,raw-and-scaled,6,1,fp6_e1m4,fp6_e2m3,4,3,2,699,101,exp2,1,2,1,0,0.0217887722,0.0276860353,-1,0x3ce2cdd3,0.0276860353,0x3f800000,1,0x00000000,0,0x00000000,0,000000,0,0,0000,000000,0,0,000,0x00000000,0,0x00000000,0,0x00000000,0
l1,0.0625,0,min-error,metric_min,exp1,0,1,1,0.588397861,0.58839792,0.588397861,0.58839792,5.96046448e-08,102,raw-and-scaled,6,1,fp6_e1m4,fp6_e2m3,4,3,2,699,102,exp2,1,2,1,0,0.0217887722,0.0276860353,-1,0x3ce2cdd3,0.0276860353,0x3f800000,1,0x00000000,0,0x00000000,0,000000,0,0,0000,000000,0,0,000,0x00000000,0,0x00000000,0,0x00000000,0
l1,0.0625,0,min-error,metric_min,exp1,0,1,1,0.588397861,0.58839792,0.588397861,0.58839792,5.96046448e-08,103,raw-and-scaled,6,1,fp6_e1m4,fp6_e2m3,4,3,2,699,103,exp2,1,2,1,0,0.0217887722,0.0276860353,-1,0x3ce2cdd3,0.0276860353,0x3f800000,1,0x00000000,0,0x00000000,0,000000,0,0,0000,000000,0,0,000,0x00000000,0,0x00000000,0,0x00000000,0
l1,0.0625,0,min-error,metric_min,exp1,0,1,1,0.588397861,0.58839792,0.588397861,0.58839792,5.96046448e-08,104,raw-and-scaled,6,1,fp6_e1m4,fp6_e2m3,4,3,2,699,104,exp2,1,2,1,0,0.0217887722,0.0276860353,-1,0x3ce2cdd3,0.0276860353,0x3f800000,1,0x00000000,0,0x00000000,0,000000,0,0,0000,000000,0,0,000,0x00000000,0,0x00000000,0,0x00000000,0
l1,0.0625,0,min-error,metric_min,exp1,0,1,1,0.588397861,0.58839792,0.588397861,0.58839792,5.96046448e-08,105,raw-and-scaled,6,1,fp6_e1m4,fp6_e2m3,4,3,2,699,105,exp2,1,2,1,0,0.0217887722,0.0276860353,-1,0x3ce2cdd3,0.0276860353,0x3f800000,1,0x00000000,0,0x00000000,0,000000,0,0,0000,000000,0,0,000,0x00000000,0,0x00000000,0,0x00000000,0
l1,0.0625,0,min-error,metric_min,exp1,0,1,1,0.588397861,0.58839792,0.588397861,0.58839792,5.96046448e-08,106,raw-and-scaled,6,1,fp6_e1m4,fp6_e2m3,4,3,2,699,106,exp2,1,2,1,0,0.0217887722,0.0276860353,-1,0x3ce2cdd3,0.0276860353,0x3f800000,1,0xbab5e27e,-0.0013876704,0xbab5e27e,-0.0013876704,100000,0,0,0000,100000,0,0,000,0xbab5e27e,-0.0013876704,0xbab5e27e,-0.0013876704,0x00000000,0
l1,0.0625,0,min-error,metric_min,exp1,0,1,1,0.588397861,0.58839792,0.588397861,0.58839792,5.96046448e-08,107,raw-and-scaled,6,1,fp6_e1m4,fp6_e2m3,4,3,2,699,107,exp2,1,2,1,0,0.0217887722,0.0276860353,-1,0x3ce2cdd3,0.0276860353,0x3f800000,1,0xbb6f2f67,-0.00364967599,0xbb6f2f67,-0.00364967599,100000,0,0,0000,100000,0,0,000,0xbb6f2f67,-0.00364967599,0xbb6f2f67,-0.00364967599,0x00000000,0
l1,0.0625,0,min-error,metric_min,exp1,0,1,1,0.588397861,0.58839792,0.588397861,0.58839792,5.96046448e-08,108,raw-and-scaled,6,1,fp6_e1m4,fp6_e2m3,4,3,2,699,108,exp2,1,2,1,0,0.0217887722,0.0276860353,-1,0x3ce2cdd3,0.0276860353,0x3f800000,1,0x00000000,0,0x00000000,0,000000,0,0,0000,000000,0,0,000,0x00000000,0,0x00000000,0,0x00000000,0
l1,0.0625,0,min-error,metric_min,exp1,0,1,1,0.588397861,0.58839792,0.588397861,0.58839792,5.96046448e-08,109,raw-and-scaled,6,1,fp6_e1m4,fp6_e2m3,4,3,2,699,109,exp2,1,2,1,0,0.0217887722,0.0276860353,-1,0x3ce2cdd3,0.0276860353,0x3f800000,1,0x00000000,0,0x00000000,0,000000,0,0,0000,000000,0,0,000,0x00000000,0,0x00000000,0,0x00000000,0
l1,0.0625,0,min-error,metric_min,exp1,0,1,1,0.588397861,0.58839792,0.588397861,0.58839792,5.96046448e-08,110,raw-and-scaled,6,1,fp6_e1m4,fp6_e2m3,4,3,2,699,110,exp2,1,2,1,0,0.0217887722,0.0276860353,-1,0x3ce2cdd3,0.0276860353,0x3f800000,1,0x00000000,0,0x00000000,0,000000,0,0,0000,000000,0,0,000,0x00000000,0,0x00000000,0,0x00000000,0
l1,0.0625,0,min-error,metric_min,exp1,0,1,1,0.588397861,0.58839792,0.588397861,0.58839792,5.96046448e-08,111,raw-and-scaled,6,1,fp6_e1m4,fp6_e2m3,4,3,2,699,111,exp2,1,2,1,0,0.0217887722,0.0276860353,-1,0x3ce2cdd3,0.0276860353,0x3f800000,1,0x00000000,0,0x00000000,0,000000,0,0,0000,000000,0,0,000,0x00000000,0,0x00000000,0,0x00000000,0
l1,0.0625,0,min-error,metric_min,exp1,0,1,1,0.588397861,0.58839792,0.588397861,0.58839792,5.96046448e-08,112,raw-and-scaled,6,1,fp6_e1m4,fp6_e2m3,4,3,2,699,112,exp2,1,2,1,0,0.0217887722,0.0276860353,-1,0x3ce2cdd3,0.0276860353,0x3f800000,1,0x00000000,0,0x00000000,0,000000,0,0,0000,000000,0,0,000,0x00000000,0,0x00000000,0,0x00000000,0
l1,0.0625,0,min-error,metric_min,exp1,0,1,1,0.588397861,0.58839792,0.588397861,0.58839792,5.96046448e-08,113,raw-and-scaled,6,1,fp6_e1m4,fp6_e2m3,4,3,2,699,113,exp2,1,2,1,0,0.0217887722,0.0276860353,-1,0x3ce2cdd3,0.0276860353,0x3f800000,1,0x00000000,0,0x00000000,0,000000,0,0,0000,000000,0,0,000,0x00000000,0,0x00000000,0,0x00000000,0
l1,0.0625,0,min-error,metric_min,exp1,0,1,1,0.588397861,0.58839792,0.588397861,0.58839792,5.96046448e-08,114,raw-and-scaled,6,1,fp6_e1m4,fp6_e2m3,4,3,2,699,114,exp2,1,2,1,0,0.0217887722,0.0276860353,-1,0x3ce2cdd3,0.0276860353,0x3f800000,1,0x00000000,0,0x00000000,0,000000,0,0,0000,000000,0,0,000,0x00000000,0,0x00000000,0,0x00000000,0
l1,0.0625,0,min-error,metric_min,exp1,0,1,1,0.588397861,0.58839792,0.588397861,0.58839792,5.96046448e-08,115,raw-and-scaled,6,1,fp6_e1m4,fp6_e2m3,4,3,2,699,115,exp2,1,2,1,0,0.0217887722,0.0276860353,-1,0x3ce2cdd3,0.0276860353,0x3f800000,1,0x00000000,0,0x00000000,0,000000,0,0,0000,000000,0,0,000,0x00000000,0,0x00000000,0,0x00000000,0
l1,0.0625,0,min-error,metric_min,exp1,0,1,1,0.588397861,0.58839792,0.588397861,0.58839792,5.96046448e-08,116,raw-and-scaled,6,1,fp6_e1m4,fp6_e2m3,4,3,2,699,116,exp2,1,2,1,0,0.0217887722,0.0276860353,-1,0x3ce2cdd3,0.0276860353,0x3f800000,1,0x3ec71ee4,0.388907552,0x3ec71ee4,0.388907552,000110,0,6,0110,001100,1,4,100,0x3c63dc80,0.0139075518,0x3c63dc80,0.0139075518,0x80000000,-0
l1,0.0625,0,min-error,metric_min,exp1,0,1,1,0.588397861,0.58839792,0.588397861,0.58839792,5.96046448e-08,117,raw-and-scaled,6,1,fp6_e1m4,fp6_e2m3,4,3,2,699,117,exp2,1,2,1,0,0.0217887722,0.0276860353,-1,0x3ce2cdd3,0.0276860353,0x3f800000,1,0x00000000,0,0x00000000,0,000000,0,0,0000,000000,0,0,000,0x00000000,0,0x00000000,0,0x00000000,0
l1,0.0625,0,min-error,metric_min,exp1,0,1,1,0.588397861,0.58839792,0.588397861,0.58839792,5.96046448e-08,118,raw-and-scaled,6,1,fp6_e1m4,fp6_e2m3,4,3,2,699,118,exp2,1,2,1,0,0.0217887722,0.0276860353,-1,0x3ce2cdd3,0.0276860353,0x3f800000,1,0x00000000,0,0x00000000,0,000000,0,0,0000,000000,0,0,000,0x00000000,0,0x00000000,0,0x00000000,0
l1,0.0625,0,min-error,metric_min,exp1,0,1,1,0.588397861,0.58839792,0.588397861,0.58839792,5.96046448e-08,119,raw-and-scaled,6,1,fp6_e1m4,fp6_e2m3,4,3,2,699,119,exp2,1,2,1,0,0.0217887722,0.0276860353,-1,0x3ce2cdd3,0.0276860353,0x3f800000,1,0x00000000,0,0x00000000,0,000000,0,0,0000,000000,0,0,000,0x00000000,0,0x00000000,0,0x00000000,0
l1,0.0625,0,min-error,metric_min,exp1,0,1,1,0.588397861,0.58839792,0.588397861,0.58839792,5.96046448e-08,120,raw-and-scaled,6,1,fp6_e1m4,fp6_e2m3,4,3,2,699,120,exp2,1,2,1,0,0.0217887722,0.0276860353,-1,0x3ce2cdd3,0.0276860353,0x3f800000,1,0x3fb645cb,1.42400491,0x3fb645cb,1.42400491,010110,1,6,0110,011011,3,3,011,0x3d48b960,0.0490049124,0x3d48b960,0.0490049124,0x00000000,0
l1,0.0625,0,min-error,metric_min,exp1,0,1,1,0.588397861,0.58839792,0.588397861,0.58839792,5.96046448e-08,121,raw-and-scaled,6,1,fp6_e1m4,fp6_e2m3,4,3,2,699,121,exp2,1,2,1,0,0.0217887722,0.0276860353,-1,0x3ce2cdd3,0.0276860353,0x3f800000,1,0x00000000,0,0x00000000,0,000000,0,0,0000,000000,0,0,000,0x00000000,0,0x00000000,0,0x00000000,0
l1,0.0625,0,min-error,metric_min,exp1,0,1,1,0.588397861,0.58839792,0.588397861,0.58839792,5.96046448e-08,122,raw-and-scaled,6,1,fp6_e1m4,fp6_e2m3,4,3,2,699,122,exp2,1,2,1,0,0.0217887722,0.0276860353,-1,0x3ce2cdd3,0.0276860353,0x3f800000,1,0x00000000,0,0x00000000,0,000000,0,0,0000,000000,0,0,000,0x00000000,0,0x00000000,0,0x00000000,0
l1,0.0625,0,min-error,metric_min,exp1,0,1,1,0.588397861,0.58839792,0.588397861,0.58839792,5.96046448e-08,123,raw-and-scaled,6,1,fp6_e1m4,fp6_e2m3,4,3,2,699,123,exp2,1,2,1,0,0.0217887722,0.0276860353,-1,0x3ce2cdd3,0.0276860353,0x3f800000,1,0x00000000,0,0x00000000,0,000000,0,0,0000,000000,0,0,000,0x00000000,0,0x00000000,0,0x00000000,0
l1,0.0625,0,min-error,metric_min,exp1,0,1,1,0.588397861,0.58839792,0.588397861,0.58839792,5.96046448e-08,124,raw-and-scaled,6,1,fp6_e1m4,fp6_e2m3,4,3,2,699,124,exp2,1,2,1,0,0.0217887722,0.0276860353,-1,0x3ce2cdd3,0.0276860353,0x3f800000,1,0x00000000,0,0x00000000,0,000000,0,0,0000,000000,0,0,000,0x00000000,0,0x00000000,0,0x00000000,0
l1,0.0625,0,min-error,metric_min,exp1,0,1,1,0.588397861,0.58839792,0.588397861,0.58839792,5.96046448e-08,125,raw-and-scaled,6,1,fp6_e1m4,fp6_e2m3,4,3,2,699,125,exp2,1,2,1,0,0.0217887722,0.0276860353,-1,0x3ce2cdd3,0.0276860353,0x3f800000,1,0x00000000,0,0x00000000,0,000000,0,0,0000,000000,0,0,000,0x00000000,0,0x00000000,0,0x00000000,0
l1,0.0625,0,min-error,metric_min,exp1,0,1,1,0.588397861,0.58839792,0.588397861,0.58839792,5.96046448e-08,126,raw-and-scaled,6,1,fp6_e1m4,fp6_e2m3,4,3,2,699,126,exp2,1,2,1,0,0.0217887722,0.0276860353,-1,0x3ce2cdd3,0.0276860353,0x3f800000,1,0x00000000,0,0x00000000,0,000000,0,0,0000,000000,0,0,000,0x00000000,0,0x00000000,0,0x00000000,0
l1,0.0625,0,min-error,metric_min,exp1,0,1,1,0.588397861,0.58839792,0.588397861,0.58839792,5.96046448e-08,127,raw-and-scaled,6,1,fp6_e1m4,fp6_e2m3,4,3,2,699,127,exp2,1,2,1,0,0.0217887722,0.0276860353,-1,0x3ce2cdd3,0.0276860353,0x3f800000,1,0x00000000,0,0x00000000,0,000000,0,0,0000,000000,0,0,000,0x00000000,0,0x00000000,0,0x00000000,0
l1,0.0625,0,min-error,metric_min,exp1,0,1,1,0.604691923,0.604691982,0.604691923,0.604691982,5.96046448e-08,0,raw-and-scaled,6,1,fp6_e1m4,fp6_e2m3,4,3,2,777,0,exp2,2,4,2,1,0.0211785249,0.0322196186,-2,0x3d03f8b8,0.0322196186,0x3f800000,1,0x00000000,0,0x00000000,0,000000,0,0,0000,000000,0,0,000,0x00000000,0,0x00000000,0,0x00000000,0
l1,0.0625,0,min-error,metric_min,exp1,0,1,1,0.604691923,0.604691982,0.604691923,0.604691982,5.96046448e-08,1,raw-and-scaled,6,1,fp6_e1m4,fp6_e2m3,4,3,2,777,1,exp2,2,4,2,1,0.0211785249,0.0322196186,-2,0x3d03f8b8,0.0322196186,0x3f800000,1,0x00000000,0,0x00000000,0,000000,0,0,0000,000000,0,0,000,0x00000000,0,0x00000000,0,0x00000000,0
l1,0.0625,0,min-error,metric_min,exp1,0,1,1,0.604691923,0.604691982,0.604691923,0.604691982,5.96046448e-08,2,raw-and-scaled,6,1,fp6_e1m4,fp6_e2m3,4,3,2,777,2,exp2,2,4,2,1,0.0211785249,0.0322196186,-2,0x3d03f8b8,0.0322196186,0x3f800000,1,0x00000000,0,0x00000000,0,000000,0,0,0000,000000,0,0,000,0x00000000,0,0x00000000,0,0x00000000,0
l1,0.0625,0,min-error,metric_min,exp1,0,1,1,0.604691923,0.604691982,0.604691923,0.604691982,5.96046448e-08,3,raw-and-scaled,6,1,fp6_e1m4,fp6_e2m3,4,3,2,777,3,exp2,2,4,2,1,0.0211785249,0.0322196186,-2,0x3d03f8b8,0.0322196186,0x3f800000,1,0x00000000,0,0x00000000,0,000000,0,0,0000,000000,0,0,000,0x00000000,0,0x00000000,0,0x00000000,0
l1,0.0625,0,min-error,metric_min,exp1,0,1,1,0.604691923,0.604691982,0.604691923,0.604691982,5.96046448e-08,4,raw-and-scaled,6,1,fp6_e1m4,fp6_e2m3,4,3,2,777,4,exp2,2,4,2,1,0.0211785249,0.0322196186,-2,0x3d03f8b8,0.0322196186,0x3f800000,1,0xbbc8a45c,-0.00612310879,0xbbc8a45c,-0.00612310879,100000,0,0,0000,100000,0,0,000,0xbbc8a45c,-0.00612310879,0xbbc8a45c,-0.00612310879,0x00000000,0
l1,0.0625,0,min-error,metric_min,exp1,0,1,1,0.604691923,0.604691982,0.604691923,0.604691982,5.96046448e-08,5,raw-and-scaled,6,1,fp6_e1m4,fp6_e2m3,4,3,2,777,5,exp2,2,4,2,1,0.0211785249,0.0322196186,-2,0x3d03f8b8,0.0322196186,0x3f800000,1,0x00000000,0,0x00000000,0,000000,0,0,0000,000000,0,0,000,0x00000000,0,0x00000000,0,0x00000000,0
l1,0.0625,0,min-error,metric_min,exp1,0,1,1,0.604691923,0.604691982,0.604691923,0.604691982,5.96046448e-08,6,raw-and-scaled,6,1,fp6_e1m4,fp6_e2m3,4,3,2,777,6,exp2,2,4,2,1,0.0211785249,0.0322196186,-2,0x3d03f8b8,0.0322196186,0x3f800000,1,0x00000000,0,0x00000000,0,000000,0,0,0000,000000,0,0,000,0x00000000,0,0x00000000,0,0x00000000,0
l1,0.0625,0,min-error,metric_min,exp1,0,1,1,0.604691923,0.604691982,0.604691923,0.604691982,5.96046448e-08,7,raw-and-scaled,6,1,fp6_e1m4,fp6_e2m3,4,3,2,777,7,exp2,2,4,2,1,0.0211785249,0.0322196186,-2,0x3d03f8b8,0.0322196186,0x3f800000,1,0x00000000,0,0x00000000,0,000000,0,0,0000,000000,0,0,000,0x00000000,0,0x00000000,0,0x00000000,0
l1,0.0625,0,min-error,metric_min,exp1,0,1,1,0.604691923,0.604691982,0.604691923,0.604691982,5.96046448e-08,8,raw-and-scaled,6,1,fp6_e1m4,fp6_e2m3,4,3,2,777,8,exp2,2,4,2,1,0.0211785249,0.0322196186,-2,0x3d03f8b8,0.0322196186,0x3f800000,1,0x00000000,0,0x00000000,0,000000,0,0,0000,000000,0,0,000,0x00000000,0,0x00000000,0,0x00000000,0
l1,0.0625,0,min-error,metric_min,exp1,0,1,1,0.604691923,0.604691982,0.604691923,0.604691982,5.96046448e-08,9,raw-and-scaled,6,1,fp6_e1m4,fp6_e2m3,4,3,2,777,9,exp2,2,4,2,1,0.0211785249,0.0322196186,-2,0x3d03f8b8,0.0322196186,0x3f800000,1,0xbb79c1ca,-0.0038109892,0xbb79c1ca,-0.0038109892,100000,0,0,0000,100000,0,0,000,0xbb79c1ca,-0.0038109892,0xbb79c1ca,-0.0038109892,0x00000000,0
l1,0.0625,0,min-error,metric_min,exp1,0,1,1,0.604691923,0.604691982,0.604691923,0.604691982,5.96046448e-08,10,raw-and-scaled,6,1,fp6_e1m4,fp6_e2m3,4,3,2,777,10,exp2,2,4,2,1,0.0211785249,0.0322196186,-2,0x3d03f8b8,0.0322196186,0x3f800000,1,0x00000000,0,0x00000000,0,000000,0,0,0000,000000,0,0,000,0x00000000,0,0x00000000,0,0x00000000,0
l1,0.0625,0,min-error,metric_min,exp1,0,1,1,0.604691923,0.604691982,0.604691923,0.604691982,5.96046448e-08,11,raw-and-scaled,6,1,fp6_e1m4,fp6_e2m3,4,3,2,777,11,exp2,2,4,2,1,0.0211785249,0.0322196186,-2,0x3d03f8b8,0.0322196186,0x3f800000,1,0x00000000,0,0x00000000,0,000000,0,0,0000,000000,0,0,000,0x00000000,0,0x00000000,0,0x00000000,0
l1,0.0625,0,min-error,metric_min,exp1,0,1,1,0.604691923,0.604691982,0.604691923,0.604691982,5.96046448e-08,12,raw-and-scaled,6,1,fp6_e1m4,fp6_e2m3,4,3,2,777,12,exp2,2,4,2,1,0.0211785249,0.0322196186,-2,0x3d03f8b8,0.0322196186,0x3f800000,1,0x00000000,0,0x00000000,0,000000,0,0,0000,000000,0,0,000,0x00000000,0,0x00000000,0,0x00000000,0
l1,0.0625,0,min-error,metric_min,exp1,0,1,1,0.604691923,0.604691982,0.604691923,0.604691982,5.96046448e-08,13,raw-and-scaled,6,1,fp6_e1m4,fp6_e2m3,4,3,2,777,13,exp2,2,4,2,1,0.0211785249,0.0322196186,-2,0x3d03f8b8,0.0322196186,0x3f800000,1,0x00000000,0,0x00000000,0,000000,0,0,0000,000000,0,0,000,0x00000000,0,0x00000000,0,0x00000000,0
l1,0.0625,0,min-error,metric_min,exp1,0,1,1,0.604691923,0.604691982,0.604691923,0.604691982,5.96046448e-08,14,raw-and-scaled,6,1,fp6_e1m4,fp6_e2m3,4,3,2,777,14,exp2,2,4,2,1,0.0211785249,0.0322196186,-2,0x3d03f8b8,0.0322196186,0x3f800000,1,0x00000000,0,0x00000000,0,000000,0,0,0000,000000,0,0,000,0x00000000,0,0x00000000,0,0x00000000,0
l1,0.0625,0,min-error,metric_min,exp1,0,1,1,0.604691923,0.604691982,0.604691923,0.604691982,5.96046448e-08,15,raw-and-scaled,6,1,fp6_e1m4,fp6_e2m3,4,3,2,777,15,exp2,2,4,2,1,0.0211785249,0.0322196186,-2,0x3d03f8b8,0.0322196186,0x3f800000,1,0x00000000,0,0x00000000,0,000000,0,0,0000,000000,0,0,000,0x00000000,0,0x00000000,0,0x00000000,0
l1,0.0625,0,min-error,metric_min,exp1,0,1,1,0.604691923,0.604691982,0.604691923,0.604691982,5.96046448e-08,16,raw-and-scaled,6,1,fp6_e1m4,fp6_e2m3,4,3,2,777,16,exp2,2,4,2,1,0.0211785249,0.0322196186,-2,0x3d03f8b8,0.0322196186,0x3f800000,1,0x00000000,0,0x00000000,0,000000,0,0,0000,000000,0,0,000,0x00000000,0,0x00000000,0,0x00000000,0
l1,0.0625,0,min-error,metric_min,exp1,0,1,1,0.604691923,0.604691982,0.604691923,0.604691982,5.96046448e-08,17,raw-and-scaled,6,1,fp6_e1m4,fp6_e2m3,4,3,2,777,17,exp2,2,4,2,1,0.0211785249,0.0322196186,-2,0x3d03f8b8,0.0322196186,0x3f800000,1,0x00000000,0,0x00000000,0,000000,0,0,0000,000000,0,0,000,0x00000000,0,0x00000000,0,0x00000000,0
l1,0.0625,0,min-error,metric_min,exp1,0,1,1,0.604691923,0.604691982,0.604691923,0.604691982,5.96046448e-08,18,raw-and-scaled,6,1,fp6_e1m4,fp6_e2m3,4,3,2,777,18,exp2,2,4,2,1,0.0211785249,0.0322196186,-2,0x3d03f8b8,0.0322196186,0x3f800000,1,0x00000000,0,0x00000000,0,000000,0,0,0000,000000,0,0,000,0x00000000,0,0x00000000,0,0x00000000,0
l1,0.0625,0,min-error,metric_min,exp1,0,1,1,0.604691923,0.604691982,0.604691923,0.604691982,5.96046448e-08,19,raw-and-scaled,6,1,fp6_e1m4,fp6_e2m3,4,3,2,777,19,exp2,2,4,2,1,0.0211785249,0.0322196186,-2,0x3d03f8b8,0.0322196186,0x3f800000,1,0x00000000,0,0x00000000,0,000000,0,0,0000,000000,0,0,000,0x00000000,0,0x00000000,0,0x00000000,0
l1,0.0625,0,min-error,metric_min,exp1,0,1,1,0.604691923,0.604691982,0.604691923,0.604691982,5.96046448e-08,20,raw-and-scaled,6,1,fp6_e1m4,fp6_e2m3,4,3,2,777,20,exp2,2,4,2,1,0.0211785249,0.0322196186,-2,0x3d03f8b8,0.0322196186,0x3f800000,1,0xbc7c25d7,-0.0153898811,0xbc7c25d7,-0.0153898811,100000,0,0,0000,100000,0,0,000,0xbc7c25d7,-0.0153898811,0xbc7c25d7,-0.0153898811,0x00000000,0
l1,0.0625,0,min-error,metric_min,exp1,0,1,1,0.604691923,0.604691982,0.604691923,0.604691982,5.96046448e-08,21,raw-and-scaled,6,1,fp6_e1m4,fp6_e2m3,4,3,2,777,21,exp2,2,4,2,1,0.0211785249,0.0322196186,-2,0x3d03f8b8,0.0322196186,0x3f800000,1,0x00000000,0,0x00000000,0,000000,0,0,0000,000000,0,0,000,0x00000000,0,0x00000000,0,0x00000000,0
l1,0.0625,0,min-error,metric_min,exp1,0,1,1,0.604691923,0.604691982,0.604691923,0.604691982,5.96046448e-08,22,raw-and-scaled,6,1,fp6_e1m4,fp6_e2m3,4,3,2,777,22,exp2,2,4,2,1,0.0211785249,0.0322196186,-2,0x3d03f8b8,0.0322196186,0x3f800000,1,0xbeedad62,-0.464213431,0xbeedad62,-0.464213431,100111,0,7,0111,101110,1,6,110,0xbcdad620,-0.0267134309,0xbcdad620,-0.0267134309,0x80000000,-0
l1,0.0625,0,min-error,metric_min,exp1,0,1,1,0.604691923,0.604691982,0.604691923,0.604691982,5.96046448e-08,23,raw-and-scaled,6,1,fp6_e1m4,fp6_e2m3,4,3,2,777,23,exp2,2,4,2,1,0.0211785249,0.0322196186,-2,0x3d03f8b8,0.0322196186,0x3f800000,1,0x00000000,0,0x00000000,0,000000,0,0,0000,000000,0,0,000,0x00000000,0,0x00000000,0,0x00000000,0
l1,0.0625,0,min-error,metric_min,exp1,0,1,1,0.604691923,0.604691982,0.604691923,0.604691982,5.96046448e-08,24,raw-and-scaled,6,1,fp6_e1m4,fp6_e2m3,4,3,2,777,24,exp2,2,4,2,1,0.0211785249,0.0322196186,-2,0x3d03f8b8,0.0322196186,0x3f800000,1,0x3b9c7d17,0.00477565406,0x3b9c7d17,0.00477565406,000000,0,0,0000,000000,0,0,000,0x3b9c7d17,0.00477565406,0x3b9c7d17,0.00477565406,0x00000000,0
l1,0.0625,0,min-error,metric_min,exp1,0,1,1,0.604691923,0.604691982,0.604691923,0.604691982,5.96046448e-08,25,raw-and-scaled,6,1,fp6_e1m4,fp6_e2m3,4,3,2,777,25,exp2,2,4,2,1,0.0211785249,0.0322196186,-2,0x3d03f8b8,0.0322196186,0x3f800000,1,0x00000000,0,0x00000000,0,000000,0,0,0000,000000,0,0,000,0x00000000,0,0x00000000,0,0x00000000,0
l1,0.0625,0,min-error,metric_min,exp1,0,1,1,0.604691923,0.604691982,0.604691923,0.604691982,5.96046448e-08,26,raw-and-scaled,6,1,fp6_e1m4,fp6_e2m3,4,3,2,777,26,exp2,2,4,2,1,0.0211785249,0.0322196186,-2,0x3d03f8b8,0.0322196186,0x3f800000,1,0x00000000,0,0x00000000,0,000000,0,0,0000,000000,0,0,000,0x00000000,0,0x00000000,0,0x00000000,0
l1,0.0625,0,min-error,metric_min,exp1,0,1,1,0.604691923,0.604691982,0.604691923,0.604691982,5.96046448e-08,27,raw-and-scaled,6,1,fp6_e1m4,fp6_e2m3,4,3,2,777,27,exp2,2,4,2,1,0.0211785249,0.0322196186,-2,0x3d03f8b8,0.0322196186,0x3f800000,1,0x00000000,0,0x00000000,0,000000,0,0,0000,000000,0,0,000,0x00000000,0,0x00000000,0,0x00000000,0
l1,0.0625,0,min-error,metric_min,exp1,0,1,1,0.604691923,0.604691982,0.604691923,0.604691982,5.96046448e-08,28,raw-and-scaled,6,1,fp6_e1m4,fp6_e2m3,4,3,2,777,28,exp2,2,4,2,1,0.0211785249,0.0322196186,-2,0x3d03f8b8,0.0322196186,0x3f800000,1,0x00000000,0,0x00000000,0,000000,0,0,0000,000000,0,0,000,0x00000000,0,0x00000000,0,0x00000000,0
l1,0.0625,0,min-error,metric_min,exp1,0,1,1,0.604691923,0.604691982,0.604691923,0.604691982,5.96046448e-08,29,raw-and-scaled,6,1,fp6_e1m4,fp6_e2m3,4,3,2,777,29,exp2,2,4,2,1,0.0211785249,0.0322196186,-2,0x3d03f8b8,0.0322196186,0x3f800000,1,0x3d805739,0.062666364,0x3d805739,0.062666364,000001,0,1,0001,000010,0,2,010,0x392e7200,0.000166364014,0x392e7200,0.000166364014,0x80000000,-0
l1,0.0625,0,min-error,metric_min,exp1,0,1,1,0.604691923,0.604691982,0.604691923,0.604691982,5.96046448e-08,30,raw-and-scaled,6,1,fp6_e1m4,fp6_e2m3,4,3,2,777,30,exp2,2,4,2,1,0.0211785249,0.0322196186,-2,0x3d03f8b8,0.0322196186,0x3f800000,1,0x00000000,0,0x00000000,0,000000,0,0,0000,000000,0,0,000,0x00000000,0,0x00000000,0,0x00000000,0
l1,0.0625,0,min-error,metric_min,exp1,0,1,1,0.604691923,0.604691982,0.604691923,0.604691982,5.96046448e-08,31,raw-and-scaled,6,1,fp6_e1m4,fp6_e2m3,4,3,2,777,31,exp2,2,4,2,1,0.0211785249,0.0322196186,-2,0x3d03f8b8,0.0322196186,0x3f800000,1,0x00000000,0,0x00000000,0,000000,0,0,0000,000000,0,0,000,0x00000000,0,0x00000000,0,0x00000000,0
l1,0.0625,0,min-error,metric_min,exp1,0,1,1,0.604691923,0.604691982,0.604691923,0.604691982,5.96046448e-08,32,raw-and-scaled,6,1,fp6_e1m4,fp6_e2m3,4,3,2,777,32,exp2,2,4,2,1,0.0211785249,0.0322196186,-2,0x3d03f8b8,0.0322196186,0x3f800000,1,0x00000000,0,0x00000000,0,000000,0,0,0000,000000,0,0,000,0x00000000,0,0x00000000,0,0x00000000,0
l1,0.0625,0,min-error,metric_min,exp1,0,1,1,0.604691923,0.604691982,0.604691923,0.604691982,5.96046448e-08,33,raw-and-scaled,6,1,fp6_e1m4,fp6_e2m3,4,3,2,777,33,exp2,2,4,2,1,0.0211785249,0.0322196186,-2,0x3d03f8b8,0.0322196186,0x3f800000,1,0x00000000,0,0x00000000,0,000000,0,0,0000,000000,0,0,000,0x00000000,0,0x00000000,0,0x00000000,0
l1,0.0625,0,min-error,metric_min,exp1,0,1,1,0.604691923,0.604691982,0.604691923,0.604691982,5.96046448e-08,34,raw-and-scaled,6,1,fp6_e1m4,fp6_e2m3,4,3,2,777,34,exp2,2,4,2,1,0.0211785249,0.0322196186,-2,0x3d03f8b8,0.0322196186,0x3f800000,1,0xbd25a4d4,-0.0404403955,0xbd25a4d4,-0.0404403955,100000,0,0,0000,100001,0,1,001,0xbd25a4d4,-0.0404403955,0xbc169350,-0.00919039547,0xbf800000,-1
l1,0.0625,0,min-error,metric_min,exp1,0,1,1,0.604691923,0.604691982,0.604691923,0.604691982,5.96046448e-08,35,raw-and-scaled,6,1,fp6_e1m4,fp6_e2m3,4,3,2,777,35,exp2,2,4,2,1,0.0211785249,0.0322196186,-2,0x3d03f8b8,0.0322196186,0x3f800000,1,0x00000000,0,0x00000000,0,000000,0,0,0000,000000,0,0,000,0x00000000,0,0x00000000,0,0x00000000,0
l1,0.0625,0,min-error,metric_min,exp1,0,1,1,0.604691923,0.604691982,0.604691923,0.604691982,5.96046448e-08,36,raw-and-scaled,6,1,fp6_e1m4,fp6_e2m3,4,3,2,777,36,exp2,2,4,2,1,0.0211785249,0.0322196186,-2,0x3d03f8b8,0.0322196186,0x3f800000,1,0x00000000,0,0x00000000,0,000000,0,0,0000,000000,0,0,000,0x00000000,0,0x00000000,0,0x00000000,0
l1,0.0625,0,min-error,metric_min,exp1,0,1,1,0.604691923,0.604691982,0.604691923,0.604691982,5.96046448e-08,37,raw-and-scaled,6,1,fp6_e1m4,fp6_e2m3,4,3,2,777,37,exp2,2,4,2,1,0.0211785249,0.0322196186,-2,0x3d03f8b8,0.0322196186,0x3f800000,1,0x00000000,0,0x00000000,0,000000,0,0,0000,000000,0,0,000,0x00000000,0,0x00000000,0,0x00000000,0
l1,0.0625,0,min-error,metric_min,exp1,0,1,1,0.604691923,0.604691982,0.604691923,0.604691982,5.96046448e-08,38,raw-and-scaled,6,1,fp6_e1m4,fp6_e2m3,4,3,2,777,38,exp2,2,4,2,1,0.0211785249,0.0322196186,-2,0x3d03f8b8,0.0322196186,0x3f800000,1,0x00000000,0,0x00000000,0,000000,0,0,0000,000000,0,0,000,0x00000000,0,0x00000000,0,0x00000000,0
l1,0.0625,0,min-error,metric_min,exp1,0,1,1,0.604691923,0.604691982,0.604691923,0.604691982,5.96046448e-08,39,raw-and-scaled,6,1,fp6_e1m4,fp6_e2m3,4,3,2,777,39,exp2,2,4,2,1,0.0211785249,0.0322196186,-2,0x3d03f8b8,0.0322196186,0x3f800000,1,0x00000000,0,0x00000000,0,000000,0,0,0000,000000,0,0,000,0x00000000,0,0x00000000,0,0x00000000,0
l1,0.0625,0,min-error,metric_min,exp1,0,1,1,0.604691923,0.604691982,0.604691923,0.604691982,5.96046448e-08,40,raw-and-scaled,6,1,fp6_e1m4,fp6_e2m3,4,3,2,777,40,exp2,2,4,2,1,0.0211785249,0.0322196186,-2,0x3d03f8b8,0.0322196186,0x3f800000,1,0xbbc332d0,-0.00595698506,0xbbc332d0,-0.00595698506,100000,0,0,0000,100000,0,0,000,0xbbc332d0,-0.00595698506,0xbbc332d0,-0.00595698506,0x00000000,0
l1,0.0625,0,min-error,metric_min,exp1,0,1,1,0.604691923,0.604691982,0.604691923,0.604691982,5.96046448e-08,41,raw-and-scaled,6,1,fp6_e1m4,fp6_e2m3,4,3,2,777,41,exp2,2,4,2,1,0.0211785249,0.0322196186,-2,0x3d03f8b8,0.0322196186,0x3f800000,1,0x00000000,0,0x00000000,0,000000,0,0,0000,000000,0,0,000,0x00000000,0,0x00000000,0,0x00000000,0
l1,0.0625,0,min-error,metric_min,exp1,0,1,1,0.604691923,0.604691982,0.604691923,0.604691982,5.96046448e-08,42,raw-and-scaled,6,1,fp6_e1m4,fp6_e2m3,4,3,2,777,42,exp2,2,4,2,1,0.0211785249,0.0322196186,-2,0x3d03f8b8,0.0322196186,0x3f800000,1,0x00000000,0,0x00000000,0,000000,0,0,0000,000000,0,0,000,0x00000000,0,0x00000000,0,0x00000000,0
l1,0.0625,0,min-error,metric_min,exp1,0,1,1,0.604691923,0.604691982,0.604691923,0.604691982,5.96046448e-08,43,raw-and-scaled,6,1,fp6_e1m4,fp6_e2m3,4,3,2,777,43,exp2,2,4,2,1,0.0211785249,0.0322196186,-2,0x3d03f8b8,0.0322196186,0x3f800000,1,0xbdaaf0ec,-0.0834673345,0xbdaaf0ec,-0.0834673345,100001,0,1,0001,100010,0,2,010,0xbcabc3b0,-0.0209673345,0xbcabc3b0,-0.0209673345,0x80000000,-0
l1,0.0625,0,min-error,metric_min,exp1,0,1,1,0.604691923,0.604691982,0.604691923,0.604691982,5.96046448e-08,44,raw-and-scaled,6,1,fp6_e1m4,fp6_e2m3,4,3,2,777,44,exp2,2,4,2,1,0.0211785249,0.0322196186,-2,0x3d03f8b8,0.0322196186,0x3f800000,1,0x00000000,0,0x00000000,0,000000,0,0,0000,000000,0,0,000,0x00000000,0,0x00000000,0,0x00000000,0
l1,0.0625,0,min-error,metric_min,exp1,0,1,1,0.604691923,0.604691982,0.604691923,0.604691982,5.96046448e-08,45,raw-and-scaled,6,1,fp6_e1m4,fp6_e2m3,4,3,2,777,45,exp2,2,4,2,1,0.0211785249,0.0322196186,-2,0x3d03f8b8,0.0322196186,0x3f800000,1,0xbf97efba,-1.18700337,0xbf97efba,-1.18700337,110010,1,2,0010,111001,3,1,001,0xbd7df740,-0.0620033741,0xbd7df740,-0.0620033741,0x00000000,0
l1,0.0625,0,min-error,metric_min,exp1,0,1,1,0.604691923,0.604691982,0.604691923,0.604691982,5.96046448e-08,46,raw-and-scaled,6,1,fp6_e1m4,fp6_e2m3,4,3,2,777,46,exp2,2,4,2,1,0.0211785249,0.0322196186,-2,0x3d03f8b8,0.0322196186,0x3f800000,1,0x00000000,0,0x00000000,0,000000,0,0,0000,000000,0,0,000,0x00000000,0,0x00000000,0,0x00000000,0
l1,0.0625,0,min-error,metric_min,exp1,0,1,1,0.604691923,0.604691982,0.604691923,0.604691982,5.96046448e-08,47,raw-and-scaled,6,1,fp6_e1m4,fp6_e2m3,4,3,2,777,47,exp2,2,4,2,1,0.0211785249,0.0322196186,-2,0x3d03f8b8,0.0322196186,0x3f800000,1,0x3c735b1d,0.0148532661,0x3c735b1d,0.0148532661,000000,0,0,0000,000000,0,0,000,0x3c735b1d,0.0148532661,0x3c735b1d,0.0148532661,0x00000000,0
l1,0.0625,0,min-error,metric_min,exp1,0,1,1,0.604691923,0.604691982,0.604691923,0.604691982,5.96046448e-08,48,raw-and-scaled,6,1,fp6_e1m4,fp6_e2m3,4,3,2,777,48,exp2,2,4,2,1,0.0211785249,0.0322196186,-2,0x3d03f8b8,0.0322196186,0x3f800000,1,0xbf9bde7f,-1.21772754,0xbf9bde7f,-1.21772754,110011,1,3,0011,111001,3,1,001,0xbcf79fc0,-0.0302275419,0xbdbde7f0,-0.0927275419,0x3f800000,1
l1,0.0625,0,min-error,metric_min,exp1,0,1,1,0.604691923,0.604691982,0.604691923,0.604691982,5.96046448e-08,49,raw-and-scaled,6,1,fp6_e1m4,fp6_e2m3,4,3,2,777,49,exp2,2,4,2,1,0.0211785249,0.0322196186,-2,0x3d03f8b8,0.0322196186,0x3f800000,1,0x00000000,0,0x00000000,0,000000,0,0,0000,000000,0,0,000,0x00000000,0,0x00000000,0,0x00000000,0
l1,0.0625,0,min-error,metric_min,exp1,0,1,1,0.604691923,0.604691982,0.604691923,0.604691982,5.96046448e-08,50,raw-and-scaled,6,1,fp6_e1m4,fp6_e2m3,4,3,2,777,50,exp2,2,4,2,1,0.0211785249,0.0322196186,-2,0x3d03f8b8,0.0322196186,0x3f800000,1,0x00000000,0,0x00000000,0,000000,0,0,0000,000000,0,0,000,0x00000000,0,0x00000000,0,0x00000000,0
l1,0.0625,0,min-error,metric_min,exp1,0,1,1,0.604691923,0.604691982,0.604691923,0.604691982,5.96046448e-08,51,raw-and-scaled,6,1,fp6_e1m4,fp6_e2m3,4,3,2,777,51,exp2,2,4,2,1,0.0211785249,0.0322196186,-2,0x3d03f8b8,0.0322196186,0x3f800000,1,0x00000000,0,0x00000000,0,000000,0,0,0000,000000,0,0,000,0x00000000,0,0x00000000,0,0x00000000,0
l1,0.0625,0,min-error,metric_min,exp1,0,1,1,0.604691923,0.604691982,0.604691923,0.604691982,5.96046448e-08,52,raw-and-scaled,6,1,fp6_e1m4,fp6_e2m3,4,3,2,777,52,exp2,2,4,2,1,0.0211785249,0.0322196186,-2,0x3d03f8b8,0.0322196186,0x3f800000,1,0x00000000,0,0x00000000,0,000000,0,0,0000,000000,0,0,000,0x00000000,0,0x00000000,0,0x00000000,0
l1,0.0625,0,min-error,metric_min,exp1,0,1,1,0.604691923,0.604691982,0.604691923,0.604691982,5.96046448e-08,53,raw-and-scaled,6,1,fp6_e1m4,fp6_e2m3,4,3,2,777,53,exp2,2,4,2,1,0.0211785249,0.0322196186,-2,0x3d03f8b8,0.0322196186,0x3f800000,1,0x00000000,0,0x00000000,0,000000,0,0,0000,000000,0,0,000,0x00000000,0,0x00000000,0,0x00000000,0
l1,0.0625,0,min-error,metric_min,exp1,0,1,1,0.604691923,0.604691982,0.604691923,0.604691982,5.96046448e-08,54,raw-and-scaled,6,1,fp6_e1m4,fp6_e2m3,4,3,2,777,54,exp2,2,4,2,1,0.0211785249,0.0322196186,-2,0x3d03f8b8,0.0322196186,0x3f800000,1,0x00000000,0,0x00000000,0,000000,0,0,0000,000000,0,0,000,0x00000000,0,0x00000000,0,0x00000000,0
l1,0.0625,0,min-error,metric_min,exp1,0,1,1,0.604691923,0.604691982,0.604691923,0.604691982,5.96046448e-08,55,raw-and-scaled,6,1,fp6_e1m4,fp6_e2m3,4,3,2,777,55,exp2,2,4,2,1,0.0211785249,0.0322196186,-2,0x3d03f8b8,0.0322196186,0x3f800000,1,0x00000000,0,0x00000000,0,000000,0,0,0000,000000,0,0,000,0x00000000,0,0x00000000,0,0x00000000,0
l1,0.0625,0,min-error,metric_min,exp1,0,1,1,0.604691923,0.604691982,0.604691923,0.604691982,5.96046448e-08,56,raw-and-scaled,6,1,fp6_e1m4,fp6_e2m3,4,3,2,777,56,exp2,2,4,2,1,0.0211785249,0.0322196186,-2,0x3d03f8b8,0.0322196186,0x3f800000,1,0x3bd211e9,0.00641082646,0x3bd211e9,0.00641082646,000000,0,0,0000,000000,0,0,000,0x3bd211e9,0.00641082646,0x3bd211e9,0.00641082646,0x00000000,0
l1,0.0625,0,min-error,metric_min,exp1,0,1,1,0.604691923,0.604691982,0.604691923,0.604691982,5.96046448e-08,57,raw-and-scaled,6,1,fp6_e1m4,fp6_e2m3,4,3,2,777,57,exp2,2,4,2,1,0.0211785249,0.0322196186,-2,0x3d03f8b8,0.0322196186,0x3f800000,1,0xbb37a068,-0.00280191936,0xbb37a068,-0.00280191936,100000,0,0,0000,100000,0,0,000,0xbb37a068,-0.00280191936,0xbb37a068,-0.00280191936,0x00000000,0
l1,0.0625,0,min-error,metric_min,exp1,0,1,1,0.604691923,0.604691982,0.604691923,0.604691982,5.96046448e-08,58,raw-and-scaled,6,1,fp6_e1m4,fp6_e2m3,4,3,2,777,58,exp2,2,4,2,1,0.0211785249,0.0322196186,-2,0x3d03f8b8,0.0322196186,0x3f800000,1,0x00000000,0,0x00000000,0,000000,0,0,0000,000000,0,0,000,0x00000000,0,0x00000000,0,0x00000000,0
l1,0.0625,0,min-error,metric_min,exp1,0,1,1,0.604691923,0.604691982,0.604691923,0.604691982,5.96046448e-08,59,raw-and-scaled,6,1,fp6_e1m4,fp6_e2m3,4,3,2,777,59,exp2,2,4,2,1,0.0211785249,0.0322196186,-2,0x3d03f8b8,0.0322196186,0x3f800000,1,0x00000000,0,0x00000000,0,000000,0,0,0000,000000,0,0,000,0x00000000,0,0x00000000,0,0x00000000,0
l1,0.0625,0,min-error,metric_min,exp1,0,1,1,0.604691923,0.604691982,0.604691923,0.604691982,5.96046448e-08,60,raw-and-scaled,6,1,fp6_e1m4,fp6_e2m3,4,3,2,777,60,exp2,2,4,2,1,0.0211785249,0.0322196186,-2,0x3d03f8b8,0.0322196186,0x3f800000,1,0xbe70e201,-0.235237136,0xbe70e201,-0.235237136,100011,0,3,0011,100111,0,7,111,0xbd438804,-0.0477371365,0xbc871008,-0.0164871365,0xbf800000,-1
l1,0.0625,0,min-error,metric_min,exp1,0,1,1,0.604691923,0.604691982,0.604691923,0.604691982,5.96046448e-08,61,raw-and-scaled,6,1,fp6_e1m4,fp6_e2m3,4,3,2,777,61,exp2,2,4,2,1,0.0211785249,0.0322196186,-2,0x3d03f8b8,0.0322196186,0x3f800000,1,0x00000000,0,0x00000000,0,000000,0,0,0000,000000,0,0,000,0x00000000,0,0x00000000,0,0x00000000,0
l1,0.0625,0,min-error,metric_min,exp1,0,1,1,0.604691923,0.604691982,0.604691923,0.604691982,5.96046448e-08,62,raw-and-scaled,6,1,fp6_e1m4,fp6_e2m3,4,3,2,777,62,exp2,2,4,2,1,0.0211785249,0.0322196186,-2,0x3d03f8b8,0.0322196186,0x3f800000,1,0x00000000,0,0x00000000,0,000000,0,0,0000,000000,0,0,000,0x00000000,0,0x00000000,0,0x00000000,0
l1,0.0625,0,min-error,metric_min,exp1,0,1,1,0.604691923,0.604691982,0.604691923,0.604691982,5.96046448e-08,63,raw-and-scaled,6,1,fp6_e1m4,fp6_e2m3,4,3,2,777,63,exp2,2,4,2,1,0.0211785249,0.0322196186,-2,0x3d03f8b8,0.0322196186,0x3f800000,1,0x00000000,0,0x00000000,0,000000,0,0,0000,000000,0,0,000,0x00000000,0,0x00000000,0,0x00000000,0
l1,0.0625,0,min-error,metric_min,exp1,0,1,1,0.604691923,0.604691982,0.604691923,0.604691982,5.96046448e-08,64,raw-and-scaled,6,1,fp6_e1m4,fp6_e2m3,4,3,2,777,64,exp2,2,4,2,1,0.0211785249,0.0322196186,-2,0x3d03f8b8,0.0322196186,0x3f800000,1,0xbaef1727,-0.00182411529,0xbaef1727,-0.00182411529,100000,0,0,0000,100000,0,0,000,0xbaef1727,-0.00182411529,0xbaef1727,-0.00182411529,0x00000000,0
l1,0.0625,0,min-error,metric_min,exp1,0,1,1,0.604691923,0.604691982,0.604691923,0.604691982,5.96046448e-08,65,raw-and-scaled,6,1,fp6_e1m4,fp6_e2m3,4,3,2,777,65,exp2,2,4,2,1,0.0211785249,0.0322196186,-2,0x3d03f8b8,0.0322196186,0x3f800000,1,0x3c5f8136,0.0136416461,0x3c5f8136,0.0136416461,000000,0,0,0000,000000,0,0,000,0x3c5f8136,0.0136416461,0x3c5f8136,0.0136416461,0x00000000,0
l1,0.0625,0,min-error,metric_min,exp1,0,1,1,0.604691923,0.604691982,0.604691923,0.604691982,5.96046448e-08,66,raw-and-scaled,6,1,fp6_e1m4,fp6_e2m3,4,3,2,777,66,exp2,2,4,2,1,0.0211785249,0.0322196186,-2,0x3d03f8b8,0.0322196186,0x3f800000,1,0x00000000,0,0x00000000,0,000000,0,0,0000,000000,0,0,000,0x00000000,0,0x00000000,0,0x00000000,0
l1,0.0625,0,min-error,metric_min,exp1,0,1,1,0.604691923,0.604691982,0.604691923,0.604691982,5.96046448e-08,67,raw-and-scaled,6,1,fp6_e1m4,fp6_e2m3,4,3,2,777,67,exp2,2,4,2,1,0.0211785249,0.0322196186,-2,0x3d03f8b8,0.0322196186,0x3f800000,1,0x00000000,0,0x00000000,0,000000,0,0,0000,000000,0,0,000,0x00000000,0,0x00000000,0,0x00000000,0
l1,0.0625,0,min-error,metric_min,exp1,0,1,1,0.604691923,0.604691982,0.604691923,0.604691982,5.96046448e-08,68,raw-and-scaled,6,1,fp6_e1m4,fp6_e2m3,4,3,2,777,68,exp2,2,4,2,1,0.0211785249,0.0322196186,-2,0x3d03f8b8,0.0322196186,0x3f800000,1,0x3c4c4bf4,0.0124692805,0x3c4c4bf4,0.0124692805,000000,0,0,0000,000000,0,0,000,0x3c4c4bf4,0.0124692805,0x3c4c4bf4,0.0124692805,0x00000000,0
l1,0.0625,0,min-error,metric_min,exp1,0,1,1,0.604691923,0.604691982,0.604691923,0.604691982,5.96046448e-08,69,raw-and-scaled,6,1,fp6_e1m4,fp6_e2m3,4,3,2,777,69,exp2,2,4,2,1,0.0211785249,0.0322196186,-2,0x3d03f8b8,0.0322196186,0x3f800000,1,0x00000000,0,0x00000000,0,000000,0,0,0000,000000,0,0,000,0x00000000,0,0x00000000,0,0x00000000,0
l1,0.0625,0,min-error,metric_min,exp1,0,1,1,0.604691923,0.604691982,0.604691923,0.604691982,5.96046448e-08,70,raw-and-scaled,6,1,fp6_e1m4,fp6_e2m3,4,3,2,777,70,exp2,2,4,2,1,0.0211785249,0.0322196186,-2,0x3d03f8b8,0.0322196186,0x3f800000,1,0x00000000,0,0x00000000,0,000000,0,0,0000,000000,0,0,000,0x00000000,0,0x00000000,0,0x00000000,0
l1,0.0625,0,min-error,metric_min,exp1,0,1,1,0.604691923,0.604691982,0.604691923,0.604691982,5.96046448e-08,71,raw-and-scaled,6,1,fp6_e1m4,fp6_e2m3,4,3,2,777,71,exp2,2,4,2,1,0.0211785249,0.0322196186,-2,0x3d03f8b8,0.0322196186,0x3f800000,1,0x00000000,0,0x00000000,0,000000,0,0,0000,000000,0,0,000,0x00000000,0,0x00000000,0,0x00000000,0
l1,0.0625,0,min-error,metric_min,exp1,0,1,1,0.604691923,0.604691982,0.604691923,0.604691982,5.96046448e-08,72,raw-and-scaled,6,1,fp6_e1m4,fp6_e2m3,4,3,2,777,72,exp2,2,4,2,1,0.0211785249,0.0322196186,-2,0x3d03f8b8,0.0322196186,0x3f800000,1,0x00000000,0,0x00000000,0,000000,0,0,0000,000000,0,0,000,0x00000000,0,0x00000000,0,0x00000000,0
l1,0.0625,0,min-error,metric_min,exp1,0,1,1,0.604691923,0.604691982,0.604691923,0.604691982,5.96046448e-08,73,raw-and-scaled,6,1,fp6_e1m4,fp6_e2m3,4,3,2,777,73,exp2,2,4,2,1,0.0211785249,0.0322196186,-2,0x3d03f8b8,0.0322196186,0x3f800000,1,0x00000000,0,0x00000000,0,000000,0,0,0000,000000,0,0,000,0x00000000,0,0x00000000,0,0x00000000,0
l1,0.0625,0,min-error,metric_min,exp1,0,1,1,0.604691923,0.604691982,0.604691923,0.604691982,5.96046448e-08,74,raw-and-scaled,6,1,fp6_e1m4,fp6_e2m3,4,3,2,777,74,exp2,2,4,2,1,0.0211785249,0.0322196186,-2,0x3d03f8b8,0.0322196186,0x3f800000,1,0x00000000,0,0x00000000,0,000000,0,0,0000,000000,0,0,000,0x00000000,0,0x00000000,0,0x00000000,0
l1,0.0625,0,min-error,metric_min,exp1,0,1,1,0.604691923,0.604691982,0.604691923,0.604691982,5.96046448e-08,75,raw-and-scaled,6,1,fp6_e1m4,fp6_e2m3,4,3,2,777,75,exp2,2,4,2,1,0.0211785249,0.0322196186,-2,0x3d03f8b8,0.0322196186,0x3f800000,1,0xbb8be290,-0.00426895171,0xbb8be290,-0.00426895171,100000,0,0,0000,100000,0,0,000,0xbb8be290,-0.00426895171,0xbb8be290,-0.00426895171,0x00000000,0
l1,0.0625,0,min-error,metric_min,exp1,0,1,1,0.604691923,0.604691982,0.604691923,0.604691982,5.96046448e-08,76,raw-and-scaled,6,1,fp6_e1m4,fp6_e2m3,4,3,2,777,76,exp2,2,4,2,1,0.0211785249,0.0322196186,-2,0x3d03f8b8,0.0322196186,0x3f800000,1,0x00000000,0,0x00000000,0,000000,0,0,0000,000000,0,0,000,0x00000000,0,0x00000000,0,0x00000000,0
l1,0.0625,0,min-error,metric_min,exp1,0,1,1,0.604691923,0.604691982,0.604691923,0.604691982,5.96046448e-08,77,raw-and-scaled,6,1,fp6_e1m4,fp6_e2m3,4,3,2,777,77,exp2,2,4,2,1,0.0211785249,0.0322196186,-2,0x3d03f8b8,0.0322196186,0x3f800000,1,0x00000000,0,0x00000000,0,000000,0,0,0000,000000,0,0,000,0x00000000,0,0x00000000,0,0x00000000,0
l1,0.0625,0,min-error,metric_min,exp1,0,1,1,0.604691923,0.604691982,0.604691923,0.604691982,5.96046448e-08,78,raw-and-scaled,6,1,fp6_e1m4,fp6_e2m3,4,3,2,777,78,exp2,2,4,2,1,0.0211785249,0.0322196186,-2,0x3d03f8b8,0.0322196186,0x3f800000,1,0x00000000,0,0x00000000,0,000000,0,0,0000,000000,0,0,000,0x00000000,0,0x00000000,0,0x00000000,0
l1,0.0625,0,min-error,metric_min,exp1,0,1,1,0.604691923,0.604691982,0.604691923,0.604691982,5.96046448e-08,79,raw-and-scaled,6,1,fp6_e1m4,fp6_e2m3,4,3,2,777,79,exp2,2,4,2,1,0.0211785249,0.0322196186,-2,0x3d03f8b8,0.0322196186,0x3f800000,1,0x3e1715f1,0.147544637,0x3e1715f1,0.147544637,000010,0,2,0010,000100,0,4,100,0x3cb8af88,0.0225446373,0x3cb8af88,0.0225446373,0x80000000,-0
l1,0.0625,0,min-error,metric_min,exp1,0,1,1,0.604691923,0.604691982,0.604691923,0.604691982,5.96046448e-08,80,raw-and-scaled,6,1,fp6_e1m4,fp6_e2m3,4,3,2,777,80,exp2,2,4,2,1,0.0211785249,0.0322196186,-2,0x3d03f8b8,0.0322196186,0x3f800000,1,0x00000000,0,0x00000000,0,000000,0,0,0000,000000,0,0,000,0x00000000,0,0x00000000,0,0x00000000,0
l1,0.0625,0,min-error,metric_min,exp1,0,1,1,0.604691923,0.604691982,0.604691923,0.604691982,5.96046448e-08,81,raw-and-scaled,6,1,fp6_e1m4,fp6_e2m3,4,3,2,777,81,exp2,2,4,2,1,0.0211785249,0.0322196186,-2,0x3d03f8b8,0.0322196186,0x3f800000,1,0x3f431bf3,0.762145221,0x3f431bf3,0.762145221,001100,0,12,1100,010100,2,4,100,0x3c46fcc0,0.0121452212,0x3c46fcc0,0.0121452212,0x00000000,0
l1,0.0625,0,min-error,metric_min,exp1,0,1,1,0.604691923,0.604691982,0.604691923,0.604691982,5.96046448e-08,82,raw-and-scaled,6,1,fp6_e1m4,fp6_e2m3,4,3,2,777,82,exp2,2,4,2,1,0.0211785249,0.0322196186,-2,0x3d03f8b8,0.0322196186,0x3f800000,1,0x00000000,0,0x00000000,0,000000,0,0,0000,000000,0,0,000,0x00000000,0,0x00000000,0,0x00000000,0
l1,0.0625,0,min-error,metric_min,exp1,0,1,1,0.604691923,0.604691982,0.604691923,0.604691982,5.96046448e-08,83,raw-and-scaled,6,1,fp6_e1m4,fp6_e2m3,4,3,2,777,83,exp2,2,4,2,1,0.0211785249,0.0322196186,-2,0x3d03f8b8,0.0322196186,0x3f800000,1,0x00000000,0,0x00000000,0,000000,0,0,0000,000000,0,0,000,0x00000000,0,0x00000000,0,0x00000000,0
l1,0.0625,0,min-error,metric_min,exp1,0,1,1,0.604691923,0.604691982,0.604691923,0.604691982,5.96046448e-08,84,raw-and-scaled,6,1,fp6_e1m4,fp6_e2m3,4,3,2,777,84,exp2,2,4,2,1,0.0211785249,0.0322196186,-2,0x3d03f8b8,0.0322196186,0x3f800000,1,0x00000000,0,0x00000000,0,000000,0,0,0000,000000,0,0,000,0x00000000,0,0x00000000,0,0x00000000,0
l1,0.0625,0,min-error,metric_min,exp1,0,1,1,0.604691923,0.604691982,0.604691923,0.604691982,5.96046448e-08,85,raw-and-scaled,6,1,fp6_e1m4,fp6_e2m3,4,3,2,777,85,exp2,2,4,2,1,0.0211785249,0.0322196186,-2,0x3d03f8b8,0.0322196186,0x3f800000,1,0x00000000,0,0x00000000,0,000000,0,0,0000,000000,0,0,000,0x00000000,0,0x00000000,0,0x00000000,0
l1,0.0625,0,min-error,metric_min,exp1,0,1,1,0.604691923,0.604691982,0.604691923,0.604691982,5.96046448e-08,86,raw-and-scaled,6,1,fp6_e1m4,fp6_e2m3,4,3,2,777,86,exp2,2,4,2,1,0.0211785249,0.0322196186,-2,0x3d03f8b8,0.0322196186,0x3f800000,1,0xbdd362c2,-0.103215709,0xbdd362c2,-0.103215709,100001,0,1,0001,100011,0,3,011,0xbd26c584,-0.0407157093,0xbc1b1610,-0.00946570933,0xbf800000,-1
l1,0.0625,0,min-error,metric_min,exp1,0,1,1,0.604691923,0.604691982,0.604691923,0.604691982,5.96046448e-08,87,raw-and-scaled,6,1,fp6_e1m4,fp6_e2m3,4,3,2,777,87,exp2,2,4,2,1,0.0211785249,0.0322196186,-2,0x3d03f8b8,0.0322196186,0x3f800000,1,0x00000000,0,0x00000000,0,000000,0,0,0000,000000,0,0,000,0x00000000,0,0x00000000,0,0x00000000,0
l1,0.0625,0,min-error,metric_min,exp1,0,1,1,0.604691923,0.604691982,0.604691923,0.604691982,5.96046448e-08,88,raw-and-scaled,6,1,fp6_e1m4,fp6_e2m3,4,3,2,777,88,exp2,2,4,2,1,0.0211785249,0.0322196186,-2,0x3d03f8b8,0.0322196186,0x3f800000,1,0x00000000,0,0x00000000,0,000000,0,0,0000,000000,0,0,000,0x00000000,0,0x00000000,0,0x00000000,0
l1,0.0625,0,min-error,metric_min,exp1,0,1,1,0.604691923,0.604691982,0.604691923,0.604691982,5.96046448e-08,89,raw-and-scaled,6,1,fp6_e1m4,fp6_e2m3,4,3,2,777,89,exp2,2,4,2,1,0.0211785249,0.0322196186,-2,0x3d03f8b8,0.0322196186,0x3f800000,1,0x00000000,0,0x00000000,0,000000,0,0,0000,000000,0,0,000,0x00000000,0,0x00000000,0,0x00000000,0
l1,0.0625,0,min-error,metric_min,exp1,0,1,1,0.604691923,0.604691982,0.604691923,0.604691982,5.96046448e-08,90,raw-and-scaled,6,1,fp6_e1m4,fp6_e2m3,4,3,2,777,90,exp2,2,4,2,1,0.0211785249,0.0322196186,-2,0x3d03f8b8,0.0322196186,0x3f800000,1,0x00000000,0,0x00000000,0,000000,0,0,0000,000000,0,0,000,0x00000000,0,0x00000000,0,0x00000000,0
l1,0.0625,0,min-error,metric_min,exp1,0,1,1,0.604691923,0.604691982,0.604691923,0.604691982,5.96046448e-08,91,raw-and-scaled,6,1,fp6_e1m4,fp6_e2m3,4,3,2,777,91,exp2,2,4,2,1,0.0211785249,0.0322196186,-2,0x3d03f8b8,0.0322196186,0x3f800000,1,0x00000000,0,0x00000000,0,000000,0,0,0000,000000,0,0,000,0x00000000,0,0x00000000,0,0x00000000,0
l1,0.0625,0,min-error,metric_min,exp1,0,1,1,0.604691923,0.604691982,0.604691923,0.604691982,5.96046448e-08,92,raw-and-scaled,6,1,fp6_e1m4,fp6_e2m3,4,3,2,777,92,exp2,2,4,2,1,0.0211785249,0.0322196186,-2,0x3d03f8b8,0.0322196186,0x3f800000,1,0x00000000,0,0x00000000,0,000000,0,0,0000,000000,0,0,000,0x00000000,0,0x00000000,0,0x00000000,0
l1,0.0625,0,min-error,metric_min,exp1,0,1,1,0.604691923,0.604691982,0.604691923,0.604691982,5.96046448e-08,93,raw-and-scaled,6,1,fp6_e1m4,fp6_e2m3,4,3,2,777,93,exp2,2,4,2,1,0.0211785249,0.0322196186,-2,0x3d03f8b8,0.0322196186,0x3f800000,1,0x00000000,0,0x00000000,0,000000,0,0,0000,000000,0,0,000,0x00000000,0,0x00000000,0,0x00000000,0
l1,0.0625,0,min-error,metric_min,exp1,0,1,1,0.604691923,0.604691982,0.604691923,0.604691982,5.96046448e-08,94,raw-and-scaled,6,1,fp6_e1m4,fp6_e2m3,4,3,2,777,94,exp2,2,4,2,1,0.0211785249,0.0322196186,-2,0x3d03f8b8,0.0322196186,0x3f800000,1,0x00000000,0,0x00000000,0,000000,0,0,0000,000000,0,0,000,0x00000000,0,0x00000000,0,0x00000000,0
l1,0.0625,0,min-error,metric_min,exp1,0,1,1,0.604691923,0.604691982,0.604691923,0.604691982,5.96046448e-08,95,raw-and-scaled,6,1,fp6_e1m4,fp6_e2m3,4,3,2,777,95,exp2,2,4,2,1,0.0211785249,0.0322196186,-2,0x3d03f8b8,0.0322196186,0x3f800000,1,0x00000000,0,0x00000000,0,000000,0,0,0000,000000,0,0,000,0x00000000,0,0x00000000,0,0x00000000,0
l1,0.0625,0,min-error,metric_min,exp1,0,1,1,0.604691923,0.604691982,0.604691923,0.604691982,5.96046448e-08,96,raw-and-scaled,6,1,fp6_e1m4,fp6_e2m3,4,3,2,777,96,exp2,2,4,2,1,0.0211785249,0.0322196186,-2,0x3d03f8b8,0.0322196186,0x3f800000,1,0x00000000,0,0x00000000,0,000000,0,0,0000,000000,0,0,000,0x00000000,0,0x00000000,0,0x00000000,0
l1,0.0625,0,min-error,metric_min,exp1,0,1,1,0.604691923,0.604691982,0.604691923,0.604691982,5.96046448e-08,97,raw-and-scaled,6,1,fp6_e1m4,fp6_e2m3,4,3,2,777,97,exp2,2,4,2,1,0.0211785249,0.0322196186,-2,0x3d03f8b8,0.0322196186,0x3f800000,1,0x00000000,0,0x00000000,0,000000,0,0,0000,000000,0,0,000,0x00000000,0,0x00000000,0,0x00000000,0
l1,0.0625,0,min-error,metric_min,exp1,0,1,1,0.604691923,0.604691982,0.604691923,0.604691982,5.96046448e-08,98,raw-and-scaled,6,1,fp6_e1m4,fp6_e2m3,4,3,2,777,98,exp2,2,4,2,1,0.0211785249,0.0322196186,-2,0x3d03f8b8,0.0322196186,0x3f800000,1,0x00000000,0,0x00000000,0,000000,0,0,0000,000000,0,0,000,0x00000000,0,0x00000000,0,0x00000000,0
l1,0.0625,0,min-error,metric_min,exp1,0,1,1,0.604691923,0.604691982,0.604691923,0.604691982,5.96046448e-08,99,raw-and-scaled,6,1,fp6_e1m4,fp6_e2m3,4,3,2,777,99,exp2,2,4,2,1,0.0211785249,0.0322196186,-2,0x3d03f8b8,0.0322196186,0x3f800000,1,0x00000000,0,0x00000000,0,000000,0,0,0000,000000,0,0,000,0x00000000,0,0x00000000,0,0x00000000,0
l1,0.0625,0,min-error,metric_min,exp1,0,1,1,0.604691923,0.604691982,0.604691923,0.604691982,5.96046448e-08,100,raw-and-scaled,6,1,fp6_e1m4,fp6_e2m3,4,3,2,777,100,exp2,2,4,2,1,0.0211785249,0.0322196186,-2,0x3d03f8b8,0.0322196186,0x3f800000,1,0x00000000,0,0x00000000,0,000000,0,0,0000,000000,0,0,000,0x00000000,0,0x00000000,0,0x00000000,0
l1,0.0625,0,min-error,metric_min,exp1,0,1,1,0.604691923,0.604691982,0.604691923,0.604691982,5.96046448e-08,101,raw-and-scaled,6,1,fp6_e1m4,fp6_e2m3,4,3,2,777,101,exp2,2,4,2,1,0.0211785249,0.0322196186,-2,0x3d03f8b8,0.0322196186,0x3f800000,1,0x00000000,0,0x00000000,0,000000,0,0,0000,000000,0,0,000,0x00000000,0,0x00000000,0,0x00000000,0
l1,0.0625,0,min-error,metric_min,exp1,0,1,1,0.604691923,0.604691982,0.604691923,0.604691982,5.96046448e-08,102,raw-and-scaled,6,1,fp6_e1m4,fp6_e2m3,4,3,2,777,102,exp2,2,4,2,1,0.0211785249,0.0322196186,-2,0x3d03f8b8,0.0322196186,0x3f800000,1,0x00000000,0,0x00000000,0,000000,0,0,0000,000000,0,0,000,0x00000000,0,0x00000000,0,0x00000000,0
l1,0.0625,0,min-error,metric_min,exp1,0,1,1,0.604691923,0.604691982,0.604691923,0.604691982,5.96046448e-08,103,raw-and-scaled,6,1,fp6_e1m4,fp6_e2m3,4,3,2,777,103,exp2,2,4,2,1,0.0211785249,0.0322196186,-2,0x3d03f8b8,0.0322196186,0x3f800000,1,0x00000000,0,0x00000000,0,000000,0,0,0000,000000,0,0,000,0x00000000,0,0x00000000,0,0x00000000,0
l1,0.0625,0,min-error,metric_min,exp1,0,1,1,0.604691923,0.604691982,0.604691923,0.604691982,5.96046448e-08,104,raw-and-scaled,6,1,fp6_e1m4,fp6_e2m3,4,3,2,777,104,exp2,2,4,2,1,0.0211785249,0.0322196186,-2,0x3d03f8b8,0.0322196186,0x3f800000,1,0x00000000,0,0x00000000,0,000000,0,0,0000,000000,0,0,000,0x00000000,0,0x00000000,0,0x00000000,0
l1,0.0625,0,min-error,metric_min,exp1,0,1,1,0.604691923,0.604691982,0.604691923,0.604691982,5.96046448e-08,105,raw-and-scaled,6,1,fp6_e1m4,fp6_e2m3,4,3,2,777,105,exp2,2,4,2,1,0.0211785249,0.0322196186,-2,0x3d03f8b8,0.0322196186,0x3f800000,1,0x00000000,0,0x00000000,0,000000,0,0,0000,000000,0,0,000,0x00000000,0,0x00000000,0,0x00000000,0
l1,0.0625,0,min-error,metric_min,exp1,0,1,1,0.604691923,0.604691982,0.604691923,0.604691982,5.96046448e-08,106,raw-and-scaled,6,1,fp6_e1m4,fp6_e2m3,4,3,2,777,106,exp2,2,4,2,1,0.0211785249,0.0322196186,-2,0x3d03f8b8,0.0322196186,0x3f800000,1,0x00000000,0,0x00000000,0,000000,0,0,0000,000000,0,0,000,0x00000000,0,0x00000000,0,0x00000000,0
l1,0.0625,0,min-error,metric_min,exp1,0,1,1,0.604691923,0.604691982,0.604691923,0.604691982,5.96046448e-08,107,raw-and-scaled,6,1,fp6_e1m4,fp6_e2m3,4,3,2,777,107,exp2,2,4,2,1,0.0211785249,0.0322196186,-2,0x3d03f8b8,0.0322196186,0x3f800000,1,0x00000000,0,0x00000000,0,000000,0,0,0000,000000,0,0,000,0x00000000,0,0x00000000,0,0x00000000,0
l1,0.0625,0,min-error,metric_min,exp1,0,1,1,0.604691923,0.604691982,0.604691923,0.604691982,5.96046448e-08,108,raw-and-scaled,6,1,fp6_e1m4,fp6_e2m3,4,3,2,777,108,exp2,2,4,2,1,0.0211785249,0.0322196186,-2,0x3d03f8b8,0.0322196186,0x3f800000,1,0xbc917c74,-0.0177595392,0xbc917c74,-0.0177595392,100000,0,0,0000,100000,0,0,000,0xbc917c74,-0.0177595392,0xbc917c74,-0.0177595392,0x00000000,0
l1,0.0625,0,min-error,metric_min,exp1,0,1,1,0.604691923,0.604691982,0.604691923,0.604691982,5.96046448e-08,109,raw-and-scaled,6,1,fp6_e1m4,fp6_e2m3,4,3,2,777,109,exp2,2,4,2,1,0.0211785249,0.0322196186,-2,0x3d03f8b8,0.0322196186,0x3f800000,1,0x00000000,0,0x00000000,0,000000,0,0,0000,000000,0,0,000,0x00000000,0,0x00000000,0,0x00000000,0
l1,0.0625,0,min-error,metric_min,exp1,0,1,1,0.604691923,0.604691982,0.604691923,0.604691982,5.96046448e-08,110,raw-and-scaled,6,1,fp6_e1m4,fp6_e2m3,4,3,2,777,110,exp2,2,4,2,1,0.0211785249,0.0322196186,-2,0x3d03f8b8,0.0322196186,0x3f800000,1,0x00000000,0,0x00000000,0,000000,0,0,0000,000000,0,0,000,0x00000000,0,0x00000000,0,0x00000000,0
l1,0.0625,0,min-error,metric_min,exp1,0,1,1,0.604691923,0.604691982,0.604691923,0.604691982,5.96046448e-08,111,raw-and-scaled,6,1,fp6_e1m4,fp6_e2m3,4,3,2,777,111,exp2,2,4,2,1,0.0211785249,0.0322196186,-2,0x3d03f8b8,0.0322196186,0x3f800000,1,0x3c8efc02,0.0174541511,0x3c8efc02,0.0174541511,000000,0,0,0000,000000,0,0,000,0x3c8efc02,0.0174541511,0x3c8efc02,0.0174541511,0x00000000,0
l1,0.0625,0,min-error,metric_min,exp1,0,1,1,0.604691923,0.604691982,0.604691923,0.604691982,5.96046448e-08,112,raw-and-scaled,6,1,fp6_e1m4,fp6_e2m3,4,3,2,777,112,exp2,2,4,2,1,0.0211785249,0.0322196186,-2,0x3d03f8b8,0.0322196186,0x3f800000,1,0x00000000,0,0x00000000,0,000000,0,0,0000,000000,0,0,000,0x00000000,0,0x00000000,0,0x00000000,0
l1,0.0625,0,min-error,metric_min,exp1,0,1,1,0.604691923,0.604691982,0.604691923,0.604691982,5.96046448e-08,113,raw-and-scaled,6,1,fp6_e1m4,fp6_e2m3,4,3,2,777,113,exp2,2,4,2,1,0.0211785249,0.0322196186,-2,0x3d03f8b8,0.0322196186,0x3f800000,1,0x00000000,0,0x00000000,0,000000,0,0,0000,000000,0,0,000,0x00000000,0,0x00000000,0,0x00000000,0
l1,0.0625,0,min-error,metric_min,exp1,0,1,1,0.604691923,0.604691982,0.604691923,0.604691982,5.96046448e-08,114,raw-and-scaled,6,1,fp6_e1m4,fp6_e2m3,4,3,2,777,114,exp2,2,4,2,1,0.0211785249,0.0322196186,-2,0x3d03f8b8,0.0322196186,0x3f800000,1,0x00000000,0,0x00000000,0,000000,0,0,0000,000000,0,0,000,0x00000000,0,0x00000000,0,0x00000000,0
l1,0.0625,0,min-error,metric_min,exp1,0,1,1,0.604691923,0.604691982,0.604691923,0.604691982,5.96046448e-08,115,raw-and-scaled,6,1,fp6_e1m4,fp6_e2m3,4,3,2,777,115,exp2,2,4,2,1,0.0211785249,0.0322196186,-2,0x3d03f8b8,0.0322196186,0x3f800000,1,0x00000000,0,0x00000000,0,000000,0,0,0000,000000,0,0,000,0x00000000,0,0x00000000,0,0x00000000,0
l1,0.0625,0,min-error,metric_min,exp1,0,1,1,0.604691923,0.604691982,0.604691923,0.604691982,5.96046448e-08,116,raw-and-scaled,6,1,fp6_e1m4,fp6_e2m3,4,3,2,777,116,exp2,2,4,2,1,0.0211785249,0.0322196186,-2,0x3d03f8b8,0.0322196186,0x3f800000,1,0x00000000,0,0x00000000,0,000000,0,0,0000,000000,0,0,000,0x00000000,0,0x00000000,0,0x00000000,0
l1,0.0625,0,min-error,metric_min,exp1,0,1,1,0.604691923,0.604691982,0.604691923,0.604691982,5.96046448e-08,117,raw-and-scaled,6,1,fp6_e1m4,fp6_e2m3,4,3,2,777,117,exp2,2,4,2,1,0.0211785249,0.0322196186,-2,0x3d03f8b8,0.0322196186,0x3f800000,1,0x3fd72510,1.68081856,0x3fd72510,1.68081856,011010,1,10,1010,011101,3,5,101,0x3d64a200,0.0558185577,0x3d64a200,0.0558185577,0x00000000,0
l1,0.0625,0,min-error,metric_min,exp1,0,1,1,0.604691923,0.604691982,0.604691923,0.604691982,5.96046448e-08,118,raw-and-scaled,6,1,fp6_e1m4,fp6_e2m3,4,3,2,777,118,exp2,2,4,2,1,0.0211785249,0.0322196186,-2,0x3d03f8b8,0.0322196186,0x3f800000,1,0x00000000,0,0x00000000,0,000000,0,0,0000,000000,0,0,000,0x00000000,0,0x00000000,0,0x00000000,0
l1,0.0625,0,min-error,metric_min,exp1,0,1,1,0.604691923,0.604691982,0.604691923,0.604691982,5.96046448e-08,119,raw-and-scaled,6,1,fp6_e1m4,fp6_e2m3,4,3,2,777,119,exp2,2,4,2,1,0.0211785249,0.0322196186,-2,0x3d03f8b8,0.0322196186,0x3f800000,1,0x3e280815,0.164093331,0x3e280815,0.164093331,000010,0,2,0010,000101,0,5,101,0x3d202054,0.0390933305,0x3c008150,0.0078433305,0xbf800000,-1
l1,0.0625,0,min-error,metric_min,exp1,0,1,1,0.604691923,0.604691982,0.604691923,0.604691982,5.96046448e-08,120,raw-and-scaled,6,1,fp6_e1m4,fp6_e2m3,4,3,2,777,120,exp2,2,4,2,1,0.0211785249,0.0322196186,-2,0x3d03f8b8,0.0322196186,0x3f800000,1,0x3e1045b2,0.140890867,0x3e1045b2,0.140890867,000010,0,2,0010,000100,0,4,100,0x3c822d90,0.0158908665,0x3c822d90,0.0158908665,0x80000000,-0
l1,0.0625,0,min-error,metric_min,exp1,0,1,1,0.604691923,0.604691982,0.604691923,0.604691982,5.96046448e-08,121,raw-and-scaled,6,1,fp6_e1m4,fp6_e2m3,4,3,2,777,121,exp2,2,4,2,1,0.0211785249,0.0322196186,-2,0x3d03f8b8,0.0322196186,0x3f800000,1,0xbd9d6001,-0.0768432692,0xbd9d6001,-0.0768432692,100001,0,1,0001,100010,0,2,010,0xbc6b0008,-0.0143432692,0xbc6b0008,-0.0143432692,0x80000000,-0
l1,0.0625,0,min-error,metric_min,exp1,0,1,1,0.604691923,0.604691982,0.604691923,0.604691982,5.96046448e-08,122,raw-and-scaled,6,1,fp6_e1m4,fp6_e2m3,4,3,2,777,122,exp2,2,4,2,1,0.0211785249,0.0322196186,-2,0x3d03f8b8,0.0322196186,0x3f800000,1,0x00000000,0,0x00000000,0,000000,0,0,0000,000000,0,0,000,0x00000000,0,0x00000000,0,0x00000000,0
l1,0.0625,0,min-error,metric_min,exp1,0,1,1,0.604691923,0.604691982,0.604691923,0.604691982,5.96046448e-08,123,raw-and-scaled,6,1,fp6_e1m4,fp6_e2m3,4,3,2,777,123,exp2,2,4,2,1,0.0211785249,0.0322196186,-2,0x3d03f8b8,0.0322196186,0x3f800000,1,0x00000000,0,0x00000000,0,000000,0,0,0000,000000,0,0,000,0x00000000,0,0x00000000,0,0x00000000,0
l1,0.0625,0,min-error,metric_min,exp1,0,1,1,0.604691923,0.604691982,0.604691923,0.604691982,5.96046448e-08,124,raw-and-scaled,6,1,fp6_e1m4,fp6_e2m3,4,3,2,777,124,exp2,2,4,2,1,0.0211785249,0.0322196186,-2,0x3d03f8b8,0.0322196186,0x3f800000,1,0x00000000,0,0x00000000,0,000000,0,0,0000,000000,0,0,000,0x00000000,0,0x00000000,0,0x00000000,0
l1,0.0625,0,min-error,metric_min,exp1,0,1,1,0.604691923,0.604691982,0.604691923,0.604691982,5.96046448e-08,125,raw-and-scaled,6,1,fp6_e1m4,fp6_e2m3,4,3,2,777,125,exp2,2,4,2,1,0.0211785249,0.0322196186,-2,0x3d03f8b8,0.0322196186,0x3f800000,1,0x00000000,0,0x00000000,0,000000,0,0,0000,000000,0,0,000,0x00000000,0,0x00000000,0,0x00000000,0
l1,0.0625,0,min-error,metric_min,exp1,0,1,1,0.604691923,0.604691982,0.604691923,0.604691982,5.96046448e-08,126,raw-and-scaled,6,1,fp6_e1m4,fp6_e2m3,4,3,2,777,126,exp2,2,4,2,1,0.0211785249,0.0322196186,-2,0x3d03f8b8,0.0322196186,0x3f800000,1,0xbfee3027,-1.86084449,0xbfee3027,-1.86084449,111101,1,13,1101,111110,3,6,110,0xbd4604e0,-0.0483444929,0xbde30270,-0.110844493,0x3f800000,1
l1,0.0625,0,min-error,metric_min,exp1,0,1,1,0.604691923,0.604691982,0.604691923,0.604691982,5.96046448e-08,127,raw-and-scaled,6,1,fp6_e1m4,fp6_e2m3,4,3,2,777,127,exp2,2,4,2,1,0.0211785249,0.0322196186,-2,0x3d03f8b8,0.0322196186,0x3f800000,1,0x00000000,0,0x00000000,0,000000,0,0,0000,000000,0,0,000,0x00000000,0,0x00000000,0,0x00000000,0
l1,0.0625,0,min-error,metric_min,exp1,0,1,1,0.783383489,0.783383548,0.783383489,0.783383548,5.96046448e-08,0,raw-and-scaled,5,1,fp5_e1m3,fp5_e2m2,3,2,2,519,0,exp2,1,2,1,0,0.0403094962,0.0487919375,-1,0x3d47da0e,0.0487919375,0x3f800000,1,0x3bbac08f,0.0056992243,0x3bbac08f,0.0056992243,00000,0,0,000,00000,0,0,00,0x3bbac08f,0.0056992243,0x3bbac08f,0.0056992243,0x00000000,0
l1,0.0625,0,min-error,metric_min,exp1,0,1,1,0.783383489,0.783383548,0.783383489,0.783383548,5.96046448e-08,1,raw-and-scaled,5,1,fp5_e1m3,fp5_e2m2,3,2,2,519,1,exp2,1,2,1,0,0.0403094962,0.0487919375,-1,0x3d47da0e,0.0487919375,0x3f800000,1,0x00000000,0,0x00000000,0,00000,0,0,000,00000,0,0,00,0x00000000,0,0x00000000,0,0x00000000,0
l1,0.0625,0,min-error,metric_min,exp1,0,1,1,0.783383489,0.783383548,0.783383489,0.783383548,5.96046448e-08,2,raw-and-scaled,5,1,fp5_e1m3,fp5_e2m2,3,2,2,519,2,exp2,1,2,1,0,0.0403094962,0.0487919375,-1,0x3d47da0e,0.0487919375,0x3f800000,1,0x00000000,0,0x00000000,0,00000,0,0,000,00000,0,0,00,0x00000000,0,0x00000000,0,0x00000000,0
l1,0.0625,0,min-error,metric_min,exp1,0,1,1,0.783383489,0.783383548,0.783383489,0.783383548,5.96046448e-08,3,raw-and-scaled,5,1,fp5_e1m3,fp5_e2m2,3,2,2,519,3,exp2,1,2,1,0,0.0403094962,0.0487919375,-1,0x3d47da0e,0.0487919375,0x3f800000,1,0x3ab71490,0.00139679201,0x3ab71490,0.00139679201,00000,0,0,000,00000,0,0,00,0x3ab71490,0.00139679201,0x3ab71490,0.00139679201,0x00000000,0
l1,0.0625,0,min-error,metric_min,exp1,0,1,1,0.783383489,0.783383548,0.783383489,0.783383548,5.96046448e-08,4,raw-and-scaled,5,1,fp5_e1m3,fp5_e2m2,3,2,2,519,4,exp2,1,2,1,0,0.0403094962,0.0487919375,-1,0x3d47da0e,0.0487919375,0x3f800000,1,0x00000000,0,0x00000000,0,00000,0,0,000,00000,0,0,00,0x00000000,0,0x00000000,0,0x00000000,0
l1,0.0625,0,min-error,metric_min,exp1,0,1,1,0.783383489,0.783383548,0.783383489,0.783383548,5.96046448e-08,5,raw-and-scaled,5,1,fp5_e1m3,fp5_e2m2,3,2,2,519,5,exp2,1,2,1,0,0.0403094962,0.0487919375,-1,0x3d47da0e,0.0487919375,0x3f800000,1,0x00000000,0,0x00000000,0,00000,0,0,000,00000,0,0,00,0x00000000,0,0x00000000,0,0x00000000,0
l1,0.0625,0,min-error,metric_min,exp1,0,1,1,0.783383489,0.783383548,0.783383489,0.783383548,5.96046448e-08,6,raw-and-scaled,5,1,fp5_e1m3,fp5_e2m2,3,2,2,519,6,exp2,1,2,1,0,0.0403094962,0.0487919375,-1,0x3d47da0e,0.0487919375,0x3f800000,1,0x00000000,0,0x00000000,0,00000,0,0,000,00000,0,0,00,0x00000000,0,0x00000000,0,0x00000000,0
l1,0.0625,0,min-error,metric_min,exp1,0,1,1,0.783383489,0.783383548,0.783383489,0.783383548,5.96046448e-08,7,raw-and-scaled,5,1,fp5_e1m3,fp5_e2m2,3,2,2,519,7,exp2,1,2,1,0,0.0403094962,0.0487919375,-1,0x3d47da0e,0.0487919375,0x3f800000,1,0x00000000,0,0x00000000,0,00000,0,0,000,00000,0,0,00,0x00000000,0,0x00000000,0,0x00000000,0
l1,0.0625,0,min-error,metric_min,exp1,0,1,1,0.783383489,0.783383548,0.783383489,0.783383548,5.96046448e-08,8,raw-and-scaled,5,1,fp5_e1m3,fp5_e2m2,3,2,2,519,8,exp2,1,2,1,0,0.0403094962,0.0487919375,-1,0x3d47da0e,0.0487919375,0x3f800000,1,0x00000000,0,0x00000000,0,00000,0,0,000,00000,0,0,00,0x00000000,0,0x00000000,0,0x00000000,0
l1,0.0625,0,min-error,metric_min,exp1,0,1,1,0.783383489,0.783383548,0.783383489,0.783383548,5.96046448e-08,9,raw-and-scaled,5,1,fp5_e1m3,fp5_e2m2,3,2,2,519,9,exp2,1,2,1,0,0.0403094962,0.0487919375,-1,0x3d47da0e,0.0487919375,0x3f800000,1,0x00000000,0,0x00000000,0,00000,0,0,000,00000,0,0,00,0x00000000,0,0x00000000,0,0x00000000,0
l1,0.0625,0,min-error,metric_min,exp1,0,1,1,0.783383489,0.783383548,0.783383489,0.783383548,5.96046448e-08,10,raw-and-scaled,5,1,fp5_e1m3,fp5_e2m2,3,2,2,519,10,exp2,1,2,1,0,0.0403094962,0.0487919375,-1,0x3d47da0e,0.0487919375,0x3f800000,1,0x00000000,0,0x00000000,0,00000,0,0,000,00000,0,0,00,0x00000000,0,0x00000000,0,0x00000000,0
l1,0.0625,0,min-error,metric_min,exp1,0,1,1,0.783383489,0.783383548,0.783383489,0.783383548,5.96046448e-08,11,raw-and-scaled,5,1,fp5_e1m3,fp5_e2m2,3,2,2,519,11,exp2,1,2,1,0,0.0403094962,0.0487919375,-1,0x3d47da0e,0.0487919375,0x3f800000,1,0xbd1903bc,-0.037357077,0xbd1903bc,-0.037357077,10000,0,0,000,10000,0,0,00,0xbd1903bc,-0.037357077,0xbd1903bc,-0.037357077,0x00000000,0
l1,0.0625,0,min-error,metric_min,exp1,0,1,1,0.783383489,0.783383548,0.783383489,0.783383548,5.96046448e-08,12,raw-and-scaled,5,1,fp5_e1m3,fp5_e2m2,3,2,2,519,12,exp2,1,2,1,0,0.0403094962,0.0487919375,-1,0x3d47da0e,0.0487919375,0x3f800000,1,0x00000000,0,0x00000000,0,00000,0,0,000,00000,0,0,00,0x00000000,0,0x00000000,0,0x00000000,0
l1,0.0625,0,min-error,metric_min,exp1,0,1,1,0.783383489,0.783383548,0.783383489,0.783383548,5.96046448e-08,13,raw-and-scaled,5,1,fp5_e1m3,fp5_e2m2,3,2,2,519,13,exp2,1,2,1,0,0.0403094962,0.0487919375,-1,0x3d47da0e,0.0487919375,0x3f800000,1,0x3c82c74c,0.0159641728,0x3c82c74c,0.0159641728,00000,0,0,000,00000,0,0,00,0x3c82c74c,0.0159641728,0x3c82c74c,0.0159641728,0x00000000,0
l1,0.0625,0,min-error,metric_min,exp1,0,1,1,0.783383489,0.783383548,0.783383489,0.783383548,5.96046448e-08,14,raw-and-scaled,5,1,fp5_e1m3,fp5_e2m2,3,2,2,519,14,exp2,1,2,1,0,0.0403094962,0.0487919375,-1,0x3d47da0e,0.0487919375,0x3f800000,1,0x00000000,0,0x00000000,0,00000,0,0,000,00000,0,0,00,0x00000000,0,0x00000000,0,0x00000000,0
l1,0.0625,0,min-error,metric_min,exp1,0,1,1,0.783383489,0.783383548,0.783383489,0.783383548,5.96046448e-08,15,raw-and-scaled,5,1,fp5_e1m3,fp5_e2m2,3,2,2,519,15,exp2,1,2,1,0,0.0403094962,0.0487919375,-1,0x3d47da0e,0.0487919375,0x3f800000,1,0x00000000,0,0x00000000,0,00000,0,0,000,00000,0,0,00,0x00000000,0,0x00000000,0,0x00000000,0
l1,0.0625,0,min-error,metric_min,exp1,0,1,1,0.783383489,0.783383548,0.783383489,0.783383548,5.96046448e-08,16,raw-and-scaled,5,1,fp5_e1m3,fp5_e2m2,3,2,2,519,16,exp2,1,2,1,0,0.0403094962,0.0487919375,-1,0x3d47da0e,0.0487919375,0x3f800000,1,0x00000000,0,0x00000000,0,00000,0,0,000,00000,0,0,00,0x00000000,0,0x00000000,0,0x00000000,0
l1,0.0625,0,min-error,metric_min,exp1,0,1,1,0.783383489,0.783383548,0.783383489,0.783383548,5.96046448e-08,17,raw-and-scaled,5,1,fp5_e1m3,fp5_e2m2,3,2,2,519,17,exp2,1,2,1,0,0.0403094962,0.0487919375,-1,0x3d47da0e,0.0487919375,0x3f800000,1,0x00000000,0,0x00000000,0,00000,0,0,000,00000,0,0,00,0x00000000,0,0x00000000,0,0x00000000,0
l1,0.0625,0,min-error,metric_min,exp1,0,1,1,0.783383489,0.783383548,0.783383489,0.783383548,5.96046448e-08,18,raw-and-scaled,5,1,fp5_e1m3,fp5_e2m2,3,2,2,519,18,exp2,1,2,1,0,0.0403094962,0.0487919375,-1,0x3d47da0e,0.0487919375,0x3f800000,1,0x00000000,0,0x00000000,0,00000,0,0,000,00000,0,0,00,0x00000000,0,0x00000000,0,0x00000000,0
l1,0.0625,0,min-error,metric_min,exp1,0,1,1,0.783383489,0.783383548,0.783383489,0.783383548,5.96046448e-08,19,raw-and-scaled,5,1,fp5_e1m3,fp5_e2m2,3,2,2,519,19,exp2,1,2,1,0,0.0403094962,0.0487919375,-1,0x3d47da0e,0.0487919375,0x3f800000,1,0x00000000,0,0x00000000,0,00000,0,0,000,00000,0,0,00,0x00000000,0,0x00000000,0,0x00000000,0
l1,0.0625,0,min-error,metric_min,exp1,0,1,1,0.783383489,0.783383548,0.783383489,0.783383548,5.96046448e-08,20,raw-and-scaled,5,1,fp5_e1m3,fp5_e2m2,3,2,2,519,20,exp2,1,2,1,0,0.0403094962,0.0487919375,-1,0x3d47da0e,0.0487919375,0x3f800000,1,0x00000000,0,0x00000000,0,00000,0,0,000,00000,0,0,00,0x00000000,0,0x00000000,0,0x00000000,0
l1,0.0625,0,min-error,metric_min,exp1,0,1,1,0.783383489,0.783383548,0.783383489,0.783383548,5.96046448e-08,21,raw-and-scaled,5,1,fp5_e1m3,fp5_e2m2,3,2,2,519,21,exp2,1,2,1,0,0.0403094962,0.0487919375,-1,0x3d47da0e,0.0487919375,0x3f800000,1,0x3c9c7a26,0.0191012137,0x3c9c7a26,0.0191012137,00000,0,0,000,00000,0,0,00,0x3c9c7a26,0.0191012137,0x3c9c7a26,0.0191012137,0x00000000,0
l1,0.0625,0,min-error,metric_min,exp1,0,1,1,0.783383489,0.783383548,0.783383489,0.783383548,5.96046448e-08,22,raw-and-scaled,5,1,fp5_e1m3,fp5_e2m2,3,2,2,519,22,exp2,1,2,1,0,0.0403094962,0.0487919375,-1,0x3d47da0e,0.0487919375,0x3f800000,1,0x00000000,0,0x00000000,0,00000,0,0,000,00000,0,0,00,0x00000000,0,0x00000000,0,0x00000000,0
l1,0.0625,0,min-error,metric_min,exp1,0,1,1,0.783383489,0.783383548,0.783383489,0.783383548,5.96046448e-08,23,raw-and-scaled,5,1,fp5_e1m3,fp5_e2m2,3,2,2,519,23,exp2,1,2,1,0,0.0403094962,0.0487919375,-1,0x3d47da0e,0.0487919375,0x3f800000,1,0x00000000,0,0x00000000,0,00000,0,0,000,00000,0,0,00,0x00000000,0,0x00000000,0,0x00000000,0
l1,0.0625,0,min-error,metric_min,exp1,0,1,1,0.783383489,0.783383548,0.783383489,0.783383548,5.96046448e-08,24,raw-and-scaled,5,1,fp5_e1m3,fp5_e2m2,3,2,2,519,24,exp2,1,2,1,0,0.0403094962,0.0487919375,-1,0x3d47da0e,0.0487919375,0x3f800000,1,0x00000000,0,0x00000000,0,00000,0,0,000,00000,0,0,00,0x00000000,0,0x00000000,0,0x00000000,0
l1,0.0625,0,min-error,metric_min,exp1,0,1,1,0.783383489,0.783383548,0.783383489,0.783383548,5.96046448e-08,25,raw-and-scaled,5,1,fp5_e1m3,fp5_e2m2,3,2,2,519,25,exp2,1,2,1,0,0.0403094962,0.0487919375,-1,0x3d47da0e,0.0487919375,0x3f800000,1,0x00000000,0,0x00000000,0,00000,0,0,000,00000,0,0,00,0x00000000,0,0x00000000,0,0x00000000,0
l1,0.0625,0,min-error,metric_min,exp1,0,1,1,0.783383489,0.783383548,0.783383489,0.783383548,5.96046448e-08,26,raw-and-scaled,5,1,fp5_e1m3,fp5_e2m2,3,2,2,519,26,exp2,1,2,1,0,0.0403094962,0.0487919375,-1,0x3d47da0e,0.0487919375,0x3f800000,1,0xbff1749e,-1.88637137,0xbff1749e,-1.88637137,11111,1,7,111,11111,3,3,11,0xbc3a4f00,-0.0113713741,0xbe0ba4f0,-0.136371374,0x3f800000,1
l1,0.0625,0,min-error,metric_min,exp1,0,1,1,0.783383489,0.783383548,0.783383489,0.783383548,5.96046448e-08,27,raw-and-scaled,5,1,fp5_e1m3,fp5_e2m2,3,2,2,519,27,exp2,1,2,1,0,0.0403094962,0.0487919375,-1,0x3d47da0e,0.0487919375,0x3f800000,1,0x00000000,0,0x00000000,0,00000,0,0,000,00000,0,0,00,0x00000000,0,0x00000000,0,0x00000000,0
l1,0.0625,0,min-error,metric_min,exp1,0,1,1,0.783383489,0.783383548,0.783383489,0.783383548,5.96046448e-08,28,raw-and-scaled,5,1,fp5_e1m3,fp5_e2m2,3,2,2,519,28,exp2,1,2,1,0,0.0403094962,0.0487919375,-1,0x3d47da0e,0.0487919375,0x3f800000,1,0x00000000,0,0x00000000,0,00000,0,0,000,00000,0,0,00,0x00000000,0,0x00000000,0,0x00000000,0
l1,0.0625,0,min-error,metric_min,exp1,0,1,1,0.783383489,0.783383548,0.783383489,0.783383548,5.96046448e-08,29,raw-and-scaled,5,1,fp5_e1m3,fp5_e2m2,3,2,2,519,29,exp2,1,2,1,0,0.0403094962,0.0487919375,-1,0x3d47da0e,0.0487919375,0x3f800000,1,0x00000000,0,0x00000000,0,00000,0,0,000,00000,0,0,00,0x00000000,0,0x00000000,0,0x00000000,0
l1,0.0625,0,min-error,metric_min,exp1,0,1,1,0.783383489,0.783383548,0.783383489,0.783383548,5.96046448e-08,30,raw-and-scaled,5,1,fp5_e1m3,fp5_e2m2,3,2,2,519,30,exp2,1,2,1,0,0.0403094962,0.0487919375,-1,0x3d47da0e,0.0487919375,0x3f800000,1,0x00000000,0,0x00000000,0,00000,0,0,000,00000,0,0,00,0x00000000,0,0x00000000,0,0x00000000,0
l1,0.0625,0,min-error,metric_min,exp1,0,1,1,0.783383489,0.783383548,0.783383489,0.783383548,5.96046448e-08,31,raw-and-scaled,5,1,fp5_e1m3,fp5_e2m2,3,2,2,519,31,exp2,1,2,1,0,0.0403094962,0.0487919375,-1,0x3d47da0e,0.0487919375,0x3f800000,1,0x00000000,0,0x00000000,0,00000,0,0,000,00000,0,0,00,0x00000000,0,0x00000000,0,0x00000000,0
l1,0.0625,0,min-error,metric_min,exp1,0,1,1,0.783383489,0.783383548,0.783383489,0.783383548,5.96046448e-08,32,raw-and-scaled,5,1,fp5_e1m3,fp5_e2m2,3,2,2,519,32,exp2,1,2,1,0,0.0403094962,0.0487919375,-1,0x3d47da0e,0.0487919375,0x3f800000,1,0x3ed05035,0.406861931,0x3ed05035,0.406861931,00011,0,3,011,00110,1,2,10,0x3d0281a8,0.0318619311,0x3d0281a8,0.0318619311,0x80000000,-0
l1,0.0625,0,min-error,metric_min,exp1,0,1,1,0.783383489,0.783383548,0.783383489,0.783383548,5.96046448e-08,33,raw-and-scaled,5,1,fp5_e1m3,fp5_e2m2,3,2,2,519,33,exp2,1,2,1,0,0.0403094962,0.0487919375,-1,0x3d47da0e,0.0487919375,0x3f800000,1,0x00000000,0,0x00000000,0,00000,0,0,000,00000,0,0,00,0x00000000,0,0x00000000,0,0x00000000,0
l1,0.0625,0,min-error,metric_min,exp1,0,1,1,0.783383489,0.783383548,0.783383489,0.783383548,5.96046448e-08,34,raw-and-scaled,5,1,fp5_e1m3,fp5_e2m2,3,2,2,519,34,exp2,1,2,1,0,0.0403094962,0.0487919375,-1,0x3d47da0e,0.0487919375,0x3f800000,1,0x00000000,0,0x00000000,0,00000,0,0,000,00000,0,0,00,0x00000000,0,0x00000000,0,0x00000000,0
l1,0.0625,0,min-error,metric_min,exp1,0,1,1,0.783383489,0.783383548,0.783383489,0.783383548,5.96046448e-08,35,raw-and-scaled,5,1,fp5_e1m3,fp5_e2m2,3,2,2,519,35,exp2,1,2,1,0,0.0403094962,0.0487919375,-1,0x3d47da0e,0.0487919375,0x3f800000,1,0x00000000,0,0x00000000,0,00000,0,0,000,00000,0,0,00,0x00000000,0,0x00000000,0,0x00000000,0
l1,0.0625,0,min-error,metric_min,exp1,0,1,1,0.783383489,0.783383548,0.783383489,0.783383548,5.96046448e-08,36,raw-and-scaled,5,1,fp5_e1m3,fp5_e2m2,3,2,2,519,36,exp2,1,2,1,0,0.0403094962,0.0487919375,-1,0x3d47da0e,0.0487919375,0x3f800000,1,0x00000000,0,0x00000000,0,00000,0,0,000,00000,0,0,00,0x00000000,0,0x00000000,0,0x00000000,0
l1,0.0625,0,min-error,metric_min,exp1,0,1,1,0.783383489,0.783383548,0.783383489,0.783383548,5.96046448e-08,37,raw-and-scaled,5,1,fp5_e1m3,fp5_e2m2,3,2,2,519,37,exp2,1,2,1,0,0.0403094962,0.0487919375,-1,0x3d47da0e,0.0487919375,0x3f800000,1,0x00000000,0,0x00000000,0,00000,0,0,000,00000,0,0,00,0x00000000,0,0x00000000,0,0x00000000,0
l1,0.0625,0,min-error,metric_min,exp1,0,1,1,0.783383489,0.783383548,0.783383489,0.783383548,5.96046448e-08,38,raw-and-scaled,5,1,fp5_e1m3,fp5_e2m2,3,2,2,519,38,exp2,1,2,1,0,0.0403094962,0.0487919375,-1,0x3d47da0e,0.0487919375,0x3f800000,1,0xbbcfb6ac,-0.00633891486,0xbbcfb6ac,-0.00633891486,10000,0,0,000,10000,0,0,00,0xbbcfb6ac,-0.00633891486,0xbbcfb6ac,-0.00633891486,0x00000000,0
l1,0.0625,0,min-error,metric_min,exp1,0,1,1,0.783383489,0.783383548,0.783383489,0.783383548,5.96046448e-08,39,raw-and-scaled,5,1,fp5_e1m3,fp5_e2m2,3,2,2,519,39,exp2,1,2,1,0,0.0403094962,0.0487919375,-1,0x3d47da0e,0.0487919375,0x3f800000,1,0x3b09dbc5,0.00210355339,0x3b09dbc5,0.00210355339,00000,0,0,000,00000,0,0,00,0x3b09dbc5,0.00210355339,0x3b09dbc5,0.00210355339,0x00000000,0
l1,0.0625,0,min-error,metric_min,exp1,0,1,1,0.783383489,0.783383548,0.783383489,0.783383548,5.96046448e-08,40,raw-and-scaled,5,1,fp5_e1m3,fp5_e2m2,3,2,2,519,40,exp2,1,2,1,0,0.0403094962,0.0487919375,-1,0x3d47da0e,0.0487919375,0x3f800000,1,0x00000000,0,0x00000000,0,00000,0,0,000,00000,0,0,00,0x00000000,0,0x00000000,0,0x00000000,0
l1,0.0625,0,min-error,metric_min,exp1,0,1,1,0.783383489,0.783383548,0.783383489,0.783383548,5.96046448e-08,41,raw-and-scaled,5,1,fp5_e1m3,fp5_e2m2,3,2,2,519,41,exp2,1,2,1,0,0.0403094962,0.0487919375,-1,0x3d47da0e,0.0487919375,0x3f800000,1,0x00000000,0,0x00000000,0,00000,0,0,000,00000,0,0,00,0x00000000,0,0x00000000,0,0x00000000,0
l1,0.0625,0,min-error,metric_min,exp1,0,1,1,0.783383489,0.783383548,0.783383489,0.783383548,5.96046448e-08,42,raw-and-scaled,5,1,fp5_e1m3,fp5_e2m2,3,2,2,519,42,exp2,1,2,1,0,0.0403094962,0.0487919375,-1,0x3d47da0e,0.0487919375,0x3f800000,1,0x00000000,0,0x00000000,0,00000,0,0,000,00000,0,0,00,0x00000000,0,0x00000000,0,0x00000000,0
l1,0.0625,0,min-error,metric_min,exp1,0,1,1,0.783383489,0.783383548,0.783383489,0.783383548,5.96046448e-08,43,raw-and-scaled,5,1,fp5_e1m3,fp5_e2m2,3,2,2,519,43,exp2,1,2,1,0,0.0403094962,0.0487919375,-1,0x3d47da0e,0.0487919375,0x3f800000,1,0x00000000,0,0x00000000,0,00000,0,0,000,00000,0,0,00,0x00000000,0,0x00000000,0,0x00000000,0
l1,0.0625,0,min-error,metric_min,exp1,0,1,1,0.783383489,0.783383548,0.783383489,0.783383548,5.96046448e-08,44,raw-and-scaled,5,1,fp5_e1m3,fp5_e2m2,3,2,2,519,44,exp2,1,2,1,0,0.0403094962,0.0487919375,-1,0x3d47da0e,0.0487919375,0x3f800000,1,0x00000000,0,0x00000000,0,00000,0,0,000,00000,0,0,00,0x00000000,0,0x00000000,0,0x00000000,0
l1,0.0625,0,min-error,metric_min,exp1,0,1,1,0.783383489,0.783383548,0.783383489,0.783383548,5.96046448e-08,45,raw-and-scaled,5,1,fp5_e1m3,fp5_e2m2,3,2,2,519,45,exp2,1,2,1,0,0.0403094962,0.0487919375,-1,0x3d47da0e,0.0487919375,0x3f800000,1,0xbe97d3ef,-0.2965388,0xbe97d3ef,-0.2965388,10010,0,2,010,10100,1,0,00,0xbd3e9f78,-0.0465388,0xbd3e9f78,-0.0465388,0x80000000,-0
l1,0.0625,0,min-error,metric_min,exp1,0,1,1,0.783383489,0.783383548,0.783383489,0.783383548,5.96046448e-08,46,raw-and-scaled,5,1,fp5_e1m3,fp5_e2m2,3,2,2,519,46,exp2,1,2,1,0,0.0403094962,0.0487919375,-1,0x3d47da0e,0.0487919375,0x3f800000,1,0x00000000,0,0x00000000,0,00000,0,0,000,00000,0,0,00,0x00000000,0,0x00000000,0,0x00000000,0
l1,0.0625,0,min-error,metric_min,exp1,0,1,1,0.783383489,0.783383548,0.783383489,0.783383548,5.96046448e-08,47,raw-and-scaled,5,1,fp5_e1m3,fp5_e2m2,3,2,2,519,47,exp2,1,2,1,0,0.0403094962,0.0487919375,-1,0x3d47da0e,0.0487919375,0x3f800000,1,0x00000000,0,0x00000000,0,00000,0,0,000,00000,0,0,00,0x00000000,0,0x00000000,0,0x00000000,0
l1,0.0625,0,min-error,metric_min,exp1,0,1,1,0.783383489,0.783383548,0.783383489,0.783383548,5.96046448e-08,48,raw-and-scaled,5,1,fp5_e1m3,fp5_e2m2,3,2,2,519,48,exp2,1,2,1,0,0.0403094962,0.0487919375,-1,0x3d47da0e,0.0487919375,0x3f800000,1,0x00000000,0,0x00000000,0,00000,0,0,000,00000,0,0,00,0x00000000,0,0x00000000,0,0x00000000,0
l1,0.0625,0,min-error,metric_min,exp1,0,1,1,0.783383489,0.783383548,0.783383489,0.783383548,5.96046448e-08,49,raw-and-scaled,5,1,fp5_e1m3,fp5_e2m2,3,2,2,519,49,exp2,1,2,1,0,0.0403094962,0.0487919375,-1,0x3d47da0e,0.0487919375,0x3f800000,1,0x00000000,0,0x00000000,0,00000,0,0,000,00000,0,0,00,0x00000000,0,0x00000000,0,0x00000000,0
l1,0.0625,0,min-error,metric_min,exp1,0,1,1,0.783383489,0.783383548,0.783383489,0.783383548,5.96046448e-08,50,raw-and-scaled,5,1,fp5_e1m3,fp5_e2m2,3,2,2,519,50,exp2,1,2,1,0,0.0403094962,0.0487919375,-1,0x3d47da0e,0.0487919375,0x3f800000,1,0x00000000,0,0x00000000,0,00000,0,0,000,00000,0,0,00,0x00000000,0,0x00000000,0,0x00000000,0
l1,0.0625,0,min-error,metric_min,exp1,0,1,1,0.783383489,0.783383548,0.783383489,0.783383548,5.96046448e-08,51,raw-and-scaled,5,1,fp5_e1m3,fp5_e2m2,3,2,2,519,51,exp2,1,2,1,0,0.0403094962,0.0487919375,-1,0x3d47da0e,0.0487919375,0x3f800000,1,0x00000000,0,0x00000000,0,00000,0,0,000,00000,0,0,00,0x00000000,0,0x00000000,0,0x00000000,0
l1,0.0625,0,min-error,metric_min,exp1,0,1,1,0.783383489,0.783383548,0.783383489,0.783383548,5.96046448e-08,52,raw-and-scaled,5,1,fp5_e1m3,fp5_e2m2,3,2,2,519,52,exp2,1,2,1,0,0.0403094962,0.0487919375,-1,0x3d47da0e,0.0487919375,0x3f800000,1,0x3aa0b070,0.00122596137,0x3aa0b070,0.00122596137,00000,0,0,000,00000,0,0,00,0x3aa0b070,0.00122596137,0x3aa0b070,0.00122596137,0x00000000,0
l1,0.0625,0,min-error,metric_min,exp1,0,1,1,0.783383489,0.783383548,0.783383489,0.783383548,5.96046448e-08,53,raw-and-scaled,5,1,fp5_e1m3,fp5_e2m2,3,2,2,519,53,exp2,1,2,1,0,0.0403094962,0.0487919375,-1,0x3d47da0e,0.0487919375,0x3f800000,1,0x00000000,0,0x00000000,0,00000,0,0,000,00000,0,0,00,0x00000000,0,0x00000000,0,0x00000000,0
l1,0.0625,0,min-error,metric_min,exp1,0,1,1,0.783383489,0.783383548,0.783383489,0.783383548,5.96046448e-08,54,raw-and-scaled,5,1,fp5_e1m3,fp5_e2m2,3,2,2,519,54,exp2,1,2,1,0,0.0403094962,0.0487919375,-1,0x3d47da0e,0.0487919375,0x3f800000,1,0x00000000,0,0x00000000,0,00000,0,0,000,00000,0,0,00,0x00000000,0,0x00000000,0,0x00000000,0
l1,0.0625,0,min-error,metric_min,exp1,0,1,1,0.783383489,0.783383548,0.783383489,0.783383548,5.96046448e-08,55,raw-and-scaled,5,1,fp5_e1m3,fp5_e2m2,3,2,2,519,55,exp2,1,2,1,0,0.0403094962,0.0487919375,-1,0x3d47da0e,0.0487919375,0x3f800000,1,0x00000000,0,0x00000000,0,00000,0,0,000,00000,0,0,00,0x00000000,0,0x00000000,0,0x00000000,0
l1,0.0625,0,min-error,metric_min,exp1,0,1,1,0.783383489,0.783383548,0.783383489,0.783383548,5.96046448e-08,56,raw-and-scaled,5,1,fp5_e1m3,fp5_e2m2,3,2,2,519,56,exp2,1,2,1,0,0.0403094962,0.0487919375,-1,0x3d47da0e,0.0487919375,0x3f800000,1,0x00000000,0,0x00000000,0,00000,0,0,000,00000,0,0,00,0x00000000,0,0x00000000,0,0x00000000,0
l1,0.0625,0,min-error,metric_min,exp1,0,1,1,0.783383489,0.783383548,0.783383489,0.783383548,5.96046448e-08,57,raw-and-scaled,5,1,fp5_e1m3,fp5_e2m2,3,2,2,519,57,exp2,1,2,1,0,0.0403094962,0.0487919375,-1,0x3d47da0e,0.0487919375,0x3f800000,1,0x00000000,0,0x00000000,0,00000,0,0,000,00000,0,0,00,0x00000000,0,0x00000000,0,0x00000000,0
l1,0.0625,0,min-error,metric_min,exp1,0,1,1,0.783383489,0.783383548,0.783383489,0.783383548,5.96046448e-08,58,raw-and-scaled,5,1,fp5_e1m3,fp5_e2m2,3,2,2,519,58,exp2,1,2,1,0,0.0403094962,0.0487919375,-1,0x3d47da0e,0.0487919375,0x3f800000,1,0x00000000,0,0x00000000,0,00000,0,0,000,00000,0,0,00,0x00000000,0,0x00000000,0,0x00000000,0
l1,0.0625,0,min-error,metric_min,exp1,0,1,1,0.783383489,0.783383548,0.783383489,0.783383548,5.96046448e-08,59,raw-and-scaled,5,1,fp5_e1m3,fp5_e2m2,3,2,2,519,59,exp2,1,2,1,0,0.0403094962,0.0487919375,-1,0x3d47da0e,0.0487919375,0x3f800000,1,0x00000000,0,0x00000000,0,00000,0,0,000,00000,0,0,00,0x00000000,0,0x00000000,0,0x00000000,0
l1,0.0625,0,min-error,metric_min,exp1,0,1,1,0.783383489,0.783383548,0.783383489,0.783383548,5.96046448e-08,60,raw-and-scaled,5,1,fp5_e1m3,fp5_e2m2,3,2,2,519,60,exp2,1,2,1,0,0.0403094962,0.0487919375,-1,0x3d47da0e,0.0487919375,0x3f800000,1,0xbc61b59f,-0.013776212,0xbc61b59f,-0.013776212,10000,0,0,000,10000,0,0,00,0xbc61b59f,-0.013776212,0xbc61b59f,-0.013776212,0x00000000,0
l1,0.0625,0,min-error,metric_min,exp1,0,1,1,0.783383489,0.783383548,0.783383489,0.783383548,5.96046448e-08,61,raw-and-scaled,5,1,fp5_e1m3,fp5_e2m2,3,2,2,519,61,exp2,1,2,1,0,0.0403094962,0.0487919375,-1,0x3d47da0e,0.0487919375,0x3f800000,1,0x00000000,0,0x00000000,0,00000,0,0,000,00000,0,0,00,0x00000000,0,0x00000000,0,0x00000000,0
l1,0.0625,0,min-error,metric_min,exp1,0,1,1,0.783383489,0.783383548,0.783383489,0.783383548,5.96046448e-08,62,raw-and-scaled,5,1,fp5_e1m3,fp5_e2m2,3,2,2,519,62,exp2,1,2,1,0,0.0403094962,0.0487919375,-1,0x3d47da0e,0.0487919375,0x3f800000,1,0x3b18c203,0.00233089994,0x3b18c203,0.00233089994,00000,0,0,000,00000,0,0,00,0x3b18c203,0.00233089994,0x3b18c203,0.00233089994,0x00000000,0
l1,0.0625,0,min-error,metric_min,exp1,0,1,1,0.783383489,0.783383548,0.783383489,0.783383548,5.96046448e-08,63,raw-and-scaled,5,1,fp5_e1m3,fp5_e2m2,3,2,2,519,63,exp2,1,2,1,0,0.0403094962,0.0487919375,-1,0x3d47da0e,0.0487919375,0x3f800000,1,0x00000000,0,0x00000000,0,00000,0,0,000,00000,0,0,00,0x00000000,0,0x00000000,0,0x00000000,0
l1,0.0625,0,min-error,metric_min,exp1,0,1,1,0.783383489,0.783383548,0.783383489,0.783383548,5.96046448e-08,64,raw-and-scaled,5,1,fp5_e1m3,fp5_e2m2,3,2,2,519,64,exp2,1,2,1,0,0.0403094962,0.0487919375,-1,0x3d47da0e,0.0487919375,0x3f800000,1,0x3f438b3e,0.763843417,0x3f438b3e,0.763843417,00110,0,6,110,01010,2,2,10,0x3c62cf80,0.0138434172,0x3c62cf80,0.0138434172,0x00000000,0
l1,0.0625,0,min-error,metric_min,exp1,0,1,1,0.783383489,0.783383548,0.783383489,0.783383548,5.96046448e-08,65,raw-and-scaled,5,1,fp5_e1m3,fp5_e2m2,3,2,2,519,65,exp2,1,2,1,0,0.0403094962,0.0487919375,-1,0x3d47da0e,0.0487919375,0x3f800000,1,0x00000000,0,0x00000000,0,00000,0,0,000,00000,0,0,00,0x00000000,0,0x00000000,0,0x00000000,0
l1,0.0625,0,min-error,metric_min,exp1,0,1,1,0.783383489,0.783383548,0.783383489,0.783383548,5.96046448e-08,66,raw-and-scaled,5,1,fp5_e1m3,fp5_e2m2,3,2,2,519,66,exp2,1,2,1,0,0.0403094962,0.0487919375,-1,0x3d47da0e,0.0487919375,0x3f800000,1,0x00000000,0,0x00000000,0,00000,0,0,000,00000,0,0,00,0x00000000,0,0x00000000,0,0x00000000,0
l1,0.0625,0,min-error,metric_min,exp1,0,1,1,0.783383489,0.783383548,0.783383489,0.783383548,5.96046448e-08,67,raw-and-scaled,5,1,fp5_e1m3,fp5_e2m2,3,2,2,519,67,exp2,1,2,1,0,0.0403094962,0.0487919375,-1,0x3d47da0e,0.0487919375,0x3f800000,1,0x00000000,0,0x00000000,0,00000,0,0,000,00000,0,0,00,0x00000000,0,0x00000000,0,0x00000000,0
l1,0.0625,0,min-error,metric_min,exp1,0,1,1,0.783383489,0.783383548,0.783383489,0.783383548,5.96046448e-08,68,raw-and-scaled,5,1,fp5_e1m3,fp5_e2m2,3,2,2,519,68,exp2,1,2,1,0,0.0403094962,0.0487919375,-1,0x3d47da0e,0.0487919375,0x3f800000,1,0x00000000,0,0x00000000,0,00000,0,0,000,00000,0,0,00,0x00000000,0,0x00000000,0,0x00000000,0
l1,0.0625,0,min-error,metric_min,exp1,0,1,1,0.783383489,0.783383548,0.783383489,0.783383548,5.96046448e-08,69,raw-and-scaled,5,1,fp5_e1m3,fp5_e2m2,3,2,2,519,69,exp2,1,2,1,0,0.0403094962,0.0487919375,-1,0x3d47da0e,0.0487919375,0x3f800000,1,0x00000000,0,0x00000000,0,00000,0,0,000,00000,0,0,00,0x00000000,0,0x00000000,0,0x00000000,0
l1,0.0625,0,min-error,metric_min,exp1,0,1,1,0.783383489,0.783383548,0.783383489,0.783383548,5.96046448e-08,70,raw-and-scaled,5,1,fp5_e1m3,fp5_e2m2,3,2,2,519,70,exp2,1,2,1,0,0.0403094962,0.0487919375,-1,0x3d47da0e,0.0487919375,0x3f800000,1,0x00000000,0,0x00000000,0,00000,0,0,000,00000,0,0,00,0x00000000,0,0x00000000,0,0x00000000,0
l1,0.0625,0,min-error,metric_min,exp1,0,1,1,0.783383489,0.783383548,0.783383489,0.783383548,5.96046448e-08,71,raw-and-scaled,5,1,fp5_e1m3,fp5_e2m2,3,2,2,519,71,exp2,1,2,1,0,0.0403094962,0.0487919375,-1,0x3d47da0e,0.0487919375,0x3f800000,1,0xbf29ea98,-0.663735867,0xbf29ea98,-0.663735867,10101,0,5,101,11001,2,1,01,0xbd1ea980,-0.0387358665,0xbd1ea980,-0.0387358665,0x00000000,0
l1,0.0625,0,min-error,metric_min,exp1,0,1,1,0.783383489,0.783383548,0.783383489,0.783383548,5.96046448e-08,72,raw-and-scaled,5,1,fp5_e1m3,fp5_e2m2,3,2,2,519,72,exp2,1,2,1,0,0.0403094962,0.0487919375,-1,0x3d47da0e,0.0487919375,0x3f800000,1,0xbc45a8a7,-0.0120641356,0xbc45a8a7,-0.0120641356,10000,0,0,000,10000,0,0,00,0xbc45a8a7,-0.0120641356,0xbc45a8a7,-0.0120641356,0x00000000,0
l1,0.0625,0,min-error,metric_min,exp1,0,1,1,0.783383489,0.783383548,0.783383489,0.783383548,5.96046448e-08,73,raw-and-scaled,5,1,fp5_e1m3,fp5_e2m2,3,2,2,519,73,exp2,1,2,1,0,0.0403094962,0.0487919375,-1,0x3d47da0e,0.0487919375,0x3f800000,1,0x00000000,0,0x00000000,0,00000,0,0,000,00000,0,0,00,0x00000000,0,0x00000000,0,0x00000000,0
l1,0.0625,0,min-error,metric_min,exp1,0,1,1,0.783383489,0.783383548,0.783383489,0.783383548,5.96046448e-08,74,raw-and-scaled,5,1,fp5_e1m3,fp5_e2m2,3,2,2,519,74,exp2,1,2,1,0,0.0403094962,0.0487919375,-1,0x3d47da0e,0.0487919375,0x3f800000,1,0x3ba237c4,0.00495049544,0x3ba237c4,0.00495049544,00000,0,0,000,00000,0,0,00,0x3ba237c4,0.00495049544,0x3ba237c4,0.00495049544,0x00000000,0
l1,0.0625,0,min-error,metric_min,exp1,0,1,1,0.783383489,0.783383548,0.783383489,0.783383548,5.96046448e-08,75,raw-and-scaled,5,1,fp5_e1m3,fp5_e2m2,3,2,2,519,75,exp2,1,2,1,0,0.0403094962,0.0487919375,-1,0x3d47da0e,0.0487919375,0x3f800000,1,0x00000000,0,0x00000000,0,00000,0,0,000,00000,0,0,00,0x00000000,0,0x00000000,0,0x00000000,0
l1,0.0625,0,min-error,metric_min,exp1,0,1,1,0.783383489,0.783383548,0.783383489,0.783383548,5.96046448e-08,76,raw-and-scaled,5,1,fp5_e1m3,fp5_e2m2,3,2,2,519,76,exp2,1,2,1,0,0.0403094962,0.0487919375,-1,0x3d47da0e,0.0487919375,0x3f800000,1,0x00000000,0,0x00000000,0,00000,0,0,000,00000,0,0,00,0x00000000,0,0x00000000,0,0x00000000,0
l1,0.0625,0,min-error,metric_min,exp1,0,1,1,0.783383489,0.783383548,0.783383489,0.783383548,5.96046448e-08,77,raw-and-scaled,5,1,fp5_e1m3,fp5_e2m2,3,2,2,519,77,exp2,1,2,1,0,0.0403094962,0.0487919375,-1,0x3d47da0e,0.0487919375,0x3f800000,1,0x00000000,0,0x00000000,0,00000,0,0,000,00000,0,0,00,0x00000000,0,0x00000000,0,0x00000000,0
l1,0.0625,0,min-error,metric_min,exp1,0,1,1,0.783383489,0.783383548,0.783383489,0.783383548,5.96046448e-08,78,raw-and-scaled,5,1,fp5_e1m3,fp5_e2m2,3,2,2,519,78,exp2,1,2,1,0,0.0403094962,0.0487919375,-1,0x3d47da0e,0.0487919375,0x3f800000,1,0x00000000,0,0x00000000,0,00000,0,0,000,00000,0,0,00,0x00000000,0,0x00000000,0,0x00000000,0
l1,0.0625,0,min-error,metric_min,exp1,0,1,1,0.783383489,0.783383548,0.783383489,0.783383548,5.96046448e-08,79,raw-and-scaled,5,1,fp5_e1m3,fp5_e2m2,3,2,2,519,79,exp2,1,2,1,0,0.0403094962,0.0487919375,-1,0x3d47da0e,0.0487919375,0x3f800000,1,0x3f34a9f7,0.705718458,0x3f34a9f7,0.705718458,00101,0,5,101,01001,2,1,01,0x3da54fb8,0.0807184577,0x3da54fb8,0.0807184577,0x00000000,0
l1,0.0625,0,min-error,metric_min,exp1,0,1,1,0.783383489,0.783383548,0.783383489,0.783383548,5.96046448e-08,80,raw-and-scaled,5,1,fp5_e1m3,fp5_e2m2,3,2,2,519,80,exp2,1,2,1,0,0.0403094962,0.0487919375,-1,0x3d47da0e,0.0487919375,0x3f800000,1,0x3ba3db34,0.00500049628,0x3ba3db34,0.00500049628,00000,0,0,000,00000,0,0,00,0x3ba3db34,0.00500049628,0x3ba3db34,0.00500049628,0x00000000,0
l1,0.0625,0,min-error,metric_min,exp1,0,1,1,0.783383489,0.783383548,0.783383489,0.783383548,5.96046448e-08,81,raw-and-scaled,5,1,fp5_e1m3,fp5_e2m2,3,2,2,519,81,exp2,1,2,1,0,0.0403094962,0.0487919375,-1,0x3d47da0e,0.0487919375,0x3f800000,1,0x00000000,0,0x00000000,0,00000,0,0,000,00000,0,0,00,0x00000000,0,0x00000000,0,0x00000000,0
l1,0.0625,0,min-error,metric_min,exp1,0,1,1,0.783383489,0.783383548,0.783383489,0.783383548,5.96046448e-08,82,raw-and-scaled,5,1,fp5_e1m3,fp5_e2m2,3,2,2,519,82,exp2,1,2,1,0,0.0403094962,0.0487919375,-1,0x3d47da0e,0.0487919375,0x3f800000,1,0x3c6a8698,0.0143143162,0x3c6a8698,0.0143143162,00000,0,0,000,00000,0,0,00,0x3c6a8698,0.0143143162,0x3c6a8698,0.0143143162,0x00000000,0
l1,0.0625,0,min-error,metric_min,exp1,0,1,1,0.783383489,0.783383548,0.783383489,0.783383548,5.96046448e-08,83,raw-and-scaled,5,1,fp5_e1m3,fp5_e2m2,3,2,2,519,83,exp2,1,2,1,0,0.0403094962,0.0487919375,-1,0x3d47da0e,0.0487919375,0x3f800000,1,0x00000000,0,0x00000000,0,00000,0,0,000,00000,0,0,00,0x00000000,0,0x00000000,0,0x00000000,0
l1,0.0625,0,min-error,metric_min,exp1,0,1,1,0.783383489,0.783383548,0.783383489,0.783383548,5.96046448e-08,84,raw-and-scaled,5,1,fp5_e1m3,fp5_e2m2,3,2,2,519,84,exp2,1,2,1,0,0.0403094962,0.0487919375,-1,0x3d47da0e,0.0487919375,0x3f800000,1,0x00000000,0,0x00000000,0,00000,0,0,000,00000,0,0,00,0x00000000,0,0x00000000,0,0x00000000,0
l1,0.0625,0,min-error,metric_min,exp1,0,1,1,0.783383489,0.783383548,0.783383489,0.783383548,5.96046448e-08,85,raw-and-scaled,5,1,fp5_e1m3,fp5_e2m2,3,2,2,519,85,exp2,1,2,1,0,0.0403094962,0.0487919375,-1,0x3d47da0e,0.0487919375,0x3f800000,1,0x00000000,0,0x00000000,0,00000,0,0,000,00000,0,0,00,0x00000000,0,0x00000000,0,0x00000000,0
l1,0.0625,0,min-error,metric_min,exp1,0,1,1,0.783383489,0.783383548,0.783383489,0.783383548,5.96046448e-08,86,raw-and-scaled,5,1,fp5_e1m3,fp5_e2m2,3,2,2,519,86,exp2,1,2,1,0,0.0403094962,0.0487919375,-1,0x3d47da0e,0.0487919375,0x3f800000,1,0x3fa0ae49,1.25531876,0x3fa0ae49,1.25531876,01010,1,2,010,01101,3,1,01,0x3bae4900,0.00531876087,0x3bae4900,0.00531876087,0x00000000,0
l1,0.0625,0,min-error,metric_min,exp1,0,1,1,0.783383489,0.783383548,0.783383489,0.783383548,5.96046448e-08,87,raw-and-scaled,5,1,fp5_e1m3,fp5_e2m2,3,2,2,519,87,exp2,1,2,1,0,0.0403094962,0.0487919375,-1,0x3d47da0e,0.0487919375,0x3f800000,1,0x00000000,0,0x00000000,0,00000,0,0,000,00000,0,0,00,0x00000000,0,0x00000000,0,0x00000000,0
l1,0.0625,0,min-error,metric_min,exp1,0,1,1,0.783383489,0.783383548,0.783383489,0.783383548,5.96046448e-08,88,raw-and-scaled,5,1,fp5_e1m3,fp5_e2m2,3,2,2,519,88,exp2,1,2,1,0,0.0403094962,0.0487919375,-1,0x3d47da0e,0.0487919375,0x3f800000,1,0x00000000,0,0x00000000,0,00000,0,0,000,00000,0,0,00,0x00000000,0,0x00000000,0,0x00000000,0
l1,0.0625,0,min-error,metric_min,exp1,0,1,1,0.783383489,0.783383548,0.783383489,0.783383548,5.96046448e-08,89,raw-and-scaled,5,1,fp5_e1m3,fp5_e2m2,3,2,2,519,89,exp2,1,2,1,0,0.0403094962,0.0487919375,-1,0x3d47da0e,0.0487919375,0x3f800000,1,0xbf58d67a,-0.847022653,0xbf58d67a,-0.847022653,10110,0,6,110,11010,2,2,10,0xbdc6b3d0,-0.0970226526,0xbdc6b3d0,-0.0970226526,0x00000000,0
l1,0.0625,0,min-error,metric_min,exp1,0,1,1,0.783383489,0.783383548,0.783383489,0.783383548,5.96046448e-08,90,raw-and-scaled,5,1,fp5_e1m3,fp5_e2m2,3,2,2,519,90,exp2,1,2,1,0,0.0403094962,0.0487919375,-1,0x3d47da0e,0.0487919375,0x3f800000,1,0x00000000,0,0x00000000,0,00000,0,0,000,00000,0,0,00,0x00000000,0,0x00000000,0,0x00000000,0
l1,0.0625,0,min-error,metric_min,exp1,0,1,1,0.783383489,0.783383548,0.783383489,0.783383548,5.96046448e-08,91,raw-and-scaled,5,1,fp5_e1m3,fp5_e2m2,3,2,2,519,91,exp2,1,2,1,0,0.0403094962,0.0487919375,-1,0x3d47da0e,0.0487919375,0x3f800000,1,0x00000000,0,0x00000000,0,00000,0,0,000,00000,0,0,00,0x00000000,0,0x00000000,0,0x00000000,0
l1,0.0625,0,min-error,metric_min,exp1,0,1,1,0.783383489,0.783383548,0.783383489,0.783383548,5.96046448e-08,92,raw-and-scaled,5,1,fp5_e1m3,fp5_e2m2,3,2,2,519,92,exp2,1,2,1,0,0.0403094962,0.0487919375,-1,0x3d47da0e,0.0487919375,0x3f800000,1,0x00000000,0,0x00000000,0,00000,0,0,000,00000,0,0,00,0x00000000,0,0x00000000,0,0x00000000,0
l1,0.0625,0,min-error,metric_min,exp1,0,1,1,0.783383489,0.783383548,0.783383489,0.783383548,5.96046448e-08,93,raw-and-scaled,5,1,fp5_e1m3,fp5_e2m2,3,2,2,519,93,exp2,1,2,1,0,0.0403094962,0.0487919375,-1,0x3d47da0e,0.0487919375,0x3f800000,1,0xbd936f71,-0.0719899014,0xbd936f71,-0.0719899014,10000,0,0,000,10001,0,1,01,0xbd936f71,-0.0719899014,0xbc1b7b88,-0.00948990136,0xbf800000,-1
l1,0.0625,0,min-error,metric_min,exp1,0,1,1,0.783383489,0.783383548,0.783383489,0.783383548,5.96046448e-08,94,raw-and-scaled,5,1,fp5_e1m3,fp5_e2m2,3,2,2,519,94,exp2,1,2,1,0,0.0403094962,0.0487919375,-1,0x3d47da0e,0.0487919375,0x3f800000,1,0xbe48152d,-0.195393279,0xbe48152d,-0.195393279,10001,0,1,001,10011,0,3,11,0xbd902a5a,-0.0703932792,0xbc0152d0,-0.00789327919,0xbf800000,-1
l1,0.0625,0,min-error,metric_min,exp1,0,1,1,0.783383489,0.783383548,0.783383489,0.783383548,5.96046448e-08,95,raw-and-scaled,5,1,fp5_e1m3,fp5_e2m2,3,2,2,519,95,exp2,1,2,1,0,0.0403094962,0.0487919375,-1,0x3d47da0e,0.0487919375,0x3f800000,1,0x00000000,0,0x00000000,0,00000,0,0,000,00000,0,0,00,0x00000000,0,0x00000000,0,0x00000000,0
l1,0.0625,0,min-error,metric_min,exp1,0,1,1,0.783383489,0.783383548,0.783383489,0.783383548,5.96046448e-08,96,raw-and-scaled,5,1,fp5_e1m3,fp5_e2m2,3,2,2,519,96,exp2,1,2,1,0,0.0403094962,0.0487919375,-1,0x3d47da0e,0.0487919375,0x3f800000,1,0x00000000,0,0x00000000,0,00000,0,0,000,00000,0,0,00,0x00000000,0,0x00000000,0,0x00000000,0
l1,0.0625,0,min-error,metric_min,exp1,0,1,1,0.783383489,0.783383548,0.783383489,0.783383548,5.96046448e-08,97,raw-and-scaled,5,1,fp5_e1m3,fp5_e2m2,3,2,2,519,97,exp2,1,2,1,0,0.0403094962,0.0487919375,-1,0x3d47da0e,0.0487919375,0x3f800000,1,0x00000000,0,0x00000000,0,00000,0,0,000,00000,0,0,00,0x00000000,0,0x00000000,0,0x00000000,0
l1,0.0625,0,min-error,metric_min,exp1,0,1,1,0.783383489,0.783383548,0.783383489,0.783383548,5.96046448e-08,98,raw-and-scaled,5,1,fp5_e1m3,fp5_e2m2,3,2,2,519,98,exp2,1,2,1,0,0.0403094962,0.0487919375,-1,0x3d47da0e,0.0487919375,0x3f800000,1,0x00000000,0,0x00000000,0,00000,0,0,000,00000,0,0,00,0x00000000,0,0x00000000,0,0x00000000,0
l1,0.0625,0,min-error,metric_min,exp1,0,1,1,0.783383489,0.783383548,0.783383489,0.783383548,5.96046448e-08,99,raw-and-scaled,5,1,fp5_e1m3,fp5_e2m2,3,2,2,519,99,exp2,1,2,1,0,0.0403094962,0.0487919375,-1,0x3d47da0e,0.0487919375,0x3f800000,1,0xbac8766a,-0.00152940792,0xbac8766a,-0.00152940792,10000,0,0,000,10000,0,0,00,0xbac8766a,-0.00152940792,0xbac8766a,-0.00152940792,0x00000000,0
l1,0.0625,0,min-error,metric_min,exp1,0,1,1,0.783383489,0.783383548,0.783383489,0.783383548,5.96046448e-08,100,raw-and-scaled,5,1,fp5_e1m3,fp5_e2m2,3,2,2,519,100,exp2,1,2,1,0,0.0403094962,0.0487919375,-1,0x3d47da0e,0.0487919375,0x3f800000,1,0x00000000,0,0x00000000,0,00000,0,0,000,00000,0,0,00,0x00000000,0,0x00000000,0,0x00000000,0
l1,0.0625,0,min-error,metric_min,exp1,0,1,1,0.783383489,0.783383548,0.783383489,0.783383548,5.96046448e-08,101,raw-and-scaled,5,1,fp5_e1m3,fp5_e2m2,3,2,2,519,101,exp2,1,2,1,0,0.0403094962,0.0487919375,-1,0x3d47da0e,0.0487919375,0x3f800000,1,0x00000000,0,0x00000000,0,00000,0,0,000,00000,0,0,00,0x00000000,0,0x00000000,0,0x00000000,0
l1,0.0625,0,min-error,metric_min,exp1,0,1,1,0.783383489,0.783383548,0.783383489,0.783383548,5.96046448e-08,102,raw-and-scaled,5,1,fp5_e1m3,fp5_e2m2,3,2,2,519,102,exp2,1,2,1,0,0.0403094962,0.0487919375,-1,0x3d47da0e,0.0487919375,0x3f800000,1,0x00000000,0,0x00000000,0,00000,0,0,000,00000,0,0,00,0x00000000,0,0x00000000,0,0x00000000,0
l1,0.0625,0,min-error,metric_min,exp1,0,1,1,0.783383489,0.783383548,0.783383489,0.783383548,5.96046448e-08,103,raw-and-scaled,5,1,fp5_e1m3,fp5_e2m2,3,2,2,519,103,exp2,1,2,1,0,0.0403094962,0.0487919375,-1,0x3d47da0e,0.0487919375,0x3f800000,1,0x00000000,0,0x00000000,0,00000,0,0,000,00000,0,0,00,0x00000000,0,0x00000000,0,0x00000000,0
l1,0.0625,0,min-error,metric_min,exp1,0,1,1,0.783383489,0.783383548,0.783383489,0.783383548,5.96046448e-08,104,raw-and-scaled,5,1,fp5_e1m3,fp5_e2m2,3,2,2,519,104,exp2,1,2,1,0,0.0403094962,0.0487919375,-1,0x3d47da0e,0.0487919375,0x3f800000,1,0x00000000,0,0x00000000,0,00000,0,0,000,00000,0,0,00,0x00000000,0,0x00000000,0,0x00000000,0
l1,0.0625,0,min-error,metric_min,exp1,0,1,1,0.783383489,0.783383548,0.783383489,0.783383548,5.96046448e-08,105,raw-and-scaled,5,1,fp5_e1m3,fp5_e2m2,3,2,2,519,105,exp2,1,2,1,0,0.0403094962,0.0487919375,-1,0x3d47da0e,0.0487919375,0x3f800000,1,0x00000000,0,0x00000000,0,00000,0,0,000,00000,0,0,00,0x00000000,0,0x00000000,0,0x00000000,0
l1,0.0625,0,min-error,metric_min,exp1,0,1,1,0.783383489,0.783383548,0.783383489,0.783383548,5.96046448e-08,106,raw-and-scaled,5,1,fp5_e1m3,fp5_e2m2,3,2,2,519,106,exp2,1,2,1,0,0.0403094962,0.0487919375,-1,0x3d47da0e,0.0487919375,0x3f800000,1,0x00000000,0,0x00000000,0,00000,0,0,000,00000,0,0,00,0x00000000,0,0x00000000,0,0x00000000,0
l1,0.0625,0,min-error,metric_min,exp1,0,1,1,0.783383489,0.783383548,0.783383489,0.783383548,5.96046448e-08,107,raw-and-scaled,5,1,fp5_e1m3,fp5_e2m2,3,2,2,519,107,exp2,1,2,1,0,0.0403094962,0.0487919375,-1,0x3d47da0e,0.0487919375,0x3f800000,1,0x00000000,0,0x00000000,0,00000,0,0,000,00000,0,0,00,0x00000000,0,0x00000000,0,0x00000000,0
l1,0.0625,0,min-error,metric_min,exp1,0,1,1,0.783383489,0.783383548,0.783383489,0.783383548,5.96046448e-08,108,raw-and-scaled,5,1,fp5_e1m3,fp5_e2m2,3,2,2,519,108,exp2,1,2,1,0,0.0403094962,0.0487919375,-1,0x3d47da0e,0.0487919375,0x3f800000,1,0xbe8ba663,-0.272753805,0xbe8ba663,-0.272753805,10010,0,2,010,10100,1,0,00,0xbcba6630,-0.0227538049,0xbcba6630,-0.0227538049,0x80000000,-0
l1,0.0625,0,min-error,metric_min,exp1,0,1,1,0.783383489,0.783383548,0.783383489,0.783383548,5.96046448e-08,109,raw-and-scaled,5,1,fp5_e1m3,fp5_e2m2,3,2,2,519,109,exp2,1,2,1,0,0.0403094962,0.0487919375,-1,0x3d47da0e,0.0487919375,0x3f800000,1,0x00000000,0,0x00000000,0,00000,0,0,000,00000,0,0,00,0x00000000,0,0x00000000,0,0x00000000,0
l1,0.0625,0,min-error,metric_min,exp1,0,1,1,0.783383489,0.783383548,0.783383489,0.783383548,5.96046448e-08,110,raw-and-scaled,5,1,fp5_e1m3,fp5_e2m2,3,2,2,519,110,exp2,1,2,1,0,0.0403094962,0.0487919375,-1,0x3d47da0e,0.0487919375,0x3f800000,1,0x00000000,0,0x00000000,0,00000,0,0,000,00000,0,0,00,0x00000000,0,0x00000000,0,0x00000000,0
l1,0.0625,0,min-error,metric_min,exp1,0,1,1,0.783383489,0.783383548,0.783383489,0.783383548,5.96046448e-08,111,raw-and-scaled,5,1,fp5_e1m3,fp5_e2m2,3,2,2,519,111,exp2,1,2,1,0,0.0403094962,0.0487919375,-1,0x3d47da0e,0.0487919375,0x3f800000,1,0x00000000,0,0x00000000,0,00000,0,0,000,00000,0,0,00,0x00000000,0,0x00000000,0,0x00000000,0
l1,0.0625,0,min-error,metric_min,exp1,0,1,1,0.783383489,0.783383548,0.783383489,0.783383548,5.96046448e-08,112,raw-and-scaled,5,1,fp5_e1m3,fp5_e2m2,3,2,2,519,112,exp2,1,2,1,0,0.0403094962,0.0487919375,-1,0x3d47da0e,0.0487919375,0x3f800000,1,0x00000000,0,0x00000000,0,00000,0,0,000,00000,0,0,00,0x00000000,0,0x00000000,0,0x00000000,0
l1,0.0625,0,min-error,metric_min,exp1,0,1,1,0.783383489,0.783383548,0.783383489,0.783383548,5.96046448e-08,113,raw-and-scaled,5,1,fp5_e1m3,fp5_e2m2,3,2,2,519,113,exp2,1,2,1,0,0.0403094962,0.0487919375,-1,0x3d47da0e,0.0487919375,0x3f800000,1,0x00000000,0,0x00000000,0,00000,0,0,000,00000,0,0,00,0x00000000,0,0x00000000,0,0x00000000,0
l1,0.0625,0,min-error,metric_min,exp1,0,1,1,0.783383489,0.783383548,0.783383489,0.783383548,5.96046448e-08,114,raw-and-scaled,5,1,fp5_e1m3,fp5_e2m2,3,2,2,519,114,exp2,1,2,1,0,0.0403094962,0.0487919375,-1,0x3d47da0e,0.0487919375,0x3f800000,1,0x00000000,0,0x00000000,0,00000,0,0,000,00000,0,0,00,0x00000000,0,0x00000000,0,0x00000000,0
l1,0.0625,0,min-error,metric_min,exp1,0,1,1,0.783383489,0.783383548,0.783383489,0.783383548,5.96046448e-08,115,raw-and-scaled,5,1,fp5_e1m3,fp5_e2m2,3,2,2,519,115,exp2,1,2,1,0,0.0403094962,0.0487919375,-1,0x3d47da0e,0.0487919375,0x3f800000,1,0x00000000,0,0x00000000,0,00000,0,0,000,00000,0,0,00,0x00000000,0,0x00000000,0,0x00000000,0
l1,0.0625,0,min-error,metric_min,exp1,0,1,1,0.783383489,0.783383548,0.783383489,0.783383548,5.96046448e-08,116,raw-and-scaled,5,1,fp5_e1m3,fp5_e2m2,3,2,2,519,116,exp2,1,2,1,0,0.0403094962,0.0487919375,-1,0x3d47da0e,0.0487919375,0x3f800000,1,0x00000000,0,0x00000000,0,00000,0,0,000,00000,0,0,00,0x00000000,0,0x00000000,0,0x00000000,0
l1,0.0625,0,min-error,metric_min,exp1,0,1,1,0.783383489,0.783383548,0.783383489,0.783383548,5.96046448e-08,117,raw-and-scaled,5,1,fp5_e1m3,fp5_e2m2,3,2,2,519,117,exp2,1,2,1,0,0.0403094962,0.0487919375,-1,0x3d47da0e,0.0487919375,0x3f800000,1,0xbc90499f,-0.0176132303,0xbc90499f,-0.0176132303,10000,0,0,000,10000,0,0,00,0xbc90499f,-0.0176132303,0xbc90499f,-0.0176132303,0x00000000,0
l1,0.0625,0,min-error,metric_min,exp1,0,1,1,0.783383489,0.783383548,0.783383489,0.783383548,5.96046448e-08,118,raw-and-scaled,5,1,fp5_e1m3,fp5_e2m2,3,2,2,519,118,exp2,1,2,1,0,0.0403094962,0.0487919375,-1,0x3d47da0e,0.0487919375,0x3f800000,1,0x00000000,0,0x00000000,0,00000,0,0,000,00000,0,0,00,0x00000000,0,0x00000000,0,0x00000000,0
l1,0.0625,0,min-error,metric_min,exp1,0,1,1,0.783383489,0.783383548,0.783383489,0.783383548,5.96046448e-08,119,raw-and-scaled,5,1,fp5_e1m3,fp5_e2m2,3,2,2,519,119,exp2,1,2,1,0,0.0403094962,0.0487919375,-1,0x3d47da0e,0.0487919375,0x3f800000,1,0xbd281647,-0.0410368703,0xbd281647,-0.0410368703,10000,0,0,000,10000,0,0,00,0xbd281647,-0.0410368703,0xbd281647,-0.0410368703,0x00000000,0
l1,0.0625,0,min-error,metric_min,exp1,0,1,1,0.783383489,0.783383548,0.783383489,0.783383548,5.96046448e-08,120,raw-and-scaled,5,1,fp5_e1m3,fp5_e2m2,3,2,2,519,120,exp2,1,2,1,0,0.0403094962,0.0487919375,-1,0x3d47da0e,0.0487919375,0x3f800000,1,0xbc7b0fae,-0.0153235625,0xbc7b0fae,-0.0153235625,10000,0,0,000,10000,0,0,00,0xbc7b0fae,-0.0153235625,0xbc7b0fae,-0.0153235625,0x00000000,0
l1,0.0625,0,min-error,metric_min,exp1,0,1,1,0.783383489,0.783383548,0.783383489,0.783383548,5.96046448e-08,121,raw-and-scaled,5,1,fp5_e1m3,fp5_e2m2,3,2,2,519,121,exp2,1,2,1,0,0.0403094962,0.0487919375,-1,0x3d47da0e,0.0487919375,0x3f800000,1,0x00000000,0,0x00000000,0,00000,0,0,000,00000,0,0,00,0x00000000,0,0x00000000,0,0x00000000,0
l1,0.0625,0,min-error,metric_min,exp1,0,1,1,0.783383489,0.783383548,0.783383489,0.783383548,5.96046448e-08,122,raw-and-scaled,5,1,fp5_e1m3,fp5_e2m2,3,2,2,519,122,exp2,1,2,1,0,0.0403094962,0.0487919375,-1,0x3d47da0e,0.0487919375,0x3f800000,1,0x3c87bc6a,0.016569335,0x3c87bc6a,0.016569335,00000,0,0,000,00000,0,0,00,0x3c87bc6a,0.016569335,0x3c87bc6a,0.016569335,0x00000000,0
l1,0.0625,0,min-error,metric_min,exp1,0,1,1,0.783383489,0.783383548,0.783383489,0.783383548,5.96046448e-08,123,raw-and-scaled,5,1,fp5_e1m3,fp5_e2m2,3,2,2,519,123,exp2,1,2,1,0,0.0403094962,0.0487919375,-1,0x3d47da0e,0.0487919375,0x3f800000,1,0xbd723c24,-0.0591393858,0xbd723c24,-0.0591393858,10000,0,0,000,10000,0,0,00,0xbd723c24,-0.0591393858,0xbd723c24,-0.0591393858,0x00000000,0
l1,0.0625,0,min-error,metric_min,exp1,0,1,1,0.783383489,0.783383548,0.783383489,0.783383548,5.96046448e-08,124,raw-and-scaled,5,1,fp5_e1m3,fp5_e2m2,3,2,2,519,124,exp2,1,2,1,0,0.0403094962,0.0487919375,-1,0x3d47da0e,0.0487919375,0x3f800000,1,0x00000000,0,0x00000000,0,00000,0,0,000,00000,0,0,00,0x00000000,0,0x00000000,0,0x00000000,0
l1,0.0625,0,min-error,metric_min,exp1,0,1,1,0.783383489,0.783383548,0.783383489,0.783383548,5.96046448e-08,125,raw-and-scaled,5,1,fp5_e1m3,fp5_e2m2,3,2,2,519,125,exp2,1,2,1,0,0.0403094962,0.0487919375,-1,0x3d47da0e,0.0487919375,0x3f800000,1,0x00000000,0,0x00000000,0,00000,0,0,000,00000,0,0,00,0x00000000,0,0x00000000,0,0x00000000,0
l1,0.0625,0,min-error,metric_min,exp1,0,1,1,0.783383489,0.783383548,0.783383489,0.783383548,5.96046448e-08,126,raw-and-scaled,5,1,fp5_e1m3,fp5_e2m2,3,2,2,519,126,exp2,1,2,1,0,0.0403094962,0.0487919375,-1,0x3d47da0e,0.0487919375,0x3f800000,1,0x00000000,0,0x00000000,0,00000,0,0,000,00000,0,0,00,0x00000000,0,0x00000000,0,0x00000000,0
l1,0.0625,0,min-error,metric_min,exp1,0,1,1,0.783383489,0.783383548,0.783383489,0.783383548,5.96046448e-08,127,raw-and-scaled,5,1,fp5_e1m3,fp5_e2m2,3,2,2,519,127,exp2,1,2,1,0,0.0403094962,0.0487919375,-1,0x3d47da0e,0.0487919375,0x3f800000,1,0x00000000,0,0x00000000,0,00000,0,0,000,00000,0,0,00,0x00000000,0,0x00000000,0,0x00000000,0
l1,0.0625,0,min-error,metric_min,exp1,0,1,1,7.06515932,7.0651598,7.06515932,7.0651598,4.76837158e-07,0,raw-and-scaled,5,1,fp5_e1m3,fp5_e2m2,3,2,2,757,0,exp2,13,26,13,6,0.568705797,0.753207088,-13,0x3f40d22e,0.753207088,0x3f800000,1,0xbf8d962c,-1.10614538,0xbf8d962c,-1.10614538,11000,1,0,000,11100,3,0,00,0xbdd962c0,-0.106145382,0xbdd962c0,-0.106145382,0x00000000,0
l1,0.0625,0,min-error,metric_min,exp1,0,1,1,7.06515932,7.0651598,7.06515932,7.0651598,4.76837158e-07,1,raw-and-scaled,5,1,fp5_e1m3,fp5_e2m2,3,2,2,757,1,exp2,13,26,13,6,0.568705797,0.753207088,-13,0x3f40d22e,0.753207088,0x3f800000,1,0xbcaaca54,-0.0208484307,0xbcaaca54,-0.0208484307,10000,0,0,000,10000,0,0,00,0xbcaaca54,-0.0208484307,0xbcaaca54,-0.0208484307,0x00000000,0
l1,0.0625,0,min-error,metric_min,exp1,0,1,1,7.06515932,7.0651598,7.06515932,7.0651598,4.76837158e-07,2,raw-and-scaled,5,1,fp5_e1m3,fp5_e2m2,3,2,2,757,2,exp2,13,26,13,6,0.568705797,0.753207088,-13,0x3f40d22e,0.753207088,0x3f800000,1,0x3ed48c44,0.415132642,0x3ed48c44,0.415132642,00011,0,3,011,00110,1,2,10,0x3d246220,0.0401326418,0x3d246220,0.0401326418,0x80000000,-0
l1,0.0625,0,min-error,metric_min,exp1,0,1,1,7.06515932,7.0651598,7.06515932,7.0651598,4.76837158e-07,3,raw-and-scaled,5,1,fp5_e1m3,fp5_e2m2,3,2,2,757,3,exp2,13,26,13,6,0.568705797,0.753207088,-13,0x3f40d22e,0.753207088,0x3f800000,1,0xbc0657e2,-0.00819966383,0xbc0657e2,-0.00819966383,10000,0,0,000,10000,0,0,00,0xbc0657e2,-0.00819966383,0xbc0657e2,-0.00819966383,0x00000000,0
l1,0.0625,0,min-error,metric_min,exp1,0,1,1,7.06515932,7.0651598,7.06515932,7.0651598,4.76837158e-07,4,raw-and-scaled,5,1,fp5_e1m3,fp5_e2m2,3,2,2,757,4,exp2,13,26,13,6,0.568705797,0.753207088,-13,0x3f40d22e,0.753207088,0x3f800000,1,0xbd13f416,-0.0361214504,0xbd13f416,-0.0361214504,10000,0,0,000,10000,0,0,00,0xbd13f416,-0.0361214504,0xbd13f416,-0.0361214504,0x00000000,0
l1,0.0625,0,min-error,metric_min,exp1,0,1,1,7.06515932,7.0651598,7.06515932,7.0651598,4.76837158e-07,5,raw-and-scaled,5,1,fp5_e1m3,fp5_e2m2,3,2,2,757,5,exp2,13,26,13,6,0.568705797,0.753207088,-13,0x3f40d22e,0.753207088,0x3f800000,1,0xbc992b9a,-0.0186975487,0xbc992b9a,-0.0186975487,10000,0,0,000,10000,0,0,00,0xbc992b9a,-0.0186975487,0xbc992b9a,-0.0186975487,0x00000000,0
l1,0.0625,0,min-error,metric_min,exp1,0,1,1,7.06515932,7.0651598,7.06515932,7.0651598,4.76837158e-07,6,raw-and-scaled,5,1,fp5_e1m3,fp5_e2m2,3,2,2,757,6,exp2,13,26,13,6,0.568705797,0.753207088,-13,0x3f40d22e,0.753207088,0x3f800000,1,0xbf843686,-1.03291392,0xbf843686,-1.03291392,11000,1,0,000,11100,3,0,00,0xbd06d0c0,-0.0329139233,0xbd06d0c0,-0.0329139233,0x00000000,0
l1,0.0625,0,min-error,metric_min,exp1,0,1,1,7.06515932,7.0651598,7.06515932,7.0651598,4.76837158e-07,7,raw-and-scaled,5,1,fp5_e1m3,fp5_e2m2,3,2,2,757,7,exp2,13,26,13,6,0.568705797,0.753207088,-13,0x3f40d22e,0.753207088,0x3f800000,1,0x3ef940f8,0.486823797,0x3ef940f8,0.486823797,00011,0,3,011,00111,1,3,11,0x3de503e0,0.111823797,0x3d4a07c0,0.0493237972,0xbf800000,-1
l1,0.0625,0,min-error,metric_min,exp1,0,1,1,7.06515932,7.0651598,7.06515932,7.0651598,4.76837158e-07,8,raw-and-scaled,5,1,fp5_e1m3,fp5_e2m2,3,2,2,757,8,exp2,13,26,13,6,0.568705797,0.753207088,-13,0x3f40d22e,0.753207088,0x3f800000,1,0x3f60475a,0.876088738,0x3f60475a,0.876088738,00111,0,7,111,01011,2,3,11,0x3a8eb400,0.00108873844,0x3a8eb400,0.00108873844,0x00000000,0
l1,0.0625,0,min-error,metric_min,exp1,0,1,1,7.06515932,7.0651598,7.06515932,7.0651598,4.76837158e-07,9,raw-and-scaled,5,1,fp5_e1m3,fp5_e2m2,3,2,2,757,9,exp2,13,26,13,6,0.568705797,0.753207088,-13,0x3f40d22e,0.753207088,0x3f800000,1,0xbc5c0566,-0.0134290215,0xbc5c0566,-0.0134290215,10000,0,0,000,10000,0,0,00,0xbc5c0566,-0.0134290215,0xbc5c0566,-0.0134290215,0x00000000,0
l1,0.0625,0,min-error,metric_min,exp1,0,1,1,7.06515932,7.0651598,7.06515932,7.0651598,4.76837158e-07,10,raw-and-scaled,5,1,fp5_e1m3,fp5_e2m2,3,2,2,757,10,exp2,13,26,13,6,0.568705797,0.753207088,-13,0x3f40d22e,0.753207088,0x3f800000,1,0xbda926d6,-0.0825936049,0xbda926d6,-0.0825936049,10000,0,0,000,10001,0,1,01,0xbda926d6,-0.0825936049,0xbca49b58,-0.0200936049,0xbf800000,-1
l1,0.0625,0,min-error,metric_min,exp1,0,1,1,7.06515932,7.0651598,7.06515932,7.0651598,4.76837158e-07,11,raw-and-scaled,5,1,fp5_e1m3,fp5_e2m2,3,2,2,757,11,exp2,13,26,13,6,0.568705797,0.753207088,-13,0x3f40d22e,0.753207088,0x3f800000,1,0xbfcdd522,-1.6080668,0xbfcdd522,-1.6080668,11100,1,4,100,11110,3,2,10,0xbddd5220,-0.108066797,0xbddd5220,-0.108066797,0x00000000,0
l1,0.0625,0,min-error,metric_min,exp1,0,1,1,7.06515932,7.0651598,7.06515932,7.0651598,4.76837158e-07,12,raw-and-scaled,5,1,fp5_e1m3,fp5_e2m2,3,2,2,757,12,exp2,13,26,13,6,0.568705797,0.753207088,-13,0x3f40d22e,0.753207088,0x3f800000,1,0xbf575694,-0.841164827,0xbf575694,-0.841164827,10110,0,6,110,11010,2,2,10,0xbdbab4a0,-0.0911648273,0xbdbab4a0,-0.0911648273,0x00000000,0
l1,0.0625,0,min-error,metric_min,exp1,0,1,1,7.06515932,7.0651598,7.06515932,7.0651598,4.76837158e-07,13,raw-and-scaled,5,1,fp5_e1m3,fp5_e2m2,3,2,2,757,13,exp2,13,26,13,6,0.568705797,0.753207088,-13,0x3f40d22e,0.753207088,0x3f800000,1,0x3f4a25cd,0.789639294,0x3f4a25cd,0.789639294,00110,0,6,110,01010,2,2,10,0x3d225cd0,0.0396392941,0x3d225cd0,0.0396392941,0x00000000,0
l1,0.0625,0,min-error,metric_min,exp1,0,1,1,7.06515932,7.0651598,7.06515932,7.0651598,4.76837158e-07,14,raw-and-scaled,5,1,fp5_e1m3,fp5_e2m2,3,2,2,757,14,exp2,13,26,13,6,0.568705797,0.753207088,-13,0x3f40d22e,0.753207088,0x3f800000,1,0x3ee28c48,0.442476511,0x3ee28c48,0.442476511,00011,0,3,011,00111,1,3,11,0x3d8a3120,0.067476511,0x3ba31200,0.004976511,0xbf800000,-1
l1,0.0625,0,min-error,metric_min,exp1,0,1,1,7.06515932,7.0651598,7.06515932,7.0651598,4.76837158e-07,15,raw-and-scaled,5,1,fp5_e1m3,fp5_e2m2,3,2,2,757,15,exp2,13,26,13,6,0.568705797,0.753207088,-13,0x3f40d22e,0.753207088,0x3f800000,1,0xbe4ae250,-0.198128939,0xbe4ae250,-0.198128939,10001,0,1,001,10011,0,3,11,0xbd95c4a0,-0.0731289387,0xbc2e2500,-0.0106289387,0xbf800000,-1
l1,0.0625,0,min-error,metric_min,exp1,0,1,1,7.06515932,7.0651598,7.06515932,7.0651598,4.76837158e-07,16,raw-and-scaled,5,1,fp5_e1m3,fp5_e2m2,3,2,2,757,16,exp2,13,26,13,6,0.568705797,0.753207088,-13,0x3f40d22e,0.753207088,0x3f800000,1,0xbfe8fb94,-1.82017756,0xbfe8fb94,-1.82017756,11110,1,6,110,11111,3,3,11,0xbd8fb940,-0.0701775551,0xbd8fb940,-0.0701775551,0x00000000,0
l1,0.0625,0,min-error,metric_min,exp1,0,1,1,7.06515932,7.0651598,7.06515932,7.0651598,4.76837158e-07,17,raw-and-scaled,5,1,fp5_e1m3,fp5_e2m2,3,2,2,757,17,exp2,13,26,13,6,0.568705797,0.753207088,-13,0x3f40d22e,0.753207088,0x3f800000,1,0xbec93662,-0.392993033,0xbec93662,-0.392993033,10011,0,3,011,10110,1,2,10,0xbc936620,-0.0179930329,0xbc936620,-0.0179930329,0x80000000,-0
l1,0.0625,0,min-error,metric_min,exp1,0,1,1,7.06515932,7.0651598,7.06515932,7.0651598,4.76837158e-07,18,raw-and-scaled,5,1,fp5_e1m3,fp5_e2m2,3,2,2,757,18,exp2,13,26,13,6,0.568705797,0.753207088,-13,0x3f40d22e,0.753207088,0x3f800000,1,0xbfe2d1bd,-1.7720257,0xbfe2d1bd,-1.7720257,11110,1,6,110,11111,3,3,11,0xbcb46f40,-0.0220257044,0xbcb46f40,-0.0220257044,0x00000000,0
l1,0.0625,0,min-error,metric_min,exp1,0,1,1,7.06515932,7.0651598,7.06515932,7.0651598,4.76837158e-07,19,raw-and-scaled,5,1,fp5_e1m3,fp5_e2m2,3,2,2,757,19,exp2,13,26,13,6,0.568705797,0.753207088,-13,0x3f40d22e,0.753207088,0x3f800000,1,0x3fe7d60f,1.81122005,0x3fe7d60f,1.81122005,01110,1,6,110,01111,3,3,11,0x3d7ac1e0,0.0612200499,0x3d7ac1e0,0.0612200499,0x00000000,0
l1,0.0625,0,min-error,metric_min,exp1,0,1,1,7.06515932,7.0651598,7.06515932,7.0651598,4.76837158e-07,20,raw-and-scaled,5,1,fp5_e1m3,fp5_e2m2,3,2,2,757,20,exp2,13,26,13,6,0.568705797,0.753207088,-13,0x3f40d22e,0.753207088,0x3f800000,1,0xbf80097f,-1.0002898,0xbf80097f,-1.0002898,11000,1,0,000,11100,3,0,00,0xb997f000,-0.000289797783,0xb997f000,-0.000289797783,0x00000000,0
l1,0.0625,0,min-error,metric_min,exp1,0,1,1,7.06515932,7.0651598,7.06515932,7.0651598,4.76837158e-07,21,raw-and-scaled,5,1,fp5_e1m3,fp5_e2m2,3,2,2,757,21,exp2,13,26,13,6,0.568705797,0.753207088,-13,0x3f40d22e,0.753207088,0x3f800000,1,0x3d95a27f,0.073063843,0x3d95a27f,0.073063843,00000,0,0,000,00001,0,1,01,0x3d95a27f,0.073063843,0x3c2d13f8,0.010563843,0xbf800000,-1
l1,0.0625,0,min-error,metric_min,exp1,0,1,1,7.06515932,7.0651598,7.06515932,7.0651598,4.76837158e-07,22,raw-and-scaled,5,1,fp5_e1m3,fp5_e2m2,3,2,2,757,22,exp2,13,26,13,6,0.568705797,0.753207088,-13,0x3f40d22e,0.753207088,0x3f800000,1,0xbaded2fb,-0.00170001329,0xbaded2fb,-0.00170001329,10000,0,0,000,10000,0,0,00,0xbaded2fb,-0.00170001329,0xbaded2fb,-0.00170001329,0x00000000,0
l1,0.0625,0,min-error,metric_min,exp1,0,1,1,7.06515932,7.0651598,7.06515932,7.0651598,4.76837158e-07,23,raw-and-scaled,5,1,fp5_e1m3,fp5_e2m2,3,2,2,757,23,exp2,13,26,13,6,0.568705797,0.753207088,-13,0x3f40d22e,0.753207088,0x3f800000,1,0x3f5fea9b,0.874673545,0x3f5fea9b,0.874673545,00110,0,6,110,01010,2,2,10,0x3dff54d8,0.124673545,0x3dff54d8,0.124673545,0x00000000,0
l1,0.0625,0,min-error,metric_min,exp1,0,1,1,7.06515932,7.0651598,7.06515932,7.0651598,4.76837158e-07,24,raw-and-scaled,5,1,fp5_e1m3,fp5_e2m2,3,2,2,757,24,exp2,13,26,13,6,0.568705797,0.753207088,-13,0x3f40d22e,0.753207088,0x3f800000,1,0x3f89c09b,1.07619035,0x3f89c09b,1.07619035,01000,1,0,000,01100,3,0,00,0x3d9c09b0,0.0761903524,0x3d9c09b0,0.0761903524,0x00000000,0
l1,0.0625,0,min-error,metric_min,exp1,0,1,1,7.06515932,7.0651598,7.06515932,7.0651598,4.76837158e-07,25,raw-and-scaled,5,1,fp5_e1m3,fp5_e2m2,3,2,2,757,25,exp2,13,26,13,6,0.568705797,0.753207088,-13,0x3f40d22e,0.753207088,0x3f800000,1,0x3ce23166,0.0276114456,0x3ce23166,0.0276114456,00000,0,0,000,00000,0,0,00,0x3ce23166,0.0276114456,0x3ce23166,0.0276114456,0x00000000,0
l1,0.0625,0,min-error,metric_min,exp1,0,1,1,7.06515932,7.0651598,7.06515932,7.0651598,4.76837158e-07,26,raw-and-scaled,5,1,fp5_e1m3,fp5_e2m2,3,2,2,757,26,exp2,13,26,13,6,0.568705797,0.753207088,-13,0x3f40d22e,0.753207088,0x3f800000,1,0x3d034d4a,0.0320561305,0x3d034d4a,0.0320561305,00000,0,0,000,00000,0,0,00,0x3d034d4a,0.0320561305,0x3d034d4a,0.0320561305,0x00000000,0
l1,0.0625,0,min-error,metric_min,exp1,0,1,1,7.06515932,7.0651598,7.06515932,7.0651598,4.76837158e-07,27,raw-and-scaled,5,1,fp5_e1m3,fp5_e2m2,3,2,2,757,27,exp2,13,26,13,6,0.568705797,0.753207088,-13,0x3f40d22e,0.753207088,0x3f800000,1,0x3fd287cb,1.64476907,0x3fd287cb,1.64476907,01101,1,5,101,01110,3,2,10,0x3ca1f2c0,0.0197690725,0x3e143e58,0.144769073,0x3f800000,1
l1,0.0625,0,min-error,metric_min,exp1,0,1,1,7.06515932,7.0651598,7.06515932,7.0651598,4.76837158e-07,28,raw-and-scaled,5,1,fp5_e1m3,fp5_e2m2,3,2,2,757,28,exp2,13,26,13,6,0.568705797,0.753207088,-13,0x3f40d22e,0.753207088,0x3f800000,1,0xbfb91a9e,-1.44612479,0xbfb91a9e,-1.44612479,11011,1,3,011,11101,3,1,01,0xbd91a9e0,-0.0711247921,0xbe48d4f0,-0.196124792,0x3f800000,1
l1,0.0625,0,min-error,metric_min,exp1,0,1,1,7.06515932,7.0651598,7.06515932,7.0651598,4.76837158e-07,29,raw-and-scaled,5,1,fp5_e1m3,fp5_e2m2,3,2,2,757,29,exp2,13,26,13,6,0.568705797,0.753207088,-13,0x3f40d22e,0.753207088,0x3f800000,1,0xbbace50a,-0.00527632702,0xbbace50a,-0.00527632702,10000,0,0,000,10000,0,0,00,0xbbace50a,-0.00527632702,0xbbace50a,-0.00527632702,0x00000000,0
l1,0.0625,0,min-error,metric_min,exp1,0,1,1,7.06515932,7.0651598,7.06515932,7.0651598,4.76837158e-07,30,raw-and-scaled,5,1,fp5_e1m3,fp5_e2m2,3,2,2,757,30,exp2,13,26,13,6,0.568705797,0.753207088,-13,0x3f40d22e,0.753207088,0x3f800000,1,0xbf7e0822,-0.992311597,0xbf7e0822,-0.992311597,10111,0,7,111,11011,2,3,11,0xbdf04110,-0.117311597,0xbdf04110,-0.117311597,0x00000000,0
l1,0.0625,0,min-error,metric_min,exp1,0,1,1,7.06515932,7.0651598,7.06515932,7.0651598,4.76837158e-07,31,raw-and-scaled,5,1,fp5_e1m3,fp5_e2m2,3,2,2,757,31,exp2,13,26,13,6,0.568705797,0.753207088,-13,0x3f40d22e,0.753207088,0x3f800000,1,0x3f488be6,0.783384681,0x3f488be6,0.783384681,00110,0,6,110,01010,2,2,10,0x3d08be60,0.0333846807,0x3d08be60,0.0333846807,0x00000000,0
l1,0.0625,0,min-error,metric_min,exp1,0,1,1,7.06515932,7.0651598,7.06515932,7.0651598,4.76837158e-07,32,raw-and-scaled,5,1,fp5_e1m3,fp5_e2m2,3,2,2,757,32,exp2,13,26,13,6,0.568705797,0.753207088,-13,0x3f40d22e,0.753207088,0x3f800000,1,0x3e9c515e,0.305308282,0x3e9c515e,0.305308282,00010,0,2,010,00100,1,0,00,0x3d628af0,0.0553082824,0x3d628af0,0.0553082824,0x80000000,-0
l1,0.0625,0,min-error,metric_min,exp1,0,1,1,7.06515932,7.0651598,7.06515932,7.0651598,4.76837158e-07,33,raw-and-scaled,5,1,fp5_e1m3,fp5_e2m2,3,2,2,757,33,exp2,13,26,13,6,0.568705797,0.753207088,-13,0x3f40d22e,0.753207088,0x3f800000,1,0x3f6b0e2e,0.918185115,0x3f6b0e2e,0.918185115,00111,0,7,111,01011,2,3,11,0x3d30e2e0,0.0431851149,0x3d30e2e0,0.0431851149,0x00000000,0
l1,0.0625,0,min-error,metric_min,exp1,0,1,1,7.06515932,7.0651598,7.06515932,7.0651598,4.76837158e-07,34,raw-and-scaled,5,1,fp5_e1m3,fp5_e2m2,3,2,2,757,34,exp2,13,26,13,6,0.568705797,0.753207088,-13,0x3f40d22e,0.753207088,0x3f800000,1,0xbf844125,-1.03323805,0xbf844125,-1.03323805,11000,1,0,000,11100,3,0,00,0xbd0824a0,-0.0332380533,0xbd0824a0,-0.0332380533,0x00000000,0
l1,0.0625,0,min-error,metric_min,exp1,0,1,1,7.06515932,7.0651598,7.06515932,7.0651598,4.76837158e-07,35,raw-and-scaled,5,1,fp5_e1m3,fp5_e2m2,3,2,2,757,35,exp2,13,26,13,6,0.568705797,0.753207088,-13,0x3f40d22e,0.753207088,0x3f800000,1,0xbdb9d0aa,-0.0907300264,0xbdb9d0aa,-0.0907300264,10000,0,0,000,10001,0,1,01,0xbdb9d0aa,-0.0907300264,0xbce742a8,-0.0282300264,0xbf800000,-1
l1,0.0625,0,min-error,metric_min,exp1,0,1,1,7.06515932,7.0651598,7.06515932,7.0651598,4.76837158e-07,36,raw-and-scaled,5,1,fp5_e1m3,fp5_e2m2,3,2,2,757,36,exp2,13,26,13,6,0.568705797,0.753207088,-13,0x3f40d22e,0.753207088,0x3f800000,1,0x3fa436d5,1.28292334,0x3fa436d5,1.28292334,01010,1,2,010,01101,3,1,01,0x3d06daa0,0.0329233408,0x3d06daa0,0.0329233408,0x00000000,0
l1,0.0625,0,min-error,metric_min,exp1,0,1,1,7.06515932,7.0651598,7.06515932,7.0651598,4.76837158e-07,37,raw-and-scaled,5,1,fp5_e1m3,fp5_e2m2,3,2,2,757,37,exp2,13,26,13,6,0.568705797,0.753207088,-13,0x3f40d22e,0.753207088,0x3f800000,1,0x3f867834,1.05054331,0x3f867834,1.05054331,01000,1,0,000,01100,3,0,00,0x3d4f0680,0.0505433083,0x3d4f0680,0.0505433083,0x00000000,0
l1,0.0625,0,min-error,metric_min,exp1,0,1,1,7.06515932,7.0651598,7.06515932,7.0651598,4.76837158e-07,38,raw-and-scaled,5,1,fp5_e1m3,fp5_e2m2,3,2,2,757,38,exp2,13,26,13,6,0.568705797,0.753207088,-13,0x3f40d22e,0.753207088,0x3f800000,1,0xbd512dc4,-0.0510690361,0xbd512dc4,-0.0510690361,10000,0,0,000,10000,0,0,00,0xbd512dc4,-0.0510690361,0xbd512dc4,-0.0510690361,0x00000000,0
l1,0.0625,0,min-error,metric_min,exp1,0,1,1,7.06515932,7.0651598,7.06515932,7.0651598,4.76837158e-07,39,raw-and-scaled,5,1,fp5_e1m3,fp5_e2m2,3,2,2,757,39,exp2,13,26,13,6,0.568705797,0.753207088,-13,0x3f40d22e,0.753207088,0x3f800000,1,0xbf4c3a8b,-0.797768295,0xbf4c3a8b,-0.797768295,10110,0,6,110,11010,2,2,10,0xbd43a8b0,-0.0477682948,0xbd43a8b0,-0.0477682948,0x00000000,0
l1,0.0625,0,min-error,metric_min,exp1,0,1,1,7.06515932,7.0651598,7.06515932,7.0651598,4.76837158e-07,40,raw-and-scaled,5,1,fp5_e1m3,fp5_e2m2,3,2,2,757,40,exp2,13,26,13,6,0.568705797,0.753207088,-13,0x3f40d22e,0.753207088,0x3f800000,1,0xbfc04895,-1.50221503,0xbfc04895,-1.50221503,11100,1,4,100,11110,3,2,10,0xbb112a00,-0.00221502781,0xbb112a00,-0.00221502781,0x00000000,0
l1,0.0625,0,min-error,metric_min,exp1,0,1,1,7.06515932,7.0651598,7.06515932,7.0651598,4.76837158e-07,41,raw-and-scaled,5,1,fp5_e1m3,fp5_e2m2,3,2,2,757,41,exp2,13,26,13,6,0.568705797,0.753207088,-13,0x3f40d22e,0.753207088,0x3f800000,1,0xbf40a1c0,-0.752468109,0xbf40a1c0,-0.752468109,10110,0,6,110,11010,2,2,10,0xbb21c000,-0.00246810913,0xbb21c000,-0.00246810913,0x00000000,0
l1,0.0625,0,min-error,metric_min,exp1,0,1,1,7.06515932,7.0651598,7.06515932,7.0651598,4.76837158e-07,42,raw-and-scaled,5,1,fp5_e1m3,fp5_e2m2,3,2,2,757,42,exp2,13,26,13,6,0.568705797,0.753207088,-13,0x3f40d22e,0.753207088,0x3f800000,1,0xbd280dac,-0.0410286635,0xbd280dac,-0.0410286635,10000,0,0,000,10000,0,0,00,0xbd280dac,-0.0410286635,0xbd280dac,-0.0410286635,0x00000000,0
l1,0.0625,0,min-error,metric_min,exp1,0,1,1,7.06515932,7.0651598,7.06515932,7.0651598,4.76837158e-07,43,raw-and-scaled,5,1,fp5_e1m3,fp5_e2m2,3,2,2,757,43,exp2,13,26,13,6,0.568705797,0.753207088,-13,0x3f40d22e,0.753207088,0x3f800000,1,0x3fbc721a,1.4722321,0x3fbc721a,1.4722321,01011,1,3,011,01101,3,1,01,0x3dc721a0,0.0972321033,0x3e6390d0,0.222232103,0x3f800000,1
l1,0.0625,0,min-error,metric_min,exp1,0,1,1,7.06515932,7.0651598,7.06515932,7.0651598,4.76837158e-07,44,raw-and-scaled,5,1,fp5_e1m3,fp5_e2m2,3,2,2,757,44,exp2,13,26,13,6,0.568705797,0.753207088,-13,0x3f40d22e,0.753207088,0x3f800000,1,0x3e786a3e,0.242592782,0x3e786a3e,0.242592782,00001,0,1,001,00011,0,3,11,0x3df0d47c,0.117592782,0x3d61a8f8,0.0550927818,0xbf800000,-1
l1,0.0625,0,min-error,metric_min,exp1,0,1,1,7.06515932,7.0651598,7.06515932,7.0651598,4.76837158e-07,45,raw-and-scaled,5,1,fp5_e1m3,fp5_e2m2,3,2,2,757,45,exp2,13,26,13,6,0.568705797,0.753207088,-13,0x3f40d22e,0.753207088,0x3f800000,1,0xbb96eb2b,-0.00460567093,0xbb96eb2b,-0.00460567093,10000,0,0,000,10000,0,0,00,0xbb96eb2b,-0.00460567093,0xbb96eb2b,-0.00460567093,0x00000000,0
l1,0.0625,0,min-error,metric_min,exp1,0,1,1,7.06515932,7.0651598,7.06515932,7.0651598,4.76837158e-07,46,raw-and-scaled,5,1,fp5_e1m3,fp5_e2m2,3,2,2,757,46,exp2,13,26,13,6,0.568705797,0.753207088,-13,0x3f40d22e,0.753207088,0x3f800000,1,0x3f178a1b,0.591951072,0x3f178a1b,0.591951072,00100,0,4,100,01000,2,0,00,0x3dbc50d8,0.0919510722,0x3dbc50d8,0.0919510722,0x00000000,0
l1,0.0625,0,min-error,metric_min,exp1,0,1,1,7.06515932,7.0651598,7.06515932,7.0651598,4.76837158e-07,47,raw-and-scaled,5,1,fp5_e1m3,fp5_e2m2,3,2,2,757,47,exp2,13,26,13,6,0.568705797,0.753207088,-13,0x3f40d22e,0.753207088,0x3f800000,1,0xbfa0ac35,-1.25525534,0xbfa0ac35,-1.25525534,11010,1,2,010,11101,3,1,01,0xbbac3500,-0.00525534153,0xbbac3500,-0.00525534153,0x00000000,0
l1,0.0625,0,min-error,metric_min,exp1,0,1,1,7.06515932,7.0651598,7.06515932,7.0651598,4.76837158e-07,48,raw-and-scaled,5,1,fp5_e1m3,fp5_e2m2,3,2,2,757,48,exp2,13,26,13,6,0.568705797,0.753207088,-13,0x3f40d22e,0.753207088,0x3f800000,1,0x3ec1d818,0.378601789,0x3ec1d818,0.378601789,00011,0,3,011,00110,1,2,10,0x3b6c0c00,0.00360178947,0x3b6c0c00,0.00360178947,0x80000000,-0
l1,0.0625,0,min-error,metric_min,exp1,0,1,1,7.06515932,7.0651598,7.06515932,7.0651598,4.76837158e-07,49,raw-and-scaled,5,1,fp5_e1m3,fp5_e2m2,3,2,2,757,49,exp2,13,26,13,6,0.568705797,0.753207088,-13,0x3f40d22e,0.753207088,0x3f800000,1,0x3f1a45be,0.602626681,0x3f1a45be,0.602626681,00100,0,4,100,01000,2,0,00,0x3dd22df0,0.102626681,0x3dd22df0,0.102626681,0x00000000,0
l1,0.0625,0,min-error,metric_min,exp1,0,1,1,7.06515932,7.0651598,7.06515932,7.0651598,4.76837158e-07,50,raw-and-scaled,5,1,fp5_e1m3,fp5_e2m2,3,2,2,757,50,exp2,13,26,13,6,0.568705797,0.753207088,-13,0x3f40d22e,0.753207088,0x3f800000,1,0x3eb47bb2,0.35250622,0x3eb47bb2,0.35250622,00010,0,2,010,00101,1,1,01,0x3dd1eec8,0.10250622,0x3d23dd90,0.0400062203,0xbf800000,-1
l1,0.0625,0,min-error,metric_min,exp1,0,1,1,7.06515932,7.0651598,7.06515932,7.0651598,4.76837158e-07,51,raw-and-scaled,5,1,fp5_e1m3,fp5_e2m2,3,2,2,757,51,exp2,13,26,13,6,0.568705797,0.753207088,-13,0x3f40d22e,0.753207088,0x3f800000,1,0x3f6a74d4,0.915845156,0x3f6a74d4,0.915845156,00111,0,7,111,01011,2,3,11,0x3d274d40,0.0408451557,0x3d274d40,0.0408451557,0x00000000,0
l1,0.0625,0,min-error,metric_min,exp1,0,1,1,7.06515932,7.0651598,7.06515932,7.0651598,4.76837158e-07,52,raw-and-scaled,5,1,fp5_e1m3,fp5_e2m2,3,2,2,757,52,exp2,13,26,13,6,0.568705797,0.753207088,-13,0x3f40d22e,0.753207088,0x3f800000,1,0x3daa89a8,0.083270371,0x3daa89a8,0.083270371,00000,0,0,000,00001,0,1,01,0x3daa89a8,0.083270371,0x3caa26a0,0.020770371,0xbf800000,-1
l1,0.0625,0,min-error,metric_min,exp1,0,1,1,7.06515932,7.0651598,7.06515932,7.0651598,4.76837158e-07,53,raw-and-scaled,5,1,fp5_e1m3,fp5_e2m2,3,2,2,757,53,exp2,13,26,13,6,0.568705797,0.753207088,-13,0x3f40d22e,0.753207088,0x3f800000,1,0x3f2f5bd8,0.684995174,0x3f2f5bd8,0.684995174,00101,0,5,101,01001,2,1,01,0x3d75bd80,0.0599951744,0x3d75bd80,0.0599951744,0x00000000,0
l1,0.0625,0,min-error,metric_min,exp1,0,1,1,7.06515932,7.0651598,7.06515932,7.0651598,4.76837158e-07,54,raw-and-scaled,5,1,fp5_e1m3,fp5_e2m2,3,2,2,757,54,exp2,13,26,13,6,0.568705797,0.753207088,-13,0x3f40d22e,0.753207088,0x3f800000,1,0x3fec415f,1.84574497,0x3fec415f,1.84574497,01110,1,6,110,01111,3,3,11,0x3dc415f0,0.0957449675,0x3dc415f0,0.0957449675,0x00000000,0
l1,0.0625,0,min-error,metric_min,exp1,0,1,1,7.06515932,7.0651598,7.06515932,7.0651598,4.76837158e-07,55,raw-and-scaled,5,1,fp5_e1m3,fp5_e2m2,3,2,2,757,55,exp2,13,26,13,6,0.568705797,0.753207088,-13,0x3f40d22e,0.753207088,0x3f800000,1,0x3fbd5a6c,1.47932196,0x3fbd5a6c,1.47932196,01011,1,3,011,01101,3,1,01,0x3dd5a6c0,0.104321957,0x3e6ad360,0.229321957,0x3f800000,1
l1,0.0625,0,min-error,metric_min,exp1,0,1,1,7.06515932,7.0651598,7.06515932,7.0651598,4.76837158e-07,56,raw-and-scaled,5,1,fp5_e1m3,fp5_e2m2,3,2,2,757,56,exp2,13,26,13,6,0.568705797,0.753207088,-13,0x3f40d22e,0.753207088,0x3f800000,1,0xbe2b1731,-0.167080656,0xbe2b1731,-0.167080656,10001,0,1,001,10010,0,2,10,0xbd2c5cc4,-0.0420806557,0xbd2c5cc4,-0.0420806557,0x80000000,-0
l1,0.0625,0,min-error,metric_min,exp1,0,1,1,7.06515932,7.0651598,7.06515932,7.0651598,4.76837158e-07,57,raw-and-scaled,5,1,fp5_e1m3,fp5_e2m2,3,2,2,757,57,exp2,13,26,13,6,0.568705797,0.753207088,-13,0x3f40d22e,0.753207088,0x3f800000,1,0x3ef0ddda,0.470442593,0x3ef0ddda,0.470442593,00011,0,3,011,00111,1,3,11,0x3dc37768,0.0954425931,0x3d06eed0,0.0329425931,0xbf800000,-1
l1,0.0625,0,min-error,metric_min,exp1,0,1,1,7.06515932,7.0651598,7.06515932,7.0651598,4.76837158e-07,58,raw-and-scaled,5,1,fp5_e1m3,fp5_e2m2,3,2,2,757,58,exp2,13,26,13,6,0.568705797,0.753207088,-13,0x3f40d22e,0.753207088,0x3f800000,1,0x3fb42332,1.40732408,0x3fb42332,1.40732408,01011,1,3,011,01101,3,1,01,0x3d046640,0.0323240757,0x3e211990,0.157324076,0x3f800000,1
l1,0.0625,0,min-error,metric_min,exp1,0,1,1,7.06515932,7.0651598,7.06515932,7.0651598,4.76837158e-07,59,raw-and-scaled,5,1,fp5_e1m3,fp5_e2m2,3,2,2,757,59,exp2,13,26,13,6,0.568705797,0.753207088,-13,0x3f40d22e,0.753207088,0x3f800000,1,0xbd27123f,-0.0407888852,0xbd27123f,-0.0407888852,10000,0,0,000,10000,0,0,00,0xbd27123f,-0.0407888852,0xbd27123f,-0.0407888852,0x00000000,0
l1,0.0625,0,min-error,metric_min,exp1,0,1,1,7.06515932,7.0651598,7.06515932,7.0651598,4.76837158e-07,60,raw-and-scaled,5,1,fp5_e1m3,fp5_e2m2,3,2,2,757,60,exp2,13,26,13,6,0.568705797,0.753207088,-13,0x3f40d22e,0.753207088,0x3f800000,1,0xbff13c1b,-1.88464677,0xbff13c1b,-1.88464677,11111,1,7,111,11111,3,3,11,0xbc1e0d80,-0.00964677334,0xbe09e0d8,-0.134646773,0x3f800000,1
l1,0.0625,0,min-error,metric_min,exp1,0,1,1,7.06515932,7.0651598,7.06515932,7.0651598,4.76837158e-07,61,raw-and-scaled,5,1,fp5_e1m3,fp5_e2m2,3,2,2,757,61,exp2,13,26,13,6,0.568705797,0.753207088,-13,0x3f40d22e,0.753207088,0x3f800000,1,0x3f866e9a,1.05025029,0x3f866e9a,1.05025029,01000,1,0,000,01100,3,0,00,0x3d4dd340,0.0502502918,0x3d4dd340,0.0502502918,0x00000000,0
l1,0.0625,0,min-error,metric_min,exp1,0,1,1,7.06515932,7.0651598,7.06515932,7.0651598,4.76837158e-07,62,raw-and-scaled,5,1,fp5_e1m3,fp5_e2m2,3,2,2,757,62,exp2,13,26,13,6,0.568705797,0.753207088,-13,0x3f40d22e,0.753207088,0x3f800000,1,0x3da1a731,0.0789321736,0x3da1a731,0.0789321736,00000,0,0,000,00001,0,1,01,0x3da1a731,0.0789321736,0x3c869cc4,0.0164321736,0xbf800000,-1
l1,0.0625,0,min-error,metric_min,exp1,0,1,1,7.06515932,7.0651598,7.06515932,7.0651598,4.76837158e-07,63,raw-and-scaled,5,1,fp5_e1m3,fp5_e2m2,3,2,2,757,63,exp2,13,26,13,6,0.568705797,0.753207088,-13,0x3f40d22e,0.753207088,0x3f800000,1,0x3e561438,0.209061503,0x3e561438,0.209061503,00001,0,1,001,00011,0,3,11,0x3dac2870,0.0840615034,0x3cb0a1c0,0.0215615034,0xbf800000,-1
l1,0.0625,0,min-error,metric_min,exp1,0,1,1,7.06515932,7.0651598,7.06515932,7.0651598,4.76837158e-07,64,raw-and-scaled,5,1,fp5_e1m3,fp5_e2m2,3,2,2,757,64,exp2,13,26,13,6,0.568705797,0.753207088,-13,0x3f40d22e,0.753207088,0x3f800000,1,0xbded07c0,-0.115737438,0xbded07c0,-0.115737438,10000,0,0,000,10001,0,1,01,0xbded07c0,-0.115737438,0xbd5a0f80,-0.0532374382,0xbf800000,-1
l1,0.0625,0,min-error,metric_min,exp1,0,1,1,7.06515932,7.0651598,7.06515932,7.0651598,4.76837158e-07,65,raw-and-scaled,5,1,fp5_e1m3,fp5_e2m2,3,2,2,757,65,exp2,13,26,13,6,0.568705797,0.753207088,-13,0x3f40d22e,0.753207088,0x3f800000,1,0xbf328fc0,-0.697505951,0xbf328fc0,-0.697505951,10101,0,5,101,11001,2,1,01,0xbd947e00,-0.0725059509,0xbd947e00,-0.0725059509,0x00000000,0
l1,0.0625,0,min-error,metric_min,exp1,0,1,1,7.06515932,7.0651598,7.06515932,7.0651598,4.76837158e-07,66,raw-and-scaled,5,1,fp5_e1m3,fp5_e2m2,3,2,2,757,66,exp2,13,26,13,6,0.568705797,0.753207088,-13,0x3f40d22e,0.753207088,0x3f800000,1,0x3eecf444,0.462801099,0x3eecf444,0.462801099,00011,0,3,011,00111,1,3,11,0x3db3d110,0.0878010988,0x3ccf4440,0.0253010988,0xbf800000,-1
l1,0.0625,0,min-error,metric_min,exp1,0,1,1,7.06515932,7.0651598,7.06515932,7.0651598,4.76837158e-07,67,raw-and-scaled,5,1,fp5_e1m3,fp5_e2m2,3,2,2,757,67,exp2,13,26,13,6,0.568705797,0.753207088,-13,0x3f40d22e,0.753207088,0x3f800000,1,0xbb41ab6e,-0.00295516429,0xbb41ab6e,-0.00295516429,10000,0,0,000,10000,0,0,00,0xbb41ab6e,-0.00295516429,0xbb41ab6e,-0.00295516429,0x00000000,0
l1,0.0625,0,min-error,metric_min,exp1,0,1,1,7.06515932,7.0651598,7.06515932,7.0651598,4.76837158e-07,68,raw-and-scaled,5,1,fp5_e1m3,fp5_e2m2,3,2,2,757,68,exp2,13,26,13,6,0.568705797,0.753207088,-13,0x3f40d22e,0.753207088,0x3f800000,1,0xbd316e40,-0.0433180332,0xbd316e40,-0.0433180332,10000,0,0,000,10000,0,0,00,0xbd316e40,-0.0433180332,0xbd316e40,-0.0433180332,0x00000000,0
l1,0.0625,0,min-error,metric_min,exp1,0,1,1,7.06515932,7.0651598,7.06515932,7.0651598,4.76837158e-07,69,raw-and-scaled,5,1,fp5_e1m3,fp5_e2m2,3,2,2,757,69,exp2,13,26,13,6,0.568705797,0.753207088,-13,0x3f40d22e,0.753207088,0x3f800000,1,0x3ea29482,0.317539275,0x3ea29482,0.317539275,00010,0,2,010,00101,1,1,01,0x3d8a5208,0.0675392747,0x3ba52080,0.00503927469,0xbf800000,-1
l1,0.0625,0,min-error,metric_min,exp1,0,1,1,7.06515932,7.0651598,7.06515932,7.0651598,4.76837158e-07,70,raw-and-scaled,5,1,fp5_e1m3,fp5_e2m2,3,2,2,757,70,exp2,13,26,13,6,0.568705797,0.753207088,-13,0x3f40d22e,0.753207088,0x3f800000,1,0xbf18e7ae,-0.597285151,0xbf18e7ae,-0.597285151,10100,0,4,100,11000,2,0,00,0xbdc73d70,-0.0972851515,0xbdc73d70,-0.0972851515,0x00000000,0
l1,0.0625,0,min-error,metric_min,exp1,0,1,1,7.06515932,7.0651598,7.06515932,7.0651598,4.76837158e-07,71,raw-and-scaled,5,1,fp5_e1m3,fp5_e2m2,3,2,2,757,71,exp2,13,26,13,6,0.568705797,0.753207088,-13,0x3f40d22e,0.753207088,0x3f800000,1,0x3f1b4926,0.606584907,0x3f1b4926,0.606584907,00100,0,4,100,01000,2,0,00,0x3dda4930,0.106584907,0x3dda4930,0.106584907,0x00000000,0
l1,0.0625,0,min-error,metric_min,exp1,0,1,1,7.06515932,7.0651598,7.06515932,7.0651598,4.76837158e-07,72,raw-and-scaled,5,1,fp5_e1m3,fp5_e2m2,3,2,2,757,72,exp2,13,26,13,6,0.568705797,0.753207088,-13,0x3f40d22e,0.753207088,0x3f800000,1,0x3f7594a7,0.959299505,0x3f7594a7,0.959299505,00111,0,7,111,01011,2,3,11,0x3daca538,0.0842995048,0x3daca538,0.0842995048,0x00000000,0
l1,0.0625,0,min-error,metric_min,exp1,0,1,1,7.06515932,7.0651598,7.06515932,7.0651598,4.76837158e-07,73,raw-and-scaled,5,1,fp5_e1m3,fp5_e2m2,3,2,2,757,73,exp2,13,26,13,6,0.568705797,0.753207088,-13,0x3f40d22e,0.753207088,0x3f800000,1,0x3f74d3b0,0.956355095,0x3f74d3b0,0.956355095,00111,0,7,111,01011,2,3,11,0x3da69d80,0.0813550949,0x3da69d80,0.0813550949,0x00000000,0
l1,0.0625,0,min-error,metric_min,exp1,0,1,1,7.06515932,7.0651598,7.06515932,7.0651598,4.76837158e-07,74,raw-and-scaled,5,1,fp5_e1m3,fp5_e2m2,3,2,2,757,74,exp2,13,26,13,6,0.568705797,0.753207088,-13,0x3f40d22e,0.753207088,0x3f800000,1,0x3e146926,0.144932359,0x3e146926,0.144932359,00001,0,1,001,00010,0,2,10,0x3ca34930,0.0199323595,0x3ca34930,0.0199323595,0x80000000,-0
l1,0.0625,0,min-error,metric_min,exp1,0,1,1,7.06515932,7.0651598,7.06515932,7.0651598,4.76837158e-07,75,raw-and-scaled,5,1,fp5_e1m3,fp5_e2m2,3,2,2,757,75,exp2,13,26,13,6,0.568705797,0.753207088,-13,0x3f40d22e,0.753207088,0x3f800000,1,0xbb513a14,-0.00319254864,0xbb513a14,-0.00319254864,10000,0,0,000,10000,0,0,00,0xbb513a14,-0.00319254864,0xbb513a14,-0.00319254864,0x00000000,0
l1,0.0625,0,min-error,metric_min,exp1,0,1,1,7.06515932,7.0651598,7.06515932,7.0651598,4.76837158e-07,76,raw-and-scaled,5,1,fp5_e1m3,fp5_e2m2,3,2,2,757,76,exp2,13,26,13,6,0.568705797,0.753207088,-13,0x3f40d22e,0.753207088,0x3f800000,1,0xbc397c5a,-0.0113211516,0xbc397c5a,-0.0113211516,10000,0,0,000,10000,0,0,00,0xbc397c5a,-0.0113211516,0xbc397c5a,-0.0113211516,0x00000000,0
l1,0.0625,0,min-error,metric_min,exp1,0,1,1,7.06515932,7.0651598,7.06515932,7.0651598,4.76837158e-07,77,raw-and-scaled,5,1,fp5_e1m3,fp5_e2m2,3,2,2,757,77,exp2,13,26,13,6,0.568705797,0.753207088,-13,0x3f40d22e,0.753207088,0x3f800000,1,0x3f5aa34c,0.854054213,0x3f5aa34c,0.854054213,00110,0,6,110,01010,2,2,10,0x3dd51a60,0.104054213,0x3dd51a60,0.104054213,0x00000000,0
l1,0.0625,0,min-error,metric_min,exp1,0,1,1,7.06515932,7.0651598,7.06515932,7.0651598,4.76837158e-07,78,raw-and-scaled,5,1,fp5_e1m3,fp5_e2m2,3,2,2,757,78,exp2,13,26,13,6,0.568705797,0.753207088,-13,0x3f40d22e,0.753207088,0x3f800000,1,0xbe3ead45,-0.186207846,0xbe3ead45,-0.186207846,10001,0,1,001,10010,0,2,10,0xbd7ab514,-0.0612078458,0xbd7ab514,-0.0612078458,0x80000000,-0
l1,0.0625,0,min-error,metric_min,exp1,0,1,1,7.06515932,7.0651598,7.06515932,7.0651598,4.76837158e-07,79,raw-and-scaled,5,1,fp5_e1m3,fp5_e2m2,3,2,2,757,79,exp2,13,26,13,6,0.568705797,0.753207088,-13,0x3f40d22e,0.753207088,0x3f800000,1,0x3f6d3fb4,0.926753283,0x3f6d3fb4,0.926753283,00111,0,7,111,01011,2,3,11,0x3d53fb40,0.0517532825,0x3d53fb40,0.0517532825,0x00000000,0
l1,0.0625,0,min-error,metric_min,exp1,0,1,1,7.06515932,7.0651598,7.06515932,7.0651598,4.76837158e-07,80,raw-and-scaled,5,1,fp5_e1m3,fp5_e2m2,3,2,2,757,80,exp2,13,26,13,6,0.568705797,0.753207088,-13,0x3f40d22e,0.753207088,0x3f800000,1,0x3e6eb932,0.233128339,0x3e6eb932,0.233128339,00001,0,1,001,00011,0,3,11,0x3ddd7264,0.108128339,0x3d3ae4c8,0.0456283391,0xbf800000,-1
l1,0.0625,0,min-error,metric_min,exp1,0,1,1,7.06515932,7.0651598,7.06515932,7.0651598,4.76837158e-07,81,raw-and-scaled,5,1,fp5_e1m3,fp5_e2m2,3,2,2,757,81,exp2,13,26,13,6,0.568705797,0.753207088,-13,0x3f40d22e,0.753207088,0x3f800000,1,0xbeb51161,-0.353648216,0xbeb51161,-0.353648216,10010,0,2,010,10101,1,1,01,0xbdd44584,-0.103648216,0xbd288b08,-0.0411482155,0xbf800000,-1
l1,0.0625,0,min-error,metric_min,exp1,0,1,1,7.06515932,7.0651598,7.06515932,7.0651598,4.76837158e-07,82,raw-and-scaled,5,1,fp5_e1m3,fp5_e2m2,3,2,2,757,82,exp2,13,26,13,6,0.568705797,0.753207088,-13,0x3f40d22e,0.753207088,0x3f800000,1,0xbffba8b6,-1.96608615,0xbffba8b6,-1.96608615,11111,1,7,111,11111,3,3,11,0xbdba8b60,-0.0910861492,0xbe5d45b0,-0.216086149,0x3f800000,1
l1,0.0625,0,min-error,metric_min,exp1,0,1,1,7.06515932,7.0651598,7.06515932,7.0651598,4.76837158e-07,83,raw-and-scaled,5,1,fp5_e1m3,fp5_e2m2,3,2,2,757,83,exp2,13,26,13,6,0.568705797,0.753207088,-13,0x3f40d22e,0.753207088,0x3f800000,1,0xbcd4f872,-0.0259973742,0xbcd4f872,-0.0259973742,10000,0,0,000,10000,0,0,00,0xbcd4f872,-0.0259973742,0xbcd4f872,-0.0259973742,0x00000000,0
l1,0.0625,0,min-error,metric_min,exp1,0,1,1,7.06515932,7.0651598,7.06515932,7.0651598,4.76837158e-07,84,raw-and-scaled,5,1,fp5_e1m3,fp5_e2m2,3,2,2,757,84,exp2,13,26,13,6,0.568705797,0.753207088,-13,0x3f40d22e,0.753207088,0x3f800000,1,0xbe444aaa,-0.191691071,0xbe444aaa,-0.191691071,10001,0,1,001,10011,0,3,11,0xbd889554,-0.0666910708,0xbb895540,-0.0041910708,0xbf800000,-1
l1,0.0625,0,min-error,metric_min,exp1,0,1,1,7.06515932,7.0651598,7.06515932,7.0651598,4.76837158e-07,85,raw-and-scaled,5,1,fp5_e1m3,fp5_e2m2,3,2,2,757,85,exp2,13,26,13,6,0.568705797,0.753207088,-13,0x3f40d22e,0.753207088,0x3f800000,1,0xbfbcacc2,-1.47402215,0xbfbcacc2,-1.47402215,11011,1,3,011,11101,3,1,01,0xbdcacc20,-0.09902215,0xbe656610,-0.22402215,0x3f800000,1
l1,0.0625,0,min-error,metric_min,exp1,0,1,1,7.06515932,7.0651598,7.06515932,7.0651598,4.76837158e-07,86,raw-and-scaled,5,1,fp5_e1m3,fp5_e2m2,3,2,2,757,86,exp2,13,26,13,6,0.568705797,0.753207088,-13,0x3f40d22e,0.753207088,0x3f800000,1,0xbf375ba0,-0.716241837,0xbf375ba0,-0.716241837,10101,0,5,101,11001,2,1,01,0xbdbadd00,-0.0912418365,0xbdbadd00,-0.0912418365,0x00000000,0
l1,0.0625,0,min-error,metric_min,exp1,0,1,1,7.06515932,7.0651598,7.06515932,7.0651598,4.76837158e-07,87,raw-and-scaled,5,1,fp5_e1m3,fp5_e2m2,3,2,2,757,87,exp2,13,26,13,6,0.568705797,0.753207088,-13,0x3f40d22e,0.753207088,0x3f800000,1,0x3d07b88e,0.0331349894,0x3d07b88e,0.0331349894,00000,0,0,000,00000,0,0,00,0x3d07b88e,0.0331349894,0x3d07b88e,0.0331349894,0x00000000,0
l1,0.0625,0,min-error,metric_min,exp1,0,1,1,7.06515932,7.0651598,7.06515932,7.0651598,4.76837158e-07,88,raw-and-scaled,5,1,fp5_e1m3,fp5_e2m2,3,2,2,757,88,exp2,13,26,13,6,0.568705797,0.753207088,-13,0x3f40d22e,0.753207088,0x3f800000,1,0xbf9a813d,-1.20706904,0xbf9a813d,-1.20706904,11001,1,1,001,11100,3,0,00,0xbda813d0,-0.0820690393,0xbe5409e8,-0.207069039,0x3f800000,1
l1,0.0625,0,min-error,metric_min,exp1,0,1,1,7.06515932,7.0651598,7.06515932,7.0651598,4.76837158e-07,89,raw-and-scaled,5,1,fp5_e1m3,fp5_e2m2,3,2,2,757,89,exp2,13,26,13,6,0.568705797,0.753207088,-13,0x3f40d22e,0.753207088,0x3f800000,1,0xbf1c56ff,-0.610702455,0xbf1c56ff,-0.610702455,10100,0,4,100,11000,2,0,00,0xbde2b7f8,-0.110702455,0xbde2b7f8,-0.110702455,0x00000000,0
l1,0.0625,0,min-error,metric_min,exp1,0,1,1,7.06515932,7.0651598,7.06515932,7.0651598,4.76837158e-07,90,raw-and-scaled,5,1,fp5_e1m3,fp5_e2m2,3,2,2,757,90,exp2,13,26,13,6,0.568705797,0.753207088,-13,0x3f40d22e,0.753207088,0x3f800000,1,0x3f91bf85,1.13865721,0x3f91bf85,1.13865721,01001,1,1,001,01100,3,0,00,0x3c5fc280,0.0136572123,0x3e0dfc28,0.138657212,0x3f800000,1
l1,0.0625,0,min-error,metric_min,exp1,0,1,1,7.06515932,7.0651598,7.06515932,7.0651598,4.76837158e-07,91,raw-and-scaled,5,1,fp5_e1m3,fp5_e2m2,3,2,2,757,91,exp2,13,26,13,6,0.568705797,0.753207088,-13,0x3f40d22e,0.753207088,0x3f800000,1,0xbf875214,-1.05719233,0xbf875214,-1.05719233,11000,1,0,000,11100,3,0,00,0xbd6a4280,-0.0571923256,0xbd6a4280,-0.0571923256,0x00000000,0
l1,0.0625,0,min-error,metric_min,exp1,0,1,1,7.06515932,7.0651598,7.06515932,7.0651598,4.76837158e-07,92,raw-and-scaled,5,1,fp5_e1m3,fp5_e2m2,3,2,2,757,92,exp2,13,26,13,6,0.568705797,0.753207088,-13,0x3f40d22e,0.753207088,0x3f800000,1,0x3f86a77e,1.05198646,0x3f86a77e,1.05198646,01000,1,0,000,01100,3,0,00,0x3d54efc0,0.0519864559,0x3d54efc0,0.0519864559,0x00000000,0
l1,0.0625,0,min-error,metric_min,exp1,0,1,1,7.06515932,7.0651598,7.06515932,7.0651598,4.76837158e-07,93,raw-and-scaled,5,1,fp5_e1m3,fp5_e2m2,3,2,2,757,93,exp2,13,26,13,6,0.568705797,0.753207088,-13,0x3f40d22e,0.753207088,0x3f800000,1,0xbf72c3c4,-0.948299646,0xbf72c3c4,-0.948299646,10111,0,7,111,11011,2,3,11,0xbd961e20,-0.0732996464,0xbd961e20,-0.0732996464,0x00000000,0
l1,0.0625,0,min-error,metric_min,exp1,0,1,1,7.06515932,7.0651598,7.06515932,7.0651598,4.76837158e-07,94,raw-and-scaled,5,1,fp5_e1m3,fp5_e2m2,3,2,2,757,94,exp2,13,26,13,6,0.568705797,0.753207088,-13,0x3f40d22e,0.753207088,0x3f800000,1,0xbf0a61df,-0.540555894,0xbf0a61df,-0.540555894,10100,0,4,100,11000,2,0,00,0xbd261df0,-0.0405558944,0xbd261df0,-0.0405558944,0x00000000,0
l1,0.0625,0,min-error,metric_min,exp1,0,1,1,7.06515932,7.0651598,7.06515932,7.0651598,4.76837158e-07,95,raw-and-scaled,5,1,fp5_e1m3,fp5_e2m2,3,2,2,757,95,exp2,13,26,13,6,0.568705797,0.753207088,-13,0x3f40d22e,0.753207088,0x3f800000,1,0xbd0c304e,-0.0342257544,0xbd0c304e,-0.0342257544,10000,0,0,000,10000,0,0,00,0xbd0c304e,-0.0342257544,0xbd0c304e,-0.0342257544,0x00000000,0
l1,0.0625,0,min-error,metric_min,exp1,0,1,1,7.06515932,7.0651598,7.06515932,7.0651598,4.76837158e-07,96,raw-and-scaled,5,1,fp5_e1m3,fp5_e2m2,3,2,2,757,96,exp2,13,26,13,6,0.568705797,0.753207088,-13,0x3f40d22e,0.753207088,0x3f800000,1,0x3ce4972e,0.0279041193,0x3ce4972e,0.0279041193,00000,0,0,000,00000,0,0,00,0x3ce4972e,0.0279041193,0x3ce4972e,0.0279041193,0x00000000,0
l1,0.0625,0,min-error,metric_min,exp1,0,1,1,7.06515932,7.0651598,7.06515932,7.0651598,4.76837158e-07,97,raw-and-scaled,5,1,fp5_e1m3,fp5_e2m2,3,2,2,757,97,exp2,13,26,13,6,0.568705797,0.753207088,-13,0x3f40d22e,0.753207088,0x3f800000,1,0x3df744d2,0.120736733,0x3df744d2,0.120736733,00000,0,0,000,00001,0,1,01,0x3df744d2,0.120736733,0x3d6e89a4,0.0582367331,0xbf800000,-1
l1,0.0625,0,min-error,metric_min,exp1,0,1,1,7.06515932,7.0651598,7.06515932,7.0651598,4.76837158e-07,98,raw-and-scaled,5,1,fp5_e1m3,fp5_e2m2,3,2,2,757,98,exp2,13,26,13,6,0.568705797,0.753207088,-13,0x3f40d22e,0.753207088,0x3f800000,1,0x3f4e2e32,0.805392385,0x3f4e2e32,0.805392385,00110,0,6,110,01010,2,2,10,0x3d62e320,0.0553923845,0x3d62e320,0.0553923845,0x00000000,0
l1,0.0625,0,min-error,metric_min,exp1,0,1,1,7.06515932,7.0651598,7.06515932,7.0651598,4.76837158e-07,99,raw-and-scaled,5,1,fp5_e1m3,fp5_e2m2,3,2,2,757,99,exp2,13,26,13,6,0.568705797,0.753207088,-13,0x3f40d22e,0.753207088,0x3f800000,1,0x3f4d9445,0.803043664,0x3f4d9445,0.803043664,00110,0,6,110,01010,2,2,10,0x3d594450,0.0530436635,0x3d594450,0.0530436635,0x00000000,0
l1,0.0625,0,min-error,metric_min,exp1,0,1,1,7.06515932,7.0651598,7.06515932,7.0651598,4.76837158e-07,100,raw-and-scaled,5,1,fp5_e1m3,fp5_e2m2,3,2,2,757,100,exp2,13,26,13,6,0.568705797,0.753207088,-13,0x3f40d22e,0.753207088,0x3f800000,1,0xbf08f560,-0.534994125,0xbf08f560,-0.534994125,10100,0,4,100,11000,2,0,00,0xbd0f5600,-0.0349941254,0xbd0f5600,-0.0349941254,0x00000000,0
l1,0.0625,0,min-error,metric_min,exp1,0,1,1,7.06515932,7.0651598,7.06515932,7.0651598,4.76837158e-07,101,raw-and-scaled,5,1,fp5_e1m3,fp5_e2m2,3,2,2,757,101,exp2,13,26,13,6,0.568705797,0.753207088,-13,0x3f40d22e,0.753207088,0x3f800000,1,0x3ae71d9b,0.00176327245,0x3ae71d9b,0.00176327245,00000,0,0,000,00000,0,0,00,0x3ae71d9b,0.00176327245,0x3ae71d9b,0.00176327245,0x00000000,0
l1,0.0625,0,min-error,metric_min,exp1,0,1,1,7.06515932,7.0651598,7.06515932,7.0651598,4.76837158e-07,102,raw-and-scaled,5,1,fp5_e1m3,fp5_e2m2,3,2,2,757,102,exp2,13,26,13,6,0.568705797,0.753207088,-13,0x3f40d22e,0.753207088,0x3f800000,1,0x3edf632a,0.436303437,0x3edf632a,0.436303437,00011,0,3,011,00110,1,2,10,0x3d7b1950,0.0613034368,0x3d7b1950,0.0613034368,0x80000000,-0
l1,0.0625,0,min-error,metric_min,exp1,0,1,1,7.06515932,7.0651598,7.06515932,7.0651598,4.76837158e-07,103,raw-and-scaled,5,1,fp5_e1m3,fp5_e2m2,3,2,2,757,103,exp2,13,26,13,6,0.568705797,0.753207088,-13,0x3f40d22e,0.753207088,0x3f800000,1,0xbe9abc4c,-0.302217841,0xbe9abc4c,-0.302217841,10010,0,2,010,10100,1,0,00,0xbd55e260,-0.0522178411,0xbd55e260,-0.0522178411,0x80000000,-0
l1,0.0625,0,min-error,metric_min,exp1,0,1,1,7.06515932,7.0651598,7.06515932,7.0651598,4.76837158e-07,104,raw-and-scaled,5,1,fp5_e1m3,fp5_e2m2,3,2,2,757,104,exp2,13,26,13,6,0.568705797,0.753207088,-13,0x3f40d22e,0.753207088,0x3f800000,1,0x3ca11eac,0.0196679458,0x3ca11eac,0.0196679458,00000,0,0,000,00000,0,0,00,0x3ca11eac,0.0196679458,0x3ca11eac,0.0196679458,0x00000000,0
l1,0.0625,0,min-error,metric_min,exp1,0,1,1,7.06515932,7.0651598,7.06515932,7.0651598,4.76837158e-07,105,raw-and-scaled,5,1,fp5_e1m3,fp5_e2m2,3,2,2,757,105,exp2,13,26,13,6,0.568705797,0.753207088,-13,0x3f40d22e,0.753207088,0x3f800000,1,0x3fa06d3e,1.25333381,0x3fa06d3e,1.25333381,01010,1,2,010,01101,3,1,01,0x3b5a7c00,0.00333380699,0x3b5a7c00,0.00333380699,0x00000000,0
l1,0.0625,0,min-error,metric_min,exp1,0,1,1,7.06515932,7.0651598,7.06515932,7.0651598,4.76837158e-07,106,raw-and-scaled,5,1,fp5_e1m3,fp5_e2m2,3,2,2,757,106,exp2,13,26,13,6,0.568705797,0.753207088,-13,0x3f40d22e,0.753207088,0x3f800000,1,0xbf262366,-0.648977637,0xbf262366,-0.648977637,10101,0,5,101,11001,2,1,01,0xbcc46cc0,-0.0239776373,0xbcc46cc0,-0.0239776373,0x00000000,0
l1,0.0625,0,min-error,metric_min,exp1,0,1,1,7.06515932,7.0651598,7.06515932,7.0651598,4.76837158e-07,107,raw-and-scaled,5,1,fp5_e1m3,fp5_e2m2,3,2,2,757,107,exp2,13,26,13,6,0.568705797,0.753207088,-13,0x3f40d22e,0.753207088,0x3f800000,1,0x3c19cd66,0.00938734971,0x3c19cd66,0.00938734971,00000,0,0,000,00000,0,0,00,0x3c19cd66,0.00938734971,0x3c19cd66,0.00938734971,0x00000000,0
l1,0.0625,0,min-error,metric_min,exp1,0,1,1,7.06515932,7.0651598,7.06515932,7.0651598,4.76837158e-07,108,raw-and-scaled,5,1,fp5_e1m3,fp5_e2m2,3,2,2,757,108,exp2,13,26,13,6,0.568705797,0.753207088,-13,0x3f40d22e,0.753207088,0x3f800000,1,0x3efe0c88,0.496189356,0x3efe0c88,0.496189356,00011,0,3,011,00111,1,3,11,0x3df83220,0.121189356,0x3d706440,0.0586893559,0xbf800000,-1
l1,0.0625,0,min-error,metric_min,exp1,0,1,1,7.06515932,7.0651598,7.06515932,7.0651598,4.76837158e-07,109,raw-and-scaled,5,1,fp5_e1m3,fp5_e2m2,3,2,2,757,109,exp2,13,26,13,6,0.568705797,0.753207088,-13,0x3f40d22e,0.753207088,0x3f800000,1,0xbc302c4a,-0.0107527468,0xbc302c4a,-0.0107527468,10000,0,0,000,10000,0,0,00,0xbc302c4a,-0.0107527468,0xbc302c4a,-0.0107527468,0x00000000,0
l1,0.0625,0,min-error,metric_min,exp1,0,1,1,7.06515932,7.0651598,7.06515932,7.0651598,4.76837158e-07,110,raw-and-scaled,5,1,fp5_e1m3,fp5_e2m2,3,2,2,757,110,exp2,13,26,13,6,0.568705797,0.753207088,-13,0x3f40d22e,0.753207088,0x3f800000,1,0x3f63f2b3,0.890422046,0x3f63f2b3,0.890422046,00111,0,7,111,01011,2,3,11,0x3c7cacc0,0.0154220462,0x3c7cacc0,0.0154220462,0x00000000,0
l1,0.0625,0,min-error,metric_min,exp1,0,1,1,7.06515932,7.0651598,7.06515932,7.0651598,4.76837158e-07,111,raw-and-scaled,5,1,fp5_e1m3,fp5_e2m2,3,2,2,757,111,exp2,13,26,13,6,0.568705797,0.753207088,-13,0x3f40d22e,0.753207088,0x3f800000,1,0x3f42d33c,0.761035681,0x3f42d33c,0.761035681,00110,0,6,110,01010,2,2,10,0x3c34cf00,0.0110356808,0x3c34cf00,0.0110356808,0x00000000,0
l1,0.0625,0,min-error,metric_min,exp1,0,1,1,7.06515932,7.0651598,7.06515932,7.0651598,4.76837158e-07,112,raw-and-scaled,5,1,fp5_e1m3,fp5_e2m2,3,2,2,757,112,exp2,13,26,13,6,0.568705797,0.753207088,-13,0x3f40d22e,0.753207088,0x3f800000,1,0xbe549b06,-0.207622617,0xbe549b06,-0.207622617,10001,0,1,001,10011,0,3,11,0xbda9360c,-0.0826226175,0xbca4d830,-0.0201226175,0xbf800000,-1
l1,0.0625,0,min-error,metric_min,exp1,0,1,1,7.06515932,7.0651598,7.06515932,7.0651598,4.76837158e-07,113,raw-and-scaled,5,1,fp5_e1m3,fp5_e2m2,3,2,2,757,113,exp2,13,26,13,6,0.568705797,0.753207088,-13,0x3f40d22e,0.753207088,0x3f800000,1,0x3fb3d7ae,1.40501952,0x3fb3d7ae,1.40501952,01011,1,3,011,01101,3,1,01,0x3cf5eb80,0.0300195217,0x3e1ebd70,0.155019522,0x3f800000,1
l1,0.0625,0,min-error,metric_min,exp1,0,1,1,7.06515932,7.0651598,7.06515932,7.0651598,4.76837158e-07,114,raw-and-scaled,5,1,fp5_e1m3,fp5_e2m2,3,2,2,757,114,exp2,13,26,13,6,0.568705797,0.753207088,-13,0x3f40d22e,0.753207088,0x3f800000,1,0xbc4da9da,-0.0125527028,0xbc4da9da,-0.0125527028,10000,0,0,000,10000,0,0,00,0xbc4da9da,-0.0125527028,0xbc4da9da,-0.0125527028,0x00000000,0
l1,0.0625,0,min-error,metric_min,exp1,0,1,1,7.06515932,7.0651598,7.06515932,7.0651598,4.76837158e-07,115,raw-and-scaled,5,1,fp5_e1m3,fp5_e2m2,3,2,2,757,115,exp2,13,26,13,6,0.568705797,0.753207088,-13,0x3f40d22e,0.753207088,0x3f800000,1,0x3fd81ea6,1.68843532,0x3fd81ea6,1.68843532,01101,1,5,101,01110,3,2,10,0x3d81ea60,0.0634353161,0x3e40f530,0.188435316,0x3f800000,1
l1,0.0625,0,min-error,metric_min,exp1,0,1,1,7.06515932,7.0651598,7.06515932,7.0651598,4.76837158e-07,116,raw-and-scaled,5,1,fp5_e1m3,fp5_e2m2,3,2,2,757,116,exp2,13,26,13,6,0.568705797,0.753207088,-13,0x3f40d22e,0.753207088,0x3f800000,1,0xbde6062a,-0.112316445,0xbde6062a,-0.112316445,10000,0,0,000,10001,0,1,01,0xbde6062a,-0.112316445,0xbd4c0c54,-0.0498164445,0xbf800000,-1
l1,0.0625,0,min-error,metric_min,exp1,0,1,1,7.06515932,7.0651598,7.06515932,7.0651598,4.76837158e-07,117,raw-and-scaled,5,1,fp5_e1m3,fp5_e2m2,3,2,2,757,117,exp2,13,26,13,6,0.568705797,0.753207088,-13,0x3f40d22e,0.753207088,0x3f800000,1,0xbe71ce88,-0.236139417,0xbe71ce88,-0.236139417,10001,0,1,001,10011,0,3,11,0xbde39d10,-0.111139417,0xbd473a20,-0.0486394167,0xbf800000,-1
l1,0.0625,0,min-error,metric_min,exp1,0,1,1,7.06515932,7.0651598,7.06515932,7.0651598,4.76837158e-07,118,raw-and-scaled,5,1,fp5_e1m3,fp5_e2m2,3,2,2,757,118,exp2,13,26,13,6,0.568705797,0.753207088,-13,0x3f40d22e,0.753207088,0x3f800000,1,0x3e51eca6,0.205004305,0x3e51eca6,0.205004305,00001,0,1,001,00011,0,3,11,0x3da3d94c,0.0800043046,0x3c8f6530,0.0175043046,0xbf800000,-1
l1,0.0625,0,min-error,metric_min,exp1,0,1,1,7.06515932,7.0651598,7.06515932,7.0651598,4.76837158e-07,119,raw-and-scaled,5,1,fp5_e1m3,fp5_e2m2,3,2,2,757,119,exp2,13,26,13,6,0.568705797,0.753207088,-13,0x3f40d22e,0.753207088,0x3f800000,1,0xbbaa69a1,-0.00520058023,0xbbaa69a1,-0.00520058023,10000,0,0,000,10000,0,0,00,0xbbaa69a1,-0.00520058023,0xbbaa69a1,-0.00520058023,0x00000000,0
l1,0.0625,0,min-error,metric_min,exp1,0,1,1,7.06515932,7.0651598,7.06515932,7.0651598,4.76837158e-07,120,raw-and-scaled,5,1,fp5_e1m3,fp5_e2m2,3,2,2,757,120,exp2,13,26,13,6,0.568705797,0.753207088,-13,0x3f40d22e,0.753207088,0x3f800000,1,0x3f44a080,0.768074036,0x3f44a080,0.768074036,00110,0,6,110,01010,2,2,10,0x3c941000,0.0180740356,0x3c941000,0.0180740356,0x00000000,0
l1,0.0625,0,min-error,metric_min,exp1,0,1,1,7.06515932,7.0651598,7.06515932,7.0651598,4.76837158e-07,121,raw-and-scaled,5,1,fp5_e1m3,fp5_e2m2,3,2,2,757,121,exp2,13,26,13,6,0.568705797,0.753207088,-13,0x3f40d22e,0.753207088,0x3f800000,1,0xbee885a2,-0.454144537,0xbee885a2,-0.454144537,10011,0,3,011,10111,1,3,11,0xbda21688,-0.0791445374,0xbc885a20,-0.0166445374,0xbf800000,-1
l1,0.0625,0,min-error,metric_min,exp1,0,1,1,7.06515932,7.0651598,7.06515932,7.0651598,4.76837158e-07,122,raw-and-scaled,5,1,fp5_e1m3,fp5_e2m2,3,2,2,757,122,exp2,13,26,13,6,0.568705797,0.753207088,-13,0x3f40d22e,0.753207088,0x3f800000,1,0x3fb17f7d,1.38670313,0x3fb17f7d,1.38670313,01011,1,3,011,01101,3,1,01,0x3c3fbe80,0.0117031336,0x3e0bfbe8,0.136703134,0x3f800000,1
l1,0.0625,0,min-error,metric_min,exp1,0,1,1,7.06515932,7.0651598,7.06515932,7.0651598,4.76837158e-07,123,raw-and-scaled,5,1,fp5_e1m3,fp5_e2m2,3,2,2,757,123,exp2,13,26,13,6,0.568705797,0.753207088,-13,0x3f40d22e,0.753207088,0x3f800000,1,0x3f7f4224,0.997102976,0x3f7f4224,0.997102976,00111,0,7,111,01011,2,3,11,0x3dfa1120,0.122102976,0x3dfa1120,0.122102976,0x00000000,0
l1,0.0625,0,min-error,metric_min,exp1,0,1,1,7.06515932,7.0651598,7.06515932,7.0651598,4.76837158e-07,124,raw-and-scaled,5,1,fp5_e1m3,fp5_e2m2,3,2,2,757,124,exp2,13,26,13,6,0.568705797,0.753207088,-13,0x3f40d22e,0.753207088,0x3f800000,1,0x3e88881b,0.266663402,0x3e88881b,0.266663402,00010,0,2,010,00100,1,0,00,0x3c8881b0,0.0166634023,0x3c8881b0,0.0166634023,0x80000000,-0
l1,0.0625,0,min-error,metric_min,exp1,0,1,1,7.06515932,7.0651598,7.06515932,7.0651598,4.76837158e-07,125,raw-and-scaled,5,1,fp5_e1m3,fp5_e2m2,3,2,2,757,125,exp2,13,26,13,6,0.568705797,0.753207088,-13,0x3f40d22e,0.753207088,0x3f800000,1,0xbb9c379e,-0.00476737227,0xbb9c379e,-0.00476737227,10000,0,0,000,10000,0,0,00,0xbb9c379e,-0.00476737227,0xbb9c379e,-0.00476737227,0x00000000,0
l1,0.0625,0,min-error,metric_min,exp1,0,1,1,7.06515932,7.0651598,7.06515932,7.0651598,4.76837158e-07,126,raw-and-scaled,5,1,fp5_e1m3,fp5_e2m2,3,2,2,757,126,exp2,13,26,13,6,0.568705797,0.753207088,-13,0x3f40d22e,0.753207088,0x3f800000,1,0x3e614539,0.219990626,0x3e614539,0.219990626,00001,0,1,001,00011,0,3,11,0x3dc28a72,0.094990626,0x3d0514e4,0.032490626,0xbf800000,-1
l1,0.0625,0,min-error,metric_min,exp1,0,1,1,7.06515932,7.0651598,7.06515932,7.0651598,4.76837158e-07,127,raw-and-scaled,5,1,fp5_e1m3,fp5_e2m2,3,2,2,757,127,exp2,13,26,13,6,0.568705797,0.753207088,-13,0x3f40d22e,0.753207088,0x3f800000,1,0x3fad8efe,1.35592628,0x3fad8efe,1.35592628,01010,1,2,010,01101,3,1,01,0x3dd8efe0,0.105926275,0x3dd8efe0,0.105926275,0x00000000,0
l1,0.0625,0,min-error,metric_min,exp1,0,1,1,1.10469186,1.10469198,1.10469186,1.10469198,1.1920929e-07,0,raw-and-scaled,5,1,fp5_e1m3,fp5_e2m2,3,2,2,777,0,exp2,3,6,3,1,0.0810804293,0.138324901,-3,0x3e0da50b,0.138324901,0x3f800000,1,0x00000000,0,0x00000000,0,00000,0,0,000,00000,0,0,00,0x00000000,0,0x00000000,0,0x00000000,0
l1,0.0625,0,min-error,metric_min,exp1,0,1,1,1.10469186,1.10469198,1.10469186,1.10469198,1.1920929e-07,1,raw-and-scaled,5,1,fp5_e1m3,fp5_e2m2,3,2,2,777,1,exp2,3,6,3,1,0.0810804293,0.138324901,-3,0x3e0da50b,0.138324901,0x3f800000,1,0x00000000,0,0x00000000,0,00000,0,0,000,00000,0,0,00,0x00000000,0,0x00000000,0,0x00000000,0
l1,0.0625,0,min-error,metric_min,exp1,0,1,1,1.10469186,1.10469198,1.10469186,1.10469198,1.1920929e-07,2,raw-and-scaled,5,1,fp5_e1m3,fp5_e2m2,3,2,2,777,2,exp2,3,6,3,1,0.0810804293,0.138324901,-3,0x3e0da50b,0.138324901,0x3f800000,1,0x00000000,0,0x00000000,0,00000,0,0,000,00000,0,0,00,0x00000000,0,0x00000000,0,0x00000000,0
l1,0.0625,0,min-error,metric_min,exp1,0,1,1,1.10469186,1.10469198,1.10469186,1.10469198,1.1920929e-07,3,raw-and-scaled,5,1,fp5_e1m3,fp5_e2m2,3,2,2,777,3,exp2,3,6,3,1,0.0810804293,0.138324901,-3,0x3e0da50b,0.138324901,0x3f800000,1,0x00000000,0,0x00000000,0,00000,0,0,000,00000,0,0,00,0x00000000,0,0x00000000,0,0x00000000,0
l1,0.0625,0,min-error,metric_min,exp1,0,1,1,1.10469186,1.10469198,1.10469186,1.10469198,1.1920929e-07,4,raw-and-scaled,5,1,fp5_e1m3,fp5_e2m2,3,2,2,777,4,exp2,3,6,3,1,0.0810804293,0.138324901,-3,0x3e0da50b,0.138324901,0x3f800000,1,0xbbc8a45c,-0.00612310879,0xbbc8a45c,-0.00612310879,10000,0,0,000,10000,0,0,00,0xbbc8a45c,-0.00612310879,0xbbc8a45c,-0.00612310879,0x00000000,0
l1,0.0625,0,min-error,metric_min,exp1,0,1,1,1.10469186,1.10469198,1.10469186,1.10469198,1.1920929e-07,5,raw-and-scaled,5,1,fp5_e1m3,fp5_e2m2,3,2,2,777,5,exp2,3,6,3,1,0.0810804293,0.138324901,-3,0x3e0da50b,0.138324901,0x3f800000,1,0x00000000,0,0x00000000,0,00000,0,0,000,00000,0,0,00,0x00000000,0,0x00000000,0,0x00000000,0
l1,0.0625,0,min-error,metric_min,exp1,0,1,1,1.10469186,1.10469198,1.10469186,1.10469198,1.1920929e-07,6,raw-and-scaled,5,1,fp5_e1m3,fp5_e2m2,3,2,2,777,6,exp2,3,6,3,1,0.0810804293,0.138324901,-3,0x3e0da50b,0.138324901,0x3f800000,1,0x00000000,0,0x00000000,0,00000,0,0,000,00000,0,0,00,0x00000000,0,0x00000000,0,0x00000000,0
l1,0.0625,0,min-error,metric_min,exp1,0,1,1,1.10469186,1.10469198,1.10469186,1.10469198,1.1920929e-07,7,raw-and-scaled,5,1,fp5_e1m3,fp5_e2m2,3,2,2,777,7,exp2,3,6,3,1,0.0810804293,0.138324901,-3,0x3e0da50b,0.138324901,0x3f800000,1,0x00000000,0,0x00000000,0,00000,0,0,000,00000,0,0,00,0x00000000,0,0x00000000,0,0x00000000,0
l1,0.0625,0,min-error,metric_min,exp1,0,1,1,1.10469186,1.10469198,1.10469186,1.10469198,1.1920929e-07,8,raw-and-scaled,5,1,fp5_e1m3,fp5_e2m2,3,2,2,777,8,exp2,3,6,3,1,0.0810804293,0.138324901,-3,0x3e0da50b,0.138324901,0x3f800000,1,0x00000000,0,0x00000000,0,00000,0,0,000,00000,0,0,00,0x00000000,0,0x00000000,0,0x00000000,0
l1,0.0625,0,min-error,metric_min,exp1,0,1,1,1.10469186,1.10469198,1.10469186,1.10469198,1.1920929e-07,9,raw-and-scaled,5,1,fp5_e1m3,fp5_e2m2,3,2,2,777,9,exp2,3,6,3,1,0.0810804293,0.138324901,-3,0x3e0da50b,0.138324901,0x3f800000,1,0xbb79c1ca,-0.0038109892,0xbb79c1ca,-0.0038109892,10000,0,0,000,10000,0,0,00,0xbb79c1ca,-0.0038109892,0xbb79c1ca,-0.0038109892,0x00000000,0
l1,0.0625,0,min-error,metric_min,exp1,0,1,1,1.10469186,1.10469198,1.10469186,1.10469198,1.1920929e-07,10,raw-and-scaled,5,1,fp5_e1m3,fp5_e2m2,3,2,2,777,10,exp2,3,6,3,1,0.0810804293,0.138324901,-3,0x3e0da50b,0.138324901,0x3f800000,1,0x00000000,0,0x00000000,0,00000,0,0,000,00000,0,0,00,0x00000000,0,0x00000000,0,0x00000000,0
l1,0.0625,0,min-error,metric_min,exp1,0,1,1,1.10469186,1.10469198,1.10469186,1.10469198,1.1920929e-07,11,raw-and-scaled,5,1,fp5_e1m3,fp5_e2m2,3,2,2,777,11,exp2,3,6,3,1,0.0810804293,0.138324901,-3,0x3e0da50b,0.138324901,0x3f800000,1,0x00000000,0,0x00000000,0,00000,0,0,000,00000,0,0,00,0x00000000,0,0x00000000,0,0x00000000,0
l1,0.0625,0,min-error,metric_min,exp1,0,1,1,1.10469186,1.10469198,1.10469186,1.10469198,1.1920929e-07,12,raw-and-scaled,5,1,fp5_e1m3,fp5_e2m2,3,2,2,777,12,exp2,3,6,3,1,0.0810804293,0.138324901,-3,0x3e0da50b,0.138324901,0x3f800000,1,0x00000000,0,0x00000000,0,00000,0,0,000,00000,0,0,00,0x00000000,0,0x00000000,0,0x00000000,0
l1,0.0625,0,min-error,metric_min,exp1,0,1,1,1.10469186,1.10469198,1.10469186,1.10469198,1.1920929e-07,13,raw-and-scaled,5,1,fp5_e1m3,fp5_e2m2,3,2,2,777,13,exp2,3,6,3,1,0.0810804293,0.138324901,-3,0x3e0da50b,0.138324901,0x3f800000,1,0x00000000,0,0x00000000,0,00000,0,0,000,00000,0,0,00,0x00000000,0,0x00000000,0,0x00000000,0
l1,0.0625,0,min-error,metric_min,exp1,0,1,1,1.10469186,1.10469198,1.10469186,1.10469198,1.1920929e-07,14,raw-and-scaled,5,1,fp5_e1m3,fp5_e2m2,3,2,2,777,14,exp2,3,6,3,1,0.0810804293,0.138324901,-3,0x3e0da50b,0.138324901,0x3f800000,1,0x00000000,0,0x00000000,0,00000,0,0,000,00000,0,0,00,0x00000000,0,0x00000000,0,0x00000000,0
l1,0.0625,0,min-error,metric_min,exp1,0,1,1,1.10469186,1.10469198,1.10469186,1.10469198,1.1920929e-07,15,raw-and-scaled,5,1,fp5_e1m3,fp5_e2m2,3,2,2,777,15,exp2,3,6,3,1,0.0810804293,0.138324901,-3,0x3e0da50b,0.138324901,0x3f800000,1,0x00000000,0,0x00000000,0,00000,0,0,000,00000,0,0,00,0x00000000,0,0x00000000,0,0x00000000,0
l1,0.0625,0,min-error,metric_min,exp1,0,1,1,1.10469186,1.10469198,1.10469186,1.10469198,1.1920929e-07,16,raw-and-scaled,5,1,fp5_e1m3,fp5_e2m2,3,2,2,777,16,exp2,3,6,3,1,0.0810804293,0.138324901,-3,0x3e0da50b,0.138324901,0x3f800000,1,0x00000000,0,0x00000000,0,00000,0,0,000,00000,0,0,00,0x00000000,0,0x00000000,0,0x00000000,0
l1,0.0625,0,min-error,metric_min,exp1,0,1,1,1.10469186,1.10469198,1.10469186,1.10469198,1.1920929e-07,17,raw-and-scaled,5,1,fp5_e1m3,fp5_e2m2,3,2,2,777,17,exp2,3,6,3,1,0.0810804293,0.138324901,-3,0x3e0da50b,0.138324901,0x3f800000,1,0x00000000,0,0x00000000,0,00000,0,0,000,00000,0,0,00,0x00000000,0,0x00000000,0,0x00000000,0
l1,0.0625,0,min-error,metric_min,exp1,0,1,1,1.10469186,1.10469198,1.10469186,1.10469198,1.1920929e-07,18,raw-and-scaled,5,1,fp5_e1m3,fp5_e2m2,3,2,2,777,18,exp2,3,6,3,1,0.0810804293,0.138324901,-3,0x3e0da50b,0.138324901,0x3f800000,1,0x00000000,0,0x00000000,0,00000,0,0,000,00000,0,0,00,0x00000000,0,0x00000000,0,0x00000000,0
l1,0.0625,0,min-error,metric_min,exp1,0,1,1,1.10469186,1.10469198,1.10469186,1.10469198,1.1920929e-07,19,raw-and-scaled,5,1,fp5_e1m3,fp5_e2m2,3,2,2,777,19,exp2,3,6,3,1,0.0810804293,0.138324901,-3,0x3e0da50b,0.138324901,0x3f800000,1,0x00000000,0,0x00000000,0,00000,0,0,000,00000,0,0,00,0x00000000,0,0x00000000,0,0x00000000,0
l1,0.0625,0,min-error,metric_min,exp1,0,1,1,1.10469186,1.10469198,1.10469186,1.10469198,1.1920929e-07,20,raw-and-scaled,5,1,fp5_e1m3,fp5_e2m2,3,2,2,777,20,exp2,3,6,3,1,0.0810804293,0.138324901,-3,0x3e0da50b,0.138324901,0x3f800000,1,0xbc7c25d7,-0.0153898811,0xbc7c25d7,-0.0153898811,10000,0,0,000,10000,0,0,00,0xbc7c25d7,-0.0153898811,0xbc7c25d7,-0.0153898811,0x00000000,0
l1,0.0625,0,min-error,metric_min,exp1,0,1,1,1.10469186,1.10469198,1.10469186,1.10469198,1.1920929e-07,21,raw-and-scaled,5,1,fp5_e1m3,fp5_e2m2,3,2,2,777,21,exp2,3,6,3,1,0.0810804293,0.138324901,-3,0x3e0da50b,0.138324901,0x3f800000,1,0x00000000,0,0x00000000,0,00000,0,0,000,00000,0,0,00,0x00000000,0,0x00000000,0,0x00000000,0
l1,0.0625,0,min-error,metric_min,exp1,0,1,1,1.10469186,1.10469198,1.10469186,1.10469198,1.1920929e-07,22,raw-and-scaled,5,1,fp5_e1m3,fp5_e2m2,3,2,2,777,22,exp2,3,6,3,1,0.0810804293,0.138324901,-3,0x3e0da50b,0.138324901,0x3f800000,1,0xbeedad62,-0.464213431,0xbeedad62,-0.464213431,10011,0,3,011,10111,1,3,11,0xbdb6b588,-0.0892134309,0xbcdad620,-0.0267134309,0xbf800000,-1
l1,0.0625,0,min-error,metric_min,exp1,0,1,1,1.10469186,1.10469198,1.10469186,1.10469198,1.1920929e-07,23,raw-and-scaled,5,1,fp5_e1m3,fp5_e2m2,3,2,2,777,23,exp2,3,6,3,1,0.0810804293,0.138324901,-3,0x3e0da50b,0.138324901,0x3f800000,1,0x00000000,0,0x00000000,0,00000,0,0,000,00000,0,0,00,0x00000000,0,0x00000000,0,0x00000000,0
l1,0.0625,0,min-error,metric_min,exp1,0,1,1,1.10469186,1.10469198,1.10469186,1.10469198,1.1920929e-07,24,raw-and-scaled,5,1,fp5_e1m3,fp5_e2m2,3,2,2,777,24,exp2,3,6,3,1,0.0810804293,0.138324901,-3,0x3e0da50b,0.138324901,0x3f800000,1,0x3b9c7d17,0.00477565406,0x3b9c7d17,0.00477565406,00000,0,0,000,00000,0,0,00,0x3b9c7d17,0.00477565406,0x3b9c7d17,0.00477565406,0x00000000,0
l1,0.0625,0,min-error,metric_min,exp1,0,1,1,1.10469186,1.10469198,1.10469186,1.10469198,1.1920929e-07,25,raw-and-scaled,5,1,fp5_e1m3,fp5_e2m2,3,2,2,777,25,exp2,3,6,3,1,0.0810804293,0.138324901,-3,0x3e0da50b,0.138324901,0x3f800000,1,0x00000000,0,0x00000000,0,00000,0,0,000,00000,0,0,00,0x00000000,0,0x00000000,0,0x00000000,0
l1,0.0625,0,min-error,metric_min,exp1,0,1,1,1.10469186,1.10469198,1.10469186,1.10469198,1.1920929e-07,26,raw-and-scaled,5,1,fp5_e1m3,fp5_e2m2,3,2,2,777,26,exp2,3,6,3,1,0.0810804293,0.138324901,-3,0x3e0da50b,0.138324901,0x3f800000,1,0x00000000,0,0x00000000,0,00000,0,0,000,00000,0,0,00,0x00000000,0,0x00000000,0,0x00000000,0
l1,0.0625,0,min-error,metric_min,exp1,0,1,1,1.10469186,1.10469198,1.10469186,1.10469198,1.1920929e-07,27,raw-and-scaled,5,1,fp5_e1m3,fp5_e2m2,3,2,2,777,27,exp2,3,6,3,1,0.0810804293,0.138324901,-3,0x3e0da50b,0.138324901,0x3f800000,1,0x00000000,0,0x00000000,0,00000,0,0,000,00000,0,0,00,0x00000000,0,0x00000000,0,0x00000000,0
l1,0.0625,0,min-error,metric_min,exp1,0,1,1,1.10469186,1.10469198,1.10469186,1.10469198,1.1920929e-07,28,raw-and-scaled,5,1,fp5_e1m3,fp5_e2m2,3,2,2,777,28,exp2,3,6,3,1,0.0810804293,0.138324901,-3,0x3e0da50b,0.138324901,0x3f800000,1,0x00000000,0,0x00000000,0,00000,0,0,000,00000,0,0,00,0x00000000,0,0x00000000,0,0x00000000,0
l1,0.0625,0,min-error,metric_min,exp1,0,1,1,1.10469186,1.10469198,1.10469186,1.10469198,1.1920929e-07,29,raw-and-scaled,5,1,fp5_e1m3,fp5_e2m2,3,2,2,777,29,exp2,3,6,3,1,0.0810804293,0.138324901,-3,0x3e0da50b,0.138324901,0x3f800000,1,0x3d805739,0.062666364,0x3d805739,0.062666364,00000,0,0,000,00001,0,1,01,0x3d805739,0.062666364,0x392e7200,0.000166364014,0xbf800000,-1
l1,0.0625,0,min-error,metric_min,exp1,0,1,1,1.10469186,1.10469198,1.10469186,1.10469198,1.1920929e-07,30,raw-and-scaled,5,1,fp5_e1m3,fp5_e2m2,3,2,2,777,30,exp2,3,6,3,1,0.0810804293,0.138324901,-3,0x3e0da50b,0.138324901,0x3f800000,1,0x00000000,0,0x00000000,0,00000,0,0,000,00000,0,0,00,0x00000000,0,0x00000000,0,0x00000000,0
l1,0.0625,0,min-error,metric_min,exp1,0,1,1,1.10469186,1.10469198,1.10469186,1.10469198,1.1920929e-07,31,raw-and-scaled,5,1,fp5_e1m3,fp5_e2m2,3,2,2,777,31,exp2,3,6,3,1,0.0810804293,0.138324901,-3,0x3e0da50b,0.138324901,0x3f800000,1,0x00000000,0,0x00000000,0,00000,0,0,000,00000,0,0,00,0x00000000,0,0x00000000,0,0x00000000,0
l1,0.0625,0,min-error,metric_min,exp1,0,1,1,1.10469186,1.10469198,1.10469186,1.10469198,1.1920929e-07,32,raw-and-scaled,5,1,fp5_e1m3,fp5_e2m2,3,2,2,777,32,exp2,3,6,3,1,0.0810804293,0.138324901,-3,0x3e0da50b,0.138324901,0x3f800000,1,0x00000000,0,0x00000000,0,00000,0,0,000,00000,0,0,00,0x00000000,0,0x00000000,0,0x00000000,0
l1,0.0625,0,min-error,metric_min,exp1,0,1,1,1.10469186,1.10469198,1.10469186,1.10469198,1.1920929e-07,33,raw-and-scaled,5,1,fp5_e1m3,fp5_e2m2,3,2,2,777,33,exp2,3,6,3,1,0.0810804293,0.138324901,-3,0x3e0da50b,0.138324901,0x3f800000,1,0x00000000,0,0x00000000,0,00000,0,0,000,00000,0,0,00,0x00000000,0,0x00000000,0,0x00000000,0
l1,0.0625,0,min-error,metric_min,exp1,0,1,1,1.10469186,1.10469198,1.10469186,1.10469198,1.1920929e-07,34,raw-and-scaled,5,1,fp5_e1m3,fp5_e2m2,3,2,2,777,34,exp2,3,6,3,1,0.0810804293,0.138324901,-3,0x3e0da50b,0.138324901,0x3f800000,1,0xbd25a4d4,-0.0404403955,0xbd25a4d4,-0.0404403955,10000,0,0,000,10000,0,0,00,0xbd25a4d4,-0.0404403955,0xbd25a4d4,-0.0404403955,0x00000000,0
l1,0.0625,0,min-error,metric_min,exp1,0,1,1,1.10469186,1.10469198,1.10469186,1.10469198,1.1920929e-07,35,raw-and-scaled,5,1,fp5_e1m3,fp5_e2m2,3,2,2,777,35,exp2,3,6,3,1,0.0810804293,0.138324901,-3,0x3e0da50b,0.138324901,0x3f800000,1,0x00000000,0,0x00000000,0,00000,0,0,000,00000,0,0,00,0x00000000,0,0x00000000,0,0x00000000,0
l1,0.0625,0,min-error,metric_min,exp1,0,1,1,1.10469186,1.10469198,1.10469186,1.10469198,1.1920929e-07,36,raw-and-scaled,5,1,fp5_e1m3,fp5_e2m2,3,2,2,777,36,exp2,3,6,3,1,0.0810804293,0.138324901,-3,0x3e0da50b,0.138324901,0x3f800000,1,0x00000000,0,0x00000000,0,00000,0,0,000,00000,0,0,00,0x00000000,0,0x00000000,0,0x00000000,0
l1,0.0625,0,min-error,metric_min,exp1,0,1,1,1.10469186,1.10469198,1.10469186,1.10469198,1.1920929e-07,37,raw-and-scaled,5,1,fp5_e1m3,fp5_e2m2,3,2,2,777,37,exp2,3,6,3,1,0.0810804293,0.138324901,-3,0x3e0da50b,0.138324901,0x3f800000,1,0x00000000,0,0x00000000,0,00000,0,0,000,00000,0,0,00,0x00000000,0,0x00000000,0,0x00000000,0
l1,0.0625,0,min-error,metric_min,exp1,0,1,1,1.10469186,1.10469198,1.10469186,1.10469198,1.1920929e-07,38,raw-and-scaled,5,1,fp5_e1m3,fp5_e2m2,3,2,2,777,38,exp2,3,6,3,1,0.0810804293,0.138324901,-3,0x3e0da50b,0.138324901,0x3f800000,1,0x00000000,0,0x00000000,0,00000,0,0,000,00000,0,0,00,0x00000000,0,0x00000000,0,0x00000000,0
l1,0.0625,0,min-error,metric_min,exp1,0,1,1,1.10469186,1.10469198,1.10469186,1.10469198,1.1920929e-07,39,raw-and-scaled,5,1,fp5_e1m3,fp5_e2m2,3,2,2,777,39,exp2,3,6,3,1,0.0810804293,0.138324901,-3,0x3e0da50b,0.138324901,0x3f800000,1,0x00000000,0,0x00000000,0,00000,0,0,000,00000,0,0,00,0x00000000,0,0x00000000,0,0x00000000,0
l1,0.0625,0,min-error,metric_min,exp1,0,1,1,1.10469186,1.10469198,1.10469186,1.10469198,1.1920929e-07,40,raw-and-scaled,5,1,fp5_e1m3,fp5_e2m2,3,2,2,777,40,exp2,3,6,3,1,0.0810804293,0.138324901,-3,0x3e0da50b,0.138324901,0x3f800000,1,0xbbc332d0,-0.00595698506,0xbbc332d0,-0.00595698506,10000,0,0,000,10000,0,0,00,0xbbc332d0,-0.00595698506,0xbbc332d0,-0.00595698506,0x00000000,0
l1,0.0625,0,min-error,metric_min,exp1,0,1,1,1.10469186,1.10469198,1.10469186,1.10469198,1.1920929e-07,41,raw-and-scaled,5,1,fp5_e1m3,fp5_e2m2,3,2,2,777,41,exp2,3,6,3,1,0.0810804293,0.138324901,-3,0x3e0da50b,0.138324901,0x3f800000,1,0x00000000,0,0x00000000,0,00000,0,0,000,00000,0,0,00,0x00000000,0,0x00000000,0,0x00000000,0
l1,0.0625,0,min-error,metric_min,exp1,0,1,1,1.10469186,1.10469198,1.10469186,1.10469198,1.1920929e-07,42,raw-and-scaled,5,1,fp5_e1m3,fp5_e2m2,3,2,2,777,42,exp2,3,6,3,1,0.0810804293,0.138324901,-3,0x3e0da50b,0.138324901,0x3f800000,1,0x00000000,0,0x00000000,0,00000,0,0,000,00000,0,0,00,0x00000000,0,0x00000000,0,0x00000000,0
l1,0.0625,0,min-error,metric_min,exp1,0,1,1,1.10469186,1.10469198,1.10469186,1.10469198,1.1920929e-07,43,raw-and-scaled,5,1,fp5_e1m3,fp5_e2m2,3,2,2,777,43,exp2,3,6,3,1,0.0810804293,0.138324901,-3,0x3e0da50b,0.138324901,0x3f800000,1,0xbdaaf0ec,-0.0834673345,0xbdaaf0ec,-0.0834673345,10000,0,0,000,10001,0,1,01,0xbdaaf0ec,-0.0834673345,0xbcabc3b0,-0.0209673345,0xbf800000,-1
l1,0.0625,0,min-error,metric_min,exp1,0,1,1,1.10469186,1.10469198,1.10469186,1.10469198,1.1920929e-07,44,raw-and-scaled,5,1,fp5_e1m3,fp5_e2m2,3,2,2,777,44,exp2,3,6,3,1,0.0810804293,0.138324901,-3,0x3e0da50b,0.138324901,0x3f800000,1,0x00000000,0,0x00000000,0,00000,0,0,000,00000,0,0,00,0x00000000,0,0x00000000,0,0x00000000,0
l1,0.0625,0,min-error,metric_min,exp1,0,1,1,1.10469186,1.10469198,1.10469186,1.10469198,1.1920929e-07,45,raw-and-scaled,5,1,fp5_e1m3,fp5_e2m2,3,2,2,777,45,exp2,3,6,3,1,0.0810804293,0.138324901,-3,0x3e0da50b,0.138324901,0x3f800000,1,0xbf97efba,-1.18700337,0xbf97efba,-1.18700337,11001,1,1,001,11100,3,0,00,0xbd7df740,-0.0620033741,0xbe3f7dd0,-0.187003374,0x3f800000,1
l1,0.0625,0,min-error,metric_min,exp1,0,1,1,1.10469186,1.10469198,1.10469186,1.10469198,1.1920929e-07,46,raw-and-scaled,5,1,fp5_e1m3,fp5_e2m2,3,2,2,777,46,exp2,3,6,3,1,0.0810804293,0.138324901,-3,0x3e0da50b,0.138324901,0x3f800000,1,0x00000000,0,0x00000000,0,00000,0,0,000,00000,0,0,00,0x00000000,0,0x00000000,0,0x00000000,0
l1,0.0625,0,min-error,metric_min,exp1,0,1,1,1.10469186,1.10469198,1.10469186,1.10469198,1.1920929e-07,47,raw-and-scaled,5,1,fp5_e1m3,fp5_e2m2,3,2,2,777,47,exp2,3,6,3,1,0.0810804293,0.138324901,-3,0x3e0da50b,0.138324901,0x3f800000,1,0x3c735b1d,0.0148532661,0x3c735b1d,0.0148532661,00000,0,0,000,00000,0,0,00,0x3c735b1d,0.0148532661,0x3c735b1d,0.0148532661,0x00000000,0
l1,0.0625,0,min-error,metric_min,exp1,0,1,1,1.10469186,1.10469198,1.10469186,1.10469198,1.1920929e-07,48,raw-and-scaled,5,1,fp5_e1m3,fp5_e2m2,3,2,2,777,48,exp2,3,6,3,1,0.0810804293,0.138324901,-3,0x3e0da50b,0.138324901,0x3f800000,1,0xbf9bde7f,-1.21772754,0xbf9bde7f,-1.21772754,11001,1,1,001,11100,3,0,00,0xbdbde7f0,-0.0927275419,0xbe5ef3f8,-0.217727542,0x3f800000,1
l1,0.0625,0,min-error,metric_min,exp1,0,1,1,1.10469186,1.10469198,1.10469186,1.10469198,1.1920929e-07,49,raw-and-scaled,5,1,fp5_e1m3,fp5_e2m2,3,2,2,777,49,exp2,3,6,3,1,0.0810804293,0.138324901,-3,0x3e0da50b,0.138324901,0x3f800000,1,0x00000000,0,0x00000000,0,00000,0,0,000,00000,0,0,00,0x00000000,0,0x00000000,0,0x00000000,0
l1,0.0625,0,min-error,metric_min,exp1,0,1,1,1.10469186,1.10469198,1.10469186,1.10469198,1.1920929e-07,50,raw-and-scaled,5,1,fp5_e1m3,fp5_e2m2,3,2,2,777,50,exp2,3,6,3,1,0.0810804293,0.138324901,-3,0x3e0da50b,0.138324901,0x3f800000,1,0x00000000,0,0x00000000,0,00000,0,0,000,00000,0,0,00,0x00000000,0,0x00000000,0,0x00000000,0
l1,0.0625,0,min-error,metric_min,exp1,0,1,1,1.10469186,1.10469198,1.10469186,1.10469198,1.1920929e-07,51,raw-and-scaled,5,1,fp5_e1m3,fp5_e2m2,3,2,2,777,51,exp2,3,6,3,1,0.0810804293,0.138324901,-3,0x3e0da50b,0.138324901,0x3f800000,1,0x00000000,0,0x00000000,0,00000,0,0,000,00000,0,0,00,0x00000000,0,0x00000000,0,0x00000000,0
l1,0.0625,0,min-error,metric_min,exp1,0,1,1,1.10469186,1.10469198,1.10469186,1.10469198,1.1920929e-07,52,raw-and-scaled,5,1,fp5_e1m3,fp5_e2m2,3,2,2,777,52,exp2,3,6,3,1,0.0810804293,0.138324901,-3,0x3e0da50b,0.138324901,0x3f800000,1,0x00000000,0,0x00000000,0,00000,0,0,000,00000,0,0,00,0x00000000,0,0x00000000,0,0x00000000,0
l1,0.0625,0,min-error,metric_min,exp1,0,1,1,1.10469186,1.10469198,1.10469186,1.10469198,1.1920929e-07,53,raw-and-scaled,5,1,fp5_e1m3,fp5_e2m2,3,2,2,777,53,exp2,3,6,3,1,0.0810804293,0.138324901,-3,0x3e0da50b,0.138324901,0x3f800000,1,0x00000000,0,0x00000000,0,00000,0,0,000,00000,0,0,00,0x00000000,0,0x00000000,0,0x00000000,0
l1,0.0625,0,min-error,metric_min,exp1,0,1,1,1.10469186,1.10469198,1.10469186,1.10469198,1.1920929e-07,54,raw-and-scaled,5,1,fp5_e1m3,fp5_e2m2,3,2,2,777,54,exp2,3,6,3,1,0.0810804293,0.138324901,-3,0x3e0da50b,0.138324901,0x3f800000,1,0x00000000,0,0x00000000,0,00000,0,0,000,00000,0,0,00,0x00000000,0,0x00000000,0,0x00000000,0
l1,0.0625,0,min-error,metric_min,exp1,0,1,1,1.10469186,1.10469198,1.10469186,1.10469198,1.1920929e-07,55,raw-and-scaled,5,1,fp5_e1m3,fp5_e2m2,3,2,2,777,55,exp2,3,6,3,1,0.0810804293,0.138324901,-3,0x3e0da50b,0.138324901,0x3f800000,1,0x00000000,0,0x00000000,0,00000,0,0,000,00000,0,0,00,0x00000000,0,0x00000000,0,0x00000000,0
l1,0.0625,0,min-error,metric_min,exp1,0,1,1,1.10469186,1.10469198,1.10469186,1.10469198,1.1920929e-07,56,raw-and-scaled,5,1,fp5_e1m3,fp5_e2m2,3,2,2,777,56,exp2,3,6,3,1,0.0810804293,0.138324901,-3,0x3e0da50b,0.138324901,0x3f800000,1,0x3bd211e9,0.00641082646,0x3bd211e9,0.00641082646,00000,0,0,000,00000,0,0,00,0x3bd211e9,0.00641082646,0x3bd211e9,0.00641082646,0x00000000,0
l1,0.0625,0,min-error,metric_min,exp1,0,1,1,1.10469186,1.10469198,1.10469186,1.10469198,1.1920929e-07,57,raw-and-scaled,5,1,fp5_e1m3,fp5_e2m2,3,2,2,777,57,exp2,3,6,3,1,0.0810804293,0.138324901,-3,0x3e0da50b,0.138324901,0x3f800000,1,0xbb37a068,-0.00280191936,0xbb37a068,-0.00280191936,10000,0,0,000,10000,0,0,00,0xbb37a068,-0.00280191936,0xbb37a068,-0.00280191936,0x00000000,0
l1,0.0625,0,min-error,metric_min,exp1,0,1,1,1.10469186,1.10469198,1.10469186,1.10469198,1.1920929e-07,58,raw-and-scaled,5,1,fp5_e1m3,fp5_e2m2,3,2,2,777,58,exp2,3,6,3,1,0.0810804293,0.138324901,-3,0x3e0da50b,0.138324901,0x3f800000,1,0x00000000,0,0x00000000,0,00000,0,0,000,00000,0,0,00,0x00000000,0,0x00000000,0,0x00000000,0
l1,0.0625,0,min-error,metric_min,exp1,0,1,1,1.10469186,1.10469198,1.10469186,1.10469198,1.1920929e-07,59,raw-and-scaled,5,1,fp5_e1m3,fp5_e2m2,3,2,2,777,59,exp2,3,6,3,1,0.0810804293,0.138324901,-3,0x3e0da50b,0.138324901,0x3f800000,1,0x00000000,0,0x00000000,0,00000,0,0,000,00000,0,0,00,0x00000000,0,0x00000000,0,0x00000000,0
l1,0.0625,0,min-error,metric_min,exp1,0,1,1,1.10469186,1.10469198,1.10469186,1.10469198,1.1920929e-07,60,raw-and-scaled,5,1,fp5_e1m3,fp5_e2m2,3,2,2,777,60,exp2,3,6,3,1,0.0810804293,0.138324901,-3,0x3e0da50b,0.138324901,0x3f800000,1,0xbe70e201,-0.235237136,0xbe70e201,-0.235237136,10001,0,1,001,10011,0,3,11,0xbde1c402,-0.110237136,0xbd438804,-0.0477371365,0xbf800000,-1
l1,0.0625,0,min-error,metric_min,exp1,0,1,1,1.10469186,1.10469198,1.10469186,1.10469198,1.1920929e-07,61,raw-and-scaled,5,1,fp5_e1m3,fp5_e2m2,3,2,2,777,61,exp2,3,6,3,1,0.0810804293,0.138324901,-3,0x3e0da50b,0.138324901,0x3f800000,1,0x00000000,0,0x00000000,0,00000,0,0,000,00000,0,0,00,0x00000000,0,0x00000000,0,0x00000000,0
l1,0.0625,0,min-error,metric_min,exp1,0,1,1,1.10469186,1.10469198,1.10469186,1.10469198,1.1920929e-07,62,raw-and-scaled,5,1,fp5_e1m3,fp5_e2m2,3,2,2,777,62,exp2,3,6,3,1,0.0810804293,0.138324901,-3,0x3e0da50b,0.138324901,0x3f800000,1,0x00000000,0,0x00000000,0,00000,0,0,000,00000,0,0,00,0x00000000,0,0x00000000,0,0x00000000,0
l1,0.0625,0,min-error,metric_min,exp1,0,1,1,1.10469186,1.10469198,1.10469186,1.10469198,1.1920929e-07,63,raw-and-scaled,5,1,fp5_e1m3,fp5_e2m2,3,2,2,777,63,exp2,3,6,3,1,0.0810804293,0.138324901,-3,0x3e0da50b,0.138324901,0x3f800000,1,0x00000000,0,0x00000000,0,00000,0,0,000,00000,0,0,00,0x00000000,0,0x00000000,0,0x00000000,0
l1,0.0625,0,min-error,metric_min,exp1,0,1,1,1.10469186,1.10469198,1.10469186,1.10469198,1.1920929e-07,64,raw-and-scaled,5,1,fp5_e1m3,fp5_e2m2,3,2,2,777,64,exp2,3,6,3,1,0.0810804293,0.138324901,-3,0x3e0da50b,0.138324901,0x3f800000,1,0xbaef1727,-0.00182411529,0xbaef1727,-0.00182411529,10000,0,0,000,10000,0,0,00,0xbaef1727,-0.00182411529,0xbaef1727,-0.00182411529,0x00000000,0
l1,0.0625,0,min-error,metric_min,exp1,0,1,1,1.10469186,1.10469198,1.10469186,1.10469198,1.1920929e-07,65,raw-and-scaled,5,1,fp5_e1m3,fp5_e2m2,3,2,2,777,65,exp2,3,6,3,1,0.0810804293,0.138324901,-3,0x3e0da50b,0.138324901,0x3f800000,1,0x3c5f8136,0.0136416461,0x3c5f8136,0.0136416461,00000,0,0,000,00000,0,0,00,0x3c5f8136,0.0136416461,0x3c5f8136,0.0136416461,0x00000000,0
l1,0.0625,0,min-error,metric_min,exp1,0,1,1,1.10469186,1.10469198,1.10469186,1.10469198,1.1920929e-07,66,raw-and-scaled,5,1,fp5_e1m3,fp5_e2m2,3,2,2,777,66,exp2,3,6,3,1,0.0810804293,0.138324901,-3,0x3e0da50b,0.138324901,0x3f800000,1,0x00000000,0,0x00000000,0,00000,0,0,000,00000,0,0,00,0x00000000,0,0x00000000,0,0x00000000,0
l1,0.0625,0,min-error,metric_min,exp1,0,1,1,1.10469186,1.10469198,1.10469186,1.10469198,1.1920929e-07,67,raw-and-scaled,5,1,fp5_e1m3,fp5_e2m2,3,2,2,777,67,exp2,3,6,3,1,0.0810804293,0.138324901,-3,0x3e0da50b,0.138324901,0x3f800000,1,0x00000000,0,0x00000000,0,00000,0,0,000,00000,0,0,00,0x00000000,0,0x00000000,0,0x00000000,0
l1,0.0625,0,min-error,metric_min,exp1,0,1,1,1.10469186,1.10469198,1.10469186,1.10469198,1.1920929e-07,68,raw-and-scaled,5,1,fp5_e1m3,fp5_e2m2,3,2,2,777,68,exp2,3,6,3,1,0.0810804293,0.138324901,-3,0x3e0da50b,0.138324901,0x3f800000,1,0x3c4c4bf4,0.0124692805,0x3c4c4bf4,0.0124692805,00000,0,0,000,00000,0,0,00,0x3c4c4bf4,0.0124692805,0x3c4c4bf4,0.0124692805,0x00000000,0
l1,0.0625,0,min-error,metric_min,exp1,0,1,1,1.10469186,1.10469198,1.10469186,1.10469198,1.1920929e-07,69,raw-and-scaled,5,1,fp5_e1m3,fp5_e2m2,3,2,2,777,69,exp2,3,6,3,1,0.0810804293,0.138324901,-3,0x3e0da50b,0.138324901,0x3f800000,1,0x00000000,0,0x00000000,0,00000,0,0,000,00000,0,0,00,0x00000000,0,0x00000000,0,0x00000000,0
l1,0.0625,0,min-error,metric_min,exp1,0,1,1,1.10469186,1.10469198,1.10469186,1.10469198,1.1920929e-07,70,raw-and-scaled,5,1,fp5_e1m3,fp5_e2m2,3,2,2,777,70,exp2,3,6,3,1,0.0810804293,0.138324901,-3,0x3e0da50b,0.138324901,0x3f800000,1,0x00000000,0,0x00000000,0,00000,0,0,000,00000,0,0,00,0x00000000,0,0x00000000,0,0x00000000,0
l1,0.0625,0,min-error,metric_min,exp1,0,1,1,1.10469186,1.10469198,1.10469186,1.10469198,1.1920929e-07,71,raw-and-scaled,5,1,fp5_e1m3,fp5_e2m2,3,2,2,777,71,exp2,3,6,3,1,0.0810804293,0.138324901,-3,0x3e0da50b,0.138324901,0x3f800000,1,0x00000000,0,0x00000000,0,00000,0,0,000,00000,0,0,00,0x00000000,0,0x00000000,0,0x00000000,0
l1,0.0625,0,min-error,metric_min,exp1,0,1,1,1.10469186,1.10469198,1.10469186,1.10469198,1.1920929e-07,72,raw-and-scaled,5,1,fp5_e1m3,fp5_e2m2,3,2,2,777,72,exp2,3,6,3,1,0.0810804293,0.138324901,-3,0x3e0da50b,0.138324901,0x3f800000,1,0x00000000,0,0x00000000,0,00000,0,0,000,00000,0,0,00,0x00000000,0,0x00000000,0,0x00000000,0
l1,0.0625,0,min-error,metric_min,exp1,0,1,1,1.10469186,1.10469198,1.10469186,1.10469198,1.1920929e-07,73,raw-and-scaled,5,1,fp5_e1m3,fp5_e2m2,3,2,2,777,73,exp2,3,6,3,1,0.0810804293,0.138324901,-3,0x3e0da50b,0.138324901,0x3f800000,1,0x00000000,0,0x00000000,0,00000,0,0,000,00000,0,0,00,0x00000000,0,0x00000000,0,0x00000000,0
l1,0.0625,0,min-error,metric_min,exp1,0,1,1,1.10469186,1.10469198,1.10469186,1.10469198,1.1920929e-07,74,raw-and-scaled,5,1,fp5_e1m3,fp5_e2m2,3,2,2,777,74,exp2,3,6,3,1,0.0810804293,0.138324901,-3,0x3e0da50b,0.138324901,0x3f800000,1,0x00000000,0,0x00000000,0,00000,0,0,000,00000,0,0,00,0x00000000,0,0x00000000,0,0x00000000,0
l1,0.0625,0,min-error,metric_min,exp1,0,1,1,1.10469186,1.10469198,1.10469186,1.10469198,1.1920929e-07,75,raw-and-scaled,5,1,fp5_e1m3,fp5_e2m2,3,2,2,777,75,exp2,3,6,3,1,0.0810804293,0.138324901,-3,0x3e0da50b,0.138324901,0x3f800000,1,0xbb8be290,-0.00426895171,0xbb8be290,-0.00426895171,10000,0,0,000,10000,0,0,00,0xbb8be290,-0.00426895171,0xbb8be290,-0.00426895171,0x00000000,0
l1,0.0625,0,min-error,metric_min,exp1,0,1,1,1.10469186,1.10469198,1.10469186,1.10469198,1.1920929e-07,76,raw-and-scaled,5,1,fp5_e1m3,fp5_e2m2,3,2,2,777,76,exp2,3,6,3,1,0.0810804293,0.138324901,-3,0x3e0da50b,0.138324901,0x3f800000,1,0x00000000,0,0x00000000,0,00000,0,0,000,00000,0,0,00,0x00000000,0,0x00000000,0,0x00000000,0
l1,0.0625,0,min-error,metric_min,exp1,0,1,1,1.10469186,1.10469198,1.10469186,1.10469198,1.1920929e-07,77,raw-and-scaled,5,1,fp5_e1m3,fp5_e2m2,3,2,2,777,77,exp2,3,6,3,1,0.0810804293,0.138324901,-3,0x3e0da50b,0.138324901,0x3f800000,1,0x00000000,0,0x00000000,0,00000,0,0,000,00000,0,0,00,0x00000000,0,0x00000000,0,0x00000000,0
l1,0.0625,0,min-error,metric_min,exp1,0,1,1,1.10469186,1.10469198,1.10469186,1.10469198,1.1920929e-07,78,raw-and-scaled,5,1,fp5_e1m3,fp5_e2m2,3,2,2,777,78,exp2,3,6,3,1,0.0810804293,0.138324901,-3,0x3e0da50b,0.138324901,0x3f800000,1,0x00000000,0,0x00000000,0,00000,0,0,000,00000,0,0,00,0x00000000,0,0x00000000,0,0x00000000,0
l1,0.0625,0,min-error,metric_min,exp1,0,1,1,1.10469186,1.10469198,1.10469186,1.10469198,1.1920929e-07,79,raw-and-scaled,5,1,fp5_e1m3,fp5_e2m2,3,2,2,777,79,exp2,3,6,3,1,0.0810804293,0.138324901,-3,0x3e0da50b,0.138324901,0x3f800000,1,0x3e1715f1,0.147544637,0x3e1715f1,0.147544637,00001,0,1,001,00010,0,2,10,0x3cb8af88,0.0225446373,0x3cb8af88,0.0225446373,0x80000000,-0
l1,0.0625,0,min-error,metric_min,exp1,0,1,1,1.10469186,1.10469198,1.10469186,1.10469198,1.1920929e-07,80,raw-and-scaled,5,1,fp5_e1m3,fp5_e2m2,3,2,2,777,80,exp2,3,6,3,1,0.0810804293,0.138324901,-3,0x3e0da50b,0.138324901,0x3f800000,1,0x00000000,0,0x00000000,0,00000,0,0,000,00000,0,0,00,0x00000000,0,0x00000000,0,0x00000000,0
l1,0.0625,0,min-error,metric_min,exp1,0,1,1,1.10469186,1.10469198,1.10469186,1.10469198,1.1920929e-07,81,raw-and-scaled,5,1,fp5_e1m3,fp5_e2m2,3,2,2,777,81,exp2,3,6,3,1,0.0810804293,0.138324901,-3,0x3e0da50b,0.138324901,0x3f800000,1,0x3f431bf3,0.762145221,0x3f431bf3,0.762145221,00110,0,6,110,01010,2,2,10,0x3c46fcc0,0.0121452212,0x3c46fcc0,0.0121452212,0x00000000,0
l1,0.0625,0,min-error,metric_min,exp1,0,1,1,1.10469186,1.10469198,1.10469186,1.10469198,1.1920929e-07,82,raw-and-scaled,5,1,fp5_e1m3,fp5_e2m2,3,2,2,777,82,exp2,3,6,3,1,0.0810804293,0.138324901,-3,0x3e0da50b,0.138324901,0x3f800000,1,0x00000000,0,0x00000000,0,00000,0,0,000,00000,0,0,00,0x00000000,0,0x00000000,0,0x00000000,0
l1,0.0625,0,min-error,metric_min,exp1,0,1,1,1.10469186,1.10469198,1.10469186,1.10469198,1.1920929e-07,83,raw-and-scaled,5,1,fp5_e1m3,fp5_e2m2,3,2,2,777,83,exp2,3,6,3,1,0.0810804293,0.138324901,-3,0x3e0da50b,0.138324901,0x3f800000,1,0x00000000,0,0x00000000,0,00000,0,0,000,00000,0,0,00,0x00000000,0,0x00000000,0,0x00000000,0
l1,0.0625,0,min-error,metric_min,exp1,0,1,1,1.10469186,1.10469198,1.10469186,1.10469198,1.1920929e-07,84,raw-and-scaled,5,1,fp5_e1m3,fp5_e2m2,3,2,2,777,84,exp2,3,6,3,1,0.0810804293,0.138324901,-3,0x3e0da50b,0.138324901,0x3f800000,1,0x00000000,0,0x00000000,0,00000,0,0,000,00000,0,0,00,0x00000000,0,0x00000000,0,0x00000000,0
l1,0.0625,0,min-error,metric_min,exp1,0,1,1,1.10469186,1.10469198,1.10469186,1.10469198,1.1920929e-07,85,raw-and-scaled,5,1,fp5_e1m3,fp5_e2m2,3,2,2,777,85,exp2,3,6,3,1,0.0810804293,0.138324901,-3,0x3e0da50b,0.138324901,0x3f800000,1,0x00000000,0,0x00000000,0,00000,0,0,000,00000,0,0,00,0x00000000,0,0x00000000,0,0x00000000,0
l1,0.0625,0,min-error,metric_min,exp1,0,1,1,1.10469186,1.10469198,1.10469186,1.10469198,1.1920929e-07,86,raw-and-scaled,5,1,fp5_e1m3,fp5_e2m2,3,2,2,777,86,exp2,3,6,3,1,0.0810804293,0.138324901,-3,0x3e0da50b,0.138324901,0x3f800000,1,0xbdd362c2,-0.103215709,0xbdd362c2,-0.103215709,10000,0,0,000,10001,0,1,01,0xbdd362c2,-0.103215709,0xbd26c584,-0.0407157093,0xbf800000,-1
l1,0.0625,0,min-error,metric_min,exp1,0,1,1,1.10469186,1.10469198,1.10469186,1.10469198,1.1920929e-07,87,raw-and-scaled,5,1,fp5_e1m3,fp5_e2m2,3,2,2,777,87,exp2,3,6,3,1,0.0810804293,0.138324901,-3,0x3e0da50b,0.138324901,0x3f800000,1,0x00000000,0,0x00000000,0,00000,0,0,000,00000,0,0,00,0x00000000,0,0x00000000,0,0x00000000,0
l1,0.0625,0,min-error,metric_min,exp1,0,1,1,1.10469186,1.10469198,1.10469186,1.10469198,1.1920929e-07,88,raw-and-scaled,5,1,fp5_e1m3,fp5_e2m2,3,2,2,777,88,exp2,3,6,3,1,0.0810804293,0.138324901,-3,0x3e0da50b,0.138324901,0x3f800000,1,0x00000000,0,0x00000000,0,00000,0,0,000,00000,0,0,00,0x00000000,0,0x00000000,0,0x00000000,0
l1,0.0625,0,min-error,metric_min,exp1,0,1,1,1.10469186,1.10469198,1.10469186,1.10469198,1.1920929e-07,89,raw-and-scaled,5,1,fp5_e1m3,fp5_e2m2,3,2,2,777,89,exp2,3,6,3,1,0.0810804293,0.138324901,-3,0x3e0da50b,0.138324901,0x3f800000,1,0x00000000,0,0x00000000,0,00000,0,0,000,00000,0,0,00,0x00000000,0,0x00000000,0,0x00000000,0
l1,0.0625,0,min-error,metric_min,exp1,0,1,1,1.10469186,1.10469198,1.10469186,1.10469198,1.1920929e-07,90,raw-and-scaled,5,1,fp5_e1m3,fp5_e2m2,3,2,2,777,90,exp2,3,6,3,1,0.0810804293,0.138324901,-3,0x3e0da50b,0.138324901,0x3f800000,1,0x00000000,0,0x00000000,0,00000,0,0,000,00000,0,0,00,0x00000000,0,0x00000000,0,0x00000000,0
l1,0.0625,0,min-error,metric_min,exp1,0,1,1,1.10469186,1.10469198,1.10469186,1.10469198,1.1920929e-07,91,raw-and-scaled,5,1,fp5_e1m3,fp5_e2m2,3,2,2,777,91,exp2,3,6,3,1,0.0810804293,0.138324901,-3,0x3e0da50b,0.138324901,0x3f800000,1,0x00000000,0,0x00000000,0,00000,0,0,000,00000,0,0,00,0x00000000,0,0x00000000,0,0x00000000,0
l1,0.0625,0,min-error,metric_min,exp1,0,1,1,1.10469186,1.10469198,1.10469186,1.10469198,1.1920929e-07,92,raw-and-scaled,5,1,fp5_e1m3,fp5_e2m2,3,2,2,777,92,exp2,3,6,3,1,0.0810804293,0.138324901,-3,0x3e0da50b,0.138324901,0x3f800000,1,0x00000000,0,0x00000000,0,00000,0,0,000,00000,0,0,00,0x00000000,0,0x00000000,0,0x00000000,0
l1,0.0625,0,min-error,metric_min,exp1,0,1,1,1.10469186,1.10469198,1.10469186,1.10469198,1.1920929e-07,93,raw-and-scaled,5,1,fp5_e1m3,fp5_e2m2,3,2,2,777,93,exp2,3,6,3,1,0.0810804293,0.138324901,-3,0x3e0da50b,0.138324901,0x3f800000,1,0x00000000,0,0x00000000,0,00000,0,0,000,00000,0,0,00,0x00000000,0,0x00000000,0,0x00000000,0
l1,0.0625,0,min-error,metric_min,exp1,0,1,1,1.10469186,1.10469198,1.10469186,1.10469198,1.1920929e-07,94,raw-and-scaled,5,1,fp5_e1m3,fp5_e2m2,3,2,2,777,94,exp2,3,6,3,1,0.0810804293,0.138324901,-3,0x3e0da50b,0.138324901,0x3f800000,1,0x00000000,0,0x00000000,0,00000,0,0,000,00000,0,0,00,0x00000000,0,0x00000000,0,0x00000000,0
l1,0.0625,0,min-error,metric_min,exp1,0,1,1,1.10469186,1.10469198,1.10469186,1.10469198,1.1920929e-07,95,raw-and-scaled,5,1,fp5_e1m3,fp5_e2m2,3,2,2,777,95,exp2,3,6,3,1,0.0810804293,0.138324901,-3,0x3e0da50b,0.138324901,0x3f800000,1,0x00000000,0,0x00000000,0,00000,0,0,000,00000,0,0,00,0x00000000,0,0x00000000,0,0x00000000,0
l1,0.0625,0,min-error,metric_min,exp1,0,1,1,1.10469186,1.10469198,1.10469186,1.10469198,1.1920929e-07,96,raw-and-scaled,5,1,fp5_e1m3,fp5_e2m2,3,2,2,777,96,exp2,3,6,3,1,0.0810804293,0.138324901,-3,0x3e0da50b,0.138324901,0x3f800000,1,0x00000000,0,0x00000000,0,00000,0,0,000,00000,0,0,00,0x00000000,0,0x00000000,0,0x00000000,0
l1,0.0625,0,min-error,metric_min,exp1,0,1,1,1.10469186,1.10469198,1.10469186,1.10469198,1.1920929e-07,97,raw-and-scaled,5,1,fp5_e1m3,fp5_e2m2,3,2,2,777,97,exp2,3,6,3,1,0.0810804293,0.138324901,-3,0x3e0da50b,0.138324901,0x3f800000,1,0x00000000,0,0x00000000,0,00000,0,0,000,00000,0,0,00,0x00000000,0,0x00000000,0,0x00000000,0
l1,0.0625,0,min-error,metric_min,exp1,0,1,1,1.10469186,1.10469198,1.10469186,1.10469198,1.1920929e-07,98,raw-and-scaled,5,1,fp5_e1m3,fp5_e2m2,3,2,2,777,98,exp2,3,6,3,1,0.0810804293,0.138324901,-3,0x3e0da50b,0.138324901,0x3f800000,1,0x00000000,0,0x00000000,0,00000,0,0,000,00000,0,0,00,0x00000000,0,0x00000000,0,0x00000000,0
l1,0.0625,0,min-error,metric_min,exp1,0,1,1,1.10469186,1.10469198,1.10469186,1.10469198,1.1920929e-07,99,raw-and-scaled,5,1,fp5_e1m3,fp5_e2m2,3,2,2,777,99,exp2,3,6,3,1,0.0810804293,0.138324901,-3,0x3e0da50b,0.138324901,0x3f800000,1,0x00000000,0,0x00000000,0,00000,0,0,000,00000,0,0,00,0x00000000,0,0x00000000,0,0x00000000,0
l1,0.0625,0,min-error,metric_min,exp1,0,1,1,1.10469186,1.10469198,1.10469186,1.10469198,1.1920929e-07,100,raw-and-scaled,5,1,fp5_e1m3,fp5_e2m2,3,2,2,777,100,exp2,3,6,3,1,0.0810804293,0.138324901,-3,0x3e0da50b,0.138324901,0x3f800000,1,0x00000000,0,0x00000000,0,00000,0,0,000,00000,0,0,00,0x00000000,0,0x00000000,0,0x00000000,0
l1,0.0625,0,min-error,metric_min,exp1,0,1,1,1.10469186,1.10469198,1.10469186,1.10469198,1.1920929e-07,101,raw-and-scaled,5,1,fp5_e1m3,fp5_e2m2,3,2,2,777,101,exp2,3,6,3,1,0.0810804293,0.138324901,-3,0x3e0da50b,0.138324901,0x3f800000,1,0x00000000,0,0x00000000,0,00000,0,0,000,00000,0,0,00,0x00000000,0,0x00000000,0,0x00000000,0
l1,0.0625,0,min-error,metric_min,exp1,0,1,1,1.10469186,1.10469198,1.10469186,1.10469198,1.1920929e-07,102,raw-and-scaled,5,1,fp5_e1m3,fp5_e2m2,3,2,2,777,102,exp2,3,6,3,1,0.0810804293,0.138324901,-3,0x3e0da50b,0.138324901,0x3f800000,1,0x00000000,0,0x00000000,0,00000,0,0,000,00000,0,0,00,0x00000000,0,0x00000000,0,0x00000000,0
l1,0.0625,0,min-error,metric_min,exp1,0,1,1,1.10469186,1.10469198,1.10469186,1.10469198,1.1920929e-07,103,raw-and-scaled,5,1,fp5_e1m3,fp5_e2m2,3,2,2,777,103,exp2,3,6,3,1,0.0810804293,0.138324901,-3,0x3e0da50b,0.138324901,0x3f800000,1,0x00000000,0,0x00000000,0,00000,0,0,000,00000,0,0,00,0x00000000,0,0x00000000,0,0x00000000,0
l1,0.0625,0,min-error,metric_min,exp1,0,1,1,1.10469186,1.10469198,1.10469186,1.10469198,1.1920929e-07,104,raw-and-scaled,5,1,fp5_e1m3,fp5_e2m2,3,2,2,777,104,exp2,3,6,3,1,0.0810804293,0.138324901,-3,0x3e0da50b,0.138324901,0x3f800000,1,0x00000000,0,0x00000000,0,00000,0,0,000,00000,0,0,00,0x00000000,0,0x00000000,0,0x00000000,0
l1,0.0625,0,min-error,metric_min,exp1,0,1,1,1.10469186,1.10469198,1.10469186,1.10469198,1.1920929e-07,105,raw-and-scaled,5,1,fp5_e1m3,fp5_e2m2,3,2,2,777,105,exp2,3,6,3,1,0.0810804293,0.138324901,-3,0x3e0da50b,0.138324901,0x3f800000,1,0x00000000,0,0x00000000,0,00000,0,0,000,00000,0,0,00,0x00000000,0,0x00000000,0,0x00000000,0
l1,0.0625,0,min-error,metric_min,exp1,0,1,1,1.10469186,1.10469198,1.10469186,1.10469198,1.1920929e-07,106,raw-and-scaled,5,1,fp5_e1m3,fp5_e2m2,3,2,2,777,106,exp2,3,6,3,1,0.0810804293,0.138324901,-3,0x3e0da50b,0.138324901,0x3f800000,1,0x00000000,0,0x00000000,0,00000,0,0,000,00000,0,0,00,0x00000000,0,0x00000000,0,0x00000000,0
l1,0.0625,0,min-error,metric_min,exp1,0,1,1,1.10469186,1.10469198,1.10469186,1.10469198,1.1920929e-07,107,raw-and-scaled,5,1,fp5_e1m3,fp5_e2m2,3,2,2,777,107,exp2,3,6,3,1,0.0810804293,0.138324901,-3,0x3e0da50b,0.138324901,0x3f800000,1,0x00000000,0,0x00000000,0,00000,0,0,000,00000,0,0,00,0x00000000,0,0x00000000,0,0x00000000,0
l1,0.0625,0,min-error,metric_min,exp1,0,1,1,1.10469186,1.10469198,1.10469186,1.10469198,1.1920929e-07,108,raw-and-scaled,5,1,fp5_e1m3,fp5_e2m2,3,2,2,777,108,exp2,3,6,3,1,0.0810804293,0.138324901,-3,0x3e0da50b,0.138324901,0x3f800000,1,0xbc917c74,-0.0177595392,0xbc917c74,-0.0177595392,10000,0,0,000,10000,0,0,00,0xbc917c74,-0.0177595392,0xbc917c74,-0.0177595392,0x00000000,0
l1,0.0625,0,min-error,metric_min,exp1,0,1,1,1.10469186,1.10469198,1.10469186,1.10469198,1.1920929e-07,109,raw-and-scaled,5,1,fp5_e1m3,fp5_e2m2,3,2,2,777,109,exp2,3,6,3,1,0.0810804293,0.138324901,-3,0x3e0da50b,0.138324901,0x3f800000,1,0x00000000,0,0x00000000,0,00000,0,0,000,00000,0,0,00,0x00000000,0,0x00000000,0,0x00000000,0
l1,0.0625,0,min-error,metric_min,exp1,0,1,1,1.10469186,1.10469198,1.10469186,1.10469198,1.1920929e-07,110,raw-and-scaled,5,1,fp5_e1m3,fp5_e2m2,3,2,2,777,110,exp2,3,6,3,1,0.0810804293,0.138324901,-3,0x3e0da50b,0.138324901,0x3f800000,1,0x00000000,0,0x00000000,0,00000,0,0,000,00000,0,0,00,0x00000000,0,0x00000000,0,0x00000000,0
l1,0.0625,0,min-error,metric_min,exp1,0,1,1,1.10469186,1.10469198,1.10469186,1.10469198,1.1920929e-07,111,raw-and-scaled,5,1,fp5_e1m3,fp5_e2m2,3,2,2,777,111,exp2,3,6,3,1,0.0810804293,0.138324901,-3,0x3e0da50b,0.138324901,0x3f800000,1,0x3c8efc02,0.0174541511,0x3c8efc02,0.0174541511,00000,0,0,000,00000,0,0,00,0x3c8efc02,0.0174541511,0x3c8efc02,0.0174541511,0x00000000,0
l1,0.0625,0,min-error,metric_min,exp1,0,1,1,1.10469186,1.10469198,1.10469186,1.10469198,1.1920929e-07,112,raw-and-scaled,5,1,fp5_e1m3,fp5_e2m2,3,2,2,777,112,exp2,3,6,3,1,0.0810804293,0.138324901,-3,0x3e0da50b,0.138324901,0x3f800000,1,0x00000000,0,0x00000000,0,00000,0,0,000,00000,0,0,00,0x00000000,0,0x00000000,0,0x00000000,0
l1,0.0625,0,min-error,metric_min,exp1,0,1,1,1.10469186,1.10469198,1.10469186,1.10469198,1.1920929e-07,113,raw-and-scaled,5,1,fp5_e1m3,fp5_e2m2,3,2,2,777,113,exp2,3,6,3,1,0.0810804293,0.138324901,-3,0x3e0da50b,0.138324901,0x3f800000,1,0x00000000,0,0x00000000,0,00000,0,0,000,00000,0,0,00,0x00000000,0,0x00000000,0,0x00000000,0
l1,0.0625,0,min-error,metric_min,exp1,0,1,1,1.10469186,1.10469198,1.10469186,1.10469198,1.1920929e-07,114,raw-and-scaled,5,1,fp5_e1m3,fp5_e2m2,3,2,2,777,114,exp2,3,6,3,1,0.0810804293,0.138324901,-3,0x3e0da50b,0.138324901,0x3f800000,1,0x00000000,0,0x00000000,0,00000,0,0,000,00000,0,0,00,0x00000000,0,0x00000000,0,0x00000000,0
l1,0.0625,0,min-error,metric_min,exp1,0,1,1,1.10469186,1.10469198,1.10469186,1.10469198,1.1920929e-07,115,raw-and-scaled,5,1,fp5_e1m3,fp5_e2m2,3,2,2,777,115,exp2,3,6,3,1,0.0810804293,0.138324901,-3,0x3e0da50b,0.138324901,0x3f800000,1,0x00000000,0,0x00000000,0,00000,0,0,000,00000,0,0,00,0x00000000,0,0x00000000,0,0x00000000,0
l1,0.0625,0,min-error,metric_min,exp1,0,1,1,1.10469186,1.10469198,1.10469186,1.10469198,1.1920929e-07,116,raw-and-scaled,5,1,fp5_e1m3,fp5_e2m2,3,2,2,777,116,exp2,3,6,3,1,0.0810804293,0.138324901,-3,0x3e0da50b,0.138324901,0x3f800000,1,0x00000000,0,0x00000000,0,00000,0,0,000,00000,0,0,00,0x00000000,0,0x00000000,0,0x00000000,0
l1,0.0625,0,min-error,metric_min,exp1,0,1,1,1.10469186,1.10469198,1.10469186,1.10469198,1.1920929e-07,117,raw-and-scaled,5,1,fp5_e1m3,fp5_e2m2,3,2,2,777,117,exp2,3,6,3,1,0.0810804293,0.138324901,-3,0x3e0da50b,0.138324901,0x3f800000,1,0x3fd72510,1.68081856,0x3fd72510,1.68081856,01101,1,5,101,01110,3,2,10,0x3d64a200,0.0558185577,0x3e392880,0.180818558,0x3f800000,1
l1,0.0625,0,min-error,metric_min,exp1,0,1,1,1.10469186,1.10469198,1.10469186,1.10469198,1.1920929e-07,118,raw-and-scaled,5,1,fp5_e1m3,fp5_e2m2,3,2,2,777,118,exp2,3,6,3,1,0.0810804293,0.138324901,-3,0x3e0da50b,0.138324901,0x3f800000,1,0x00000000,0,0x00000000,0,00000,0,0,000,00000,0,0,00,0x00000000,0,0x00000000,0,0x00000000,0
l1,0.0625,0,min-error,metric_min,exp1,0,1,1,1.10469186,1.10469198,1.10469186,1.10469198,1.1920929e-07,119,raw-and-scaled,5,1,fp5_e1m3,fp5_e2m2,3,2,2,777,119,exp2,3,6,3,1,0.0810804293,0.138324901,-3,0x3e0da50b,0.138324901,0x3f800000,1,0x3e280815,0.164093331,0x3e280815,0.164093331,00001,0,1,001,00010,0,2,10,0x3d202054,0.0390933305,0x3d202054,0.0390933305,0x80000000,-0
l1,0.0625,0,min-error,metric_min,exp1,0,1,1,1.10469186,1.10469198,1.10469186,1.10469198,1.1920929e-07,120,raw-and-scaled,5,1,fp5_e1m3,fp5_e2m2,3,2,2,777,120,exp2,3,6,3,1,0.0810804293,0.138324901,-3,0x3e0da50b,0.138324901,0x3f800000,1,0x3e1045b2,0.140890867,0x3e1045b2,0.140890867,00001,0,1,001,00010,0,2,10,0x3c822d90,0.0158908665,0x3c822d90,0.0158908665,0x80000000,-0
l1,0.0625,0,min-error,metric_min,exp1,0,1,1,1.10469186,1.10469198,1.10469186,1.10469198,1.1920929e-07,121,raw-and-scaled,5,1,fp5_e1m3,fp5_e2m2,3,2,2,777,121,exp2,3,6,3,1,0.0810804293,0.138324901,-3,0x3e0da50b,0.138324901,0x3f800000,1,0xbd9d6001,-0.0768432692,0xbd9d6001,-0.0768432692,10000,0,0,000,10001,0,1,01,0xbd9d6001,-0.0768432692,0xbc6b0008,-0.0143432692,0xbf800000,-1
l1,0.0625,0,min-error,metric_min,exp1,0,1,1,1.10469186,1.10469198,1.10469186,1.10469198,1.1920929e-07,122,raw-and-scaled,5,1,fp5_e1m3,fp5_e2m2,3,2,2,777,122,exp2,3,6,3,1,0.0810804293,0.138324901,-3,0x3e0da50b,0.138324901,0x3f800000,1,0x00000000,0,0x00000000,0,00000,0,0,000,00000,0,0,00,0x00000000,0,0x00000000,0,0x00000000,0
l1,0.0625,0,min-error,metric_min,exp1,0,1,1,1.10469186,1.10469198,1.10469186,1.10469198,1.1920929e-07,123,raw-and-scaled,5,1,fp5_e1m3,fp5_e2m2,3,2,2,777,123,exp2,3,6,3,1,0.0810804293,0.138324901,-3,0x3e0da50b,0.138324901,0x3f800000,1,0x00000000,0,0x00000000,0,00000,0,0,000,00000,0,0,00,0x00000000,0,0x00000000,0,0x00000000,0
l1,0.0625,0,min-error,metric_min,exp1,0,1,1,1.10469186,1.10469198,1.10469186,1.10469198,1.1920929e-07,124,raw-and-scaled,5,1,fp5_e1m3,fp5_e2m2,3,2,2,777,124,exp2,3,6,3,1,0.0810804293,0.138324901,-3,0x3e0da50b,0.138324901,0x3f800000,1,0x00000000,0,0x00000000,0,00000,0,0,000,00000,0,0,00,0x00000000,0,0x00000000,0,0x00000000,0
l1,0.0625,0,min-error,metric_min,exp1,0,1,1,1.10469186,1.10469198,1.10469186,1.10469198,1.1920929e-07,125,raw-and-scaled,5,1,fp5_e1m3,fp5_e2m2,3,2,2,777,125,exp2,3,6,3,1,0.0810804293,0.138324901,-3,0x3e0da50b,0.138324901,0x3f800000,1,0x00000000,0,0x00000000,0,00000,0,0,000,00000,0,0,00,0x00000000,0,0x00000000,0,0x00000000,0
l1,0.0625,0,min-error,metric_min,exp1,0,1,1,1.10469186,1.10469198,1.10469186,1.10469198,1.1920929e-07,126,raw-and-scaled,5,1,fp5_e1m3,fp5_e2m2,3,2,2,777,126,exp2,3,6,3,1,0.0810804293,0.138324901,-3,0x3e0da50b,0.138324901,0x3f800000,1,0xbfee3027,-1.86084449,0xbfee3027,-1.86084449,11110,1,6,110,11111,3,3,11,0xbde30270,-0.110844493,0xbde30270,-0.110844493,0x00000000,0
l1,0.0625,0,min-error,metric_min,exp1,0,1,1,1.10469186,1.10469198,1.10469186,1.10469198,1.1920929e-07,127,raw-and-scaled,5,1,fp5_e1m3,fp5_e2m2,3,2,2,777,127,exp2,3,6,3,1,0.0810804293,0.138324901,-3,0x3e0da50b,0.138324901,0x3f800000,1,0x00000000,0,0x00000000,0,00000,0,0,000,00000,0,0,00,0x00000000,0,0x00000000,0,0x00000000,0
l1,0.0625,0,min-error,metric_min,exp1,0,1,1,2.17583871,2.17583895,2.17583871,2.17583895,2.38418579e-07,0,raw-and-scaled,4,1,fp4_e1m2,fp4_e2m1,2,1,2,417,0,exp2,3,6,3,1,0.311890393,0.502825379,-3,0x3f00b92a,0.502825379,0x3f800000,1,0x3ab928a4,0.00141264917,0x3ab928a4,0.00141264917,0000,0,0,00,0000,0,0,0,0x3ab928a4,0.00141264917,0x3ab928a4,0.00141264917,0x00000000,0
l1,0.0625,0,min-error,metric_min,exp1,0,1,1,2.17583871,2.17583895,2.17583871,2.17583895,2.38418579e-07,1,raw-and-scaled,4,1,fp4_e1m2,fp4_e2m1,2,1,2,417,1,exp2,3,6,3,1,0.311890393,0.502825379,-3,0x3f00b92a,0.502825379,0x3f800000,1,0x00000000,0,0x00000000,0,0000,0,0,00,0000,0,0,0,0x00000000,0,0x00000000,0,0x00000000,0
l1,0.0625,0,min-error,metric_min,exp1,0,1,1,2.17583871,2.17583895,2.17583871,2.17583895,2.38418579e-07,2,raw-and-scaled,4,1,fp4_e1m2,fp4_e2m1,2,1,2,417,2,exp2,3,6,3,1,0.311890393,0.502825379,-3,0x3f00b92a,0.502825379,0x3f800000,1,0x00000000,0,0x00000000,0,0000,0,0,00,0000,0,0,0,0x00000000,0,0x00000000,0,0x00000000,0
l1,0.0625,0,min-error,metric_min,exp1,0,1,1,2.17583871,2.17583895,2.17583871,2.17583895,2.38418579e-07,3,raw-and-scaled,4,1,fp4_e1m2,fp4_e2m1,2,1,2,417,3,exp2,3,6,3,1,0.311890393,0.502825379,-3,0x3f00b92a,0.502825379,0x3f800000,1,0x00000000,0,0x00000000,0,0000,0,0,00,0000,0,0,0,0x00000000,0,0x00000000,0,0x00000000,0
l1,0.0625,0,min-error,metric_min,exp1,0,1,1,2.17583871,2.17583895,2.17583871,2.17583895,2.38418579e-07,4,raw-and-scaled,4,1,fp4_e1m2,fp4_e2m1,2,1,2,417,4,exp2,3,6,3,1,0.311890393,0.502825379,-3,0x3f00b92a,0.502825379,0x3f800000,1,0x00000000,0,0x00000000,0,0000,0,0,00,0000,0,0,0,0x00000000,0,0x00000000,0,0x00000000,0
l1,0.0625,0,min-error,metric_min,exp1,0,1,1,2.17583871,2.17583895,2.17583871,2.17583895,2.38418579e-07,5,raw-and-scaled,4,1,fp4_e1m2,fp4_e2m1,2,1,2,417,5,exp2,3,6,3,1,0.311890393,0.502825379,-3,0x3f00b92a,0.502825379,0x3f800000,1,0x3cda16c7,0.0266221892,0x3cda16c7,0.0266221892,0000,0,0,00,0000,0,0,0,0x3cda16c7,0.0266221892,0x3cda16c7,0.0266221892,0x00000000,0
l1,0.0625,0,min-error,metric_min,exp1,0,1,1,2.17583871,2.17583895,2.17583871,2.17583895,2.38418579e-07,6,raw-and-scaled,4,1,fp4_e1m2,fp4_e2m1,2,1,2,417,6,exp2,3,6,3,1,0.311890393,0.502825379,-3,0x3f00b92a,0.502825379,0x3f800000,1,0x00000000,0,0x00000000,0,0000,0,0,00,0000,0,0,0,0x00000000,0,0x00000000,0,0x00000000,0
l1,0.0625,0,min-error,metric_min,exp1,0,1,1,2.17583871,2.17583895,2.17583871,2.17583895,2.38418579e-07,7,raw-and-scaled,4,1,fp4_e1m2,fp4_e2m1,2,1,2,417,7,exp2,3,6,3,1,0.311890393,0.502825379,-3,0x3f00b92a,0.502825379,0x3f800000,1,0xbe06baa9,-0.131571427,0xbe06baa9,-0.131571427,1000,0,0,00,1001,0,1,1,0xbe06baa9,-0.131571427,0xbbd75520,-0.00657142699,0xbf800000,-1
l1,0.0625,0,min-error,metric_min,exp1,0,1,1,2.17583871,2.17583895,2.17583871,2.17583895,2.38418579e-07,8,raw-and-scaled,4,1,fp4_e1m2,fp4_e2m1,2,1,2,417,8,exp2,3,6,3,1,0.311890393,0.502825379,-3,0x3f00b92a,0.502825379,0x3f800000,1,0x3d39385d,0.0452197678,0x3d39385d,0.0452197678,0000,0,0,00,0000,0,0,0,0x3d39385d,0.0452197678,0x3d39385d,0.0452197678,0x00000000,0
l1,0.0625,0,min-error,metric_min,exp1,0,1,1,2.17583871,2.17583895,2.17583871,2.17583895,2.38418579e-07,9,raw-and-scaled,4,1,fp4_e1m2,fp4_e2m1,2,1,2,417,9,exp2,3,6,3,1,0.311890393,0.502825379,-3,0x3f00b92a,0.502825379,0x3f800000,1,0x00000000,0,0x00000000,0,0000,0,0,00,0000,0,0,0,0x00000000,0,0x00000000,0,0x00000000,0
l1,0.0625,0,min-error,metric_min,exp1,0,1,1,2.17583871,2.17583895,2.17583871,2.17583895,2.38418579e-07,10,raw-and-scaled,4,1,fp4_e1m2,fp4_e2m1,2,1,2,417,10,exp2,3,6,3,1,0.311890393,0.502825379,-3,0x3f00b92a,0.502825379,0x3f800000,1,0x00000000,0,0x00000000,0,0000,0,0,00,0000,0,0,0,0x00000000,0,0x00000000,0,0x00000000,0
l1,0.0625,0,min-error,metric_min,exp1,0,1,1,2.17583871,2.17583895,2.17583871,2.17583895,2.38418579e-07,11,raw-and-scaled,4,1,fp4_e1m2,fp4_e2m1,2,1,2,417,11,exp2,3,6,3,1,0.311890393,0.502825379,-3,0x3f00b92a,0.502825379,0x3f800000,1,0x00000000,0,0x00000000,0,0000,0,0,00,0000,0,0,0,0x00000000,0,0x00000000,0,0x00000000,0
l1,0.0625,0,min-error,metric_min,exp1,0,1,1,2.17583871,2.17583895,2.17583871,2.17583895,2.38418579e-07,12,raw-and-scaled,4,1,fp4_e1m2,fp4_e2m1,2,1,2,417,12,exp2,3,6,3,1,0.311890393,0.502825379,-3,0x3f00b92a,0.502825379,0x3f800000,1,0x3ce14a45,0.0275012348,0x3ce14a45,0.0275012348,0000,0,0,00,0000,0,0,0,0x3ce14a45,0.0275012348,0x3ce14a45,0.0275012348,0x00000000,0
l1,0.0625,0,min-error,metric_min,exp1,0,1,1,2.17583871,2.17583895,2.17583871,2.17583895,2.38418579e-07,13,raw-and-scaled,4,1,fp4_e1m2,fp4_e2m1,2,1,2,417,13,exp2,3,6,3,1,0.311890393,0.502825379,-3,0x3f00b92a,0.502825379,0x3f800000,1,0x00000000,0,0x00000000,0,0000,0,0,00,0000,0,0,0,0x00000000,0,0x00000000,0,0x00000000,0
l1,0.0625,0,min-error,metric_min,exp1,0,1,1,2.17583871,2.17583895,2.17583871,2.17583895,2.38418579e-07,14,raw-and-scaled,4,1,fp4_e1m2,fp4_e2m1,2,1,2,417,14,exp2,3,6,3,1,0.311890393,0.502825379,-3,0x3f00b92a,0.502825379,0x3f800000,1,0x00000000,0,0x00000000,0,0000,0,0,00,0000,0,0,0,0x00000000,0,0x00000000,0,0x00000000,0
l1,0.0625,0,min-error,metric_min,exp1,0,1,1,2.17583871,2.17583895,2.17583871,2.17583895,2.38418579e-07,15,raw-and-scaled,4,1,fp4_e1m2,fp4_e2m1,2,1,2,417,15,exp2,3,6,3,1,0.311890393,0.502825379,-3,0x3f00b92a,0.502825379,0x3f800000,1,0x00000000,0,0x00000000,0,0000,0,0,00,0000,0,0,0,0x00000000,0,0x00000000,0,0x00000000,0
l1,0.0625,0,min-error,metric_min,exp1,0,1,1,2.17583871,2.17583895,2.17583871,2.17583895,2.38418579e-07,16,raw-and-scaled,4,1,fp4_e1m2,fp4_e2m1,2,1,2,417,16,exp2,3,6,3,1,0.311890393,0.502825379,-3,0x3f00b92a,0.502825379,0x3f800000,1,0xbfa00254,-1.25007105,0xbfa00254,-1.25007105,1101,1,1,01,1110,3,0,0,0xb8950000,-7.10487366e-05,0xbe800950,-0.250071049,0x3f800000,1
l1,0.0625,0,min-error,metric_min,exp1,0,1,1,2.17583871,2.17583895,2.17583871,2.17583895,2.38418579e-07,17,raw-and-scaled,4,1,fp4_e1m2,fp4_e2m1,2,1,2,417,17,exp2,3,6,3,1,0.311890393,0.502825379,-3,0x3f00b92a,0.502825379,0x3f800000,1,0x00000000,0,0x00000000,0,0000,0,0,00,0000,0,0,0,0x00000000,0,0x00000000,0,0x00000000,0
l1,0.0625,0,min-error,metric_min,exp1,0,1,1,2.17583871,2.17583895,2.17583871,2.17583895,2.38418579e-07,18,raw-and-scaled,4,1,fp4_e1m2,fp4_e2m1,2,1,2,417,18,exp2,3,6,3,1,0.311890393,0.502825379,-3,0x3f00b92a,0.502825379,0x3f800000,1,0x3c39f68c,0.0113502853,0x3c39f68c,0.0113502853,0000,0,0,00,0000,0,0,0,0x3c39f68c,0.0113502853,0x3c39f68c,0.0113502853,0x00000000,0
l1,0.0625,0,min-error,metric_min,exp1,0,1,1,2.17583871,2.17583895,2.17583871,2.17583895,2.38418579e-07,19,raw-and-scaled,4,1,fp4_e1m2,fp4_e2m1,2,1,2,417,19,exp2,3,6,3,1,0.311890393,0.502825379,-3,0x3f00b92a,0.502825379,0x3f800000,1,0x3ff42628,1.90741444,0x3ff42628,1.90741444,0111,1,3,11,0111,3,1,1,0x3e213140,0.157414436,0x3ed098a0,0.407414436,0x3f800000,1
l1,0.0625,0,min-error,metric_min,exp1,0,1,1,2.17583871,2.17583895,2.17583871,2.17583895,2.38418579e-07,20,raw-and-scaled,4,1,fp4_e1m2,fp4_e2m1,2,1,2,417,20,exp2,3,6,3,1,0.311890393,0.502825379,-3,0x3f00b92a,0.502825379,0x3f800000,1,0x00000000,0,0x00000000,0,0000,0,0,00,0000,0,0,0,0x00000000,0,0x00000000,0,0x00000000,0
l1,0.0625,0,min-error,metric_min,exp1,0,1,1,2.17583871,2.17583895,2.17583871,2.17583895,2.38418579e-07,21,raw-and-scaled,4,1,fp4_e1m2,fp4_e2m1,2,1,2,417,21,exp2,3,6,3,1,0.311890393,0.502825379,-3,0x3f00b92a,0.502825379,0x3f800000,1,0x00000000,0,0x00000000,0,0000,0,0,00,0000,0,0,0,0x00000000,0,0x00000000,0,0x00000000,0
l1,0.0625,0,min-error,metric_min,exp1,0,1,1,2.17583871,2.17583895,2.17583871,2.17583895,2.38418579e-07,22,raw-and-scaled,4,1,fp4_e1m2,fp4_e2m1,2,1,2,417,22,exp2,3,6,3,1,0.311890393,0.502825379,-3,0x3f00b92a,0.502825379,0x3f800000,1,0x00000000,0,0x00000000,0,0000,0,0,00,0000,0,0,0,0x00000000,0,0x00000000,0,0x00000000,0
l1,0.0625,0,min-error,metric_min,exp1,0,1,1,2.17583871,2.17583895,2.17583871,2.17583895,2.38418579e-07,23,raw-and-scaled,4,1,fp4_e1m2,fp4_e2m1,2,1,2,417,23,exp2,3,6,3,1,0.311890393,0.502825379,-3,0x3f00b92a,0.502825379,0x3f800000,1,0x00000000,0,0x00000000,0,0000,0,0,00,0000,0,0,0,0x00000000,0,0x00000000,0,0x00000000,0
l1,0.0625,0,min-error,metric_min,exp1,0,1,1,2.17583871,2.17583895,2.17583871,2.17583895,2.38418579e-07,24,raw-and-scaled,4,1,fp4_e1m2,fp4_e2m1,2,1,2,417,24,exp2,3,6,3,1,0.311890393,0.502825379,-3,0x3f00b92a,0.502825379,0x3f800000,1,0x3b264f8d,0.00253770058,0x3b264f8d,0.00253770058,0000,0,0,00,0000,0,0,0,0x3b264f8d,0.00253770058,0x3b264f8d,0.00253770058,0x00000000,0
l1,0.0625,0,min-error,metric_min,exp1,0,1,1,2.17583871,2.17583895,2.17583871,2.17583895,2.38418579e-07,25,raw-and-scaled,4,1,fp4_e1m2,fp4_e2m1,2,1,2,417,25,exp2,3,6,3,1,0.311890393,0.502825379,-3,0x3f00b92a,0.502825379,0x3f800000,1,0x00000000,0,0x00000000,0,0000,0,0,00,0000,0,0,0,0x00000000,0,0x00000000,0,0x00000000,0
l1,0.0625,0,min-error,metric_min,exp1,0,1,1,2.17583871,2.17583895,2.17583871,2.17583895,2.38418579e-07,26,raw-and-scaled,4,1,fp4_e1m2,fp4_e2m1,2,1,2,417,26,exp2,3,6,3,1,0.311890393,0.502825379,-3,0x3f00b92a,0.502825379,0x3f800000,1,0x3ed0ffe1,0.408202201,0x3ed0ffe1,0.408202201,0001,0,1,01,0011,1,1,1,0x3e21ffc2,0.158202201,0x3d07ff08,0.0332022011,0xbf800000,-1
l1,0.0625,0,min-error,metric_min,exp1,0,1,1,2.17583871,2.17583895,2.17583871,2.17583895,2.38418579e-07,27,raw-and-scaled,4,1,fp4_e1m2,fp4_e2m1,2,1,2,417,27,exp2,3,6,3,1,0.311890393,0.502825379,-3,0x3f00b92a,0.502825379,0x3f800000,1,0x00000000,0,0x00000000,0,0000,0,0,00,0000,0,0,0,0x00000000,0,0x00000000,0,0x00000000,0
l1,0.0625,0,min-error,metric_min,exp1,0,1,1,2.17583871,2.17583895,2.17583871,2.17583895,2.38418579e-07,28,raw-and-scaled,4,1,fp4_e1m2,fp4_e2m1,2,1,2,417,28,exp2,3,6,3,1,0.311890393,0.502825379,-3,0x3f00b92a,0.502825379,0x3f800000,1,0x00000000,0,0x00000000,0,0000,0,0,00,0000,0,0,0,0x00000000,0,0x00000000,0,0x00000000,0
l1,0.0625,0,min-error,metric_min,exp1,0,1,1,2.17583871,2.17583895,2.17583871,2.17583895,2.38418579e-07,29,raw-and-scaled,4,1,fp4_e1m2,fp4_e2m1,2,1,2,417,29,exp2,3,6,3,1,0.311890393,0.502825379,-3,0x3f00b92a,0.502825379,0x3f800000,1,0x3b733fab,0.00371168065,0x3b733fab,0.00371168065,0000,0,0,00,0000,0,0,0,0x3b733fab,0.00371168065,0x3b733fab,0.00371168065,0x00000000,0
l1,0.0625,0,min-error,metric_min,exp1,0,1,1,2.17583871,2.17583895,2.17583871,2.17583895,2.38418579e-07,30,raw-and-scaled,4,1,fp4_e1m2,fp4_e2m1,2,1,2,417,30,exp2,3,6,3,1,0.311890393,0.502825379,-3,0x3f00b92a,0.502825379,0x3f800000,1,0x00000000,0,0x00000000,0,0000,0,0,00,0000,0,0,0,0x00000000,0,0x00000000,0,0x00000000,0
l1,0.0625,0,min-error,metric_min,exp1,0,1,1,2.17583871,2.17583895,2.17583871,2.17583895,2.38418579e-07,31,raw-and-scaled,4,1,fp4_e1m2,fp4_e2m1,2,1,2,417,31,exp2,3,6,3,1,0.311890393,0.502825379,-3,0x3f00b92a,0.502825379,0x3f800000,1,0x00000000,0,0x00000000,0,0000,0,0,00,0000,0,0,0,0x00000000,0,0x00000000,0,0x00000000,0
l1,0.0625,0,min-error,metric_min,exp1,0,1,1,2.17583871,2.17583895,2.17583871,2.17583895,2.38418579e-07,32,raw-and-scaled,4,1,fp4_e1m2,fp4_e2m1,2,1,2,417,32,exp2,3,6,3,1,0.311890393,0.502825379,-3,0x3f00b92a,0.502825379,0x3f800000,1,0x00000000,0,0x00000000,0,0000,0,0,00,0000,0,0,0,0x00000000,0,0x00000000,0,0x00000000,0
l1,0.0625,0,min-error,metric_min,exp1,0,1,1,2.17583871,2.17583895,2.17583871,2.17583895,2.38418579e-07,33,raw-and-scaled,4,1,fp4_e1m2,fp4_e2m1,2,1,2,417,33,exp2,3,6,3,1,0.311890393,0.502825379,-3,0x3f00b92a,0.502825379,0x3f800000,1,0x00000000,0,0x00000000,0,0000,0,0,00,0000,0,0,0,0x00000000,0,0x00000000,0,0x00000000,0
l1,0.0625,0,min-error,metric_min,exp1,0,1,1,2.17583871,2.17583895,2.17583871,2.17583895,2.38418579e-07,34,raw-and-scaled,4,1,fp4_e1m2,fp4_e2m1,2,1,2,417,34,exp2,3,6,3,1,0.311890393,0.502825379,-3,0x3f00b92a,0.502825379,0x3f800000,1,0xbfb9c7a3,-1.45140493,0xbfb9c7a3,-1.45140493,1101,1,1,01,1110,3,0,0,0xbe4e3d18,-0.201404929,0xbee71e8c,-0.451404929,0x3f800000,1
l1,0.0625,0,min-error,metric_min,exp1,0,1,1,2.17583871,2.17583895,2.17583871,2.17583895,2.38418579e-07,35,raw-and-scaled,4,1,fp4_e1m2,fp4_e2m1,2,1,2,417,35,exp2,3,6,3,1,0.311890393,0.502825379,-3,0x3f00b92a,0.502825379,0x3f800000,1,0x00000000,0,0x00000000,0,0000,0,0,00,0000,0,0,0,0x00000000,0,0x00000000,0,0x00000000,0
l1,0.0625,0,min-error,metric_min,exp1,0,1,1,2.17583871,2.17583895,2.17583871,2.17583895,2.38418579e-07,36,raw-and-scaled,4,1,fp4_e1m2,fp4_e2m1,2,1,2,417,36,exp2,3,6,3,1,0.311890393,0.502825379,-3,0x3f00b92a,0.502825379,0x3f800000,1,0x00000000,0,0x00000000,0,0000,0,0,00,0000,0,0,0,0x00000000,0,0x00000000,0,0x00000000,0
l1,0.0625,0,min-error,metric_min,exp1,0,1,1,2.17583871,2.17583895,2.17583871,2.17583895,2.38418579e-07,37,raw-and-scaled,4,1,fp4_e1m2,fp4_e2m1,2,1,2,417,37,exp2,3,6,3,1,0.311890393,0.502825379,-3,0x3f00b92a,0.502825379,0x3f800000,1,0x00000000,0,0x00000000,0,0000,0,0,00,0000,0,0,0,0x00000000,0,0x00000000,0,0x00000000,0
l1,0.0625,0,min-error,metric_min,exp1,0,1,1,2.17583871,2.17583895,2.17583871,2.17583895,2.38418579e-07,38,raw-and-scaled,4,1,fp4_e1m2,fp4_e2m1,2,1,2,417,38,exp2,3,6,3,1,0.311890393,0.502825379,-3,0x3f00b92a,0.502825379,0x3f800000,1,0x00000000,0,0x00000000,0,0000,0,0,00,0000,0,0,0,0x00000000,0,0x00000000,0,0x00000000,0
l1,0.0625,0,min-error,metric_min,exp1,0,1,1,2.17583871,2.17583895,2.17583871,2.17583895,2.38418579e-07,39,raw-and-scaled,4,1,fp4_e1m2,fp4_e2m1,2,1,2,417,39,exp2,3,6,3,1,0.311890393,0.502825379,-3,0x3f00b92a,0.502825379,0x3f800000,1,0xbe15e044,-0.146363318,0xbe15e044,-0.146363318,1000,0,0,00,1001,0,1,1,0xbe15e044,-0.146363318,0xbcaf0220,-0.021363318,0xbf800000,-1
l1,0.0625,0,min-error,metric_min,exp1,0,1,1,2.17583871,2.17583895,2.17583871,2.17583895,2.38418579e-07,40,raw-and-scaled,4,1,fp4_e1m2,fp4_e2m1,2,1,2,417,40,exp2,3,6,3,1,0.311890393,0.502825379,-3,0x3f00b92a,0.502825379,0x3f800000,1,0x00000000,0,0x00000000,0,0000,0,0,00,0000,0,0,0,0x00000000,0,0x00000000,0,0x00000000,0
l1,0.0625,0,min-error,metric_min,exp1,0,1,1,2.17583871,2.17583895,2.17583871,2.17583895,2.38418579e-07,41,raw-and-scaled,4,1,fp4_e1m2,fp4_e2m1,2,1,2,417,41,exp2,3,6,3,1,0.311890393,0.502825379,-3,0x3f00b92a,0.502825379,0x3f800000,1,0x00000000,0,0x00000000,0,0000,0,0,00,0000,0,0,0,0x00000000,0,0x00000000,0,0x00000000,0
l1,0.0625,0,min-error,metric_min,exp1,0,1,1,2.17583871,2.17583895,2.17583871,2.17583895,2.38418579e-07,42,raw-and-scaled,4,1,fp4_e1m2,fp4_e2m1,2,1,2,417,42,exp2,3,6,3,1,0.311890393,0.502825379,-3,0x3f00b92a,0.502825379,0x3f800000,1,0x00000000,0,0x00000000,0,0000,0,0,00,0000,0,0,0,0x00000000,0,0x00000000,0,0x00000000,0
l1,0.0625,0,min-error,metric_min,exp1,0,1,1,2.17583871,2.17583895,2.17583871,2.17583895,2.38418579e-07,43,raw-and-scaled,4,1,fp4_e1m2,fp4_e2m1,2,1,2,417,43,exp2,3,6,3,1,0.311890393,0.502825379,-3,0x3f00b92a,0.502825379,0x3f800000,1,0xbf05c659,-0.522557795,0xbf05c659,-0.522557795,1010,0,2,10,1100,2,0,0,0xbcb8cb20,-0.022557795,0xbcb8cb20,-0.022557795,0x00000000,0
l1,0.0625,0,min-error,metric_min,exp1,0,1,1,2.17583871,2.17583895,2.17583871,2.17583895,2.38418579e-07,44,raw-and-scaled,4,1,fp4_e1m2,fp4_e2m1,2,1,2,417,44,exp2,3,6,3,1,0.311890393,0.502825379,-3,0x3f00b92a,0.502825379,0x3f800000,1,0x00000000,0,0x00000000,0,0000,0,0,00,0000,0,0,0,0x00000000,0,0x00000000,0,0x00000000,0
l1,0.0625,0,min-error,metric_min,exp1,0,1,1,2.17583871,2.17583895,2.17583871,2.17583895,2.38418579e-07,45,raw-and-scaled,4,1,fp4_e1m2,fp4_e2m1,2,1,2,417,45,exp2,3,6,3,1,0.311890393,0.502825379,-3,0x3f00b92a,0.502825379,0x3f800000,1,0x00000000,0,0x00000000,0,0000,0,0,00,0000,0,0,0,0x00000000,0,0x00000000,0,0x00000000,0
l1,0.0625,0,min-error,metric_min,exp1,0,1,1,2.17583871,2.17583895,2.17583871,2.17583895,2.38418579e-07,46,raw-and-scaled,4,1,fp4_e1m2,fp4_e2m1,2,1,2,417,46,exp2,3,6,3,1,0.311890393,0.502825379,-3,0x3f00b92a,0.502825379,0x3f800000,1,0xbd9350d8,-0.071931541,0xbd9350d8,-0.071931541,1000,0,0,00,1000,0,0,0,0xbd9350d8,-0.071931541,0xbd9350d8,-0.071931541,0x00000000,0
l1,0.0625,0,min-error,metric_min,exp1,0,1,1,2.17583871,2.17583895,2.17583871,2.17583895,2.38418579e-07,47,raw-and-scaled,4,1,fp4_e1m2,fp4_e2m1,2,1,2,417,47,exp2,3,6,3,1,0.311890393,0.502825379,-3,0x3f00b92a,0.502825379,0x3f800000,1,0x00000000,0,0x00000000,0,0000,0,0,00,0000,0,0,0,0x00000000,0,0x00000000,0,0x00000000,0
l1,0.0625,0,min-error,metric_min,exp1,0,1,1,2.17583871,2.17583895,2.17583871,2.17583895,2.38418579e-07,48,raw-and-scaled,4,1,fp4_e1m2,fp4_e2m1,2,1,2,417,48,exp2,3,6,3,1,0.311890393,0.502825379,-3,0x3f00b92a,0.502825379,0x3f800000,1,0x00000000,0,0x00000000,0,0000,0,0,00,0000,0,0,0,0x00000000,0,0x00000000,0,0x00000000,0
l1,0.0625,0,min-error,metric_min,exp1,0,1,1,2.17583871,2.17583895,2.17583871,2.17583895,2.38418579e-07,49,raw-and-scaled,4,1,fp4_e1m2,fp4_e2m1,2,1,2,417,49,exp2,3,6,3,1,0.311890393,0.502825379,-3,0x3f00b92a,0.502825379,0x3f800000,1,0x00000000,0,0x00000000,0,0000,0,0,00,0000,0,0,0,0x00000000,0,0x00000000,0,0x00000000,0
l1,0.0625,0,min-error,metric_min,exp1,0,1,1,2.17583871,2.17583895,2.17583871,2.17583895,2.38418579e-07,50,raw-and-scaled,4,1,fp4_e1m2,fp4_e2m1,2,1,2,417,50,exp2,3,6,3,1,0.311890393,0.502825379,-3,0x3f00b92a,0.502825379,0x3f800000,1,0x00000000,0,0x00000000,0,0000,0,0,00,0000,0,0,0,0x00000000,0,0x00000000,0,0x00000000,0
l1,0.0625,0,min-error,metric_min,exp1,0,1,1,2.17583871,2.17583895,2.17583871,2.17583895,2.38418579e-07,51,raw-and-scaled,4,1,fp4_e1m2,fp4_e2m1,2,1,2,417,51,exp2,3,6,3,1,0.311890393,0.502825379,-3,0x3f00b92a,0.502825379,0x3f800000,1,0x00000000,0,0x00000000,0,0000,0,0,00,0000,0,0,0,0x00000000,0,0x00000000,0,0x00000000,0
l1,0.0625,0,min-error,metric_min,exp1,0,1,1,2.17583871,2.17583895,2.17583871,2.17583895,2.38418579e-07,52,raw-and-scaled,4,1,fp4_e1m2,fp4_e2m1,2,1,2,417,52,exp2,3,6,3,1,0.311890393,0.502825379,-3,0x3f00b92a,0.502825379,0x3f800000,1,0x00000000,0,0x00000000,0,0000,0,0,00,0000,0,0,0,0x00000000,0,0x00000000,0,0x00000000,0
l1,0.0625,0,min-error,metric_min,exp1,0,1,1,2.17583871,2.17583895,2.17583871,2.17583895,2.38418579e-07,53,raw-and-scaled,4,1,fp4_e1m2,fp4_e2m1,2,1,2,417,53,exp2,3,6,3,1,0.311890393,0.502825379,-3,0x3f00b92a,0.502825379,0x3f800000,1,0x3d5a93b7,0.0533635281,0x3d5a93b7,0.0533635281,0000,0,0,00,0000,0,0,0,0x3d5a93b7,0.0533635281,0x3d5a93b7,0.0533635281,0x00000000,0
l1,0.0625,0,min-error,metric_min,exp1,0,1,1,2.17583871,2.17583895,2.17583871,2.17583895,2.38418579e-07,54,raw-and-scaled,4,1,fp4_e1m2,fp4_e2m1,2,1,2,417,54,exp2,3,6,3,1,0.311890393,0.502825379,-3,0x3f00b92a,0.502825379,0x3f800000,1,0x3de524d2,0.111886635,0x3de524d2,0.111886635,0000,0,0,00,0000,0,0,0,0x3de524d2,0.111886635,0x3de524d2,0.111886635,0x00000000,0
l1,0.0625,0,min-error,metric_min,exp1,0,1,1,2.17583871,2.17583895,2.17583871,2.17583895,2.38418579e-07,55,raw-and-scaled,4,1,fp4_e1m2,fp4_e2m1,2,1,2,417,55,exp2,3,6,3,1,0.311890393,0.502825379,-3,0x3f00b92a,0.502825379,0x3f800000,1,0xbd65fcd6,-0.0561493263,0xbd65fcd6,-0.0561493263,1000,0,0,00,1000,0,0,0,0xbd65fcd6,-0.0561493263,0xbd65fcd6,-0.0561493263,0x00000000,0
l1,0.0625,0,min-error,metric_min,exp1,0,1,1,2.17583871,2.17583895,2.17583871,2.17583895,2.38418579e-07,56,raw-and-scaled,4,1,fp4_e1m2,fp4_e2m1,2,1,2,417,56,exp2,3,6,3,1,0.311890393,0.502825379,-3,0x3f00b92a,0.502825379,0x3f800000,1,0x00000000,0,0x00000000,0,0000,0,0,00,0000,0,0,0,0x00000000,0,0x00000000,0,0x00000000,0
l1,0.0625,0,min-error,metric_min,exp1,0,1,1,2.17583871,2.17583895,2.17583871,2.17583895,2.38418579e-07,57,raw-and-scaled,4,1,fp4_e1m2,fp4_e2m1,2,1,2,417,57,exp2,3,6,3,1,0.311890393,0.502825379,-3,0x3f00b92a,0.502825379,0x3f800000,1,0xbe654464,-0.223893702,0xbe654464,-0.223893702,1000,0,0,00,1001,0,1,1,0xbe654464,-0.223893702,0xbdca88c8,-0.098893702,0xbf800000,-1
l1,0.0625,0,min-error,metric_min,exp1,0,1,1,2.17583871,2.17583895,2.17583871,2.17583895,2.38418579e-07,58,raw-and-scaled,4,1,fp4_e1m2,fp4_e2m1,2,1,2,417,58,exp2,3,6,3,1,0.311890393,0.502825379,-3,0x3f00b92a,0.502825379,0x3f800000,1,0x00000000,0,0x00000000,0,0000,0,0,00,0000,0,0,0,0x00000000,0,0x00000000,0,0x00000000,0
l1,0.0625,0,min-error,metric_min,exp1,0,1,1,2.17583871,2.17583895,2.17583871,2.17583895,2.38418579e-07,59,raw-and-scaled,4,1,fp4_e1m2,fp4_e2m1,2,1,2,417,59,exp2,3,6,3,1,0.311890393,0.502825379,-3,0x3f00b92a,0.502825379,0x3f800000,1,0x00000000,0,0x00000000,0,0000,0,0,00,0000,0,0,0,0x00000000,0,0x00000000,0,0x00000000,0
l1,0.0625,0,min-error,metric_min,exp1,0,1,1,2.17583871,2.17583895,2.17583871,2.17583895,2.38418579e-07,60,raw-and-scaled,4,1,fp4_e1m2,fp4_e2m1,2,1,2,417,60,exp2,3,6,3,1,0.311890393,0.502825379,-3,0x3f00b92a,0.502825379,0x3f800000,1,0x00000000,0,0x00000000,0,0000,0,0,00,0000,0,0,0,0x00000000,0,0x00000000,0,0x00000000,0
l1,0.0625,0,min-error,metric_min,exp1,0,1,1,2.17583871,2.17583895,2.17583871,2.17583895,2.38418579e-07,61,raw-and-scaled,4,1,fp4_e1m2,fp4_e2m1,2,1,2,417,61,exp2,3,6,3,1,0.311890393,0.502825379,-3,0x3f00b92a,0.502825379,0x3f800000,1,0x00000000,0,0x00000000,0,0000,0,0,00,0000,0,0,0,0x00000000,0,0x00000000,0,0x00000000,0
l1,0.0625,0,min-error,metric_min,exp1,0,1,1,2.17583871,2.17583895,2.17583871,2.17583895,2.38418579e-07,62,raw-and-scaled,4,1,fp4_e1m2,fp4_e2m1,2,1,2,417,62,exp2,3,6,3,1,0.311890393,0.502825379,-3,0x3f00b92a,0.502825379,0x3f800000,1,0x00000000,0,0x00000000,0,0000,0,0,00,0000,0,0,0,0x00000000,0,0x00000000,0,0x00000000,0
l1,0.0625,0,min-error,metric_min,exp1,0,1,1,2.17583871,2.17583895,2.17583871,2.17583895,2.38418579e-07,63,raw-and-scaled,4,1,fp4_e1m2,fp4_e2m1,2,1,2,417,63,exp2,3,6,3,1,0.311890393,0.502825379,-3,0x3f00b92a,0.502825379,0x3f800000,1,0x00000000,0,0x00000000,0,0000,0,0,00,0000,0,0,0,0x00000000,0,0x00000000,0,0x00000000,0
l1,0.0625,0,min-error,metric_min,exp1,0,1,1,2.17583871,2.17583895,2.17583871,2.17583895,2.38418579e-07,64,raw-and-scaled,4,1,fp4_e1m2,fp4_e2m1,2,1,2,417,64,exp2,3,6,3,1,0.311890393,0.502825379,-3,0x3f00b92a,0.502825379,0x3f800000,1,0x00000000,0,0x00000000,0,0000,0,0,00,0000,0,0,0,0x00000000,0,0x00000000,0,0x00000000,0
l1,0.0625,0,min-error,metric_min,exp1,0,1,1,2.17583871,2.17583895,2.17583871,2.17583895,2.38418579e-07,65,raw-and-scaled,4,1,fp4_e1m2,fp4_e2m1,2,1,2,417,65,exp2,3,6,3,1,0.311890393,0.502825379,-3,0x3f00b92a,0.502825379,0x3f800000,1,0x00000000,0,0x00000000,0,0000,0,0,00,0000,0,0,0,0x00000000,0,0x00000000,0,0x00000000,0
l1,0.0625,0,min-error,metric_min,exp1,0,1,1,2.17583871,2.17583895,2.17583871,2.17583895,2.38418579e-07,66,raw-and-scaled,4,1,fp4_e1m2,fp4_e2m1,2,1,2,417,66,exp2,3,6,3,1,0.311890393,0.502825379,-3,0x3f00b92a,0.502825379,0x3f800000,1,0x3bdffa6f,0.00683527393,0x3bdffa6f,0.00683527393,0000,0,0,00,0000,0,0,0,0x3bdffa6f,0.00683527393,0x3bdffa6f,0.00683527393,0x00000000,0
l1,0.0625,0,min-error,metric_min,exp1,0,1,1,2.17583871,2.17583895,2.17583871,2.17583895,2.38418579e-07,67,raw-and-scaled,4,1,fp4_e1m2,fp4_e2m1,2,1,2,417,67,exp2,3,6,3,1,0.311890393,0.502825379,-3,0x3f00b92a,0.502825379,0x3f800000,1,0x00000000,0,0x00000000,0,0000,0,0,00,0000,0,0,0,0x00000000,0,0x00000000,0,0x00000000,0
l1,0.0625,0,min-error,metric_min,exp1,0,1,1,2.17583871,2.17583895,2.17583871,2.17583895,2.38418579e-07,68,raw-and-scaled,4,1,fp4_e1m2,fp4_e2m1,2,1,2,417,68,exp2,3,6,3,1,0.311890393,0.502825379,-3,0x3f00b92a,0.502825379,0x3f800000,1,0x00000000,0,0x00000000,0,0000,0,0,00,0000,0,0,0,0x00000000,0,0x00000000,0,0x00000000,0
l1,0.0625,0,min-error,metric_min,exp1,0,1,1,2.17583871,2.17583895,2.17583871,2.17583895,2.38418579e-07,69,raw-and-scaled,4,1,fp4_e1m2,fp4_e2m1,2,1,2,417,69,exp2,3,6,3,1,0.311890393,0.502825379,-3,0x3f00b92a,0.502825379,0x3f800000,1,0x3dccf7b4,0.100081831,0x3dccf7b4,0.100081831,0000,0,0,00,0000,0,0,0,0x3dccf7b4,0.100081831,0x3dccf7b4,0.100081831,0x00000000,0
l1,0.0625,0,min-error,metric_min,exp1,0,1,1,2.17583871,2.17583895,2.17583871,2.17583895,2.38418579e-07,70,raw-and-scaled,4,1,fp4_e1m2,fp4_e2m1,2,1,2,417,70,exp2,3,6,3,1,0.311890393,0.502825379,-3,0x3f00b92a,0.502825379,0x3f800000,1,0x00000000,0,0x00000000,0,0000,0,0,00,0000,0,0,0,0x00000000,0,0x00000000,0,0x00000000,0
l1,0.0625,0,min-error,metric_min,exp1,0,1,1,2.17583871,2.17583895,2.17583871,2.17583895,2.38418579e-07,71,raw-and-scaled,4,1,fp4_e1m2,fp4_e2m1,2,1,2,417,71,exp2,3,6,3,1,0.311890393,0.502825379,-3,0x3f00b92a,0.502825379,0x3f800000,1,0x00000000,0,0x00000000,0,0000,0,0,00,0000,0,0,0,0x00000000,0,0x00000000,0,0x00000000,0
l1,0.0625,0,min-error,metric_min,exp1,0,1,1,2.17583871,2.17583895,2.17583871,2.17583895,2.38418579e-07,72,raw-and-scaled,4,1,fp4_e1m2,fp4_e2m1,2,1,2,417,72,exp2,3,6,3,1,0.311890393,0.502825379,-3,0x3f00b92a,0.502825379,0x3f800000,1,0x00000000,0,0x00000000,0,0000,0,0,00,0000,0,0,0,0x00000000,0,0x00000000,0,0x00000000,0
l1,0.0625,0,min-error,metric_min,exp1,0,1,1,2.17583871,2.17583895,2.17583871,2.17583895,2.38418579e-07,73,raw-and-scaled,4,1,fp4_e1m2,fp4_e2m1,2,1,2,417,73,exp2,3,6,3,1,0.311890393,0.502825379,-3,0x3f00b92a,0.502825379,0x3f800000,1,0x00000000,0,0x00000000,0,0000,0,0,00,0000,0,0,0,0x00000000,0,0x00000000,0,0x00000000,0
l1,0.0625,0,min-error,metric_min,exp1,0,1,1,2.17583871,2.17583895,2.17583871,2.17583895,2.38418579e-07,74,raw-and-scaled,4,1,fp4_e1m2,fp4_e2m1,2,1,2,417,74,exp2,3,6,3,1,0.311890393,0.502825379,-3,0x3f00b92a,0.502825379,0x3f800000,1,0x3c65969e,0.0140129607,0x3c65969e,0.0140129607,0000,0,0,00,0000,0,0,0,0x3c65969e,0.0140129607,0x3c65969e,0.0140129607,0x00000000,0
l1,0.0625,0,min-error,metric_min,exp1,0,1,1,2.17583871,2.17583895,2.17583871,2.17583895,2.38418579e-07,75,raw-and-scaled,4,1,fp4_e1m2,fp4_e2m1,2,1,2,417,75,exp2,3,6,3,1,0.311890393,0.502825379,-3,0x3f00b92a,0.502825379,0x3f800000,1,0x00000000,0,0x00000000,0,0000,0,0,00,0000,0,0,0,0x00000000,0,0x00000000,0,0x00000000,0
l1,0.0625,0,min-error,metric_min,exp1,0,1,1,2.17583871,2.17583895,2.17583871,2.17583895,2.38418579e-07,76,raw-and-scaled,4,1,fp4_e1m2,fp4_e2m1,2,1,2,417,76,exp2,3,6,3,1,0.311890393,0.502825379,-3,0x3f00b92a,0.502825379,0x3f800000,1,0x00000000,0,0x00000000,0,0000,0,0,00,0000,0,0,0,0x00000000,0,0x00000000,0,0x00000000,0
l1,0.0625,0,min-error,metric_min,exp1,0,1,1,2.17583871,2.17583895,2.17583871,2.17583895,2.38418579e-07,77,raw-and-scaled,4,1,fp4_e1m2,fp4_e2m1,2,1,2,417,77,exp2,3,6,3,1,0.311890393,0.502825379,-3,0x3f00b92a,0.502825379,0x3f800000,1,0x00000000,0,0x00000000,0,0000,0,0,00,0000,0,0,0,0x00000000,0,0x00000000,0,0x00000000,0
l1,0.0625,0,min-error,metric_min,exp1,0,1,1,2.17583871,2.17583895,2.17583871,2.17583895,2.38418579e-07,78,raw-and-scaled,4,1,fp4_e1m2,fp4_e2m1,2,1,2,417,78,exp2,3,6,3,1,0.311890393,0.502825379,-3,0x3f00b92a,0.502825379,0x3f800000,1,0x00000000,0,0x00000000,0,0000,0,0,00,0000,0,0,0,0x00000000,0,0x00000000,0,0x00000000,0
l1,0.0625,0,min-error,metric_min,exp1,0,1,1,2.17583871,2.17583895,2.17583871,2.17583895,2.38418579e-07,79,raw-and-scaled,4,1,fp4_e1m2,fp4_e2m1,2,1,2,417,79,exp2,3,6,3,1,0.311890393,0.502825379,-3,0x3f00b92a,0.502825379,0x3f800000,1,0x00000000,0,0x00000000,0,0000,0,0,00,0000,0,0,0,0x00000000,0,0x00000000,0,0x00000000,0
l1,0.0625,0,min-error,metric_min,exp1,0,1,1,2.17583871,2.17583895,2.17583871,2.17583895,2.38418579e-07,80,raw-and-scaled,4,1,fp4_e1m2,fp4_e2m1,2,1,2,417,80,exp2,3,6,3,1,0.311890393,0.502825379,-3,0x3f00b92a,0.502825379,0x3f800000,1,0x3ee2cf58,0.442988157,0x3ee2cf58,0.442988157,0001,0,1,01,0011,1,1,1,0x3e459eb0,0.192988157,0x3d8b3d60,0.0679881573,0xbf800000,-1
l1,0.0625,0,min-error,metric_min,exp1,0,1,1,2.17583871,2.17583895,2.17583871,2.17583895,2.38418579e-07,81,raw-and-scaled,4,1,fp4_e1m2,fp4_e2m1,2,1,2,417,81,exp2,3,6,3,1,0.311890393,0.502825379,-3,0x3f00b92a,0.502825379,0x3f800000,1,0x00000000,0,0x00000000,0,0000,0,0,00,0000,0,0,0,0x00000000,0,0x00000000,0,0x00000000,0
l1,0.0625,0,min-error,metric_min,exp1,0,1,1,2.17583871,2.17583895,2.17583871,2.17583895,2.38418579e-07,82,raw-and-scaled,4,1,fp4_e1m2,fp4_e2m1,2,1,2,417,82,exp2,3,6,3,1,0.311890393,0.502825379,-3,0x3f00b92a,0.502825379,0x3f800000,1,0x00000000,0,0x00000000,0,0000,0,0,00,0000,0,0,0,0x00000000,0,0x00000000,0,0x00000000,0
l1,0.0625,0,min-error,metric_min,exp1,0,1,1,2.17583871,2.17583895,2.17583871,2.17583895,2.38418579e-07,83,raw-and-scaled,4,1,fp4_e1m2,fp4_e2m1,2,1,2,417,83,exp2,3,6,3,1,0.311890393,0.502825379,-3,0x3f00b92a,0.502825379,0x3f800000,1,0x00000000,0,0x00000000,0,0000,0,0,00,0000,0,0,0,0x00000000,0,0x00000000,0,0x00000000,0
l1,0.0625,0,min-error,metric_min,exp1,0,1,1,2.17583871,2.17583895,2.17583871,2.17583895,2.38418579e-07,84,raw-and-scaled,4,1,fp4_e1m2,fp4_e2m1,2,1,2,417,84,exp2,3,6,3,1,0.311890393,0.502825379,-3,0x3f00b92a,0.502825379,0x3f800000,1,0x3b8d80bc,0.00431832485,0x3b8d80bc,0.00431832485,0000,0,0,00,0000,0,0,0,0x3b8d80bc,0.00431832485,0x3b8d80bc,0.00431832485,0x00000000,0
l1,0.0625,0,min-error,metric_min,exp1,0,1,1,2.17583871,2.17583895,2.17583871,2.17583895,2.38418579e-07,85,raw-and-scaled,4,1,fp4_e1m2,fp4_e2m1,2,1,2,417,85,exp2,3,6,3,1,0.311890393,0.502825379,-3,0x3f00b92a,0.502825379,0x3f800000,1,0x3d0ea79e,0.034827821,0x3d0ea79e,0.034827821,0000,0,0,00,0000,0,0,0,0x3d0ea79e,0.034827821,0x3d0ea79e,0.034827821,0x00000000,0
l1,0.0625,0,min-error,metric_min,exp1,0,1,1,2.17583871,2.17583895,2.17583871,2.17583895,2.38418579e-07,86,raw-and-scaled,4,1,fp4_e1m2,fp4_e2m1,2,1,2,417,86,exp2,3,6,3,1,0.311890393,0.502825379,-3,0x3f00b92a,0.502825379,0x3f800000,1,0x00000000,0,0x00000000,0,0000,0,0,00,0000,0,0,0,0x00000000,0,0x00000000,0,0x00000000,0
l1,0.0625,0,min-error,metric_min,exp1,0,1,1,2.17583871,2.17583895,2.17583871,2.17583895,2.38418579e-07,87,raw-and-scaled,4,1,fp4_e1m2,fp4_e2m1,2,1,2,417,87,exp2,3,6,3,1,0.311890393,0.502825379,-3,0x3f00b92a,0.502825379,0x3f800000,1,0xbada767f,-0.00166673947,0xbada767f,-0.00166673947,1000,0,0,00,1000,0,0,0,0xbada767f,-0.00166673947,0xbada767f,-0.00166673947,0x00000000,0
l1,0.0625,0,min-error,metric_min,exp1,0,1,1,2.17583871,2.17583895,2.17583871,2.17583895,2.38418579e-07,88,raw-and-scaled,4,1,fp4_e1m2,fp4_e2m1,2,1,2,417,88,exp2,3,6,3,1,0.311890393,0.502825379,-3,0x3f00b92a,0.502825379,0x3f800000,1,0x00000000,0,0x00000000,0,0000,0,0,00,0000,0,0,0,0x00000000,0,0x00000000,0,0x00000000,0
l1,0.0625,0,min-error,metric_min,exp1,0,1,1,2.17583871,2.17583895,2.17583871,2.17583895,2.38418579e-07,89,raw-and-scaled,4,1,fp4_e1m2,fp4_e2m1,2,1,2,417,89,exp2,3,6,3,1,0.311890393,0.502825379,-3,0x3f00b92a,0.502825379,0x3f800000,1,0x00000000,0,0x00000000,0,0000,0,0,00,0000,0,0,0,0x00000000,0,0x00000000,0,0x00000000,0
l1,0.0625,0,min-error,metric_min,exp1,0,1,1,2.17583871,2.17583895,2.17583871,2.17583895,2.38418579e-07,90,raw-and-scaled,4,1,fp4_e1m2,fp4_e2m1,2,1,2,417,90,exp2,3,6,3,1,0.311890393,0.502825379,-3,0x3f00b92a,0.502825379,0x3f800000,1,0x00000000,0,0x00000000,0,0000,0,0,00,0000,0,0,0,0x00000000,0,0x00000000,0,0x00000000,0
l1,0.0625,0,min-error,metric_min,exp1,0,1,1,2.17583871,2.17583895,2.17583871,2.17583895,2.38418579e-07,91,raw-and-scaled,4,1,fp4_e1m2,fp4_e2m1,2,1,2,417,91,exp2,3,6,3,1,0.311890393,0.502825379,-3,0x3f00b92a,0.502825379,0x3f800000,1,0x00000000,0,0x00000000,0,0000,0,0,00,0000,0,0,0,0x00000000,0,0x00000000,0,0x00000000,0
l1,0.0625,0,min-error,metric_min,exp1,0,1,1,2.17583871,2.17583895,2.17583871,2.17583895,2.38418579e-07,92,raw-and-scaled,4,1,fp4_e1m2,fp4_e2m1,2,1,2,417,92,exp2,3,6,3,1,0.311890393,0.502825379,-3,0x3f00b92a,0.502825379,0x3f800000,1,0x00000000,0,0x00000000,0,0000,0,0,00,0000,0,0,0,0x00000000,0,0x00000000,0,0x00000000,0
l1,0.0625,0,min-error,metric_min,exp1,0,1,1,2.17583871,2.17583895,2.17583871,2.17583895,2.38418579e-07,93,raw-and-scaled,4,1,fp4_e1m2,fp4_e2m1,2,1,2,417,93,exp2,3,6,3,1,0.311890393,0.502825379,-3,0x3f00b92a,0.502825379,0x3f800000,1,0x00000000,0,0x00000000,0,0000,0,0,00,0000,0,0,0,0x00000000,0,0x00000000,0,0x00000000,0
l1,0.0625,0,min-error,metric_min,exp1,0,1,1,2.17583871,2.17583895,2.17583871,2.17583895,2.38418579e-07,94,raw-and-scaled,4,1,fp4_e1m2,fp4_e2m1,2,1,2,417,94,exp2,3,6,3,1,0.311890393,0.502825379,-3,0x3f00b92a,0.502825379,0x3f800000,1,0x00000000,0,0x00000000,0,0000,0,0,00,0000,0,0,0,0x00000000,0,0x00000000,0,0x00000000,0
l1,0.0625,0,min-error,metric_min,exp1,0,1,1,2.17583871,2.17583895,2.17583871,2.17583895,2.38418579e-07,95,raw-and-scaled,4,1,fp4_e1m2,fp4_e2m1,2,1,2,417,95,exp2,3,6,3,1,0.311890393,0.502825379,-3,0x3f00b92a,0.502825379,0x3f800000,1,0x00000000,0,0x00000000,0,0000,0,0,00,0000,0,0,0,0x00000000,0,0x00000000,0,0x00000000,0
l1,0.0625,0,min-error,metric_min,exp1,0,1,1,2.17583871,2.17583895,2.17583871,2.17583895,2.38418579e-07,96,raw-and-scaled,4,1,fp4_e1m2,fp4_e2m1,2,1,2,417,96,exp2,3,6,3,1,0.311890393,0.502825379,-3,0x3f00b92a,0.502825379,0x3f800000,1,0x00000000,0,0x00000000,0,0000,0,0,00,0000,0,0,0,0x00000000,0,0x00000000,0,0x00000000,0
l1,0.0625,0,min-error,metric_min,exp1,0,1,1,2.17583871,2.17583895,2.17583871,2.17583895,2.38418579e-07,97,raw-and-scaled,4,1,fp4_e1m2,fp4_e2m1,2,1,2,417,97,exp2,3,6,3,1,0.311890393,0.502825379,-3,0x3f00b92a,0.502825379,0x3f800000,1,0x00000000,0,0x00000000,0,0000,0,0,00,0000,0,0,0,0x00000000,0,0x00000000,0,0x00000000,0
l1,0.0625,0,min-error,metric_min,exp1,0,1,1,2.17583871,2.17583895,2.17583871,2.17583895,2.38418579e-07,98,raw-and-scaled,4,1,fp4_e1m2,fp4_e2m1,2,1,2,417,98,exp2,3,6,3,1,0.311890393,0.502825379,-3,0x3f00b92a,0.502825379,0x3f800000,1,0x00000000,0,0x00000000,0,0000,0,0,00,0000,0,0,0,0x00000000,0,0x00000000,0,0x00000000,0
l1,0.0625,0,min-error,metric_min,exp1,0,1,1,2.17583871,2.17583895,2.17583871,2.17583895,2.38418579e-07,99,raw-and-scaled,4,1,fp4_e1m2,fp4_e2m1,2,1,2,417,99,exp2,3,6,3,1,0.311890393,0.502825379,-3,0x3f00b92a,0.502825379,0x3f800000,1,0x00000000,0,0x00000000,0,0000,0,0,00,0000,0,0,0,0x00000000,0,0x00000000,0,0x00000000,0
l1,0.0625,0,min-error,metric_min,exp1,0,1,1,2.17583871,2.17583895,2.17583871,2.17583895,2.38418579e-07,100,raw-and-scaled,4,1,fp4_e1m2,fp4_e2m1,2,1,2,417,100,exp2,3,6,3,1,0.311890393,0.502825379,-3,0x3f00b92a,0.502825379,0x3f800000,1,0x00000000,0,0x00000000,0,0000,0,0,00,0000,0,0,0,0x00000000,0,0x00000000,0,0x00000000,0
l1,0.0625,0,min-error,metric_min,exp1,0,1,1,2.17583871,2.17583895,2.17583871,2.17583895,2.38418579e-07,101,raw-and-scaled,4,1,fp4_e1m2,fp4_e2m1,2,1,2,417,101,exp2,3,6,3,1,0.311890393,0.502825379,-3,0x3f00b92a,0.502825379,0x3f800000,1,0x00000000,0,0x00000000,0,0000,0,0,00,0000,0,0,0,0x00000000,0,0x00000000,0,0x00000000,0
l1,0.0625,0,min-error,metric_min,exp1,0,1,1,2.17583871,2.17583895,2.17583871,2.17583895,2.38418579e-07,102,raw-and-scaled,4,1,fp4_e1m2,fp4_e2m1,2,1,2,417,102,exp2,3,6,3,1,0.311890393,0.502825379,-3,0x3f00b92a,0.502825379,0x3f800000,1,0x3bf344a8,0.00742395595,0x3bf344a8,0.00742395595,0000,0,0,00,0000,0,0,0,0x3bf344a8,0.00742395595,0x3bf344a8,0.00742395595,0x00000000,0
l1,0.0625,0,min-error,metric_min,exp1,0,1,1,2.17583871,2.17583895,2.17583871,2.17583895,2.38418579e-07,103,raw-and-scaled,4,1,fp4_e1m2,fp4_e2m1,2,1,2,417,103,exp2,3,6,3,1,0.311890393,0.502825379,-3,0x3f00b92a,0.502825379,0x3f800000,1,0x00000000,0,0x00000000,0,0000,0,0,00,0000,0,0,0,0x00000000,0,0x00000000,0,0x00000000,0
l1,0.0625,0,min-error,metric_min,exp1,0,1,1,2.17583871,2.17583895,2.17583871,2.17583895,2.38418579e-07,104,raw-and-scaled,4,1,fp4_e1m2,fp4_e2m1,2,1,2,417,104,exp2,3,6,3,1,0.311890393,0.502825379,-3,0x3f00b92a,0.502825379,0x3f800000,1,0x00000000,0,0x00000000,0,0000,0,0,00,0000,0,0,0,0x00000000,0,0x00000000,0,0x00000000,0
l1,0.0625,0,min-error,metric_min,exp1,0,1,1,2.17583871,2.17583895,2.17583871,2.17583895,2.38418579e-07,105,raw-and-scaled,4,1,fp4_e1m2,fp4_e2m1,2,1,2,417,105,exp2,3,6,3,1,0.311890393,0.502825379,-3,0x3f00b92a,0.502825379,0x3f800000,1,0xbcf298c7,-0.0296138655,0xbcf298c7,-0.0296138655,1000,0,0,00,1000,0,0,0,0xbcf298c7,-0.0296138655,0xbcf298c7,-0.0296138655,0x00000000,0
l1,0.0625,0,min-error,metric_min,exp1,0,1,1,2.17583871,2.17583895,2.17583871,2.17583895,2.38418579e-07,106,raw-and-scaled,4,1,fp4_e1m2,fp4_e2m1,2,1,2,417,106,exp2,3,6,3,1,0.311890393,0.502825379,-3,0x3f00b92a,0.502825379,0x3f800000,1,0x00000000,0,0x00000000,0,0000,0,0,00,0000,0,0,0,0x00000000,0,0x00000000,0,0x00000000,0
l1,0.0625,0,min-error,metric_min,exp1,0,1,1,2.17583871,2.17583895,2.17583871,2.17583895,2.38418579e-07,107,raw-and-scaled,4,1,fp4_e1m2,fp4_e2m1,2,1,2,417,107,exp2,3,6,3,1,0.311890393,0.502825379,-3,0x3f00b92a,0.502825379,0x3f800000,1,0x3ef3b92b,0.476022094,0x3ef3b92b,0.476022094,0001,0,1,01,0011,1,1,1,0x3e677256,0.226022094,0x3dcee4ac,0.101022094,0xbf800000,-1
l1,0.0625,0,min-error,metric_min,exp1,0,1,1,2.17583871,2.17583895,2.17583871,2.17583895,2.38418579e-07,108,raw-and-scaled,4,1,fp4_e1m2,fp4_e2m1,2,1,2,417,108,exp2,3,6,3,1,0.311890393,0.502825379,-3,0x3f00b92a,0.502825379,0x3f800000,1,0x00000000,0,0x00000000,0,0000,0,0,00,0000,0,0,0,0x00000000,0,0x00000000,0,0x00000000,0
l1,0.0625,0,min-error,metric_min,exp1,0,1,1,2.17583871,2.17583895,2.17583871,2.17583895,2.38418579e-07,109,raw-and-scaled,4,1,fp4_e1m2,fp4_e2m1,2,1,2,417,109,exp2,3,6,3,1,0.311890393,0.502825379,-3,0x3f00b92a,0.502825379,0x3f800000,1,0x3d68d3e9,0.0568427183,0x3d68d3e9,0.0568427183,0000,0,0,00,0000,0,0,0,0x3d68d3e9,0.0568427183,0x3d68d3e9,0.0568427183,0x00000000,0
l1,0.0625,0,min-error,metric_min,exp1,0,1,1,2.17583871,2.17583895,2.17583871,2.17583895,2.38418579e-07,110,raw-and-scaled,4,1,fp4_e1m2,fp4_e2m1,2,1,2,417,110,exp2,3,6,3,1,0.311890393,0.502825379,-3,0x3f00b92a,0.502825379,0x3f800000,1,0x00000000,0,0x00000000,0,0000,0,0,00,0000,0,0,0,0x00000000,0,0x00000000,0,0x00000000,0
l1,0.0625,0,min-error,metric_min,exp1,0,1,1,2.17583871,2.17583895,2.17583871,2.17583895,2.38418579e-07,111,raw-and-scaled,4,1,fp4_e1m2,fp4_e2m1,2,1,2,417,111,exp2,3,6,3,1,0.311890393,0.502825379,-3,0x3f00b92a,0.502825379,0x3f800000,1,0x00000000,0,0x00000000,0,0000,0,0,00,0000,0,0,0,0x00000000,0,0x00000000,0,0x00000000,0
l1,0.0625,0,min-error,metric_min,exp1,0,1,1,2.17583871,2.17583895,2.17583871,2.17583895,2.38418579e-07,112,raw-and-scaled,4,1,fp4_e1m2,fp4_e2m1,2,1,2,417,112,exp2,3,6,3,1,0.311890393,0.502825379,-3,0x3f00b92a,0.502825379,0x3f800000,1,0x00000000,0,0x00000000,0,0000,0,0,00,0000,0,0,0,0x00000000,0,0x00000000,0,0x00000000,0
l1,0.0625,0,min-error,metric_min,exp1,0,1,1,2.17583871,2.17583895,2.17583871,2.17583895,2.38418579e-07,113,raw-and-scaled,4,1,fp4_e1m2,fp4_e2m1,2,1,2,417,113,exp2,3,6,3,1,0.311890393,0.502825379,-3,0x3f00b92a,0.502825379,0x3f800000,1,0x3cc03423,0.0234623607,0x3cc03423,0.0234623607,0000,0,0,00,0000,0,0,0,0x3cc03423,0.0234623607,0x3cc03423,0.0234623607,0x00000000,0
l1,0.0625,0,min-error,metric_min,exp1,0,1,1,2.17583871,2.17583895,2.17583871,2.17583895,2.38418579e-07,114,raw-and-scaled,4,1,fp4_e1m2,fp4_e2m1,2,1,2,417,114,exp2,3,6,3,1,0.311890393,0.502825379,-3,0x3f00b92a,0.502825379,0x3f800000,1,0x00000000,0,0x00000000,0,0000,0,0,00,0000,0,0,0,0x00000000,0,0x00000000,0,0x00000000,0
l1,0.0625,0,min-error,metric_min,exp1,0,1,1,2.17583871,2.17583895,2.17583871,2.17583895,2.38418579e-07,115,raw-and-scaled,4,1,fp4_e1m2,fp4_e2m1,2,1,2,417,115,exp2,3,6,3,1,0.311890393,0.502825379,-3,0x3f00b92a,0.502825379,0x3f800000,1,0x00000000,0,0x00000000,0,0000,0,0,00,0000,0,0,0,0x00000000,0,0x00000000,0,0x00000000,0
l1,0.0625,0,min-error,metric_min,exp1,0,1,1,2.17583871,2.17583895,2.17583871,2.17583895,2.38418579e-07,116,raw-and-scaled,4,1,fp4_e1m2,fp4_e2m1,2,1,2,417,116,exp2,3,6,3,1,0.311890393,0.502825379,-3,0x3f00b92a,0.502825379,0x3f800000,1,0xbb150c8c,-0.00227430742,0xbb150c8c,-0.00227430742,1000,0,0,00,1000,0,0,0,0xbb150c8c,-0.00227430742,0xbb150c8c,-0.00227430742,0x00000000,0
l1,0.0625,0,min-error,metric_min,exp1,0,1,1,2.17583871,2.17583895,2.17583871,2.17583895,2.38418579e-07,117,raw-and-scaled,4,1,fp4_e1m2,fp4_e2m1,2,1,2,417,117,exp2,3,6,3,1,0.311890393,0.502825379,-3,0x3f00b92a,0.502825379,0x3f800000,1,0xbc4a06d3,-0.0123307286,0xbc4a06d3,-0.0123307286,1000,0,0,00,1000,0,0,0,0xbc4a06d3,-0.0123307286,0xbc4a06d3,-0.0123307286,0x00000000,0
l1,0.0625,0,min-error,metric_min,exp1,0,1,1,2.17583871,2.17583895,2.17583871,2.17583895,2.38418579e-07,118,raw-and-scaled,4,1,fp4_e1m2,fp4_e2m1,2,1,2,417,118,exp2,3,6,3,1,0.311890393,0.502825379,-3,0x3f00b92a,0.502825379,0x3f800000,1,0x3c2362fa,0.00997232832,0x3c2362fa,0.00997232832,0000,0,0,00,0000,0,0,0,0x3c2362fa,0.00997232832,0x3c2362fa,0.00997232832,0x00000000,0
l1,0.0625,0,min-error,metric_min,exp1,0,1,1,2.17583871,2.17583895,2.17583871,2.17583895,2.38418579e-07,119,raw-and-scaled,4,1,fp4_e1m2,fp4_e2m1,2,1,2,417,119,exp2,3,6,3,1,0.311890393,0.502825379,-3,0x3f00b92a,0.502825379,0x3f800000,1,0x00000000,0,0x00000000,0,0000,0,0,00,0000,0,0,0,0x00000000,0,0x00000000,0,0x00000000,0
l1,0.0625,0,min-error,metric_min,exp1,0,1,1,2.17583871,2.17583895,2.17583871,2.17583895,2.38418579e-07,120,raw-and-scaled,4,1,fp4_e1m2,fp4_e2m1,2,1,2,417,120,exp2,3,6,3,1,0.311890393,0.502825379,-3,0x3f00b92a,0.502825379,0x3f800000,1,0x00000000,0,0x00000000,0,0000,0,0,00,0000,0,0,0,0x00000000,0,0x00000000,0,0x00000000,0
l1,0.0625,0,min-error,metric_min,exp1,0,1,1,2.17583871,2.17583895,2.17583871,2.17583895,2.38418579e-07,121,raw-and-scaled,4,1,fp4_e1m2,fp4_e2m1,2,1,2,417,121,exp2,3,6,3,1,0.311890393,0.502825379,-3,0x3f00b92a,0.502825379,0x3f800000,1,0x00000000,0,0x00000000,0,0000,0,0,00,0000,0,0,0,0x00000000,0,0x00000000,0,0x00000000,0
l1,0.0625,0,min-error,metric_min,exp1,0,1,1,2.17583871,2.17583895,2.17583871,2.17583895,2.38418579e-07,122,raw-and-scaled,4,1,fp4_e1m2,fp4_e2m1,2,1,2,417,122,exp2,3,6,3,1,0.311890393,0.502825379,-3,0x3f00b92a,0.502825379,0x3f800000,1,0x00000000,0,0x00000000,0,0000,0,0,00,0000,0,0,0,0x00000000,0,0x00000000,0,0x00000000,0
l1,0.0625,0,min-error,metric_min,exp1,0,1,1,2.17583871,2.17583895,2.17583871,2.17583895,2.38418579e-07,123,raw-and-scaled,4,1,fp4_e1m2,fp4_e2m1,2,1,2,417,123,exp2,3,6,3,1,0.311890393,0.502825379,-3,0x3f00b92a,0.502825379,0x3f800000,1,0x00000000,0,0x00000000,0,0000,0,0,00,0000,0,0,0,0x00000000,0,0x00000000,0,0x00000000,0
l1,0.0625,0,min-error,metric_min,exp1,0,1,1,2.17583871,2.17583895,2.17583871,2.17583895,2.38418579e-07,124,raw-and-scaled,4,1,fp4_e1m2,fp4_e2m1,2,1,2,417,124,exp2,3,6,3,1,0.311890393,0.502825379,-3,0x3f00b92a,0.502825379,0x3f800000,1,0x00000000,0,0x00000000,0,0000,0,0,00,0000,0,0,0,0x00000000,0,0x00000000,0,0x00000000,0
l1,0.0625,0,min-error,metric_min,exp1,0,1,1,2.17583871,2.17583895,2.17583871,2.17583895,2.38418579e-07,125,raw-and-scaled,4,1,fp4_e1m2,fp4_e2m1,2,1,2,417,125,exp2,3,6,3,1,0.311890393,0.502825379,-3,0x3f00b92a,0.502825379,0x3f800000,1,0x00000000,0,0x00000000,0,0000,0,0,00,0000,0,0,0,0x00000000,0,0x00000000,0,0x00000000,0
l1,0.0625,0,min-error,metric_min,exp1,0,1,1,2.17583871,2.17583895,2.17583871,2.17583895,2.38418579e-07,126,raw-and-scaled,4,1,fp4_e1m2,fp4_e2m1,2,1,2,417,126,exp2,3,6,3,1,0.311890393,0.502825379,-3,0x3f00b92a,0.502825379,0x3f800000,1,0x00000000,0,0x00000000,0,0000,0,0,00,0000,0,0,0,0x00000000,0,0x00000000,0,0x00000000,0
l1,0.0625,0,min-error,metric_min,exp1,0,1,1,2.17583871,2.17583895,2.17583871,2.17583895,2.38418579e-07,127,raw-and-scaled,4,1,fp4_e1m2,fp4_e2m1,2,1,2,417,127,exp2,3,6,3,1,0.311890393,0.502825379,-3,0x3f00b92a,0.502825379,0x3f800000,1,0x00000000,0,0x00000000,0,0000,0,0,00,0000,0,0,0,0x00000000,0,0x00000000,0,0x00000000,0
l1,0.0625,0,min-error,metric_min,exp1,0,1,1,2.40750265,2.40750289,2.40750265,2.40750289,2.38418579e-07,0,raw-and-scaled,4,1,fp4_e1m2,fp4_e2m1,2,1,2,657,0,exp2,2,4,2,1,0.406347662,0.451511443,-2,0x3ee72c82,0.451511443,0x3f800000,1,0x00000000,0,0x00000000,0,0000,0,0,00,0000,0,0,0,0x00000000,0,0x00000000,0,0x00000000,0
l1,0.0625,0,min-error,metric_min,exp1,0,1,1,2.40750265,2.40750289,2.40750265,2.40750289,2.38418579e-07,1,raw-and-scaled,4,1,fp4_e1m2,fp4_e2m1,2,1,2,657,1,exp2,2,4,2,1,0.406347662,0.451511443,-2,0x3ee72c82,0.451511443,0x3f800000,1,0x00000000,0,0x00000000,0,0000,0,0,00,0000,0,0,0,0x00000000,0,0x00000000,0,0x00000000,0
l1,0.0625,0,min-error,metric_min,exp1,0,1,1,2.40750265,2.40750289,2.40750265,2.40750289,2.38418579e-07,2,raw-and-scaled,4,1,fp4_e1m2,fp4_e2m1,2,1,2,657,2,exp2,2,4,2,1,0.406347662,0.451511443,-2,0x3ee72c82,0.451511443,0x3f800000,1,0x00000000,0,0x00000000,0,0000,0,0,00,0000,0,0,0,0x00000000,0,0x00000000,0,0x00000000,0
l1,0.0625,0,min-error,metric_min,exp1,0,1,1,2.40750265,2.40750289,2.40750265,2.40750289,2.38418579e-07,3,raw-and-scaled,4,1,fp4_e1m2,fp4_e2m1,2,1,2,657,3,exp2,2,4,2,1,0.406347662,0.451511443,-2,0x3ee72c82,0.451511443,0x3f800000,1,0x00000000,0,0x00000000,0,0000,0,0,00,0000,0,0,0,0x00000000,0,0x00000000,0,0x00000000,0
l1,0.0625,0,min-error,metric_min,exp1,0,1,1,2.40750265,2.40750289,2.40750265,2.40750289,2.38418579e-07,4,raw-and-scaled,4,1,fp4_e1m2,fp4_e2m1,2,1,2,657,4,exp2,2,4,2,1,0.406347662,0.451511443,-2,0x3ee72c82,0.451511443,0x3f800000,1,0x00000000,0,0x00000000,0,0000,0,0,00,0000,0,0,0,0x00000000,0,0x00000000,0,0x00000000,0
l1,0.0625,0,min-error,metric_min,exp1,0,1,1,2.40750265,2.40750289,2.40750265,2.40750289,2.38418579e-07,5,raw-and-scaled,4,1,fp4_e1m2,fp4_e2m1,2,1,2,657,5,exp2,2,4,2,1,0.406347662,0.451511443,-2,0x3ee72c82,0.451511443,0x3f800000,1,0x00000000,0,0x00000000,0,0000,0,0,00,0000,0,0,0,0x00000000,0,0x00000000,0,0x00000000,0
l1,0.0625,0,min-error,metric_min,exp1,0,1,1,2.40750265,2.40750289,2.40750265,2.40750289,2.38418579e-07,6,raw-and-scaled,4,1,fp4_e1m2,fp4_e2m1,2,1,2,657,6,exp2,2,4,2,1,0.406347662,0.451511443,-2,0x3ee72c82,0.451511443,0x3f800000,1,0x00000000,0,0x00000000,0,0000,0,0,00,0000,0,0,0,0x00000000,0,0x00000000,0,0x00000000,0
l1,0.0625,0,min-error,metric_min,exp1,0,1,1,2.40750265,2.40750289,2.40750265,2.40750289,2.38418579e-07,7,raw-and-scaled,4,1,fp4_e1m2,fp4_e2m1,2,1,2,657,7,exp2,2,4,2,1,0.406347662,0.451511443,-2,0x3ee72c82,0.451511443,0x3f800000,1,0x00000000,0,0x00000000,0,0000,0,0,00,0000,0,0,0,0x00000000,0,0x00000000,0,0x00000000,0
l1,0.0625,0,min-error,metric_min,exp1,0,1,1,2.40750265,2.40750289,2.40750265,2.40750289,2.38418579e-07,8,raw-and-scaled,4,1,fp4_e1m2,fp4_e2m1,2,1,2,657,8,exp2,2,4,2,1,0.406347662,0.451511443,-2,0x3ee72c82,0.451511443,0x3f800000,1,0x00000000,0,0x00000000,0,0000,0,0,00,0000,0,0,0,0x00000000,0,0x00000000,0,0x00000000,0
l1,0.0625,0,min-error,metric_min,exp1,0,1,1,2.40750265,2.40750289,2.40750265,2.40750289,2.38418579e-07,9,raw-and-scaled,4,1,fp4_e1m2,fp4_e2m1,2,1,2,657,9,exp2,2,4,2,1,0.406347662,0.451511443,-2,0x3ee72c82,0.451511443,0x3f800000,1,0x00000000,0,0x00000000,0,0000,0,0,00,0000,0,0,0,0x00000000,0,0x00000000,0,0x00000000,0
l1,0.0625,0,min-error,metric_min,exp1,0,1,1,2.40750265,2.40750289,2.40750265,2.40750289,2.38418579e-07,10,raw-and-scaled,4,1,fp4_e1m2,fp4_e2m1,2,1,2,657,10,exp2,2,4,2,1,0.406347662,0.451511443,-2,0x3ee72c82,0.451511443,0x3f800000,1,0xbe20ae64,-0.156915247,0xbe20ae64,-0.156915247,1000,0,0,00,1001,0,1,1,0xbe20ae64,-0.156915247,0xbd02b990,-0.0319152474,0xbf800000,-1
l1,0.0625,0,min-error,metric_min,exp1,0,1,1,2.40750265,2.40750289,2.40750265,2.40750289,2.38418579e-07,11,raw-and-scaled,4,1,fp4_e1m2,fp4_e2m1,2,1,2,657,11,exp2,2,4,2,1,0.406347662,0.451511443,-2,0x3ee72c82,0.451511443,0x3f800000,1,0x00000000,0,0x00000000,0,0000,0,0,00,0000,0,0,0,0x00000000,0,0x00000000,0,0x00000000,0
l1,0.0625,0,min-error,metric_min,exp1,0,1,1,2.40750265,2.40750289,2.40750265,2.40750289,2.38418579e-07,12,raw-and-scaled,4,1,fp4_e1m2,fp4_e2m1,2,1,2,657,12,exp2,2,4,2,1,0.406347662,0.451511443,-2,0x3ee72c82,0.451511443,0x3f800000,1,0x00000000,0,0x00000000,0,0000,0,0,00,0000,0,0,0,0x00000000,0,0x00000000,0,0x00000000,0
l1,0.0625,0,min-error,metric_min,exp1,0,1,1,2.40750265,2.40750289,2.40750265,2.40750289,2.38418579e-07,13,raw-and-scaled,4,1,fp4_e1m2,fp4_e2m1,2,1,2,657,13,exp2,2,4,2,1,0.406347662,0.451511443,-2,0x3ee72c82,0.451511443,0x3f800000,1,0xbcff73c8,-0.0311831385,0xbcff73c8,-0.0311831385,1000,0,0,00,1000,0,0,0,0xbcff73c8,-0.0311831385,0xbcff73c8,-0.0311831385,0x00000000,0
l1,0.0625,0,min-error,metric_min,exp1,0,1,1,2.40750265,2.40750289,2.40750265,2.40750289,2.38418579e-07,14,raw-and-scaled,4,1,fp4_e1m2,fp4_e2m1,2,1,2,657,14,exp2,2,4,2,1,0.406347662,0.451511443,-2,0x3ee72c82,0.451511443,0x3f800000,1,0x00000000,0,0x00000000,0,0000,0,0,00,0000,0,0,0,0x00000000,0,0x00000000,0,0x00000000,0
l1,0.0625,0,min-error,metric_min,exp1,0,1,1,2.40750265,2.40750289,2.40750265,2.40750289,2.38418579e-07,15,raw-and-scaled,4,1,fp4_e1m2,fp4_e2m1,2,1,2,657,15,exp2,2,4,2,1,0.406347662,0.451511443,-2,0x3ee72c82,0.451511443,0x3f800000,1,0x00000000,0,0x00000000,0,0000,0,0,00,0000,0,0,0,0x00000000,0,0x00000000,0,0x00000000,0
l1,0.0625,0,min-error,metric_min,exp1,0,1,1,2.40750265,2.40750289,2.40750265,2.40750289,2.38418579e-07,16,raw-and-scaled,4,1,fp4_e1m2,fp4_e2m1,2,1,2,657,16,exp2,2,4,2,1,0.406347662,0.451511443,-2,0x3ee72c82,0.451511443,0x3f800000,1,0x00000000,0,0x00000000,0,0000,0,0,00,0000,0,0,0,0x00000000,0,0x00000000,0,0x00000000,0
l1,0.0625,0,min-error,metric_min,exp1,0,1,1,2.40750265,2.40750289,2.40750265,2.40750289,2.38418579e-07,17,raw-and-scaled,4,1,fp4_e1m2,fp4_e2m1,2,1,2,657,17,exp2,2,4,2,1,0.406347662,0.451511443,-2,0x3ee72c82,0.451511443,0x3f800000,1,0x00000000,0,0x00000000,0,0000,0,0,00,0000,0,0,0,0x00000000,0,0x00000000,0,0x00000000,0
l1,0.0625,0,min-error,metric_min,exp1,0,1,1,2.40750265,2.40750289,2.40750265,2.40750289,2.38418579e-07,18,raw-and-scaled,4,1,fp4_e1m2,fp4_e2m1,2,1,2,657,18,exp2,2,4,2,1,0.406347662,0.451511443,-2,0x3ee72c82,0.451511443,0x3f800000,1,0x00000000,0,0x00000000,0,0000,0,0,00,0000,0,0,0,0x00000000,0,0x00000000,0,0x00000000,0
l1,0.0625,0,min-error,metric_min,exp1,0,1,1,2.40750265,2.40750289,2.40750265,2.40750289,2.38418579e-07,19,raw-and-scaled,4,1,fp4_e1m2,fp4_e2m1,2,1,2,657,19,exp2,2,4,2,1,0.406347662,0.451511443,-2,0x3ee72c82,0.451511443,0x3f800000,1,0x00000000,0,0x00000000,0,0000,0,0,00,0000,0,0,0,0x00000000,0,0x00000000,0,0x00000000,0
l1,0.0625,0,min-error,metric_min,exp1,0,1,1,2.40750265,2.40750289,2.40750265,2.40750289,2.38418579e-07,20,raw-and-scaled,4,1,fp4_e1m2,fp4_e2m1,2,1,2,657,20,exp2,2,4,2,1,0.406347662,0.451511443,-2,0x3ee72c82,0.451511443,0x3f800000,1,0x00000000,0,0x00000000,0,0000,0,0,00,0000,0,0,0,0x00000000,0,0x00000000,0,0x00000000,0
l1,0.0625,0,min-error,metric_min,exp1,0,1,1,2.40750265,2.40750289,2.40750265,2.40750289,2.38418579e-07,21,raw-and-scaled,4,1,fp4_e1m2,fp4_e2m1,2,1,2,657,21,exp2,2,4,2,1,0.406347662,0.451511443,-2,0x3ee72c82,0.451511443,0x3f800000,1,0x00000000,0,0x00000000,0,0000,0,0,00,0000,0,0,0,0x00000000,0,0x00000000,0,0x00000000,0
l1,0.0625,0,min-error,metric_min,exp1,0,1,1,2.40750265,2.40750289,2.40750265,2.40750289,2.38418579e-07,22,raw-and-scaled,4,1,fp4_e1m2,fp4_e2m1,2,1,2,657,22,exp2,2,4,2,1,0.406347662,0.451511443,-2,0x3ee72c82,0.451511443,0x3f800000,1,0x00000000,0,0x00000000,0,0000,0,0,00,0000,0,0,0,0x00000000,0,0x00000000,0,0x00000000,0
l1,0.0625,0,min-error,metric_min,exp1,0,1,1,2.40750265,2.40750289,2.40750265,2.40750289,2.38418579e-07,23,raw-and-scaled,4,1,fp4_e1m2,fp4_e2m1,2,1,2,657,23,exp2,2,4,2,1,0.406347662,0.451511443,-2,0x3ee72c82,0.451511443,0x3f800000,1,0x00000000,0,0x00000000,0,0000,0,0,00,0000,0,0,0,0x00000000,0,0x00000000,0,0x00000000,0
l1,0.0625,0,min-error,metric_min,exp1,0,1,1,2.40750265,2.40750289,2.40750265,2.40750289,2.38418579e-07,24,raw-and-scaled,4,1,fp4_e1m2,fp4_e2m1,2,1,2,657,24,exp2,2,4,2,1,0.406347662,0.451511443,-2,0x3ee72c82,0.451511443,0x3f800000,1,0x00000000,0,0x00000000,0,0000,0,0,00,0000,0,0,0,0x00000000,0,0x00000000,0,0x00000000,0
l1,0.0625,0,min-error,metric_min,exp1,0,1,1,2.40750265,2.40750289,2.40750265,2.40750289,2.38418579e-07,25,raw-and-scaled,4,1,fp4_e1m2,fp4_e2m1,2,1,2,657,25,exp2,2,4,2,1,0.406347662,0.451511443,-2,0x3ee72c82,0.451511443,0x3f800000,1,0x00000000,0,0x00000000,0,0000,0,0,00,0000,0,0,0,0x00000000,0,0x00000000,0,0x00000000,0
l1,0.0625,0,min-error,metric_min,exp1,0,1,1,2.40750265,2.40750289,2.40750265,2.40750289,2.38418579e-07,26,raw-and-scaled,4,1,fp4_e1m2,fp4_e2m1,2,1,2,657,26,exp2,2,4,2,1,0.406347662,0.451511443,-2,0x3ee72c82,0.451511443,0x3f800000,1,0x3d245621,0.0401212014,0x3d245621,0.0401212014,0000,0,0,00,0000,0,0,0,0x3d245621,0.0401212014,0x3d245621,0.0401212014,0x00000000,0
l1,0.0625,0,min-error,metric_min,exp1,0,1,1,2.40750265,2.40750289,2.40750265,2.40750289,2.38418579e-07,27,raw-and-scaled,4,1,fp4_e1m2,fp4_e2m1,2,1,2,657,27,exp2,2,4,2,1,0.406347662,0.451511443,-2,0x3ee72c82,0.451511443,0x3f800000,1,0xbe78d558,-0.243001342,0xbe78d558,-0.243001342,1000,0,0,00,1001,0,1,1,0xbe78d558,-0.243001342,0xbdf1aab0,-0.118001342,0xbf800000,-1
l1,0.0625,0,min-error,metric_min,exp1,0,1,1,2.40750265,2.40750289,2.40750265,2.40750289,2.38418579e-07,28,raw-and-scaled,4,1,fp4_e1m2,fp4_e2m1,2,1,2,657,28,exp2,2,4,2,1,0.406347662,0.451511443,-2,0x3ee72c82,0.451511443,0x3f800000,1,0x00000000,0,0x00000000,0,0000,0,0,00,0000,0,0,0,0x00000000,0,0x00000000,0,0x00000000,0
l1,0.0625,0,min-error,metric_min,exp1,0,1,1,2.40750265,2.40750289,2.40750265,2.40750289,2.38418579e-07,29,raw-and-scaled,4,1,fp4_e1m2,fp4_e2m1,2,1,2,657,29,exp2,2,4,2,1,0.406347662,0.451511443,-2,0x3ee72c82,0.451511443,0x3f800000,1,0x00000000,0,0x00000000,0,0000,0,0,00,0000,0,0,0,0x00000000,0,0x00000000,0,0x00000000,0
l1,0.0625,0,min-error,metric_min,exp1,0,1,1,2.40750265,2.40750289,2.40750265,2.40750289,2.38418579e-07,30,raw-and-scaled,4,1,fp4_e1m2,fp4_e2m1,2,1,2,657,30,exp2,2,4,2,1,0.406347662,0.451511443,-2,0x3ee72c82,0.451511443,0x3f800000,1,0x00000000,0,0x00000000,0,0000,0,0,00,0000,0,0,0,0x00000000,0,0x00000000,0,0x00000000,0
l1,0.0625,0,min-error,metric_min,exp1,0,1,1,2.40750265,2.40750289,2.40750265,2.40750289,2.38418579e-07,31,raw-and-scaled,4,1,fp4_e1m2,fp4_e2m1,2,1,2,657,31,exp2,2,4,2,1,0.406347662,0.451511443,-2,0x3ee72c82,0.451511443,0x3f800000,1,0x00000000,0,0x00000000,0,0000,0,0,00,0000,0,0,0,0x00000000,0,0x00000000,0,0x00000000,0
l1,0.0625,0,min-error,metric_min,exp1,0,1,1,2.40750265,2.40750289,2.40750265,2.40750289,2.38418579e-07,32,raw-and-scaled,4,1,fp4_e1m2,fp4_e2m1,2,1,2,657,32,exp2,2,4,2,1,0.406347662,0.451511443,-2,0x3ee72c82,0.451511443,0x3f800000,1,0x00000000,0,0x00000000,0,0000,0,0,00,0000,0,0,0,0x00000000,0,0x00000000,0,0x00000000,0
l1,0.0625,0,min-error,metric_min,exp1,0,1,1,2.40750265,2.40750289,2.40750265,2.40750289,2.38418579e-07,33,raw-and-scaled,4,1,fp4_e1m2,fp4_e2m1,2,1,2,657,33,exp2,2,4,2,1,0.406347662,0.451511443,-2,0x3ee72c82,0.451511443,0x3f800000,1,0x00000000,0,0x00000000,0,0000,0,0,00,0000,0,0,0,0x00000000,0,0x00000000,0,0x00000000,0
l1,0.0625,0,min-error,metric_min,exp1,0,1,1,2.40750265,2.40750289,2.40750265,2.40750289,2.38418579e-07,34,raw-and-scaled,4,1,fp4_e1m2,fp4_e2m1,2,1,2,657,34,exp2,2,4,2,1,0.406347662,0.451511443,-2,0x3ee72c82,0.451511443,0x3f800000,1,0x00000000,0,0x00000000,0,0000,0,0,00,0000,0,0,0,0x00000000,0,0x00000000,0,0x00000000,0
l1,0.0625,0,min-error,metric_min,exp1,0,1,1,2.40750265,2.40750289,2.40750265,2.40750289,2.38418579e-07,35,raw-and-scaled,4,1,fp4_e1m2,fp4_e2m1,2,1,2,657,35,exp2,2,4,2,1,0.406347662,0.451511443,-2,0x3ee72c82,0.451511443,0x3f800000,1,0x3b2693bd,0.00254176487,0x3b2693bd,0.00254176487,0000,0,0,00,0000,0,0,0,0x3b2693bd,0.00254176487,0x3b2693bd,0.00254176487,0x00000000,0
l1,0.0625,0,min-error,metric_min,exp1,0,1,1,2.40750265,2.40750289,2.40750265,2.40750289,2.38418579e-07,36,raw-and-scaled,4,1,fp4_e1m2,fp4_e2m1,2,1,2,657,36,exp2,2,4,2,1,0.406347662,0.451511443,-2,0x3ee72c82,0.451511443,0x3f800000,1,0x00000000,0,0x00000000,0,0000,0,0,00,0000,0,0,0,0x00000000,0,0x00000000,0,0x00000000,0
l1,0.0625,0,min-error,metric_min,exp1,0,1,1,2.40750265,2.40750289,2.40750265,2.40750289,2.38418579e-07,37,raw-and-scaled,4,1,fp4_e1m2,fp4_e2m1,2,1,2,657,37,exp2,2,4,2,1,0.406347662,0.451511443,-2,0x3ee72c82,0.451511443,0x3f800000,1,0x00000000,0,0x00000000,0,0000,0,0,00,0000,0,0,0,0x00000000,0,0x00000000,0,0x00000000,0
l1,0.0625,0,min-error,metric_min,exp1,0,1,1,2.40750265,2.40750289,2.40750265,2.40750289,2.38418579e-07,38,raw-and-scaled,4,1,fp4_e1m2,fp4_e2m1,2,1,2,657,38,exp2,2,4,2,1,0.406347662,0.451511443,-2,0x3ee72c82,0.451511443,0x3f800000,1,0x00000000,0,0x00000000,0,0000,0,0,00,0000,0,0,0,0x00000000,0,0x00000000,0,0x00000000,0
l1,0.0625,0,min-error,metric_min,exp1,0,1,1,2.40750265,2.40750289,2.40750265,2.40750289,2.38418579e-07,39,raw-and-scaled,4,1,fp4_e1m2,fp4_e2m1,2,1,2,657,39,exp2,2,4,2,1,0.406347662,0.451511443,-2,0x3ee72c82,0.451511443,0x3f800000,1,0x00000000,0,0x00000000,0,0000,0,0,00,0000,0,0,0,0x00000000,0,0x00000000,0,0x00000000,0
l1,0.0625,0,min-error,metric_min,exp1,0,1,1,2.40750265,2.40750289,2.40750265,2.40750289,2.38418579e-07,40,raw-and-scaled,4,1,fp4_e1m2,fp4_e2m1,2,1,2,657,40,exp2,2,4,2,1,0.406347662,0.451511443,-2,0x3ee72c82,0.451511443,0x3f800000,1,0x00000000,0,0x00000000,0,0000,0,0,00,0000,0,0,0,0x00000000,0,0x00000000,0,0x00000000,0
l1,0.0625,0,min-error,metric_min,exp1,0,1,1,2.40750265,2.40750289,2.40750265,2.40750289,2.38418579e-07,41,raw-and-scaled,4,1,fp4_e1m2,fp4_e2m1,2,1,2,657,41,exp2,2,4,2,1,0.406347662,0.451511443,-2,0x3ee72c82,0.451511443,0x3f800000,1,0xbabd5240,-0.00144440681,0xbabd5240,-0.00144440681,1000,0,0,00,1000,0,0,0,0xbabd5240,-0.00144440681,0xbabd5240,-0.00144440681,0x00000000,0
l1,0.0625,0,min-error,metric_min,exp1,0,1,1,2.40750265,2.40750289,2.40750265,2.40750289,2.38418579e-07,42,raw-and-scaled,4,1,fp4_e1m2,fp4_e2m1,2,1,2,657,42,exp2,2,4,2,1,0.406347662,0.451511443,-2,0x3ee72c82,0.451511443,0x3f800000,1,0x00000000,0,0x00000000,0,0000,0,0,00,0000,0,0,0,0x00000000,0,0x00000000,0,0x00000000,0
l1,0.0625,0,min-error,metric_min,exp1,0,1,1,2.40750265,2.40750289,2.40750265,2.40750289,2.38418579e-07,43,raw-and-scaled,4,1,fp4_e1m2,fp4_e2m1,2,1,2,657,43,exp2,2,4,2,1,0.406347662,0.451511443,-2,0x3ee72c82,0.451511443,0x3f800000,1,0x00000000,0,0x00000000,0,0000,0,0,00,0000,0,0,0,0x00000000,0,0x00000000,0,0x00000000,0
l1,0.0625,0,min-error,metric_min,exp1,0,1,1,2.40750265,2.40750289,2.40750265,2.40750289,2.38418579e-07,44,raw-and-scaled,4,1,fp4_e1m2,fp4_e2m1,2,1,2,657,44,exp2,2,4,2,1,0.406347662,0.451511443,-2,0x3ee72c82,0.451511443,0x3f800000,1,0x00000000,0,0x00000000,0,0000,0,0,00,0000,0,0,0,0x00000000,0,0x00000000,0,0x00000000,0
l1,0.0625,0,min-error,metric_min,exp1,0,1,1,2.40750265,2.40750289,2.40750265,2.40750289,2.38418579e-07,45,raw-and-scaled,4,1,fp4_e1m2,fp4_e2m1,2,1,2,657,45,exp2,2,4,2,1,0.406347662,0.451511443,-2,0x3ee72c82,0.451511443,0x3f800000,1,0x00000000,0,0x00000000,0,0000,0,0,00,0000,0,0,0,0x00000000,0,0x00000000,0,0x00000000,0
l1,0.0625,0,min-error,metric_min,exp1,0,1,1,2.40750265,2.40750289,2.40750265,2.40750289,2.38418579e-07,46,raw-and-scaled,4,1,fp4_e1m2,fp4_e2m1,2,1,2,657,46,exp2,2,4,2,1,0.406347662,0.451511443,-2,0x3ee72c82,0.451511443,0x3f800000,1,0x00000000,0,0x00000000,0,0000,0,0,00,0000,0,0,0,0x00000000,0,0x00000000,0,0x00000000,0
l1,0.0625,0,min-error,metric_min,exp1,0,1,1,2.40750265,2.40750289,2.40750265,2.40750289,2.38418579e-07,47,raw-and-scaled,4,1,fp4_e1m2,fp4_e2m1,2,1,2,657,47,exp2,2,4,2,1,0.406347662,0.451511443,-2,0x3ee72c82,0.451511443,0x3f800000,1,0x00000000,0,0x00000000,0,0000,0,0,00,0000,0,0,0,0x00000000,0,0x00000000,0,0x00000000,0
l1,0.0625,0,min-error,metric_min,exp1,0,1,1,2.40750265,2.40750289,2.40750265,2.40750289,2.38418579e-07,48,raw-and-scaled,4,1,fp4_e1m2,fp4_e2m1,2,1,2,657,48,exp2,2,4,2,1,0.406347662,0.451511443,-2,0x3ee72c82,0.451511443,0x3f800000,1,0x00000000,0,0x00000000,0,0000,0,0,00,0000,0,0,0,0x00000000,0,0x00000000,0,0x00000000,0
l1,0.0625,0,min-error,metric_min,exp1,0,1,1,2.40750265,2.40750289,2.40750265,2.40750289,2.38418579e-07,49,raw-and-scaled,4,1,fp4_e1m2,fp4_e2m1,2,1,2,657,49,exp2,2,4,2,1,0.406347662,0.451511443,-2,0x3ee72c82,0.451511443,0x3f800000,1,0x00000000,0,0x00000000,0,0000,0,0,00,0000,0,0,0,0x00000000,0,0x00000000,0,0x00000000,0
l1,0.0625,0,min-error,metric_min,exp1,0,1,1,2.40750265,2.40750289,2.40750265,2.40750289,2.38418579e-07,50,raw-and-scaled,4,1,fp4_e1m2,fp4_e2m1,2,1,2,657,50,exp2,2,4,2,1,0.406347662,0.451511443,-2,0x3ee72c82,0.451511443,0x3f800000,1,0x00000000,0,0x00000000,0,0000,0,0,00,0000,0,0,0,0x00000000,0,0x00000000,0,0x00000000,0
l1,0.0625,0,min-error,metric_min,exp1,0,1,1,2.40750265,2.40750289,2.40750265,2.40750289,2.38418579e-07,51,raw-and-scaled,4,1,fp4_e1m2,fp4_e2m1,2,1,2,657,51,exp2,2,4,2,1,0.406347662,0.451511443,-2,0x3ee72c82,0.451511443,0x3f800000,1,0x00000000,0,0x00000000,0,0000,0,0,00,0000,0,0,0,0x00000000,0,0x00000000,0,0x00000000,0
l1,0.0625,0,min-error,metric_min,exp1,0,1,1,2.40750265,2.40750289,2.40750265,2.40750289,2.38418579e-07,52,raw-and-scaled,4,1,fp4_e1m2,fp4_e2m1,2,1,2,657,52,exp2,2,4,2,1,0.406347662,0.451511443,-2,0x3ee72c82,0.451511443,0x3f800000,1,0x00000000,0,0x00000000,0,0000,0,0,00,0000,0,0,0,0x00000000,0,0x00000000,0,0x00000000,0
l1,0.0625,0,min-error,metric_min,exp1,0,1,1,2.40750265,2.40750289,2.40750265,2.40750289,2.38418579e-07,53,raw-and-scaled,4,1,fp4_e1m2,fp4_e2m1,2,1,2,657,53,exp2,2,4,2,1,0.406347662,0.451511443,-2,0x3ee72c82,0.451511443,0x3f800000,1,0x00000000,0,0x00000000,0,0000,0,0,00,0000,0,0,0,0x00000000,0,0x00000000,0,0x00000000,0
l1,0.0625,0,min-error,metric_min,exp1,0,1,1,2.40750265,2.40750289,2.40750265,2.40750289,2.38418579e-07,54,raw-and-scaled,4,1,fp4_e1m2,fp4_e2m1,2,1,2,657,54,exp2,2,4,2,1,0.406347662,0.451511443,-2,0x3ee72c82,0.451511443,0x3f800000,1,0x00000000,0,0x00000000,0,0000,0,0,00,0000,0,0,0,0x00000000,0,0x00000000,0,0x00000000,0
l1,0.0625,0,min-error,metric_min,exp1,0,1,1,2.40750265,2.40750289,2.40750265,2.40750289,2.38418579e-07,55,raw-and-scaled,4,1,fp4_e1m2,fp4_e2m1,2,1,2,657,55,exp2,2,4,2,1,0.406347662,0.451511443,-2,0x3ee72c82,0.451511443,0x3f800000,1,0x00000000,0,0x00000000,0,0000,0,0,00,0000,0,0,0,0x00000000,0,0x00000000,0,0x00000000,0
l1,0.0625,0,min-error,metric_min,exp1,0,1,1,2.40750265,2.40750289,2.40750265,2.40750289,2.38418579e-07,56,raw-and-scaled,4,1,fp4_e1m2,fp4_e2m1,2,1,2,657,56,exp2,2,4,2,1,0.406347662,0.451511443,-2,0x3ee72c82,0.451511443,0x3f800000,1,0x00000000,0,0x00000000,0,0000,0,0,00,0000,0,0,0,0x00000000,0,0x00000000,0,0x00000000,0
l1,0.0625,0,min-error,metric_min,exp1,0,1,1,2.40750265,2.40750289,2.40750265,2.40750289,2.38418579e-07,57,raw-and-scaled,4,1,fp4_e1m2,fp4_e2m1,2,1,2,657,57,exp2,2,4,2,1,0.406347662,0.451511443,-2,0x3ee72c82,0.451511443,0x3f800000,1,0x3d42e793,0.0475841276,0x3d42e793,0.0475841276,0000,0,0,00,0000,0,0,0,0x3d42e793,0.0475841276,0x3d42e793,0.0475841276,0x00000000,0
l1,0.0625,0,min-error,metric_min,exp1,0,1,1,2.40750265,2.40750289,2.40750265,2.40750289,2.38418579e-07,58,raw-and-scaled,4,1,fp4_e1m2,fp4_e2m1,2,1,2,657,58,exp2,2,4,2,1,0.406347662,0.451511443,-2,0x3ee72c82,0.451511443,0x3f800000,1,0xbaca34b1,-0.00154270802,0xbaca34b1,-0.00154270802,1000,0,0,00,1000,0,0,0,0xbaca34b1,-0.00154270802,0xbaca34b1,-0.00154270802,0x00000000,0
l1,0.0625,0,min-error,metric_min,exp1,0,1,1,2.40750265,2.40750289,2.40750265,2.40750289,2.38418579e-07,59,raw-and-scaled,4,1,fp4_e1m2,fp4_e2m1,2,1,2,657,59,exp2,2,4,2,1,0.406347662,0.451511443,-2,0x3ee72c82,0.451511443,0x3f800000,1,0x00000000,0,0x00000000,0,0000,0,0,00,0000,0,0,0,0x00000000,0,0x00000000,0,0x00000000,0
l1,0.0625,0,min-error,metric_min,exp1,0,1,1,2.40750265,2.40750289,2.40750265,2.40750289,2.38418579e-07,60,raw-and-scaled,4,1,fp4_e1m2,fp4_e2m1,2,1,2,657,60,exp2,2,4,2,1,0.406347662,0.451511443,-2,0x3ee72c82,0.451511443,0x3f800000,1,0x00000000,0,0x00000000,0,0000,0,0,00,0000,0,0,0,0x00000000,0,0x00000000,0,0x00000000,0
l1,0.0625,0,min-error,metric_min,exp1,0,1,1,2.40750265,2.40750289,2.40750265,2.40750289,2.38418579e-07,61,raw-and-scaled,4,1,fp4_e1m2,fp4_e2m1,2,1,2,657,61,exp2,2,4,2,1,0.406347662,0.451511443,-2,0x3ee72c82,0.451511443,0x3f800000,1,0xbd97af3d,-0.0740647092,0xbd97af3d,-0.0740647092,1000,0,0,00,1000,0,0,0,0xbd97af3d,-0.0740647092,0xbd97af3d,-0.0740647092,0x00000000,0
l1,0.0625,0,min-error,metric_min,exp1,0,1,1,2.40750265,2.40750289,2.40750265,2.40750289,2.38418579e-07,62,raw-and-scaled,4,1,fp4_e1m2,fp4_e2m1,2,1,2,657,62,exp2,2,4,2,1,0.406347662,0.451511443,-2,0x3ee72c82,0.451511443,0x3f800000,1,0x3fe34520,1.77554703,0x3fe34520,1.77554703,0111,1,3,11,0111,3,1,1,0x3cd14800,0.0255470276,0x3e8d1480,0.275547028,0x3f800000,1
l1,0.0625,0,min-error,metric_min,exp1,0,1,1,2.40750265,2.40750289,2.40750265,2.40750289,2.38418579e-07,63,raw-and-scaled,4,1,fp4_e1m2,fp4_e2m1,2,1,2,657,63,exp2,2,4,2,1,0.406347662,0.451511443,-2,0x3ee72c82,0.451511443,0x3f800000,1,0x00000000,0,0x00000000,0,0000,0,0,00,0000,0,0,0,0x00000000,0,0x00000000,0,0x00000000,0
l1,0.0625,0,min-error,metric_min,exp1,0,1,1,2.40750265,2.40750289,2.40750265,2.40750289,2.38418579e-07,64,raw-and-scaled,4,1,fp4_e1m2,fp4_e2m1,2,1,2,657,64,exp2,2,4,2,1,0.406347662,0.451511443,-2,0x3ee72c82,0.451511443,0x3f800000,1,0x00000000,0,0x00000000,0,0000,0,0,00,0000,0,0,0,0x00000000,0,0x00000000,0,0x00000000,0
l1,0.0625,0,min-error,metric_min,exp1,0,1,1,2.40750265,2.40750289,2.40750265,2.40750289,2.38418579e-07,65,raw-and-scaled,4,1,fp4_e1m2,fp4_e2m1,2,1,2,657,65,exp2,2,4,2,1,0.406347662,0.451511443,-2,0x3ee72c82,0.451511443,0x3f800000,1,0xbb15664f,-0.00227965764,0xbb15664f,-0.00227965764,1000,0,0,00,1000,0,0,0,0xbb15664f,-0.00227965764,0xbb15664f,-0.00227965764,0x00000000,0
l1,0.0625,0,min-error,metric_min,exp1,0,1,1,2.40750265,2.40750289,2.40750265,2.40750289,2.38418579e-07,66,raw-and-scaled,4,1,fp4_e1m2,fp4_e2m1,2,1,2,657,66,exp2,2,4,2,1,0.406347662,0.451511443,-2,0x3ee72c82,0.451511443,0x3f800000,1,0x3c7b22a8,0.0153280869,0x3c7b22a8,0.0153280869,0000,0,0,00,0000,0,0,0,0x3c7b22a8,0.0153280869,0x3c7b22a8,0.0153280869,0x00000000,0
l1,0.0625,0,min-error,metric_min,exp1,0,1,1,2.40750265,2.40750289,2.40750265,2.40750289,2.38418579e-07,67,raw-and-scaled,4,1,fp4_e1m2,fp4_e2m1,2,1,2,657,67,exp2,2,4,2,1,0.406347662,0.451511443,-2,0x3ee72c82,0.451511443,0x3f800000,1,0x00000000,0,0x00000000,0,0000,0,0,00,0000,0,0,0,0x00000000,0,0x00000000,0,0x00000000,0
l1,0.0625,0,min-error,metric_min,exp1,0,1,1,2.40750265,2.40750289,2.40750265,2.40750289,2.38418579e-07,68,raw-and-scaled,4,1,fp4_e1m2,fp4_e2m1,2,1,2,657,68,exp2,2,4,2,1,0.406347662,0.451511443,-2,0x3ee72c82,0.451511443,0x3f800000,1,0x3d2d0241,0.0422384776,0x3d2d0241,0.0422384776,0000,0,0,00,0000,0,0,0,0x3d2d0241,0.0422384776,0x3d2d0241,0.0422384776,0x00000000,0
l1,0.0625,0,min-error,metric_min,exp1,0,1,1,2.40750265,2.40750289,2.40750265,2.40750289,2.38418579e-07,69,raw-and-scaled,4,1,fp4_e1m2,fp4_e2m1,2,1,2,657,69,exp2,2,4,2,1,0.406347662,0.451511443,-2,0x3ee72c82,0.451511443,0x3f800000,1,0x00000000,0,0x00000000,0,0000,0,0,00,0000,0,0,0,0x00000000,0,0x00000000,0,0x00000000,0
l1,0.0625,0,min-error,metric_min,exp1,0,1,1,2.40750265,2.40750289,2.40750265,2.40750289,2.38418579e-07,70,raw-and-scaled,4,1,fp4_e1m2,fp4_e2m1,2,1,2,657,70,exp2,2,4,2,1,0.406347662,0.451511443,-2,0x3ee72c82,0.451511443,0x3f800000,1,0x00000000,0,0x00000000,0,0000,0,0,00,0000,0,0,0,0x00000000,0,0x00000000,0,0x00000000,0
l1,0.0625,0,min-error,metric_min,exp1,0,1,1,2.40750265,2.40750289,2.40750265,2.40750289,2.38418579e-07,71,raw-and-scaled,4,1,fp4_e1m2,fp4_e2m1,2,1,2,657,71,exp2,2,4,2,1,0.406347662,0.451511443,-2,0x3ee72c82,0.451511443,0x3f800000,1,0x00000000,0,0x00000000,0,0000,0,0,00,0000,0,0,0,0x00000000,0,0x00000000,0,0x00000000,0
l1,0.0625,0,min-error,metric_min,exp1,0,1,1,2.40750265,2.40750289,2.40750265,2.40750289,2.38418579e-07,72,raw-and-scaled,4,1,fp4_e1m2,fp4_e2m1,2,1,2,657,72,exp2,2,4,2,1,0.406347662,0.451511443,-2,0x3ee72c82,0.451511443,0x3f800000,1,0xbefb3f75,-0.490718514,0xbefb3f75,-0.490718514,1001,0,1,01,1011,1,1,1,0xbe767eea,-0.240718514,0xbdecfdd4,-0.115718514,0xbf800000,-1
l1,0.0625,0,min-error,metric_min,exp1,0,1,1,2.40750265,2.40750289,2.40750265,2.40750289,2.38418579e-07,73,raw-and-scaled,4,1,fp4_e1m2,fp4_e2m1,2,1,2,657,73,exp2,2,4,2,1,0.406347662,0.451511443,-2,0x3ee72c82,0.451511443,0x3f800000,1,0x3d3d8eed,0.0462788828,0x3d3d8eed,0.0462788828,0000,0,0,00,0000,0,0,0,0x3d3d8eed,0.0462788828,0x3d3d8eed,0.0462788828,0x00000000,0
l1,0.0625,0,min-error,metric_min,exp1,0,1,1,2.40750265,2.40750289,2.40750265,2.40750289,2.38418579e-07,74,raw-and-scaled,4,1,fp4_e1m2,fp4_e2m1,2,1,2,657,74,exp2,2,4,2,1,0.406347662,0.451511443,-2,0x3ee72c82,0.451511443,0x3f800000,1,0x00000000,0,0x00000000,0,0000,0,0,00,0000,0,0,0,0x00000000,0,0x00000000,0,0x00000000,0
l1,0.0625,0,min-error,metric_min,exp1,0,1,1,2.40750265,2.40750289,2.40750265,2.40750289,2.38418579e-07,75,raw-and-scaled,4,1,fp4_e1m2,fp4_e2m1,2,1,2,657,75,exp2,2,4,2,1,0.406347662,0.451511443,-2,0x3ee72c82,0.451511443,0x3f800000,1,0x3e64a425,0.223282412,0x3e64a425,0.223282412,0000,0,0,00,0001,0,1,1,0x3e64a425,0.223282412,0x3dc9484a,0.0982824117,0xbf800000,-1
l1,0.0625,0,min-error,metric_min,exp1,0,1,1,2.40750265,2.40750289,2.40750265,2.40750289,2.38418579e-07,76,raw-and-scaled,4,1,fp4_e1m2,fp4_e2m1,2,1,2,657,76,exp2,2,4,2,1,0.406347662,0.451511443,-2,0x3ee72c82,0.451511443,0x3f800000,1,0x00000000,0,0x00000000,0,0000,0,0,00,0000,0,0,0,0x00000000,0,0x00000000,0,0x00000000,0
l1,0.0625,0,min-error,metric_min,exp1,0,1,1,2.40750265,2.40750289,2.40750265,2.40750289,2.38418579e-07,77,raw-and-scaled,4,1,fp4_e1m2,fp4_e2m1,2,1,2,657,77,exp2,2,4,2,1,0.406347662,0.451511443,-2,0x3ee72c82,0.451511443,0x3f800000,1,0x00000000,0,0x00000000,0,0000,0,0,00,0000,0,0,0,0x00000000,0,0x00000000,0,0x00000000,0
l1,0.0625,0,min-error,metric_min,exp1,0,1,1,2.40750265,2.40750289,2.40750265,2.40750289,2.38418579e-07,78,raw-and-scaled,4,1,fp4_e1m2,fp4_e2m1,2,1,2,657,78,exp2,2,4,2,1,0.406347662,0.451511443,-2,0x3ee72c82,0.451511443,0x3f800000,1,0x00000000,0,0x00000000,0,0000,0,0,00,0000,0,0,0,0x00000000,0,0x00000000,0,0x00000000,0
l1,0.0625,0,min-error,metric_min,exp1,0,1,1,2.40750265,2.40750289,2.40750265,2.40750289,2.38418579e-07,79,raw-and-scaled,4,1,fp4_e1m2,fp4_e2m1,2,1,2,657,79,exp2,2,4,2,1,0.406347662,0.451511443,-2,0x3ee72c82,0.451511443,0x3f800000,1,0x3cfe0a8b,0.0310108867,0x3cfe0a8b,0.0310108867,0000,0,0,00,0000,0,0,0,0x3cfe0a8b,0.0310108867,0x3cfe0a8b,0.0310108867,0x00000000,0
l1,0.0625,0,min-error,metric_min,exp1,0,1,1,2.40750265,2.40750289,2.40750265,2.40750289,2.38418579e-07,80,raw-and-scaled,4,1,fp4_e1m2,fp4_e2m1,2,1,2,657,80,exp2,2,4,2,1,0.406347662,0.451511443,-2,0x3ee72c82,0.451511443,0x3f800000,1,0x3eb64d43,0.35605821,0x3eb64d43,0.35605821,0001,0,1,01,0010,1,0,0,0x3dd9350c,0.10605821,0x3dd9350c,0.10605821,0x80000000,-0
l1,0.0625,0,min-error,metric_min,exp1,0,1,1,2.40750265,2.40750289,2.40750265,2.40750289,2.38418579e-07,81,raw-and-scaled,4,1,fp4_e1m2,fp4_e2m1,2,1,2,657,81,exp2,2,4,2,1,0.406347662,0.451511443,-2,0x3ee72c82,0.451511443,0x3f800000,1,0xbf92b2e3,-1.14608419,0xbf92b2e3,-1.14608419,1100,1,0,00,1110,3,0,0,0xbe159718,-0.146084189,0xbe159718,-0.146084189,0x00000000,0
l1,0.0625,0,min-error,metric_min,exp1,0,1,1,2.40750265,2.40750289,2.40750265,2.40750289,2.38418579e-07,82,raw-and-scaled,4,1,fp4_e1m2,fp4_e2m1,2,1,2,657,82,exp2,2,4,2,1,0.406347662,0.451511443,-2,0x3ee72c82,0.451511443,0x3f800000,1,0x00000000,0,0x00000000,0,0000,0,0,00,0000,0,0,0,0x00000000,0,0x00000000,0,0x00000000,0
l1,0.0625,0,min-error,metric_min,exp1,0,1,1,2.40750265,2.40750289,2.40750265,2.40750289,2.38418579e-07,83,raw-and-scaled,4,1,fp4_e1m2,fp4_e2m1,2,1,2,657,83,exp2,2,4,2,1,0.406347662,0.451511443,-2,0x3ee72c82,0.451511443,0x3f800000,1,0x00000000,0,0x00000000,0,0000,0,0,00,0000,0,0,0,0x00000000,0,0x00000000,0,0x00000000,0
l1,0.0625,0,min-error,metric_min,exp1,0,1,1,2.40750265,2.40750289,2.40750265,2.40750289,2.38418579e-07,84,raw-and-scaled,4,1,fp4_e1m2,fp4_e2m1,2,1,2,657,84,exp2,2,4,2,1,0.406347662,0.451511443,-2,0x3ee72c82,0.451511443,0x3f800000,1,0x00000000,0,0x00000000,0,0000,0,0,00,0000,0,0,0,0x00000000,0,0x00000000,0,0x00000000,0
l1,0.0625,0,min-error,metric_min,exp1,0,1,1,2.40750265,2.40750289,2.40750265,2.40750289,2.38418579e-07,85,raw-and-scaled,4,1,fp4_e1m2,fp4_e2m1,2,1,2,657,85,exp2,2,4,2,1,0.406347662,0.451511443,-2,0x3ee72c82,0.451511443,0x3f800000,1,0x3b1af4c0,0.00236444175,0x3b1af4c0,0.00236444175,0000,0,0,00,0000,0,0,0,0x3b1af4c0,0.00236444175,0x3b1af4c0,0.00236444175,0x00000000,0
l1,0.0625,0,min-error,metric_min,exp1,0,1,1,2.40750265,2.40750289,2.40750265,2.40750289,2.38418579e-07,86,raw-and-scaled,4,1,fp4_e1m2,fp4_e2m1,2,1,2,657,86,exp2,2,4,2,1,0.406347662,0.451511443,-2,0x3ee72c82,0.451511443,0x3f800000,1,0x3fef9528,1.87173939,0x3fef9528,1.87173939,0111,1,3,11,0111,3,1,1,0x3df95280,0.121739388,0x3ebe54a0,0.371739388,0x3f800000,1
l1,0.0625,0,min-error,metric_min,exp1,0,1,1,2.40750265,2.40750289,2.40750265,2.40750289,2.38418579e-07,87,raw-and-scaled,4,1,fp4_e1m2,fp4_e2m1,2,1,2,657,87,exp2,2,4,2,1,0.406347662,0.451511443,-2,0x3ee72c82,0.451511443,0x3f800000,1,0x00000000,0,0x00000000,0,0000,0,0,00,0000,0,0,0,0x00000000,0,0x00000000,0,0x00000000,0
l1,0.0625,0,min-error,metric_min,exp1,0,1,1,2.40750265,2.40750289,2.40750265,2.40750289,2.38418579e-07,88,raw-and-scaled,4,1,fp4_e1m2,fp4_e2m1,2,1,2,657,88,exp2,2,4,2,1,0.406347662,0.451511443,-2,0x3ee72c82,0.451511443,0x3f800000,1,0x00000000,0,0x00000000,0,0000,0,0,00,0000,0,0,0,0x00000000,0,0x00000000,0,0x00000000,0
l1,0.0625,0,min-error,metric_min,exp1,0,1,1,2.40750265,2.40750289,2.40750265,2.40750289,2.38418579e-07,89,raw-and-scaled,4,1,fp4_e1m2,fp4_e2m1,2,1,2,657,89,exp2,2,4,2,1,0.406347662,0.451511443,-2,0x3ee72c82,0.451511443,0x3f800000,1,0x00000000,0,0x00000000,0,0000,0,0,00,0000,0,0,0,0x00000000,0,0x00000000,0,0x00000000,0
l1,0.0625,0,min-error,metric_min,exp1,0,1,1,2.40750265,2.40750289,2.40750265,2.40750289,2.38418579e-07,90,raw-and-scaled,4,1,fp4_e1m2,fp4_e2m1,2,1,2,657,90,exp2,2,4,2,1,0.406347662,0.451511443,-2,0x3ee72c82,0.451511443,0x3f800000,1,0x00000000,0,0x00000000,0,0000,0,0,00,0000,0,0,0,0x00000000,0,0x00000000,0,0x00000000,0
l1,0.0625,0,min-error,metric_min,exp1,0,1,1,2.40750265,2.40750289,2.40750265,2.40750289,2.38418579e-07,91,raw-and-scaled,4,1,fp4_e1m2,fp4_e2m1,2,1,2,657,91,exp2,2,4,2,1,0.406347662,0.451511443,-2,0x3ee72c82,0.451511443,0x3f800000,1,0x00000000,0,0x00000000,0,0000,0,0,00,0000,0,0,0,0x00000000,0,0x00000000,0,0x00000000,0
l1,0.0625,0,min-error,metric_min,exp1,0,1,1,2.40750265,2.40750289,2.40750265,2.40750289,2.38418579e-07,92,raw-and-scaled,4,1,fp4_e1m2,fp4_e2m1,2,1,2,657,92,exp2,2,4,2,1,0.406347662,0.451511443,-2,0x3ee72c82,0.451511443,0x3f800000,1,0x3c323509,0.0108769024,0x3c323509,0.0108769024,0000,0,0,00,0000,0,0,0,0x3c323509,0.0108769024,0x3c323509,0.0108769024,0x00000000,0
l1,0.0625,0,min-error,metric_min,exp1,0,1,1,2.40750265,2.40750289,2.40750265,2.40750289,2.38418579e-07,93,raw-and-scaled,4,1,fp4_e1m2,fp4_e2m1,2,1,2,657,93,exp2,2,4,2,1,0.406347662,0.451511443,-2,0x3ee72c82,0.451511443,0x3f800000,1,0x00000000,0,0x00000000,0,0000,0,0,00,0000,0,0,0,0x00000000,0,0x00000000,0,0x00000000,0
l1,0.0625,0,min-error,metric_min,exp1,0,1,1,2.40750265,2.40750289,2.40750265,2.40750289,2.38418579e-07,94,raw-and-scaled,4,1,fp4_e1m2,fp4_e2m1,2,1,2,657,94,exp2,2,4,2,1,0.406347662,0.451511443,-2,0x3ee72c82,0.451511443,0x3f800000,1,0x00000000,0,0x00000000,0,0000,0,0,00,0000,0,0,0,0x00000000,0,0x00000000,0,0x00000000,0
l1,0.0625,0,min-error,metric_min,exp1,0,1,1,2.40750265,2.40750289,2.40750265,2.40750289,2.38418579e-07,95,raw-and-scaled,4,1,fp4_e1m2,fp4_e2m1,2,1,2,657,95,exp2,2,4,2,1,0.406347662,0.451511443,-2,0x3ee72c82,0.451511443,0x3f800000,1,0x00000000,0,0x00000000,0,0000,0,0,00,0000,0,0,0,0x00000000,0,0x00000000,0,0x00000000,0
l1,0.0625,0,min-error,metric_min,exp1,0,1,1,2.40750265,2.40750289,2.40750265,2.40750289,2.38418579e-07,96,raw-and-scaled,4,1,fp4_e1m2,fp4_e2m1,2,1,2,657,96,exp2,2,4,2,1,0.406347662,0.451511443,-2,0x3ee72c82,0.451511443,0x3f800000,1,0x00000000,0,0x00000000,0,0000,0,0,00,0000,0,0,0,0x00000000,0,0x00000000,0,0x00000000,0
l1,0.0625,0,min-error,metric_min,exp1,0,1,1,2.40750265,2.40750289,2.40750265,2.40750289,2.38418579e-07,97,raw-and-scaled,4,1,fp4_e1m2,fp4_e2m1,2,1,2,657,97,exp2,2,4,2,1,0.406347662,0.451511443,-2,0x3ee72c82,0.451511443,0x3f800000,1,0x3f38a86e,0.721320033,0x3f38a86e,0.721320033,0010,0,2,10,0100,2,0,0,0x3e62a1b8,0.221320033,0x3e62a1b8,0.221320033,0x00000000,0
l1,0.0625,0,min-error,metric_min,exp1,0,1,1,2.40750265,2.40750289,2.40750265,2.40750289,2.38418579e-07,98,raw-and-scaled,4,1,fp4_e1m2,fp4_e2m1,2,1,2,657,98,exp2,2,4,2,1,0.406347662,0.451511443,-2,0x3ee72c82,0.451511443,0x3f800000,1,0x3d1f7dfc,0.0389385074,0x3d1f7dfc,0.0389385074,0000,0,0,00,0000,0,0,0,0x3d1f7dfc,0.0389385074,0x3d1f7dfc,0.0389385074,0x00000000,0
l1,0.0625,0,min-error,metric_min,exp1,0,1,1,2.40750265,2.40750289,2.40750265,2.40750289,2.38418579e-07,99,raw-and-scaled,4,1,fp4_e1m2,fp4_e2m1,2,1,2,657,99,exp2,2,4,2,1,0.406347662,0.451511443,-2,0x3ee72c82,0.451511443,0x3f800000,1,0x00000000,0,0x00000000,0,0000,0,0,00,0000,0,0,0,0x00000000,0,0x00000000,0,0x00000000,0
l1,0.0625,0,min-error,metric_min,exp1,0,1,1,2.40750265,2.40750289,2.40750265,2.40750289,2.38418579e-07,100,raw-and-scaled,4,1,fp4_e1m2,fp4_e2m1,2,1,2,657,100,exp2,2,4,2,1,0.406347662,0.451511443,-2,0x3ee72c82,0.451511443,0x3f800000,1,0x00000000,0,0x00000000,0,0000,0,0,00,0000,0,0,0,0x00000000,0,0x00000000,0,0x00000000,0
l1,0.0625,0,min-error,metric_min,exp1,0,1,1,2.40750265,2.40750289,2.40750265,2.40750289,2.38418579e-07,101,raw-and-scaled,4,1,fp4_e1m2,fp4_e2m1,2,1,2,657,101,exp2,2,4,2,1,0.406347662,0.451511443,-2,0x3ee72c82,0.451511443,0x3f800000,1,0x00000000,0,0x00000000,0,0000,0,0,00,0000,0,0,0,0x00000000,0,0x00000000,0,0x00000000,0
l1,0.0625,0,min-error,metric_min,exp1,0,1,1,2.40750265,2.40750289,2.40750265,2.40750289,2.38418579e-07,102,raw-and-scaled,4,1,fp4_e1m2,fp4_e2m1,2,1,2,657,102,exp2,2,4,2,1,0.406347662,0.451511443,-2,0x3ee72c82,0.451511443,0x3f800000,1,0x00000000,0,0x00000000,0,0000,0,0,00,0000,0,0,0,0x00000000,0,0x00000000,0,0x00000000,0
l1,0.0625,0,min-error,metric_min,exp1,0,1,1,2.40750265,2.40750289,2.40750265,2.40750289,2.38418579e-07,103,raw-and-scaled,4,1,fp4_e1m2,fp4_e2m1,2,1,2,657,103,exp2,2,4,2,1,0.406347662,0.451511443,-2,0x3ee72c82,0.451511443,0x3f800000,1,0x00000000,0,0x00000000,0,0000,0,0,00,0000,0,0,0,0x00000000,0,0x00000000,0,0x00000000,0
l1,0.0625,0,min-error,metric_min,exp1,0,1,1,2.40750265,2.40750289,2.40750265,2.40750289,2.38418579e-07,104,raw-and-scaled,4,1,fp4_e1m2,fp4_e2m1,2,1,2,657,104,exp2,2,4,2,1,0.406347662,0.451511443,-2,0x3ee72c82,0.451511443,0x3f800000,1,0x00000000,0,0x00000000,0,0000,0,0,00,0000,0,0,0,0x00000000,0,0x00000000,0,0x00000000,0
l1,0.0625,0,min-error,metric_min,exp1,0,1,1,2.40750265,2.40750289,2.40750265,2.40750289,2.38418579e-07,105,raw-and-scaled,4,1,fp4_e1m2,fp4_e2m1,2,1,2,657,105,exp2,2,4,2,1,0.406347662,0.451511443,-2,0x3ee72c82,0.451511443,0x3f800000,1,0x00000000,0,0x00000000,0,0000,0,0,00,0000,0,0,0,0x00000000,0,0x00000000,0,0x00000000,0
l1,0.0625,0,min-error,metric_min,exp1,0,1,1,2.40750265,2.40750289,2.40750265,2.40750289,2.38418579e-07,106,raw-and-scaled,4,1,fp4_e1m2,fp4_e2m1,2,1,2,657,106,exp2,2,4,2,1,0.406347662,0.451511443,-2,0x3ee72c82,0.451511443,0x3f800000,1,0x00000000,0,0x00000000,0,0000,0,0,00,0000,0,0,0,0x00000000,0,0x00000000,0,0x00000000,0
l1,0.0625,0,min-error,metric_min,exp1,0,1,1,2.40750265,2.40750289,2.40750265,2.40750289,2.38418579e-07,107,raw-and-scaled,4,1,fp4_e1m2,fp4_e2m1,2,1,2,657,107,exp2,2,4,2,1,0.406347662,0.451511443,-2,0x3ee72c82,0.451511443,0x3f800000,1,0x00000000,0,0x00000000,0,0000,0,0,00,0000,0,0,0,0x00000000,0,0x00000000,0,0x00000000,0
l1,0.0625,0,min-error,metric_min,exp1,0,1,1,2.40750265,2.40750289,2.40750265,2.40750289,2.38418579e-07,108,raw-and-scaled,4,1,fp4_e1m2,fp4_e2m1,2,1,2,657,108,exp2,2,4,2,1,0.406347662,0.451511443,-2,0x3ee72c82,0.451511443,0x3f800000,1,0x00000000,0,0x00000000,0,0000,0,0,00,0000,0,0,0,0x00000000,0,0x00000000,0,0x00000000,0
l1,0.0625,0,min-error,metric_min,exp1,0,1,1,2.40750265,2.40750289,2.40750265,2.40750289,2.38418579e-07,109,raw-and-scaled,4,1,fp4_e1m2,fp4_e2m1,2,1,2,657,109,exp2,2,4,2,1,0.406347662,0.451511443,-2,0x3ee72c82,0.451511443,0x3f800000,1,0x00000000,0,0x00000000,0,0000,0,0,00,0000,0,0,0,0x00000000,0,0x00000000,0,0x00000000,0
l1,0.0625,0,min-error,metric_min,exp1,0,1,1,2.40750265,2.40750289,2.40750265,2.40750289,2.38418579e-07,110,raw-and-scaled,4,1,fp4_e1m2,fp4_e2m1,2,1,2,657,110,exp2,2,4,2,1,0.406347662,0.451511443,-2,0x3ee72c82,0.451511443,0x3f800000,1,0x00000000,0,0x00000000,0,0000,0,0,00,0000,0,0,0,0x00000000,0,0x00000000,0,0x00000000,0
l1,0.0625,0,min-error,metric_min,exp1,0,1,1,2.40750265,2.40750289,2.40750265,2.40750289,2.38418579e-07,111,raw-and-scaled,4,1,fp4_e1m2,fp4_e2m1,2,1,2,657,111,exp2,2,4,2,1,0.406347662,0.451511443,-2,0x3ee72c82,0.451511443,0x3f800000,1,0x00000000,0,0x00000000,0,0000,0,0,00,0000,0,0,0,0x00000000,0,0x00000000,0,0x00000000,0
l1,0.0625,0,min-error,metric_min,exp1,0,1,1,2.40750265,2.40750289,2.40750265,2.40750289,2.38418579e-07,112,raw-and-scaled,4,1,fp4_e1m2,fp4_e2m1,2,1,2,657,112,exp2,2,4,2,1,0.406347662,0.451511443,-2,0x3ee72c82,0.451511443,0x3f800000,1,0x00000000,0,0x00000000,0,0000,0,0,00,0000,0,0,0,0x00000000,0,0x00000000,0,0x00000000,0
l1,0.0625,0,min-error,metric_min,exp1,0,1,1,2.40750265,2.40750289,2.40750265,2.40750289,2.38418579e-07,113,raw-and-scaled,4,1,fp4_e1m2,fp4_e2m1,2,1,2,657,113,exp2,2,4,2,1,0.406347662,0.451511443,-2,0x3ee72c82,0.451511443,0x3f800000,1,0xbf3f5321,-0.747362196,0xbf3f5321,-0.747362196,1010,0,2,10,1100,2,0,0,0xbe7d4c84,-0.247362196,0xbe7d4c84,-0.247362196,0x00000000,0
l1,0.0625,0,min-error,metric_min,exp1,0,1,1,2.40750265,2.40750289,2.40750265,2.40750289,2.38418579e-07,114,raw-and-scaled,4,1,fp4_e1m2,fp4_e2m1,2,1,2,657,114,exp2,2,4,2,1,0.406347662,0.451511443,-2,0x3ee72c82,0.451511443,0x3f800000,1,0x00000000,0,0x00000000,0,0000,0,0,00,0000,0,0,0,0x00000000,0,0x00000000,0,0x00000000,0
l1,0.0625,0,min-error,metric_min,exp1,0,1,1,2.40750265,2.40750289,2.40750265,2.40750289,2.38418579e-07,115,raw-and-scaled,4,1,fp4_e1m2,fp4_e2m1,2,1,2,657,115,exp2,2,4,2,1,0.406347662,0.451511443,-2,0x3ee72c82,0.451511443,0x3f800000,1,0x00000000,0,0x00000000,0,0000,0,0,00,0000,0,0,0,0x00000000,0,0x00000000,0,0x00000000,0
l1,0.0625,0,min-error,metric_min,exp1,0,1,1,2.40750265,2.40750289,2.40750265,2.40750289,2.38418579e-07,116,raw-and-scaled,4,1,fp4_e1m2,fp4_e2m1,2,1,2,657,116,exp2,2,4,2,1,0.406347662,0.451511443,-2,0x3ee72c82,0.451511443,0x3f800000,1,0x3cf28e55,0.0296088848,0x3cf28e55,0.0296088848,0000,0,0,00,0000,0,0,0,0x3cf28e55,0.0296088848,0x3cf28e55,0.0296088848,0x00000000,0
l1,0.0625,0,min-error,metric_min,exp1,0,1,1,2.40750265,2.40750289,2.40750265,2.40750289,2.38418579e-07,117,raw-and-scaled,4,1,fp4_e1m2,fp4_e2m1,2,1,2,657,117,exp2,2,4,2,1,0.406347662,0.451511443,-2,0x3ee72c82,0.451511443,0x3f800000,1,0x00000000,0,0x00000000,0,0000,0,0,00,0000,0,0,0,0x00000000,0,0x00000000,0,0x00000000,0
l1,0.0625,0,min-error,metric_min,exp1,0,1,1,2.40750265,2.40750289,2.40750265,2.40750289,2.38418579e-07,118,raw-and-scaled,4,1,fp4_e1m2,fp4_e2m1,2,1,2,657,118,exp2,2,4,2,1,0.406347662,0.451511443,-2,0x3ee72c82,0.451511443,0x3f800000,1,0x00000000,0,0x00000000,0,0000,0,0,00,0000,0,0,0,0x00000000,0,0x00000000,0,0x00000000,0
l1,0.0625,0,min-error,metric_min,exp1,0,1,1,2.40750265,2.40750289,2.40750265,2.40750289,2.38418579e-07,119,raw-and-scaled,4,1,fp4_e1m2,fp4_e2m1,2,1,2,657,119,exp2,2,4,2,1,0.406347662,0.451511443,-2,0x3ee72c82,0.451511443,0x3f800000,1,0x00000000,0,0x00000000,0,0000,0,0,00,0000,0,0,0,0x00000000,0,0x00000000,0,0x00000000,0
l1,0.0625,0,min-error,metric_min,exp1,0,1,1,2.40750265,2.40750289,2.40750265,2.40750289,2.38418579e-07,120,raw-and-scaled,4,1,fp4_e1m2,fp4_e2m1,2,1,2,657,120,exp2,2,4,2,1,0.406347662,0.451511443,-2,0x3ee72c82,0.451511443,0x3f800000,1,0x00000000,0,0x00000000,0,0000,0,0,00,0000,0,0,0,0x00000000,0,0x00000000,0,0x00000000,0
l1,0.0625,0,min-error,metric_min,exp1,0,1,1,2.40750265,2.40750289,2.40750265,2.40750289,2.38418579e-07,121,raw-and-scaled,4,1,fp4_e1m2,fp4_e2m1,2,1,2,657,121,exp2,2,4,2,1,0.406347662,0.451511443,-2,0x3ee72c82,0.451511443,0x3f800000,1,0x00000000,0,0x00000000,0,0000,0,0,00,0000,0,0,0,0x00000000,0,0x00000000,0,0x00000000,0
l1,0.0625,0,min-error,metric_min,exp1,0,1,1,2.40750265,2.40750289,2.40750265,2.40750289,2.38418579e-07,122,raw-and-scaled,4,1,fp4_e1m2,fp4_e2m1,2,1,2,657,122,exp2,2,4,2,1,0.406347662,0.451511443,-2,0x3ee72c82,0.451511443,0x3f800000,1,0x00000000,0,0x00000000,0,0000,0,0,00,0000,0,0,0,0x00000000,0,0x00000000,0,0x00000000,0
l1,0.0625,0,min-error,metric_min,exp1,0,1,1,2.40750265,2.40750289,2.40750265,2.40750289,2.38418579e-07,123,raw-and-scaled,4,1,fp4_e1m2,fp4_e2m1,2,1,2,657,123,exp2,2,4,2,1,0.406347662,0.451511443,-2,0x3ee72c82,0.451511443,0x3f800000,1,0xbf53c8f8,-0.82728529,0xbf53c8f8,-0.82728529,1011,0,3,11,1101,2,1,1,0xbd9e47c0,-0.0772852898,0xbd9e47c0,-0.0772852898,0x00000000,0
l1,0.0625,0,min-error,metric_min,exp1,0,1,1,2.40750265,2.40750289,2.40750265,2.40750289,2.38418579e-07,124,raw-and-scaled,4,1,fp4_e1m2,fp4_e2m1,2,1,2,657,124,exp2,2,4,2,1,0.406347662,0.451511443,-2,0x3ee72c82,0.451511443,0x3f800000,1,0x00000000,0,0x00000000,0,0000,0,0,00,0000,0,0,0,0x00000000,0,0x00000000,0,0x00000000,0
l1,0.0625,0,min-error,metric_min,exp1,0,1,1,2.40750265,2.40750289,2.40750265,2.40750289,2.38418579e-07,125,raw-and-scaled,4,1,fp4_e1m2,fp4_e2m1,2,1,2,657,125,exp2,2,4,2,1,0.406347662,0.451511443,-2,0x3ee72c82,0.451511443,0x3f800000,1,0xbf6e47bd,-0.930782139,0xbf6e47bd,-0.930782139,1011,0,3,11,1101,2,1,1,0xbe391ef4,-0.180782139,0xbe391ef4,-0.180782139,0x00000000,0
l1,0.0625,0,min-error,metric_min,exp1,0,1,1,2.40750265,2.40750289,2.40750265,2.40750289,2.38418579e-07,126,raw-and-scaled,4,1,fp4_e1m2,fp4_e2m1,2,1,2,657,126,exp2,2,4,2,1,0.406347662,0.451511443,-2,0x3ee72c82,0.451511443,0x3f800000,1,0x00000000,0,0x00000000,0,0000,0,0,00,0000,0,0,0,0x00000000,0,0x00000000,0,0x00000000,0
l1,0.0625,0,min-error,metric_min,exp1,0,1,1,2.40750265,2.40750289,2.40750265,2.40750289,2.38418579e-07,127,raw-and-scaled,4,1,fp4_e1m2,fp4_e2m1,2,1,2,657,127,exp2,2,4,2,1,0.406347662,0.451511443,-2,0x3ee72c82,0.451511443,0x3f800000,1,0x00000000,0,0x00000000,0,0000,0,0,00,0000,0,0,0,0x00000000,0,0x00000000,0,0x00000000,0
