{
  "model": "facebook/opt-125m",
  "fp16": 27.653941248048188,
  "uniform": {
    "4b/g256": {
      "ppl": 35.83382349619233,
      "eb": 4.0625
    },
    "4b/g128": {
      "ppl": 32.85087048698923,
      "eb": 4.125
    },
    "4b/g64": {
      "ppl": 31.605160300642837,
      "eb": 4.25
    },
    "4b/g32": {
      "ppl": 30.221021415665607,
      "eb": 4.5
    },
    "4b/g16": {
      "ppl": 29.767857106725685,
      "eb": 5.0
    },
    "8b/g64": {
      "ppl": 27.685211689548023,
      "eb": 8.25
    }
  },
  "cfgs": [
    [
      4,
      256
    ],
    [
      4,
      64
    ],
    [
      4,
      16
    ],
    [
      8,
      64
    ]
  ],
  "cfg_eb": [
    4.0625,
    4.25,
    5.0,
    8.25
  ],
  "greedy": [
    [
      4.0625,
      35.83382349619233
    ],
    [
      4.125,
      32.68630182031826
    ],
    [
      4.25,
      31.030628885534743
    ],
    [
      4.598090277777778,
      29.76951262495768
    ],
    [
      5.682725694444445,
      29.139600915106964
    ],
    [
      6.389322916666667,
      28.96491836895302
    ],
    [
      7.21875,
      28.55766257091934
    ],
    [
      7.672309027777778,
      28.15338208537799
    ],
    [
      8.01736111111111,
      27.91559099132266
    ],
    [
      8.25,
      27.685211689548023
    ]
  ]
}