{
  "model": "Qwen/Qwen2.5-0.5B",
  "fp16": 13.070696036709021,
  "uniform": {
    "4b/g256": {
      "ppl": 20.025975239454834,
      "eb": 4.0625
    },
    "4b/g128": {
      "ppl": 18.17589833571008,
      "eb": 4.125
    },
    "4b/g64": {
      "ppl": 15.99196295339795,
      "eb": 4.25
    },
    "4b/g32": {
      "ppl": 15.305434486541174,
      "eb": 4.5
    },
    "4b/g16": {
      "ppl": 14.5827797718141,
      "eb": 5.0
    },
    "8b/g64": {
      "ppl": 13.078127612650155,
      "eb": 8.25
    }
  },
  "cfgs": [
    [
      4,
      256
    ],
    [
      4,
      64
    ],
    [
      4,
      16
    ],
    [
      8,
      64
    ]
  ],
  "cfg_eb": [
    4.0625,
    4.25,
    5.0,
    8.25
  ],
  "greedy": [
    [
      4.0625,
      20.025975239454834
    ],
    [
      4.0779447115384615,
      17.224941769873922
    ],
    [
      4.1633012820512825,
      15.958197353597424
    ],
    [
      4.341927083333333,
      15.233124317914838
    ],
    [
      4.730428685897436,
      14.58726649328981
    ],
    [
      5.481850961538462,
      14.040734027988771
    ],
    [
      7.097636217948718,
      13.586193526231748
    ],
    [
      7.857992788461538,
      13.397046156502284
    ],
    [
      8.190024038461539,
      13.24326884299369
    ],
    [
      8.25,
      13.078127612650155
    ]
  ]
}