compare_metric,compare_metric_param,compare_atol,compare_tie_policy,mismatch_kind,metric_decision,metric_tie,metric_min_mismatch,decision_mismatch,metric_exp1_error_dec,metric_exp2_error_dec,metric_min_error_dec,pseudo_selected_metric_error_dec,metric_error_delta_dec,value_index,value_mode,bit_width,sgn,exp1_format,exp2_format,m1,m2,e2_win_divisor,chunk_idx,value_idx,expected_decision,expected_e1_wins,expected_e2_wins,expected_e2_wins_shifted,expected_e2_wins_shift2,err_exp1_dec,err_exp2_dec,chunk_diff_exp2_minus_exp1_dec,chunk_sum_pseudo_diff_exp2_minus_exp1_neg_div4_fp32_dec,chunk_sum_square_err_exp2_minus_square_err_exp1_pre_square_div_2_neg_m_dec,expected_error_fp32_hex,expected_error_fp32_dec,chunk_scale_fp32_hex,chunk_scale_fp32_dec,raw_fp32_hex,raw_fp32_dec,scaled_fp32_hex,scaled_fp32_dec,q_exp1_bits,q_exp1_exp_field,q_exp1_mant_field,q_exp1_mant_bits,q_exp2_bits,q_exp2_exp_field,q_exp2_mant_field,q_exp2_mant_bits,err_exp1_pre_square_fp32_hex,err_exp1_pre_square_fp32_dec,err_exp2_pre_square_fp32_hex,err_exp2_pre_square_fp32_dec,pseudo_diff_exp2_minus_exp1_fp32_hex,pseudo_diff_exp2_minus_exp1_fp32_dec,pseudo_diff_exp2_minus_exp1_neg_div4_fp32_dec,square_err_exp2_minus_square_err_exp1_pre_square_div_2_neg_m_dec
l2,0.0625,0,min-error,metric_min,exp2,0,1,1,0.00247165421,0.00247157156,0.00247157156,0.00247165421,8.26548785e-08,0,raw-and-scaled,8,1,fp8_e1m6,fp8_e2m5,6,5,4,26247,0,exp1,110592000,110583808,110583808,27645952,0.00247165421,0.00247157156,8192,82946048,-0.000339150429,0x3b21fb7a,0.00247165421,0x3f800000,1,0x3ec6dc73,0.388400644,0x3ec6dc73,0.388400644,00011000,0,24,011000,00110001,1,17,10001,0x3c5b8e60,0.0134006441,0x3bb71cc0,0.00558814406,0xcb1b8000,-10190848,-2547712,-0.60764122
l2,0.0625,0,min-error,metric_min,exp2,0,1,1,0.00247165421,0.00247157156,0.00247157156,0.00247165421,8.26548785e-08,1,raw-and-scaled,8,1,fp8_e1m6,fp8_e2m5,6,5,4,26247,1,exp1,110592000,110583808,110583808,27645952,0.00247165421,0.00247157156,8192,82946048,-0.000339150429,0x3b21fb7a,0.00247165421,0x3f800000,1,0x00000000,0,0x00000000,0,00000000,0,0,000000,00000000,0,0,00000,0x00000000,0,0x00000000,0,0x00000000,0,0,0
l2,0.0625,0,min-error,metric_min,exp2,0,1,1,0.00247165421,0.00247157156,0.00247157156,0.00247165421,8.26548785e-08,2,raw-and-scaled,8,1,fp8_e1m6,fp8_e2m5,6,5,4,26247,2,exp1,110592000,110583808,110583808,27645952,0.00247165421,0.00247157156,8192,82946048,-0.000339150429,0x3b21fb7a,0.00247165421,0x3f800000,1,0x00000000,0,0x00000000,0,00000000,0,0,000000,00000000,0,0,00000,0x00000000,0,0x00000000,0,0x00000000,0,0,0
l2,0.0625,0,min-error,metric_min,exp2,0,1,1,0.00247165421,0.00247157156,0.00247157156,0.00247165421,8.26548785e-08,3,raw-and-scaled,8,1,fp8_e1m6,fp8_e2m5,6,5,4,26247,3,exp1,110592000,110583808,110583808,27645952,0.00247165421,0.00247157156,8192,82946048,-0.000339150429,0x3b21fb7a,0.00247165421,0x3f800000,1,0x00000000,0,0x00000000,0,00000000,0,0,000000,00000000,0,0,00000,0x00000000,0,0x00000000,0,0x00000000,0,0,0
l2,0.0625,0,min-error,metric_min,exp2,0,1,1,0.00247165421,0.00247157156,0.00247157156,0.00247165421,8.26548785e-08,4,raw-and-scaled,8,1,fp8_e1m6,fp8_e2m5,6,5,4,26247,4,exp1,110592000,110583808,110583808,27645952,0.00247165421,0.00247157156,8192,82946048,-0.000339150429,0x3b21fb7a,0.00247165421,0x3f800000,1,0x3f647d44,0.892536402,0x3f647d44,0.892536402,00111001,0,57,111001,01011001,2,25,11001,0x3afa8800,0.00191140175,0x3afa8800,0.00191140175,0x00000000,0,0,0
l2,0.0625,0,min-error,metric_min,exp2,0,1,1,0.00247165421,0.00247157156,0.00247157156,0.00247165421,8.26548785e-08,5,raw-and-scaled,8,1,fp8_e1m6,fp8_e2m5,6,5,4,26247,5,exp1,110592000,110583808,110583808,27645952,0.00247165421,0.00247157156,8192,82946048,-0.000339150429,0x3b21fb7a,0.00247165421,0x3f800000,1,0x00000000,0,0x00000000,0,00000000,0,0,000000,00000000,0,0,00000,0x00000000,0,0x00000000,0,0x00000000,0,0,0
l2,0.0625,0,min-error,metric_min,exp2,0,1,1,0.00247165421,0.00247157156,0.00247157156,0.00247165421,8.26548785e-08,6,raw-and-scaled,8,1,fp8_e1m6,fp8_e2m5,6,5,4,26247,6,exp1,110592000,110583808,110583808,27645952,0.00247165421,0.00247157156,8192,82946048,-0.000339150429,0x3b21fb7a,0.00247165421,0x3f800000,1,0xbabbf244,-0.00143391686,0xbabbf244,-0.00143391686,10000000,0,0,000000,10000000,0,0,00000,0xbabbf244,-0.00143391686,0xbabbf244,-0.00143391686,0x00000000,0,0,0
l2,0.0625,0,min-error,metric_min,exp2,0,1,1,0.00247165421,0.00247157156,0.00247157156,0.00247165421,8.26548785e-08,7,raw-and-scaled,8,1,fp8_e1m6,fp8_e2m5,6,5,4,26247,7,exp1,110592000,110583808,110583808,27645952,0.00247165421,0.00247157156,8192,82946048,-0.000339150429,0x3b21fb7a,0.00247165421,0x3f800000,1,0x00000000,0,0x00000000,0,00000000,0,0,000000,00000000,0,0,00000,0x00000000,0,0x00000000,0,0x00000000,0,0,0
l2,0.0625,0,min-error,metric_min,exp2,0,1,1,0.00247165421,0.00247157156,0.00247157156,0.00247165421,8.26548785e-08,8,raw-and-scaled,8,1,fp8_e1m6,fp8_e2m5,6,5,4,26247,8,exp1,110592000,110583808,110583808,27645952,0.00247165421,0.00247157156,8192,82946048,-0.000339150429,0x3b21fb7a,0.00247165421,0x3f800000,1,0x00000000,0,0x00000000,0,00000000,0,0,000000,00000000,0,0,00000,0x00000000,0,0x00000000,0,0x00000000,0,0,0
l2,0.0625,0,min-error,metric_min,exp2,0,1,1,0.00247165421,0.00247157156,0.00247157156,0.00247165421,8.26548785e-08,9,raw-and-scaled,8,1,fp8_e1m6,fp8_e2m5,6,5,4,26247,9,exp1,110592000,110583808,110583808,27645952,0.00247165421,0.00247157156,8192,82946048,-0.000339150429,0x3b21fb7a,0.00247165421,0x3f800000,1,0xbc19beb4,-0.00938384607,0xbc19beb4,-0.00938384607,10000000,0,0,000000,10000001,0,1,00001,0xbc19beb4,-0.00938384607,0xbacdf5a0,-0.00157134607,0xcab36000,-5877760,-1469440,-0.350566149
l2,0.0625,0,min-error,metric_min,exp2,0,1,1,0.00247165421,0.00247157156,0.00247157156,0.00247165421,8.26548785e-08,10,raw-and-scaled,8,1,fp8_e1m6,fp8_e2m5,6,5,4,26247,10,exp1,110592000,110583808,110583808,27645952,0.00247165421,0.00247157156,8192,82946048,-0.000339150429,0x3b21fb7a,0.00247165421,0x3f800000,1,0x00000000,0,0x00000000,0,00000000,0,0,000000,00000000,0,0,00000,0x00000000,0,0x00000000,0,0x00000000,0,0,0
l2,0.0625,0,min-error,metric_min,exp2,0,1,1,0.00247165421,0.00247157156,0.00247157156,0.00247165421,8.26548785e-08,11,raw-and-scaled,8,1,fp8_e1m6,fp8_e2m5,6,5,4,26247,11,exp1,110592000,110583808,110583808,27645952,0.00247165421,0.00247157156,8192,82946048,-0.000339150429,0x3b21fb7a,0.00247165421,0x3f800000,1,0x00000000,0,0x00000000,0,00000000,0,0,000000,00000000,0,0,00000,0x00000000,0,0x00000000,0,0x00000000,0,0,0
l2,0.0625,0,min-error,metric_min,exp2,0,1,1,0.00247165421,0.00247157156,0.00247157156,0.00247165421,8.26548785e-08,12,raw-and-scaled,8,1,fp8_e1m6,fp8_e2m5,6,5,4,26247,12,exp1,110592000,110583808,110583808,27645952,0.00247165421,0.00247157156,8192,82946048,-0.000339150429,0x3b21fb7a,0.00247165421,0x3f800000,1,0x00000000,0,0x00000000,0,00000000,0,0,000000,00000000,0,0,00000,0x00000000,0,0x00000000,0,0x00000000,0,0,0
l2,0.0625,0,min-error,metric_min,exp2,0,1,1,0.00247165421,0.00247157156,0.00247157156,0.00247165421,8.26548785e-08,13,raw-and-scaled,8,1,fp8_e1m6,fp8_e2m5,6,5,4,26247,13,exp1,110592000,110583808,110583808,27645952,0.00247165421,0.00247157156,8192,82946048,-0.000339150429,0x3b21fb7a,0.00247165421,0x3f800000,1,0x00000000,0,0x00000000,0,00000000,0,0,000000,00000000,0,0,00000,0x00000000,0,0x00000000,0,0x00000000,0,0,0
l2,0.0625,0,min-error,metric_min,exp2,0,1,1,0.00247165421,0.00247157156,0.00247157156,0.00247165421,8.26548785e-08,14,raw-and-scaled,8,1,fp8_e1m6,fp8_e2m5,6,5,4,26247,14,exp1,110592000,110583808,110583808,27645952,0.00247165421,0.00247157156,8192,82946048,-0.000339150429,0x3b21fb7a,0.00247165421,0x3f800000,1,0x3c1dbad6,0.00962706469,0x3c1dbad6,0.00962706469,00000000,0,0,000000,00000001,0,1,00001,0x3c1dbad6,0.00962706469,0x3aedd6b0,0.00181456469,0xcabb6000,-6139904,-1534976,-0.36613214
l2,0.0625,0,min-error,metric_min,exp2,0,1,1,0.00247165421,0.00247157156,0.00247157156,0.00247165421,8.26548785e-08,15,raw-and-scaled,8,1,fp8_e1m6,fp8_e2m5,6,5,4,26247,15,exp1,110592000,110583808,110583808,27645952,0.00247165421,0.00247157156,8192,82946048,-0.000339150429,0x3b21fb7a,0.00247165421,0x3f800000,1,0x00000000,0,0x00000000,0,00000000,0,0,000000,00000000,0,0,00000,0x00000000,0,0x00000000,0,0x00000000,0,0,0
l2,0.0625,0,min-error,metric_min,exp2,0,1,1,0.00247165421,0.00247157156,0.00247157156,0.00247165421,8.26548785e-08,16,raw-and-scaled,8,1,fp8_e1m6,fp8_e2m5,6,5,4,26247,16,exp1,110592000,110583808,110583808,27645952,0.00247165421,0.00247157156,8192,82946048,-0.000339150429,0x3b21fb7a,0.00247165421,0x3f800000,1,0x00000000,0,0x00000000,0,00000000,0,0,000000,00000000,0,0,00000,0x00000000,0,0x00000000,0,0x00000000,0,0,0
l2,0.0625,0,min-error,metric_min,exp2,0,1,1,0.00247165421,0.00247157156,0.00247157156,0.00247165421,8.26548785e-08,17,raw-and-scaled,8,1,fp8_e1m6,fp8_e2m5,6,5,4,26247,17,exp1,110592000,110583808,110583808,27645952,0.00247165421,0.00247157156,8192,82946048,-0.000339150429,0x3b21fb7a,0.00247165421,0x3f800000,1,0xbf30c550,-0.69051075,0xbf30c550,-0.69051075,10101100,0,44,101100,11001100,2,12,01100,0xbb455000,-0.00301074982,0xbb455000,-0.00301074982,0x00000000,0,0,0
l2,0.0625,0,min-error,metric_min,exp2,0,1,1,0.00247165421,0.00247157156,0.00247157156,0.00247165421,8.26548785e-08,18,raw-and-scaled,8,1,fp8_e1m6,fp8_e2m5,6,5,4,26247,18,exp1,110592000,110583808,110583808,27645952,0.00247165421,0.00247157156,8192,82946048,-0.000339150429,0x3b21fb7a,0.00247165421,0x3f800000,1,0x3f2cfc01,0.675720274,0x3f2cfc01,0.675720274,00101011,0,43,101011,01001011,2,11,01011,0x3b7c0100,0.00384527445,0x3b7c0100,0.00384527445,0x00000000,0,0,0
l2,0.0625,0,min-error,metric_min,exp2,0,1,1,0.00247165421,0.00247157156,0.00247157156,0.00247165421,8.26548785e-08,19,raw-and-scaled,8,1,fp8_e1m6,fp8_e2m5,6,5,4,26247,19,exp1,110592000,110583808,110583808,27645952,0.00247165421,0.00247157156,8192,82946048,-0.000339150429,0x3b21fb7a,0.00247165421,0x3f800000,1,0x3b79c480,0.00381115079,0x3b79c480,0.00381115079,00000000,0,0,000000,00000000,0,0,00000,0x3b79c480,0.00381115079,0x3b79c480,0.00381115079,0x00000000,0,0,0
l2,0.0625,0,min-error,metric_min,exp2,0,1,1,0.00247165421,0.00247157156,0.00247157156,0.00247165421,8.26548785e-08,20,raw-and-scaled,8,1,fp8_e1m6,fp8_e2m5,6,5,4,26247,20,exp1,110592000,110583808,110583808,27645952,0.00247165421,0.00247157156,8192,82946048,-0.000339150429,0x3b21fb7a,0.00247165421,0x3f800000,1,0x3bf1ea92,0.00738269929,0x3bf1ea92,0.00738269929,00000000,0,0,000000,00000000,0,0,00000,0x3bf1ea92,0.00738269929,0x3bf1ea92,0.00738269929,0x00000000,0,0,0
l2,0.0625,0,min-error,metric_min,exp2,0,1,1,0.00247165421,0.00247157156,0.00247157156,0.00247165421,8.26548785e-08,21,raw-and-scaled,8,1,fp8_e1m6,fp8_e2m5,6,5,4,26247,21,exp1,110592000,110583808,110583808,27645952,0.00247165421,0.00247157156,8192,82946048,-0.000339150429,0x3b21fb7a,0.00247165421,0x3f800000,1,0x00000000,0,0x00000000,0,00000000,0,0,000000,00000000,0,0,00000,0x00000000,0,0x00000000,0,0x00000000,0,0,0
l2,0.0625,0,min-error,metric_min,exp2,0,1,1,0.00247165421,0.00247157156,0.00247157156,0.00247165421,8.26548785e-08,22,raw-and-scaled,8,1,fp8_e1m6,fp8_e2m5,6,5,4,26247,22,exp1,110592000,110583808,110583808,27645952,0.00247165421,0.00247157156,8192,82946048,-0.000339150429,0x3b21fb7a,0.00247165421,0x3f800000,1,0xbf5dbafa,-0.866134286,0xbf5dbafa,-0.866134286,10110111,0,55,110111,11010111,2,23,10111,0xbbdd7d00,-0.00675928593,0xbbdd7d00,-0.00675928593,0x00000000,0,0,0
l2,0.0625,0,min-error,metric_min,exp2,0,1,1,0.00247165421,0.00247157156,0.00247157156,0.00247165421,8.26548785e-08,23,raw-and-scaled,8,1,fp8_e1m6,fp8_e2m5,6,5,4,26247,23,exp1,110592000,110583808,110583808,27645952,0.00247165421,0.00247157156,8192,82946048,-0.000339150429,0x3b21fb7a,0.00247165421,0x3f800000,1,0x00000000,0,0x00000000,0,00000000,0,0,000000,00000000,0,0,00000,0x00000000,0,0x00000000,0,0x00000000,0,0,0
l2,0.0625,0,min-error,metric_min,exp2,0,1,1,0.00247165421,0.00247157156,0.00247157156,0.00247165421,8.26548785e-08,24,raw-and-scaled,8,1,fp8_e1m6,fp8_e2m5,6,5,4,26247,24,exp1,110592000,110583808,110583808,27645952,0.00247165421,0.00247157156,8192,82946048,-0.000339150429,0x3b21fb7a,0.00247165421,0x3f800000,1,0xbfef0ec5,-1.86763823,0xbfef0ec5,-1.86763823,11110111,1,55,110111,11111011,3,27,11011,0xbc076280,-0.00826323032,0xbcc3b140,-0.0238882303,0x4c03b000,34521088,34521088,2.05769348
l2,0.0625,0,min-error,metric_min,exp2,0,1,1,0.00247165421,0.00247157156,0.00247157156,0.00247165421,8.26548785e-08,25,raw-and-scaled,8,1,fp8_e1m6,fp8_e2m5,6,5,4,26247,25,exp1,110592000,110583808,110583808,27645952,0.00247165421,0.00247157156,8192,82946048,-0.000339150429,0x3b21fb7a,0.00247165421,0x3f800000,1,0x00000000,0,0x00000000,0,00000000,0,0,000000,00000000,0,0,00000,0x00000000,0,0x00000000,0,0x00000000,0,0,0
l2,0.0625,0,min-error,metric_min,exp2,0,1,1,0.00247165421,0.00247157156,0.00247157156,0.00247165421,8.26548785e-08,26,raw-and-scaled,8,1,fp8_e1m6,fp8_e2m5,6,5,4,26247,26,exp1,110592000,110583808,110583808,27645952,0.00247165421,0.00247157156,8192,82946048,-0.000339150429,0x3b21fb7a,0.00247165421,0x3f800000,1,0x00000000,0,0x00000000,0,00000000,0,0,000000,00000000,0,0,00000,0x00000000,0,0x00000000,0,0x00000000,0,0,0
l2,0.0625,0,min-error,metric_min,exp2,0,1,1,0.00247165421,0.00247157156,0.00247157156,0.00247165421,8.26548785e-08,27,raw-and-scaled,8,1,fp8_e1m6,fp8_e2m5,6,5,4,26247,27,exp1,110592000,110583808,110583808,27645952,0.00247165421,0.00247157156,8192,82946048,-0.000339150429,0x3b21fb7a,0.00247165421,0x3f800000,1,0x00000000,0,0x00000000,0,00000000,0,0,000000,00000000,0,0,00000,0x00000000,0,0x00000000,0,0x00000000,0,0,0
l2,0.0625,0,min-error,metric_min,exp2,0,1,1,0.00247165421,0.00247157156,0.00247157156,0.00247165421,8.26548785e-08,28,raw-and-scaled,8,1,fp8_e1m6,fp8_e2m5,6,5,4,26247,28,exp1,110592000,110583808,110583808,27645952,0.00247165421,0.00247157156,8192,82946048,-0.000339150429,0x3b21fb7a,0.00247165421,0x3f800000,1,0x00000000,0,0x00000000,0,00000000,0,0,000000,00000000,0,0,00000,0x00000000,0,0x00000000,0,0x00000000,0,0,0
l2,0.0625,0,min-error,metric_min,exp2,0,1,1,0.00247165421,0.00247157156,0.00247157156,0.00247165421,8.26548785e-08,29,raw-and-scaled,8,1,fp8_e1m6,fp8_e2m5,6,5,4,26247,29,exp1,110592000,110583808,110583808,27645952,0.00247165421,0.00247157156,8192,82946048,-0.000339150429,0x3b21fb7a,0.00247165421,0x3f800000,1,0x00000000,0,0x00000000,0,00000000,0,0,000000,00000000,0,0,00000,0x00000000,0,0x00000000,0,0x00000000,0,0,0
l2,0.0625,0,min-error,metric_min,exp2,0,1,1,0.00247165421,0.00247157156,0.00247157156,0.00247165421,8.26548785e-08,30,raw-and-scaled,8,1,fp8_e1m6,fp8_e2m5,6,5,4,26247,30,exp1,110592000,110583808,110583808,27645952,0.00247165421,0.00247157156,8192,82946048,-0.000339150429,0x3b21fb7a,0.00247165421,0x3f800000,1,0x3dc0890b,0.0940113887,0x3dc0890b,0.0940113887,00000110,0,6,000110,00001100,0,12,01100,0x39890b00,0.000261388719,0x39890b00,0.000261388719,0x00000000,0,0,0
l2,0.0625,0,min-error,metric_min,exp2,0,1,1,0.00247165421,0.00247157156,0.00247157156,0.00247165421,8.26548785e-08,31,raw-and-scaled,8,1,fp8_e1m6,fp8_e2m5,6,5,4,26247,31,exp1,110592000,110583808,110583808,27645952,0.00247165421,0.00247157156,8192,82946048,-0.000339150429,0x3b21fb7a,0.00247165421,0x3f800000,1,0x00000000,0,0x00000000,0,00000000,0,0,000000,00000000,0,0,00000,0x00000000,0,0x00000000,0,0x00000000,0,0,0
l2,0.0625,0,min-error,metric_min,exp2,0,1,1,0.00247165421,0.00247157156,0.00247157156,0.00247165421,8.26548785e-08,32,raw-and-scaled,8,1,fp8_e1m6,fp8_e2m5,6,5,4,26247,32,exp1,110592000,110583808,110583808,27645952,0.00247165421,0.00247157156,8192,82946048,-0.000339150429,0x3b21fb7a,0.00247165421,0x3f800000,1,0xbfe74ecc,-1.80709219,0xbfe74ecc,-1.80709219,11110011,1,51,110011,11111001,3,25,11001,0xbc276600,-0.0102171898,0xbcd3b300,-0.0258421898,0x4c13b000,38715392,38715392,2.30780029
l2,0.0625,0,min-error,metric_min,exp2,0,1,1,0.00247165421,0.00247157156,0.00247157156,0.00247165421,8.26548785e-08,33,raw-and-scaled,8,1,fp8_e1m6,fp8_e2m5,6,5,4,26247,33,exp1,110592000,110583808,110583808,27645952,0.00247165421,0.00247157156,8192,82946048,-0.000339150429,0x3b21fb7a,0.00247165421,0x3f800000,1,0x00000000,0,0x00000000,0,00000000,0,0,000000,00000000,0,0,00000,0x00000000,0,0x00000000,0,0x00000000,0,0,0
l2,0.0625,0,min-error,metric_min,exp2,0,1,1,0.00247165421,0.00247157156,0.00247157156,0.00247165421,8.26548785e-08,34,raw-and-scaled,8,1,fp8_e1m6,fp8_e2m5,6,5,4,26247,34,exp1,110592000,110583808,110583808,27645952,0.00247165421,0.00247157156,8192,82946048,-0.000339150429,0x3b21fb7a,0.00247165421,0x3f800000,1,0x00000000,0,0x00000000,0,00000000,0,0,000000,00000000,0,0,00000,0x00000000,0,0x00000000,0,0x00000000,0,0,0
l2,0.0625,0,min-error,metric_min,exp2,0,1,1,0.00247165421,0.00247157156,0.00247157156,0.00247165421,8.26548785e-08,35,raw-and-scaled,8,1,fp8_e1m6,fp8_e2m5,6,5,4,26247,35,exp1,110592000,110583808,110583808,27645952,0.00247165421,0.00247157156,8192,82946048,-0.000339150429,0x3b21fb7a,0.00247165421,0x3f800000,1,0x00000000,0,0x00000000,0,00000000,0,0,000000,00000000,0,0,00000,0x00000000,0,0x00000000,0,0x00000000,0,0,0
l2,0.0625,0,min-error,metric_min,exp2,0,1,1,0.00247165421,0.00247157156,0.00247157156,0.00247165421,8.26548785e-08,36,raw-and-scaled,8,1,fp8_e1m6,fp8_e2m5,6,5,4,26247,36,exp1,110592000,110583808,110583808,27645952,0.00247165421,0.00247157156,8192,82946048,-0.000339150429,0x3b21fb7a,0.00247165421,0x3f800000,1,0x00000000,0,0x00000000,0,00000000,0,0,000000,00000000,0,0,00000,0x00000000,0,0x00000000,0,0x00000000,0,0,0
l2,0.0625,0,min-error,metric_min,exp2,0,1,1,0.00247165421,0.00247157156,0.00247157156,0.00247165421,8.26548785e-08,37,raw-and-scaled,8,1,fp8_e1m6,fp8_e2m5,6,5,4,26247,37,exp1,110592000,110583808,110583808,27645952,0.00247165421,0.00247157156,8192,82946048,-0.000339150429,0x3b21fb7a,0.00247165421,0x3f800000,1,0x00000000,0,0x00000000,0,00000000,0,0,000000,00000000,0,0,00000,0x00000000,0,0x00000000,0,0x00000000,0,0,0
l2,0.0625,0,min-error,metric_min,exp2,0,1,1,0.00247165421,0.00247157156,0.00247157156,0.00247165421,8.26548785e-08,38,raw-and-scaled,8,1,fp8_e1m6,fp8_e2m5,6,5,4,26247,38,exp1,110592000,110583808,110583808,27645952,0.00247165421,0.00247157156,8192,82946048,-0.000339150429,0x3b21fb7a,0.00247165421,0x3f800000,1,0x00000000,0,0x00000000,0,00000000,0,0,000000,00000000,0,0,00000,0x00000000,0,0x00000000,0,0x00000000,0,0,0
l2,0.0625,0,min-error,metric_min,exp2,0,1,1,0.00247165421,0.00247157156,0.00247157156,0.00247165421,8.26548785e-08,39,raw-and-scaled,8,1,fp8_e1m6,fp8_e2m5,6,5,4,26247,39,exp1,110592000,110583808,110583808,27645952,0.00247165421,0.00247157156,8192,82946048,-0.000339150429,0x3b21fb7a,0.00247165421,0x3f800000,1,0x00000000,0,0x00000000,0,00000000,0,0,000000,00000000,0,0,00000,0x00000000,0,0x00000000,0,0x00000000,0,0,0
l2,0.0625,0,min-error,metric_min,exp2,0,1,1,0.00247165421,0.00247157156,0.00247157156,0.00247165421,8.26548785e-08,40,raw-and-scaled,8,1,fp8_e1m6,fp8_e2m5,6,5,4,26247,40,exp1,110592000,110583808,110583808,27645952,0.00247165421,0.00247157156,8192,82946048,-0.000339150429,0x3b21fb7a,0.00247165421,0x3f800000,1,0x00000000,0,0x00000000,0,00000000,0,0,000000,00000000,0,0,00000,0x00000000,0,0x00000000,0,0x00000000,0,0,0
l2,0.0625,0,min-error,metric_min,exp2,0,1,1,0.00247165421,0.00247157156,0.00247157156,0.00247165421,8.26548785e-08,41,raw-and-scaled,8,1,fp8_e1m6,fp8_e2m5,6,5,4,26247,41,exp1,110592000,110583808,110583808,27645952,0.00247165421,0.00247157156,8192,82946048,-0.000339150429,0x3b21fb7a,0.00247165421,0x3f800000,1,0xbc4b144f,-0.0123949787,0xbc4b144f,-0.0123949787,10000000,0,0,000000,10000001,0,1,00001,0xbc4b144f,-0.0123949787,0xbb96289e,-0.00458247866,0xcb0b1000,-9113600,-2278400,-0.543278635
l2,0.0625,0,min-error,metric_min,exp2,0,1,1,0.00247165421,0.00247157156,0.00247157156,0.00247165421,8.26548785e-08,42,raw-and-scaled,8,1,fp8_e1m6,fp8_e2m5,6,5,4,26247,42,exp1,110592000,110583808,110583808,27645952,0.00247165421,0.00247157156,8192,82946048,-0.000339150429,0x3b21fb7a,0.00247165421,0x3f800000,1,0x00000000,0,0x00000000,0,00000000,0,0,000000,00000000,0,0,00000,0x00000000,0,0x00000000,0,0x00000000,0,0,0
l2,0.0625,0,min-error,metric_min,exp2,0,1,1,0.00247165421,0.00247157156,0.00247157156,0.00247165421,8.26548785e-08,43,raw-and-scaled,8,1,fp8_e1m6,fp8_e2m5,6,5,4,26247,43,exp1,110592000,110583808,110583808,27645952,0.00247165421,0.00247157156,8192,82946048,-0.000339150429,0x3b21fb7a,0.00247165421,0x3f800000,1,0x00000000,0,0x00000000,0,00000000,0,0,000000,00000000,0,0,00000,0x00000000,0,0x00000000,0,0x00000000,0,0,0
l2,0.0625,0,min-error,metric_min,exp2,0,1,1,0.00247165421,0.00247157156,0.00247157156,0.00247165421,8.26548785e-08,44,raw-and-scaled,8,1,fp8_e1m6,fp8_e2m5,6,5,4,26247,44,exp1,110592000,110583808,110583808,27645952,0.00247165421,0.00247157156,8192,82946048,-0.000339150429,0x3b21fb7a,0.00247165421,0x3f800000,1,0x00000000,0,0x00000000,0,00000000,0,0,000000,00000000,0,0,00000,0x00000000,0,0x00000000,0,0x00000000,0,0,0
l2,0.0625,0,min-error,metric_min,exp2,0,1,1,0.00247165421,0.00247157156,0.00247157156,0.00247165421,8.26548785e-08,45,raw-and-scaled,8,1,fp8_e1m6,fp8_e2m5,6,5,4,26247,45,exp1,110592000,110583808,110583808,27645952,0.00247165421,0.00247157156,8192,82946048,-0.000339150429,0x3b21fb7a,0.00247165421,0x3f800000,1,0x00000000,0,0x00000000,0,00000000,0,0,000000,00000000,0,0,00000,0x00000000,0,0x00000000,0,0x00000000,0,0,0
l2,0.0625,0,min-error,metric_min,exp2,0,1,1,0.00247165421,0.00247157156,0.00247157156,0.00247165421,8.26548785e-08,46,raw-and-scaled,8,1,fp8_e1m6,fp8_e2m5,6,5,4,26247,46,exp1,110592000,110583808,110583808,27645952,0.00247165421,0.00247157156,8192,82946048,-0.000339150429,0x3b21fb7a,0.00247165421,0x3f800000,1,0xbaec86e2,-0.00180455693,0xbaec86e2,-0.00180455693,10000000,0,0,000000,10000000,0,0,00000,0xbaec86e2,-0.00180455693,0xbaec86e2,-0.00180455693,0x00000000,0,0,0
l2,0.0625,0,min-error,metric_min,exp2,0,1,1,0.00247165421,0.00247157156,0.00247157156,0.00247165421,8.26548785e-08,47,raw-and-scaled,8,1,fp8_e1m6,fp8_e2m5,6,5,4,26247,47,exp1,110592000,110583808,110583808,27645952,0.00247165421,0.00247157156,8192,82946048,-0.000339150429,0x3b21fb7a,0.00247165421,0x3f800000,1,0x00000000,0,0x00000000,0,00000000,0,0,000000,00000000,0,0,00000,0x00000000,0,0x00000000,0,0x00000000,0,0,0
l2,0.0625,0,min-error,metric_min,exp2,0,1,1,0.00247165421,0.00247157156,0.00247157156,0.00247165421,8.26548785e-08,48,raw-and-scaled,8,1,fp8_e1m6,fp8_e2m5,6,5,4,26247,48,exp1,110592000,110583808,110583808,27645952,0.00247165421,0.00247157156,8192,82946048,-0.000339150429,0x3b21fb7a,0.00247165421,0x3f800000,1,0xbdd8fba4,-0.105948716,0xbdd8fba4,-0.105948716,10000110,0,6,000110,10001101,0,13,01101,0xbc47dd20,-0.0121987164,0xbb8fba40,-0.0043862164,0xcb07d000,-8900608,-2225152,-0.53071785
l2,0.0625,0,min-error,metric_min,exp2,0,1,1,0.00247165421,0.00247157156,0.00247157156,0.00247165421,8.26548785e-08,49,raw-and-scaled,8,1,fp8_e1m6,fp8_e2m5,6,5,4,26247,49,exp1,110592000,110583808,110583808,27645952,0.00247165421,0.00247157156,8192,82946048,-0.000339150429,0x3b21fb7a,0.00247165421,0x3f800000,1,0x00000000,0,0x00000000,0,00000000,0,0,000000,00000000,0,0,00000,0x00000000,0,0x00000000,0,0x00000000,0,0,0
l2,0.0625,0,min-error,metric_min,exp2,0,1,1,0.00247165421,0.00247157156,0.00247157156,0.00247165421,8.26548785e-08,50,raw-and-scaled,8,1,fp8_e1m6,fp8_e2m5,6,5,4,26247,50,exp1,110592000,110583808,110583808,27645952,0.00247165421,0.00247157156,8192,82946048,-0.000339150429,0x3b21fb7a,0.00247165421,0x3f800000,1,0x00000000,0,0x00000000,0,00000000,0,0,000000,00000000,0,0,00000,0x00000000,0,0x00000000,0,0x00000000,0,0,0
l2,0.0625,0,min-error,metric_min,exp2,0,1,1,0.00247165421,0.00247157156,0.00247157156,0.00247165421,8.26548785e-08,51,raw-and-scaled,8,1,fp8_e1m6,fp8_e2m5,6,5,4,26247,51,exp1,110592000,110583808,110583808,27645952,0.00247165421,0.00247157156,8192,82946048,-0.000339150429,0x3b21fb7a,0.00247165421,0x3f800000,1,0xbb014515,-0.0019725014,0xbb014515,-0.0019725014,10000000,0,0,000000,10000000,0,0,00000,0xbb014515,-0.0019725014,0xbb014515,-0.0019725014,0x00000000,0,0,0
l2,0.0625,0,min-error,metric_min,exp2,0,1,1,0.00247165421,0.00247157156,0.00247157156,0.00247165421,8.26548785e-08,52,raw-and-scaled,8,1,fp8_e1m6,fp8_e2m5,6,5,4,26247,52,exp1,110592000,110583808,110583808,27645952,0.00247165421,0.00247157156,8192,82946048,-0.000339150429,0x3b21fb7a,0.00247165421,0x3f800000,1,0x00000000,0,0x00000000,0,00000000,0,0,000000,00000000,0,0,00000,0x00000000,0,0x00000000,0,0x00000000,0,0,0
l2,0.0625,0,min-error,metric_min,exp2,0,1,1,0.00247165421,0.00247157156,0.00247157156,0.00247165421,8.26548785e-08,53,raw-and-scaled,8,1,fp8_e1m6,fp8_e2m5,6,5,4,26247,53,exp1,110592000,110583808,110583808,27645952,0.00247165421,0.00247157156,8192,82946048,-0.000339150429,0x3b21fb7a,0.00247165421,0x3f800000,1,0x00000000,0,0x00000000,0,00000000,0,0,000000,00000000,0,0,00000,0x00000000,0,0x00000000,0,0x00000000,0,0,0
l2,0.0625,0,min-error,metric_min,exp2,0,1,1,0.00247165421,0.00247157156,0.00247157156,0.00247165421,8.26548785e-08,54,raw-and-scaled,8,1,fp8_e1m6,fp8_e2m5,6,5,4,26247,54,exp1,110592000,110583808,110583808,27645952,0.00247165421,0.00247157156,8192,82946048,-0.000339150429,0x3b21fb7a,0.00247165421,0x3f800000,1,0x00000000,0,0x00000000,0,00000000,0,0,000000,00000000,0,0,00000,0x00000000,0,0x00000000,0,0x00000000,0,0,0
l2,0.0625,0,min-error,metric_min,exp2,0,1,1,0.00247165421,0.00247157156,0.00247157156,0.00247165421,8.26548785e-08,55,raw-and-scaled,8,1,fp8_e1m6,fp8_e2m5,6,5,4,26247,55,exp1,110592000,110583808,110583808,27645952,0.00247165421,0.00247157156,8192,82946048,-0.000339150429,0x3b21fb7a,0.00247165421,0x3f800000,1,0x00000000,0,0x00000000,0,00000000,0,0,000000,00000000,0,0,00000,0x00000000,0,0x00000000,0,0x00000000,0,0,0
l2,0.0625,0,min-error,metric_min,exp2,0,1,1,0.00247165421,0.00247157156,0.00247157156,0.00247165421,8.26548785e-08,56,raw-and-scaled,8,1,fp8_e1m6,fp8_e2m5,6,5,4,26247,56,exp1,110592000,110583808,110583808,27645952,0.00247165421,0.00247157156,8192,82946048,-0.000339150429,0x3b21fb7a,0.00247165421,0x3f800000,1,0x00000000,0,0x00000000,0,00000000,0,0,000000,00000000,0,0,00000,0x00000000,0,0x00000000,0,0x00000000,0,0,0
l2,0.0625,0,min-error,metric_min,exp2,0,1,1,0.00247165421,0.00247157156,0.00247157156,0.00247165421,8.26548785e-08,57,raw-and-scaled,8,1,fp8_e1m6,fp8_e2m5,6,5,4,26247,57,exp1,110592000,110583808,110583808,27645952,0.00247165421,0.00247157156,8192,82946048,-0.000339150429,0x3b21fb7a,0.00247165421,0x3f800000,1,0x00000000,0,0x00000000,0,00000000,0,0,000000,00000000,0,0,00000,0x00000000,0,0x00000000,0,0x00000000,0,0,0
l2,0.0625,0,min-error,metric_min,exp2,0,1,1,0.00247165421,0.00247157156,0.00247157156,0.00247165421,8.26548785e-08,58,raw-and-scaled,8,1,fp8_e1m6,fp8_e2m5,6,5,4,26247,58,exp1,110592000,110583808,110583808,27645952,0.00247165421,0.00247157156,8192,82946048,-0.000339150429,0x3b21fb7a,0.00247165421,0x3f800000,1,0x00000000,0,0x00000000,0,00000000,0,0,000000,00000000,0,0,00000,0x00000000,0,0x00000000,0,0x00000000,0,0,0
l2,0.0625,0,min-error,metric_min,exp2,0,1,1,0.00247165421,0.00247157156,0.00247157156,0.00247165421,8.26548785e-08,59,raw-and-scaled,8,1,fp8_e1m6,fp8_e2m5,6,5,4,26247,59,exp1,110592000,110583808,110583808,27645952,0.00247165421,0.00247157156,8192,82946048,-0.000339150429,0x3b21fb7a,0.00247165421,0x3f800000,1,0x00000000,0,0x00000000,0,00000000,0,0,000000,00000000,0,0,00000,0x00000000,0,0x00000000,0,0x00000000,0,0,0
l2,0.0625,0,min-error,metric_min,exp2,0,1,1,0.00247165421,0.00247157156,0.00247157156,0.00247165421,8.26548785e-08,60,raw-and-scaled,8,1,fp8_e1m6,fp8_e2m5,6,5,4,26247,60,exp1,110592000,110583808,110583808,27645952,0.00247165421,0.00247157156,8192,82946048,-0.000339150429,0x3b21fb7a,0.00247165421,0x3f800000,1,0x00000000,0,0x00000000,0,00000000,0,0,000000,00000000,0,0,00000,0x00000000,0,0x00000000,0,0x00000000,0,0,0
l2,0.0625,0,min-error,metric_min,exp2,0,1,1,0.00247165421,0.00247157156,0.00247157156,0.00247165421,8.26548785e-08,61,raw-and-scaled,8,1,fp8_e1m6,fp8_e2m5,6,5,4,26247,61,exp1,110592000,110583808,110583808,27645952,0.00247165421,0.00247157156,8192,82946048,-0.000339150429,0x3b21fb7a,0.00247165421,0x3f800000,1,0xbfe73a3b,-1.80646455,0xbfe73a3b,-1.80646455,11110011,1,51,110011,11111001,3,25,11001,0xbc1d1d80,-0.00958955288,0xbcce8ec0,-0.0252145529,0x4c0e8000,37355520,37355520,2.22746277
l2,0.0625,0,min-error,metric_min,exp2,0,1,1,0.00247165421,0.00247157156,0.00247157156,0.00247165421,8.26548785e-08,62,raw-and-scaled,8,1,fp8_e1m6,fp8_e2m5,6,5,4,26247,62,exp1,110592000,110583808,110583808,27645952,0.00247165421,0.00247157156,8192,82946048,-0.000339150429,0x3b21fb7a,0.00247165421,0x3f800000,1,0x3aac8b13,0.00131640059,0x3aac8b13,0.00131640059,00000000,0,0,000000,00000000,0,0,00000,0x3aac8b13,0.00131640059,0x3aac8b13,0.00131640059,0x00000000,0,0,0
l2,0.0625,0,min-error,metric_min,exp2,0,1,1,0.00247165421,0.00247157156,0.00247157156,0.00247165421,8.26548785e-08,63,raw-and-scaled,8,1,fp8_e1m6,fp8_e2m5,6,5,4,26247,63,exp1,110592000,110583808,110583808,27645952,0.00247165421,0.00247157156,8192,82946048,-0.000339150429,0x3b21fb7a,0.00247165421,0x3f800000,1,0x3d16c0ea,0.0368050709,0x3d16c0ea,0.0368050709,00000010,0,2,000010,00000100,0,4,00100,0x3bb60750,0.00555507094,0x3bb60750,0.00555507094,0x00000000,0,0,0
l2,0.0625,0,min-error,metric_min,exp2,0,1,1,0.00247165421,0.00247157156,0.00247157156,0.00247165421,8.26548785e-08,64,raw-and-scaled,8,1,fp8_e1m6,fp8_e2m5,6,5,4,26247,64,exp1,110592000,110583808,110583808,27645952,0.00247165421,0.00247157156,8192,82946048,-0.000339150429,0x3b21fb7a,0.00247165421,0x3f800000,1,0x00000000,0,0x00000000,0,00000000,0,0,000000,00000000,0,0,00000,0x00000000,0,0x00000000,0,0x00000000,0,0,0
l2,0.0625,0,min-error,metric_min,exp2,0,1,1,0.00247165421,0.00247157156,0.00247157156,0.00247165421,8.26548785e-08,65,raw-and-scaled,8,1,fp8_e1m6,fp8_e2m5,6,5,4,26247,65,exp1,110592000,110583808,110583808,27645952,0.00247165421,0.00247157156,8192,82946048,-0.000339150429,0x3b21fb7a,0.00247165421,0x3f800000,1,0x00000000,0,0x00000000,0,00000000,0,0,000000,00000000,0,0,00000,0x00000000,0,0x00000000,0,0x00000000,0,0,0
l2,0.0625,0,min-error,metric_min,exp2,0,1,1,0.00247165421,0.00247157156,0.00247157156,0.00247165421,8.26548785e-08,66,raw-and-scaled,8,1,fp8_e1m6,fp8_e2m5,6,5,4,26247,66,exp1,110592000,110583808,110583808,27645952,0.00247165421,0.00247157156,8192,82946048,-0.000339150429,0x3b21fb7a,0.00247165421,0x3f800000,1,0x00000000,0,0x00000000,0,00000000,0,0,000000,00000000,0,0,00000,0x00000000,0,0x00000000,0,0x00000000,0,0,0
l2,0.0625,0,min-error,metric_min,exp2,0,1,1,0.00247165421,0.00247157156,0.00247157156,0.00247165421,8.26548785e-08,67,raw-and-scaled,8,1,fp8_e1m6,fp8_e2m5,6,5,4,26247,67,exp1,110592000,110583808,110583808,27645952,0.00247165421,0.00247157156,8192,82946048,-0.000339150429,0x3b21fb7a,0.00247165421,0x3f800000,1,0x00000000,0,0x00000000,0,00000000,0,0,000000,00000000,0,0,00000,0x00000000,0,0x00000000,0,0x00000000,0,0,0
l2,0.0625,0,min-error,metric_min,exp2,0,1,1,0.00247165421,0.00247157156,0.00247157156,0.00247165421,8.26548785e-08,68,raw-and-scaled,8,1,fp8_e1m6,fp8_e2m5,6,5,4,26247,68,exp1,110592000,110583808,110583808,27645952,0.00247165421,0.00247157156,8192,82946048,-0.000339150429,0x3b21fb7a,0.00247165421,0x3f800000,1,0x00000000,0,0x00000000,0,00000000,0,0,000000,00000000,0,0,00000,0x00000000,0,0x00000000,0,0x00000000,0,0,0
l2,0.0625,0,min-error,metric_min,exp2,0,1,1,0.00247165421,0.00247157156,0.00247157156,0.00247165421,8.26548785e-08,69,raw-and-scaled,8,1,fp8_e1m6,fp8_e2m5,6,5,4,26247,69,exp1,110592000,110583808,110583808,27645952,0.00247165421,0.00247157156,8192,82946048,-0.000339150429,0x3b21fb7a,0.00247165421,0x3f800000,1,0x00000000,0,0x00000000,0,00000000,0,0,000000,00000000,0,0,00000,0x00000000,0,0x00000000,0,0x00000000,0,0,0
l2,0.0625,0,min-error,metric_min,exp2,0,1,1,0.00247165421,0.00247157156,0.00247157156,0.00247165421,8.26548785e-08,70,raw-and-scaled,8,1,fp8_e1m6,fp8_e2m5,6,5,4,26247,70,exp1,110592000,110583808,110583808,27645952,0.00247165421,0.00247157156,8192,82946048,-0.000339150429,0x3b21fb7a,0.00247165421,0x3f800000,1,0x00000000,0,0x00000000,0,00000000,0,0,000000,00000000,0,0,00000,0x00000000,0,0x00000000,0,0x00000000,0,0,0
l2,0.0625,0,min-error,metric_min,exp2,0,1,1,0.00247165421,0.00247157156,0.00247157156,0.00247165421,8.26548785e-08,71,raw-and-scaled,8,1,fp8_e1m6,fp8_e2m5,6,5,4,26247,71,exp1,110592000,110583808,110583808,27645952,0.00247165421,0.00247157156,8192,82946048,-0.000339150429,0x3b21fb7a,0.00247165421,0x3f800000,1,0x3bbfbe69,0.00585155608,0x3bbfbe69,0.00585155608,00000000,0,0,000000,00000000,0,0,00000,0x3bbfbe69,0.00585155608,0x3bbfbe69,0.00585155608,0x00000000,0,0,0
l2,0.0625,0,min-error,metric_min,exp2,0,1,1,0.00247165421,0.00247157156,0.00247157156,0.00247165421,8.26548785e-08,72,raw-and-scaled,8,1,fp8_e1m6,fp8_e2m5,6,5,4,26247,72,exp1,110592000,110583808,110583808,27645952,0.00247165421,0.00247157156,8192,82946048,-0.000339150429,0x3b21fb7a,0.00247165421,0x3f800000,1,0x00000000,0,0x00000000,0,00000000,0,0,000000,00000000,0,0,00000,0x00000000,0,0x00000000,0,0x00000000,0,0,0
l2,0.0625,0,min-error,metric_min,exp2,0,1,1,0.00247165421,0.00247157156,0.00247157156,0.00247165421,8.26548785e-08,73,raw-and-scaled,8,1,fp8_e1m6,fp8_e2m5,6,5,4,26247,73,exp1,110592000,110583808,110583808,27645952,0.00247165421,0.00247157156,8192,82946048,-0.000339150429,0x3b21fb7a,0.00247165421,0x3f800000,1,0x00000000,0,0x00000000,0,00000000,0,0,000000,00000000,0,0,00000,0x00000000,0,0x00000000,0,0x00000000,0,0,0
l2,0.0625,0,min-error,metric_min,exp2,0,1,1,0.00247165421,0.00247157156,0.00247157156,0.00247165421,8.26548785e-08,74,raw-and-scaled,8,1,fp8_e1m6,fp8_e2m5,6,5,4,26247,74,exp1,110592000,110583808,110583808,27645952,0.00247165421,0.00247157156,8192,82946048,-0.000339150429,0x3b21fb7a,0.00247165421,0x3f800000,1,0x00000000,0,0x00000000,0,00000000,0,0,000000,00000000,0,0,00000,0x00000000,0,0x00000000,0,0x00000000,0,0,0
l2,0.0625,0,min-error,metric_min,exp2,0,1,1,0.00247165421,0.00247157156,0.00247157156,0.00247165421,8.26548785e-08,75,raw-and-scaled,8,1,fp8_e1m6,fp8_e2m5,6,5,4,26247,75,exp1,110592000,110583808,110583808,27645952,0.00247165421,0.00247157156,8192,82946048,-0.000339150429,0x3b21fb7a,0.00247165421,0x3f800000,1,0x00000000,0,0x00000000,0,00000000,0,0,000000,00000000,0,0,00000,0x00000000,0,0x00000000,0,0x00000000,0,0,0
l2,0.0625,0,min-error,metric_min,exp2,0,1,1,0.00247165421,0.00247157156,0.00247157156,0.00247165421,8.26548785e-08,76,raw-and-scaled,8,1,fp8_e1m6,fp8_e2m5,6,5,4,26247,76,exp1,110592000,110583808,110583808,27645952,0.00247165421,0.00247157156,8192,82946048,-0.000339150429,0x3b21fb7a,0.00247165421,0x3f800000,1,0x00000000,0,0x00000000,0,00000000,0,0,000000,00000000,0,0,00000,0x00000000,0,0x00000000,0,0x00000000,0,0,0
l2,0.0625,0,min-error,metric_min,exp2,0,1,1,0.00247165421,0.00247157156,0.00247157156,0.00247165421,8.26548785e-08,77,raw-and-scaled,8,1,fp8_e1m6,fp8_e2m5,6,5,4,26247,77,exp1,110592000,110583808,110583808,27645952,0.00247165421,0.00247157156,8192,82946048,-0.000339150429,0x3b21fb7a,0.00247165421,0x3f800000,1,0x00000000,0,0x00000000,0,00000000,0,0,000000,00000000,0,0,00000,0x00000000,0,0x00000000,0,0x00000000,0,0,0
l2,0.0625,0,min-error,metric_min,exp2,0,1,1,0.00247165421,0.00247157156,0.00247157156,0.00247165421,8.26548785e-08,78,raw-and-scaled,8,1,fp8_e1m6,fp8_e2m5,6,5,4,26247,78,exp1,110592000,110583808,110583808,27645952,0.00247165421,0.00247157156,8192,82946048,-0.000339150429,0x3b21fb7a,0.00247165421,0x3f800000,1,0x00000000,0,0x00000000,0,00000000,0,0,000000,00000000,0,0,00000,0x00000000,0,0x00000000,0,0x00000000,0,0,0
l2,0.0625,0,min-error,metric_min,exp2,0,1,1,0.00247165421,0.00247157156,0.00247157156,0.00247165421,8.26548785e-08,79,raw-and-scaled,8,1,fp8_e1m6,fp8_e2m5,6,5,4,26247,79,exp1,110592000,110583808,110583808,27645952,0.00247165421,0.00247157156,8192,82946048,-0.000339150429,0x3b21fb7a,0.00247165421,0x3f800000,1,0xbd9e5b99,-0.0773231462,0xbd9e5b99,-0.0773231462,10000100,0,4,000100,10001001,0,9,01001,0xbc72dcc8,-0.0148231462,0xbbe5b990,-0.00701064616,0xcb32d000,-11718656,-2929664,-0.698681355
l2,0.0625,0,min-error,metric_min,exp2,0,1,1,0.00247165421,0.00247157156,0.00247157156,0.00247165421,8.26548785e-08,80,raw-and-scaled,8,1,fp8_e1m6,fp8_e2m5,6,5,4,26247,80,exp1,110592000,110583808,110583808,27645952,0.00247165421,0.00247157156,8192,82946048,-0.000339150429,0x3b21fb7a,0.00247165421,0x3f800000,1,0x00000000,0,0x00000000,0,00000000,0,0,000000,00000000,0,0,00000,0x00000000,0,0x00000000,0,0x00000000,0,0,0
l2,0.0625,0,min-error,metric_min,exp2,0,1,1,0.00247165421,0.00247157156,0.00247157156,0.00247165421,8.26548785e-08,81,raw-and-scaled,8,1,fp8_e1m6,fp8_e2m5,6,5,4,26247,81,exp1,110592000,110583808,110583808,27645952,0.00247165421,0.00247157156,8192,82946048,-0.000339150429,0x3b21fb7a,0.00247165421,0x3f800000,1,0x00000000,0,0x00000000,0,00000000,0,0,000000,00000000,0,0,00000,0x00000000,0,0x00000000,0,0x00000000,0,0,0
l2,0.0625,0,min-error,metric_min,exp2,0,1,1,0.00247165421,0.00247157156,0.00247157156,0.00247165421,8.26548785e-08,82,raw-and-scaled,8,1,fp8_e1m6,fp8_e2m5,6,5,4,26247,82,exp1,110592000,110583808,110583808,27645952,0.00247165421,0.00247157156,8192,82946048,-0.000339150429,0x3b21fb7a,0.00247165421,0x3f800000,1,0xbc889653,-0.0166732427,0xbc889653,-0.0166732427,10000001,0,1,000001,10000010,0,2,00010,0xba896530,-0.00104824267,0xba896530,-0.00104824267,0x00000000,0,0,0
l2,0.0625,0,min-error,metric_min,exp2,0,1,1,0.00247165421,0.00247157156,0.00247157156,0.00247165421,8.26548785e-08,83,raw-and-scaled,8,1,fp8_e1m6,fp8_e2m5,6,5,4,26247,83,exp1,110592000,110583808,110583808,27645952,0.00247165421,0.00247157156,8192,82946048,-0.000339150429,0x3b21fb7a,0.00247165421,0x3f800000,1,0x00000000,0,0x00000000,0,00000000,0,0,000000,00000000,0,0,00000,0x00000000,0,0x00000000,0,0x00000000,0,0,0
l2,0.0625,0,min-error,metric_min,exp2,0,1,1,0.00247165421,0.00247157156,0.00247157156,0.00247165421,8.26548785e-08,84,raw-and-scaled,8,1,fp8_e1m6,fp8_e2m5,6,5,4,26247,84,exp1,110592000,110583808,110583808,27645952,0.00247165421,0.00247157156,8192,82946048,-0.000339150429,0x3b21fb7a,0.00247165421,0x3f800000,1,0x00000000,0,0x00000000,0,00000000,0,0,000000,00000000,0,0,00000,0x00000000,0,0x00000000,0,0x00000000,0,0,0
l2,0.0625,0,min-error,metric_min,exp2,0,1,1,0.00247165421,0.00247157156,0.00247157156,0.00247165421,8.26548785e-08,85,raw-and-scaled,8,1,fp8_e1m6,fp8_e2m5,6,5,4,26247,85,exp1,110592000,110583808,110583808,27645952,0.00247165421,0.00247157156,8192,82946048,-0.000339150429,0x3b21fb7a,0.00247165421,0x3f800000,1,0x00000000,0,0x00000000,0,00000000,0,0,000000,00000000,0,0,00000,0x00000000,0,0x00000000,0,0x00000000,0,0,0
l2,0.0625,0,min-error,metric_min,exp2,0,1,1,0.00247165421,0.00247157156,0.00247157156,0.00247165421,8.26548785e-08,86,raw-and-scaled,8,1,fp8_e1m6,fp8_e2m5,6,5,4,26247,86,exp1,110592000,110583808,110583808,27645952,0.00247165421,0.00247157156,8192,82946048,-0.000339150429,0x3b21fb7a,0.00247165421,0x3f800000,1,0x00000000,0,0x00000000,0,00000000,0,0,000000,00000000,0,0,00000,0x00000000,0,0x00000000,0,0x00000000,0,0,0
l2,0.0625,0,min-error,metric_min,exp2,0,1,1,0.00247165421,0.00247157156,0.00247157156,0.00247165421,8.26548785e-08,87,raw-and-scaled,8,1,fp8_e1m6,fp8_e2m5,6,5,4,26247,87,exp1,110592000,110583808,110583808,27645952,0.00247165421,0.00247157156,8192,82946048,-0.000339150429,0x3b21fb7a,0.00247165421,0x3f800000,1,0x00000000,0,0x00000000,0,00000000,0,0,000000,00000000,0,0,00000,0x00000000,0,0x00000000,0,0x00000000,0,0,0
l2,0.0625,0,min-error,metric_min,exp2,0,1,1,0.00247165421,0.00247157156,0.00247157156,0.00247165421,8.26548785e-08,88,raw-and-scaled,8,1,fp8_e1m6,fp8_e2m5,6,5,4,26247,88,exp1,110592000,110583808,110583808,27645952,0.00247165421,0.00247157156,8192,82946048,-0.000339150429,0x3b21fb7a,0.00247165421,0x3f800000,1,0x3cbeb62f,0.0232802313,0x3cbeb62f,0.0232802313,00000001,0,1,000001,00000010,0,2,00010,0x3bfad8bc,0.00765523128,0x3bfad8bc,0.00765523128,0x00000000,0,0,0
l2,0.0625,0,min-error,metric_min,exp2,0,1,1,0.00247165421,0.00247157156,0.00247157156,0.00247165421,8.26548785e-08,89,raw-and-scaled,8,1,fp8_e1m6,fp8_e2m5,6,5,4,26247,89,exp1,110592000,110583808,110583808,27645952,0.00247165421,0.00247157156,8192,82946048,-0.000339150429,0x3b21fb7a,0.00247165421,0x3f800000,1,0x00000000,0,0x00000000,0,00000000,0,0,000000,00000000,0,0,00000,0x00000000,0,0x00000000,0,0x00000000,0,0,0
l2,0.0625,0,min-error,metric_min,exp2,0,1,1,0.00247165421,0.00247157156,0.00247157156,0.00247165421,8.26548785e-08,90,raw-and-scaled,8,1,fp8_e1m6,fp8_e2m5,6,5,4,26247,90,exp1,110592000,110583808,110583808,27645952,0.00247165421,0.00247157156,8192,82946048,-0.000339150429,0x3b21fb7a,0.00247165421,0x3f800000,1,0x00000000,0,0x00000000,0,00000000,0,0,000000,00000000,0,0,00000,0x00000000,0,0x00000000,0,0x00000000,0,0,0
l2,0.0625,0,min-error,metric_min,exp2,0,1,1,0.00247165421,0.00247157156,0.00247157156,0.00247165421,8.26548785e-08,91,raw-and-scaled,8,1,fp8_e1m6,fp8_e2m5,6,5,4,26247,91,exp1,110592000,110583808,110583808,27645952,0.00247165421,0.00247157156,8192,82946048,-0.000339150429,0x3b21fb7a,0.00247165421,0x3f800000,1,0x00000000,0,0x00000000,0,00000000,0,0,000000,00000000,0,0,00000,0x00000000,0,0x00000000,0,0x00000000,0,0,0
l2,0.0625,0,min-error,metric_min,exp2,0,1,1,0.00247165421,0.00247157156,0.00247157156,0.00247165421,8.26548785e-08,92,raw-and-scaled,8,1,fp8_e1m6,fp8_e2m5,6,5,4,26247,92,exp1,110592000,110583808,110583808,27645952,0.00247165421,0.00247157156,8192,82946048,-0.000339150429,0x3b21fb7a,0.00247165421,0x3f800000,1,0x00000000,0,0x00000000,0,00000000,0,0,000000,00000000,0,0,00000,0x00000000,0,0x00000000,0,0x00000000,0,0,0
l2,0.0625,0,min-error,metric_min,exp2,0,1,1,0.00247165421,0.00247157156,0.00247157156,0.00247165421,8.26548785e-08,93,raw-and-scaled,8,1,fp8_e1m6,fp8_e2m5,6,5,4,26247,93,exp1,110592000,110583808,110583808,27645952,0.00247165421,0.00247157156,8192,82946048,-0.000339150429,0x3b21fb7a,0.00247165421,0x3f800000,1,0x00000000,0,0x00000000,0,00000000,0,0,000000,00000000,0,0,00000,0x00000000,0,0x00000000,0,0x00000000,0,0,0
l2,0.0625,0,min-error,metric_min,exp2,0,1,1,0.00247165421,0.00247157156,0.00247157156,0.00247165421,8.26548785e-08,94,raw-and-scaled,8,1,fp8_e1m6,fp8_e2m5,6,5,4,26247,94,exp1,110592000,110583808,110583808,27645952,0.00247165421,0.00247157156,8192,82946048,-0.000339150429,0x3b21fb7a,0.00247165421,0x3f800000,1,0xbd795f82,-0.060882099,0xbd795f82,-0.060882099,10000011,0,3,000011,10000111,0,7,00111,0xbc657e08,-0.014007099,0xbbcafc10,-0.00619459897,0xcb257000,-10842112,-2710528,-0.646454334
l2,0.0625,0,min-error,metric_min,exp2,0,1,1,0.00247165421,0.00247157156,0.00247157156,0.00247165421,8.26548785e-08,95,raw-and-scaled,8,1,fp8_e1m6,fp8_e2m5,6,5,4,26247,95,exp1,110592000,110583808,110583808,27645952,0.00247165421,0.00247157156,8192,82946048,-0.000339150429,0x3b21fb7a,0.00247165421,0x3f800000,1,0x00000000,0,0x00000000,0,00000000,0,0,000000,00000000,0,0,00000,0x00000000,0,0x00000000,0,0x00000000,0,0,0
l2,0.0625,0,min-error,metric_min,exp2,0,1,1,0.00247165421,0.00247157156,0.00247157156,0.00247165421,8.26548785e-08,96,raw-and-scaled,8,1,fp8_e1m6,fp8_e2m5,6,5,4,26247,96,exp1,110592000,110583808,110583808,27645952,0.00247165421,0.00247157156,8192,82946048,-0.000339150429,0x3b21fb7a,0.00247165421,0x3f800000,1,0xbdd2728d,-0.102757551,0xbdd2728d,-0.102757551,10000110,0,6,000110,10001101,0,13,01101,0xbc139468,-0.00900755078,0xba9ca340,-0.00119505078,0xcaa72000,-5476352,-1369088,-0.32648325
l2,0.0625,0,min-error,metric_min,exp2,0,1,1,0.00247165421,0.00247157156,0.00247157156,0.00247165421,8.26548785e-08,97,raw-and-scaled,8,1,fp8_e1m6,fp8_e2m5,6,5,4,26247,97,exp1,110592000,110583808,110583808,27645952,0.00247165421,0.00247157156,8192,82946048,-0.000339150429,0x3b21fb7a,0.00247165421,0x3f800000,1,0x00000000,0,0x00000000,0,00000000,0,0,000000,00000000,0,0,00000,0x00000000,0,0x00000000,0,0x00000000,0,0,0
l2,0.0625,0,min-error,metric_min,exp2,0,1,1,0.00247165421,0.00247157156,0.00247157156,0.00247165421,8.26548785e-08,98,raw-and-scaled,8,1,fp8_e1m6,fp8_e2m5,6,5,4,26247,98,exp1,110592000,110583808,110583808,27645952,0.00247165421,0.00247157156,8192,82946048,-0.000339150429,0x3b21fb7a,0.00247165421,0x3f800000,1,0x00000000,0,0x00000000,0,00000000,0,0,000000,00000000,0,0,00000,0x00000000,0,0x00000000,0,0x00000000,0,0,0
l2,0.0625,0,min-error,metric_min,exp2,0,1,1,0.00247165421,0.00247157156,0.00247157156,0.00247165421,8.26548785e-08,99,raw-and-scaled,8,1,fp8_e1m6,fp8_e2m5,6,5,4,26247,99,exp1,110592000,110583808,110583808,27645952,0.00247165421,0.00247157156,8192,82946048,-0.000339150429,0x3b21fb7a,0.00247165421,0x3f800000,1,0x3b2ec30f,0.0026666557,0x3b2ec30f,0.0026666557,00000000,0,0,000000,00000000,0,0,00000,0x3b2ec30f,0.0026666557,0x3b2ec30f,0.0026666557,0x00000000,0,0,0
l2,0.0625,0,min-error,metric_min,exp2,0,1,1,0.00247165421,0.00247157156,0.00247157156,0.00247165421,8.26548785e-08,100,raw-and-scaled,8,1,fp8_e1m6,fp8_e2m5,6,5,4,26247,100,exp1,110592000,110583808,110583808,27645952,0.00247165421,0.00247157156,8192,82946048,-0.000339150429,0x3b21fb7a,0.00247165421,0x3f800000,1,0x00000000,0,0x00000000,0,00000000,0,0,000000,00000000,0,0,00000,0x00000000,0,0x00000000,0,0x00000000,0,0,0
l2,0.0625,0,min-error,metric_min,exp2,0,1,1,0.00247165421,0.00247157156,0.00247157156,0.00247165421,8.26548785e-08,101,raw-and-scaled,8,1,fp8_e1m6,fp8_e2m5,6,5,4,26247,101,exp1,110592000,110583808,110583808,27645952,0.00247165421,0.00247157156,8192,82946048,-0.000339150429,0x3b21fb7a,0.00247165421,0x3f800000,1,0xbe3c6673,-0.183984563,0xbe3c6673,-0.183984563,10001011,0,11,001011,10010111,0,23,10111,0xbc466730,-0.0121095628,0xbb8cce60,-0.00429706275,0xcb066000,-8806400,-2201600,-0.525012016
l2,0.0625,0,min-error,metric_min,exp2,0,1,1,0.00247165421,0.00247157156,0.00247157156,0.00247165421,8.26548785e-08,102,raw-and-scaled,8,1,fp8_e1m6,fp8_e2m5,6,5,4,26247,102,exp1,110592000,110583808,110583808,27645952,0.00247165421,0.00247157156,8192,82946048,-0.000339150429,0x3b21fb7a,0.00247165421,0x3f800000,1,0x00000000,0,0x00000000,0,00000000,0,0,000000,00000000,0,0,00000,0x00000000,0,0x00000000,0,0x00000000,0,0,0
l2,0.0625,0,min-error,metric_min,exp2,0,1,1,0.00247165421,0.00247157156,0.00247157156,0.00247165421,8.26548785e-08,103,raw-and-scaled,8,1,fp8_e1m6,fp8_e2m5,6,5,4,26247,103,exp1,110592000,110583808,110583808,27645952,0.00247165421,0.00247157156,8192,82946048,-0.000339150429,0x3b21fb7a,0.00247165421,0x3f800000,1,0x00000000,0,0x00000000,0,00000000,0,0,000000,00000000,0,0,00000,0x00000000,0,0x00000000,0,0x00000000,0,0,0
l2,0.0625,0,min-error,metric_min,exp2,0,1,1,0.00247165421,0.00247157156,0.00247157156,0.00247165421,8.26548785e-08,104,raw-and-scaled,8,1,fp8_e1m6,fp8_e2m5,6,5,4,26247,104,exp1,110592000,110583808,110583808,27645952,0.00247165421,0.00247157156,8192,82946048,-0.000339150429,0x3b21fb7a,0.00247165421,0x3f800000,1,0xbcdb8a6e,-0.0267994069,0xbcdb8a6e,-0.0267994069,10000001,0,1,000001,10000011,0,3,00011,0xbc3714dc,-0.0111744069,0xbb5c5370,-0.00336190686,0xcaee2000,-7802880,-1950720,-0.465162039
l2,0.0625,0,min-error,metric_min,exp2,0,1,1,0.00247165421,0.00247157156,0.00247157156,0.00247165421,8.26548785e-08,105,raw-and-scaled,8,1,fp8_e1m6,fp8_e2m5,6,5,4,26247,105,exp1,110592000,110583808,110583808,27645952,0.00247165421,0.00247157156,8192,82946048,-0.000339150429,0x3b21fb7a,0.00247165421,0x3f800000,1,0x00000000,0,0x00000000,0,00000000,0,0,000000,00000000,0,0,00000,0x00000000,0,0x00000000,0,0x00000000,0,0,0
l2,0.0625,0,min-error,metric_min,exp2,0,1,1,0.00247165421,0.00247157156,0.00247157156,0.00247165421,8.26548785e-08,106,raw-and-scaled,8,1,fp8_e1m6,fp8_e2m5,6,5,4,26247,106,exp1,110592000,110583808,110583808,27645952,0.00247165421,0.00247157156,8192,82946048,-0.000339150429,0x3b21fb7a,0.00247165421,0x3f800000,1,0xbd29ff38,-0.0415031612,0xbd29ff38,-0.0415031612,10000010,0,2,000010,10000101,0,5,00101,0xbc27fce0,-0.0102531612,0xbb1ff380,-0.00244066119,0xcacfe000,-6811648,-1702912,-0.406202316
l2,0.0625,0,min-error,metric_min,exp2,0,1,1,0.00247165421,0.00247157156,0.00247157156,0.00247165421,8.26548785e-08,107,raw-and-scaled,8,1,fp8_e1m6,fp8_e2m5,6,5,4,26247,107,exp1,110592000,110583808,110583808,27645952,0.00247165421,0.00247157156,8192,82946048,-0.000339150429,0x3b21fb7a,0.00247165421,0x3f800000,1,0x00000000,0,0x00000000,0,00000000,0,0,000000,00000000,0,0,00000,0x00000000,0,0x00000000,0,0x00000000,0,0,0
l2,0.0625,0,min-error,metric_min,exp2,0,1,1,0.00247165421,0.00247157156,0.00247157156,0.00247165421,8.26548785e-08,108,raw-and-scaled,8,1,fp8_e1m6,fp8_e2m5,6,5,4,26247,108,exp1,110592000,110583808,110583808,27645952,0.00247165421,0.00247157156,8192,82946048,-0.000339150429,0x3b21fb7a,0.00247165421,0x3f800000,1,0x00000000,0,0x00000000,0,00000000,0,0,000000,00000000,0,0,00000,0x00000000,0,0x00000000,0,0x00000000,0,0,0
l2,0.0625,0,min-error,metric_min,exp2,0,1,1,0.00247165421,0.00247157156,0.00247157156,0.00247165421,8.26548785e-08,109,raw-and-scaled,8,1,fp8_e1m6,fp8_e2m5,6,5,4,26247,109,exp1,110592000,110583808,110583808,27645952,0.00247165421,0.00247157156,8192,82946048,-0.000339150429,0x3b21fb7a,0.00247165421,0x3f800000,1,0x00000000,0,0x00000000,0,00000000,0,0,000000,00000000,0,0,00000,0x00000000,0,0x00000000,0,0x00000000,0,0,0
l2,0.0625,0,min-error,metric_min,exp2,0,1,1,0.00247165421,0.00247157156,0.00247157156,0.00247165421,8.26548785e-08,110,raw-and-scaled,8,1,fp8_e1m6,fp8_e2m5,6,5,4,26247,110,exp1,110592000,110583808,110583808,27645952,0.00247165421,0.00247157156,8192,82946048,-0.000339150429,0x3b21fb7a,0.00247165421,0x3f800000,1,0x00000000,0,0x00000000,0,00000000,0,0,000000,00000000,0,0,00000,0x00000000,0,0x00000000,0,0x00000000,0,0,0
l2,0.0625,0,min-error,metric_min,exp2,0,1,1,0.00247165421,0.00247157156,0.00247157156,0.00247165421,8.26548785e-08,111,raw-and-scaled,8,1,fp8_e1m6,fp8_e2m5,6,5,4,26247,111,exp1,110592000,110583808,110583808,27645952,0.00247165421,0.00247157156,8192,82946048,-0.000339150429,0x3b21fb7a,0.00247165421,0x3f800000,1,0xbbc827d8,-0.00610826537,0xbbc827d8,-0.00610826537,10000000,0,0,000000,10000000,0,0,00000,0xbbc827d8,-0.00610826537,0xbbc827d8,-0.00610826537,0x00000000,0,0,0
l2,0.0625,0,min-error,metric_min,exp2,0,1,1,0.00247165421,0.00247157156,0.00247157156,0.00247165421,8.26548785e-08,112,raw-and-scaled,8,1,fp8_e1m6,fp8_e2m5,6,5,4,26247,112,exp1,110592000,110583808,110583808,27645952,0.00247165421,0.00247157156,8192,82946048,-0.000339150429,0x3b21fb7a,0.00247165421,0x3f800000,1,0x00000000,0,0x00000000,0,00000000,0,0,000000,00000000,0,0,00000,0x00000000,0,0x00000000,0,0x00000000,0,0,0
l2,0.0625,0,min-error,metric_min,exp2,0,1,1,0.00247165421,0.00247157156,0.00247157156,0.00247165421,8.26548785e-08,113,raw-and-scaled,8,1,fp8_e1m6,fp8_e2m5,6,5,4,26247,113,exp1,110592000,110583808,110583808,27645952,0.00247165421,0.00247157156,8192,82946048,-0.000339150429,0x3b21fb7a,0.00247165421,0x3f800000,1,0x00000000,0,0x00000000,0,00000000,0,0,000000,00000000,0,0,00000,0x00000000,0,0x00000000,0,0x00000000,0,0,0
l2,0.0625,0,min-error,metric_min,exp2,0,1,1,0.00247165421,0.00247157156,0.00247157156,0.00247165421,8.26548785e-08,114,raw-and-scaled,8,1,fp8_e1m6,fp8_e2m5,6,5,4,26247,114,exp1,110592000,110583808,110583808,27645952,0.00247165421,0.00247157156,8192,82946048,-0.000339150429,0x3b21fb7a,0.00247165421,0x3f800000,1,0x3b289d78,0.00257286243,0x3b289d78,0.00257286243,00000000,0,0,000000,00000000,0,0,00000,0x3b289d78,0.00257286243,0x3b289d78,0.00257286243,0x00000000,0,0,0
l2,0.0625,0,min-error,metric_min,exp2,0,1,1,0.00247165421,0.00247157156,0.00247157156,0.00247165421,8.26548785e-08,115,raw-and-scaled,8,1,fp8_e1m6,fp8_e2m5,6,5,4,26247,115,exp1,110592000,110583808,110583808,27645952,0.00247165421,0.00247157156,8192,82946048,-0.000339150429,0x3b21fb7a,0.00247165421,0x3f800000,1,0x00000000,0,0x00000000,0,00000000,0,0,000000,00000000,0,0,00000,0x00000000,0,0x00000000,0,0x00000000,0,0,0
l2,0.0625,0,min-error,metric_min,exp2,0,1,1,0.00247165421,0.00247157156,0.00247157156,0.00247165421,8.26548785e-08,116,raw-and-scaled,8,1,fp8_e1m6,fp8_e2m5,6,5,4,26247,116,exp1,110592000,110583808,110583808,27645952,0.00247165421,0.00247157156,8192,82946048,-0.000339150429,0x3b21fb7a,0.00247165421,0x3f800000,1,0x00000000,0,0x00000000,0,00000000,0,0,000000,00000000,0,0,00000,0x00000000,0,0x00000000,0,0x00000000,0,0,0
l2,0.0625,0,min-error,metric_min,exp2,0,1,1,0.00247165421,0.00247157156,0.00247157156,0.00247165421,8.26548785e-08,117,raw-and-scaled,8,1,fp8_e1m6,fp8_e2m5,6,5,4,26247,117,exp1,110592000,110583808,110583808,27645952,0.00247165421,0.00247157156,8192,82946048,-0.000339150429,0x3b21fb7a,0.00247165421,0x3f800000,1,0x00000000,0,0x00000000,0,00000000,0,0,000000,00000000,0,0,00000,0x00000000,0,0x00000000,0,0x00000000,0,0,0
l2,0.0625,0,min-error,metric_min,exp2,0,1,1,0.00247165421,0.00247157156,0.00247157156,0.00247165421,8.26548785e-08,118,raw-and-scaled,8,1,fp8_e1m6,fp8_e2m5,6,5,4,26247,118,exp1,110592000,110583808,110583808,27645952,0.00247165421,0.00247157156,8192,82946048,-0.000339150429,0x3b21fb7a,0.00247165421,0x3f800000,1,0x00000000,0,0x00000000,0,00000000,0,0,000000,00000000,0,0,00000,0x00000000,0,0x00000000,0,0x00000000,0,0,0
l2,0.0625,0,min-error,metric_min,exp2,0,1,1,0.00247165421,0.00247157156,0.00247157156,0.00247165421,8.26548785e-08,119,raw-and-scaled,8,1,fp8_e1m6,fp8_e2m5,6,5,4,26247,119,exp1,110592000,110583808,110583808,27645952,0.00247165421,0.00247157156,8192,82946048,-0.000339150429,0x3b21fb7a,0.00247165421,0x3f800000,1,0x00000000,0,0x00000000,0,00000000,0,0,000000,00000000,0,0,00000,0x00000000,0,0x00000000,0,0x00000000,0,0,0
l2,0.0625,0,min-error,metric_min,exp2,0,1,1,0.00247165421,0.00247157156,0.00247157156,0.00247165421,8.26548785e-08,120,raw-and-scaled,8,1,fp8_e1m6,fp8_e2m5,6,5,4,26247,120,exp1,110592000,110583808,110583808,27645952,0.00247165421,0.00247157156,8192,82946048,-0.000339150429,0x3b21fb7a,0.00247165421,0x3f800000,1,0x00000000,0,0x00000000,0,00000000,0,0,000000,00000000,0,0,00000,0x00000000,0,0x00000000,0,0x00000000,0,0,0
l2,0.0625,0,min-error,metric_min,exp2,0,1,1,0.00247165421,0.00247157156,0.00247157156,0.00247165421,8.26548785e-08,121,raw-and-scaled,8,1,fp8_e1m6,fp8_e2m5,6,5,4,26247,121,exp1,110592000,110583808,110583808,27645952,0.00247165421,0.00247157156,8192,82946048,-0.000339150429,0x3b21fb7a,0.00247165421,0x3f800000,1,0xbd349b4a,-0.0440934077,0xbd349b4a,-0.0440934077,10000010,0,2,000010,10000101,0,5,00101,0xbc526d28,-0.0128434077,0xbba4da50,-0.00503090769,0xcb126000,-9592832,-2398208,-0.571978092
l2,0.0625,0,min-error,metric_min,exp2,0,1,1,0.00247165421,0.00247157156,0.00247157156,0.00247165421,8.26548785e-08,122,raw-and-scaled,8,1,fp8_e1m6,fp8_e2m5,6,5,4,26247,122,exp1,110592000,110583808,110583808,27645952,0.00247165421,0.00247157156,8192,82946048,-0.000339150429,0x3b21fb7a,0.00247165421,0x3f800000,1,0x00000000,0,0x00000000,0,00000000,0,0,000000,00000000,0,0,00000,0x00000000,0,0x00000000,0,0x00000000,0,0,0
l2,0.0625,0,min-error,metric_min,exp2,0,1,1,0.00247165421,0.00247157156,0.00247157156,0.00247165421,8.26548785e-08,123,raw-and-scaled,8,1,fp8_e1m6,fp8_e2m5,6,5,4,26247,123,exp1,110592000,110583808,110583808,27645952,0.00247165421,0.00247157156,8192,82946048,-0.000339150429,0x3b21fb7a,0.00247165421,0x3f800000,1,0x00000000,0,0x00000000,0,00000000,0,0,000000,00000000,0,0,00000,0x00000000,0,0x00000000,0,0x00000000,0,0,0
l2,0.0625,0,min-error,metric_min,exp2,0,1,1,0.00247165421,0.00247157156,0.00247157156,0.00247165421,8.26548785e-08,124,raw-and-scaled,8,1,fp8_e1m6,fp8_e2m5,6,5,4,26247,124,exp1,110592000,110583808,110583808,27645952,0.00247165421,0.00247157156,8192,82946048,-0.000339150429,0x3b21fb7a,0.00247165421,0x3f800000,1,0x00000000,0,0x00000000,0,00000000,0,0,000000,00000000,0,0,00000,0x00000000,0,0x00000000,0,0x00000000,0,0,0
l2,0.0625,0,min-error,metric_min,exp2,0,1,1,0.00247165421,0.00247157156,0.00247157156,0.00247165421,8.26548785e-08,125,raw-and-scaled,8,1,fp8_e1m6,fp8_e2m5,6,5,4,26247,125,exp1,110592000,110583808,110583808,27645952,0.00247165421,0.00247157156,8192,82946048,-0.000339150429,0x3b21fb7a,0.00247165421,0x3f800000,1,0x3d3384e5,0.04382791,0x3d3384e5,0.04382791,00000010,0,2,000010,00000101,0,5,00101,0x3c4e1394,0.01257791,0x3b9c2728,0.00476540998,0xcb0e1000,-9310208,-2327552,-0.554986238
l2,0.0625,0,min-error,metric_min,exp2,0,1,1,0.00247165421,0.00247157156,0.00247157156,0.00247165421,8.26548785e-08,126,raw-and-scaled,8,1,fp8_e1m6,fp8_e2m5,6,5,4,26247,126,exp1,110592000,110583808,110583808,27645952,0.00247165421,0.00247157156,8192,82946048,-0.000339150429,0x3b21fb7a,0.00247165421,0x3f800000,1,0x00000000,0,0x00000000,0,00000000,0,0,000000,00000000,0,0,00000,0x00000000,0,0x00000000,0,0x00000000,0,0,0
l2,0.0625,0,min-error,metric_min,exp2,0,1,1,0.00247165421,0.00247157156,0.00247157156,0.00247165421,8.26548785e-08,127,raw-and-scaled,8,1,fp8_e1m6,fp8_e2m5,6,5,4,26247,127,exp1,110592000,110583808,110583808,27645952,0.00247165421,0.00247157156,8192,82946048,-0.000339150429,0x3b21fb7a,0.00247165421,0x3f800000,1,0xbb8c56a6,-0.00428279024,0xbb8c56a6,-0.00428279024,10000000,0,0,000000,10000000,0,0,00000,0xbb8c56a6,-0.00428279024,0xbb8c56a6,-0.00428279024,0x00000000,0,0,0
l2,0.0625,0,min-error,metric_min,exp2,0,1,1,0.00231069513,0.0023106141,0.0023106141,0.00231069513,8.1025064e-08,0,raw-and-scaled,8,1,fp8_e1m6,fp8_e2m5,6,5,4,76509,0,exp1,90898432,90886144,90886144,22721536,0.00231069513,0.0023106141,12288,68176896,-0.000331163406,0x3b176f08,0.00231069513,0x3f800000,1,0x00000000,0,0x00000000,0,00000000,0,0,000000,00000000,0,0,00000,0x00000000,0,0x00000000,0,0x00000000,0,0,0
l2,0.0625,0,min-error,metric_min,exp2,0,1,1,0.00231069513,0.0023106141,0.0023106141,0.00231069513,8.1025064e-08,1,raw-and-scaled,8,1,fp8_e1m6,fp8_e2m5,6,5,4,76509,1,exp1,90898432,90886144,90886144,22721536,0.00231069513,0.0023106141,12288,68176896,-0.000331163406,0x3b176f08,0.00231069513,0x3f800000,1,0x00000000,0,0x00000000,0,00000000,0,0,000000,00000000,0,0,00000,0x00000000,0,0x00000000,0,0x00000000,0,0,0
l2,0.0625,0,min-error,metric_min,exp2,0,1,1,0.00231069513,0.0023106141,0.0023106141,0.00231069513,8.1025064e-08,2,raw-and-scaled,8,1,fp8_e1m6,fp8_e2m5,6,5,4,76509,2,exp1,90898432,90886144,90886144,22721536,0.00231069513,0.0023106141,12288,68176896,-0.000331163406,0x3b176f08,0.00231069513,0x3f800000,1,0x3cafa05c,0.02143877,0x3cafa05c,0.02143877,00000001,0,1,000001,00000010,0,2,00010,0x3bbe8170,0.00581377,0x3bbe8170,0.00581377,0x00000000,0,0,0
l2,0.0625,0,min-error,metric_min,exp2,0,1,1,0.00231069513,0.0023106141,0.0023106141,0.00231069513,8.1025064e-08,3,raw-and-scaled,8,1,fp8_e1m6,fp8_e2m5,6,5,4,76509,3,exp1,90898432,90886144,90886144,22721536,0.00231069513,0.0023106141,12288,68176896,-0.000331163406,0x3b176f08,0.00231069513,0x3f800000,1,0x3addf99c,0.00169353513,0x3addf99c,0.00169353513,00000000,0,0,000000,00000000,0,0,00000,0x3addf99c,0.00169353513,0x3addf99c,0.00169353513,0x00000000,0,0,0
l2,0.0625,0,min-error,metric_min,exp2,0,1,1,0.00231069513,0.0023106141,0.0023106141,0.00231069513,8.1025064e-08,4,raw-and-scaled,8,1,fp8_e1m6,fp8_e2m5,6,5,4,76509,4,exp1,90898432,90886144,90886144,22721536,0.00231069513,0.0023106141,12288,68176896,-0.000331163406,0x3b176f08,0.00231069513,0x3f800000,1,0x00000000,0,0x00000000,0,00000000,0,0,000000,00000000,0,0,00000,0x00000000,0,0x00000000,0,0x00000000,0,0,0
l2,0.0625,0,min-error,metric_min,exp2,0,1,1,0.00231069513,0.0023106141,0.0023106141,0.00231069513,8.1025064e-08,5,raw-and-scaled,8,1,fp8_e1m6,fp8_e2m5,6,5,4,76509,5,exp1,90898432,90886144,90886144,22721536,0.00231069513,0.0023106141,12288,68176896,-0.000331163406,0x3b176f08,0.00231069513,0x3f800000,1,0x00000000,0,0x00000000,0,00000000,0,0,000000,00000000,0,0,00000,0x00000000,0,0x00000000,0,0x00000000,0,0,0
l2,0.0625,0,min-error,metric_min,exp2,0,1,1,0.00231069513,0.0023106141,0.0023106141,0.00231069513,8.1025064e-08,6,raw-and-scaled,8,1,fp8_e1m6,fp8_e2m5,6,5,4,76509,6,exp1,90898432,90886144,90886144,22721536,0.00231069513,0.0023106141,12288,68176896,-0.000331163406,0x3b176f08,0.00231069513,0x3f800000,1,0x00000000,0,0x00000000,0,00000000,0,0,000000,00000000,0,0,00000,0x00000000,0,0x00000000,0,0x00000000,0,0,0
l2,0.0625,0,min-error,metric_min,exp2,0,1,1,0.00231069513,0.0023106141,0.0023106141,0.00231069513,8.1025064e-08,7,raw-and-scaled,8,1,fp8_e1m6,fp8_e2m5,6,5,4,76509,7,exp1,90898432,90886144,90886144,22721536,0.00231069513,0.0023106141,12288,68176896,-0.000331163406,0x3b176f08,0.00231069513,0x3f800000,1,0x00000000,0,0x00000000,0,00000000,0,0,000000,00000000,0,0,00000,0x00000000,0,0x00000000,0,0x00000000,0,0,0
l2,0.0625,0,min-error,metric_min,exp2,0,1,1,0.00231069513,0.0023106141,0.0023106141,0.00231069513,8.1025064e-08,8,raw-and-scaled,8,1,fp8_e1m6,fp8_e2m5,6,5,4,76509,8,exp1,90898432,90886144,90886144,22721536,0.00231069513,0.0023106141,12288,68176896,-0.000331163406,0x3b176f08,0.00231069513,0x3f800000,1,0x00000000,0,0x00000000,0,00000000,0,0,000000,00000000,0,0,00000,0x00000000,0,0x00000000,0,0x00000000,0,0,0
l2,0.0625,0,min-error,metric_min,exp2,0,1,1,0.00231069513,0.0023106141,0.0023106141,0.00231069513,8.1025064e-08,9,raw-and-scaled,8,1,fp8_e1m6,fp8_e2m5,6,5,4,76509,9,exp1,90898432,90886144,90886144,22721536,0.00231069513,0.0023106141,12288,68176896,-0.000331163406,0x3b176f08,0.00231069513,0x3f800000,1,0x00000000,0,0x00000000,0,00000000,0,0,000000,00000000,0,0,00000,0x00000000,0,0x00000000,0,0x00000000,0,0,0
l2,0.0625,0,min-error,metric_min,exp2,0,1,1,0.00231069513,0.0023106141,0.0023106141,0.00231069513,8.1025064e-08,10,raw-and-scaled,8,1,fp8_e1m6,fp8_e2m5,6,5,4,76509,10,exp1,90898432,90886144,90886144,22721536,0.00231069513,0.0023106141,12288,68176896,-0.000331163406,0x3b176f08,0.00231069513,0x3f800000,1,0x00000000,0,0x00000000,0,00000000,0,0,000000,00000000,0,0,00000,0x00000000,0,0x00000000,0,0x00000000,0,0,0
l2,0.0625,0,min-error,metric_min,exp2,0,1,1,0.00231069513,0.0023106141,0.0023106141,0.00231069513,8.1025064e-08,11,raw-and-scaled,8,1,fp8_e1m6,fp8_e2m5,6,5,4,76509,11,exp1,90898432,90886144,90886144,22721536,0.00231069513,0.0023106141,12288,68176896,-0.000331163406,0x3b176f08,0.00231069513,0x3f800000,1,0x00000000,0,0x00000000,0,00000000,0,0,000000,00000000,0,0,00000,0x00000000,0,0x00000000,0,0x00000000,0,0,0
l2,0.0625,0,min-error,metric_min,exp2,0,1,1,0.00231069513,0.0023106141,0.0023106141,0.00231069513,8.1025064e-08,12,raw-and-scaled,8,1,fp8_e1m6,fp8_e2m5,6,5,4,76509,12,exp1,90898432,90886144,90886144,22721536,0.00231069513,0.0023106141,12288,68176896,-0.000331163406,0x3b176f08,0.00231069513,0x3f800000,1,0xbfa774d4,-1.30825281,0xbfa774d4,-1.30825281,11010011,1,19,010011,11101001,3,9,01001,0xbc3a6a00,-0.0113778114,0xbcdd3500,-0.0270028114,0x4c1d3000,41205760,41205760,2.45635986
l2,0.0625,0,min-error,metric_min,exp2,0,1,1,0.00231069513,0.0023106141,0.0023106141,0.00231069513,8.1025064e-08,13,raw-and-scaled,8,1,fp8_e1m6,fp8_e2m5,6,5,4,76509,13,exp1,90898432,90886144,90886144,22721536,0.00231069513,0.0023106141,12288,68176896,-0.000331163406,0x3b176f08,0.00231069513,0x3f800000,1,0x00000000,0,0x00000000,0,00000000,0,0,000000,00000000,0,0,00000,0x00000000,0,0x00000000,0,0x00000000,0,0,0
l2,0.0625,0,min-error,metric_min,exp2,0,1,1,0.00231069513,0.0023106141,0.0023106141,0.00231069513,8.1025064e-08,14,raw-and-scaled,8,1,fp8_e1m6,fp8_e2m5,6,5,4,76509,14,exp1,90898432,90886144,90886144,22721536,0.00231069513,0.0023106141,12288,68176896,-0.000331163406,0x3b176f08,0.00231069513,0x3f800000,1,0x00000000,0,0x00000000,0,00000000,0,0,000000,00000000,0,0,00000,0x00000000,0,0x00000000,0,0x00000000,0,0,0
l2,0.0625,0,min-error,metric_min,exp2,0,1,1,0.00231069513,0.0023106141,0.0023106141,0.00231069513,8.1025064e-08,15,raw-and-scaled,8,1,fp8_e1m6,fp8_e2m5,6,5,4,76509,15,exp1,90898432,90886144,90886144,22721536,0.00231069513,0.0023106141,12288,68176896,-0.000331163406,0x3b176f08,0.00231069513,0x3f800000,1,0x00000000,0,0x00000000,0,00000000,0,0,000000,00000000,0,0,00000,0x00000000,0,0x00000000,0,0x00000000,0,0,0
l2,0.0625,0,min-error,metric_min,exp2,0,1,1,0.00231069513,0.0023106141,0.0023106141,0.00231069513,8.1025064e-08,16,raw-and-scaled,8,1,fp8_e1m6,fp8_e2m5,6,5,4,76509,16,exp1,90898432,90886144,90886144,22721536,0.00231069513,0.0023106141,12288,68176896,-0.000331163406,0x3b176f08,0.00231069513,0x3f800000,1,0x3f045464,0.516912699,0x3f045464,0.516912699,00100001,0,33,100001,01000001,2,1,00001,0x3aa8c800,0.00128769875,0x3aa8c800,0.00128769875,0x00000000,0,0,0
l2,0.0625,0,min-error,metric_min,exp2,0,1,1,0.00231069513,0.0023106141,0.0023106141,0.00231069513,8.1025064e-08,17,raw-and-scaled,8,1,fp8_e1m6,fp8_e2m5,6,5,4,76509,17,exp1,90898432,90886144,90886144,22721536,0.00231069513,0.0023106141,12288,68176896,-0.000331163406,0x3b176f08,0.00231069513,0x3f800000,1,0x00000000,0,0x00000000,0,00000000,0,0,000000,00000000,0,0,00000,0x00000000,0,0x00000000,0,0x00000000,0,0,0
l2,0.0625,0,min-error,metric_min,exp2,0,1,1,0.00231069513,0.0023106141,0.0023106141,0.00231069513,8.1025064e-08,18,raw-and-scaled,8,1,fp8_e1m6,fp8_e2m5,6,5,4,76509,18,exp1,90898432,90886144,90886144,22721536,0.00231069513,0.0023106141,12288,68176896,-0.000331163406,0x3b176f08,0.00231069513,0x3f800000,1,0x00000000,0,0x00000000,0,00000000,0,0,000000,00000000,0,0,00000,0x00000000,0,0x00000000,0,0x00000000,0,0,0
l2,0.0625,0,min-error,metric_min,exp2,0,1,1,0.00231069513,0.0023106141,0.0023106141,0.00231069513,8.1025064e-08,19,raw-and-scaled,8,1,fp8_e1m6,fp8_e2m5,6,5,4,76509,19,exp1,90898432,90886144,90886144,22721536,0.00231069513,0.0023106141,12288,68176896,-0.000331163406,0x3b176f08,0.00231069513,0x3f800000,1,0x00000000,0,0x00000000,0,00000000,0,0,000000,00000000,0,0,00000,0x00000000,0,0x00000000,0,0x00000000,0,0,0
l2,0.0625,0,min-error,metric_min,exp2,0,1,1,0.00231069513,0.0023106141,0.0023106141,0.00231069513,8.1025064e-08,20,raw-and-scaled,8,1,fp8_e1m6,fp8_e2m5,6,5,4,76509,20,exp1,90898432,90886144,90886144,22721536,0.00231069513,0.0023106141,12288,68176896,-0.000331163406,0x3b176f08,0.00231069513,0x3f800000,1,0x00000000,0,0x00000000,0,00000000,0,0,000000,00000000,0,0,00000,0x00000000,0,0x00000000,0,0x00000000,0,0,0
l2,0.0625,0,min-error,metric_min,exp2,0,1,1,0.00231069513,0.0023106141,0.0023106141,0.00231069513,8.1025064e-08,21,raw-and-scaled,8,1,fp8_e1m6,fp8_e2m5,6,5,4,76509,21,exp1,90898432,90886144,90886144,22721536,0.00231069513,0.0023106141,12288,68176896,-0.000331163406,0x3b176f08,0.00231069513,0x3f800000,1,0x00000000,0,0x00000000,0,00000000,0,0,000000,00000000,0,0,00000,0x00000000,0,0x00000000,0,0x00000000,0,0,0
l2,0.0625,0,min-error,metric_min,exp2,0,1,1,0.00231069513,0.0023106141,0.0023106141,0.00231069513,8.1025064e-08,22,raw-and-scaled,8,1,fp8_e1m6,fp8_e2m5,6,5,4,76509,22,exp1,90898432,90886144,90886144,22721536,0.00231069513,0.0023106141,12288,68176896,-0.000331163406,0x3b176f08,0.00231069513,0x3f800000,1,0x00000000,0,0x00000000,0,00000000,0,0,000000,00000000,0,0,00000,0x00000000,0,0x00000000,0,0x00000000,0,0,0
l2,0.0625,0,min-error,metric_min,exp2,0,1,1,0.00231069513,0.0023106141,0.0023106141,0.00231069513,8.1025064e-08,23,raw-and-scaled,8,1,fp8_e1m6,fp8_e2m5,6,5,4,76509,23,exp1,90898432,90886144,90886144,22721536,0.00231069513,0.0023106141,12288,68176896,-0.000331163406,0x3b176f08,0.00231069513,0x3f800000,1,0x00000000,0,0x00000000,0,00000000,0,0,000000,00000000,0,0,00000,0x00000000,0,0x00000000,0,0x00000000,0,0,0
l2,0.0625,0,min-error,metric_min,exp2,0,1,1,0.00231069513,0.0023106141,0.0023106141,0.00231069513,8.1025064e-08,24,raw-and-scaled,8,1,fp8_e1m6,fp8_e2m5,6,5,4,76509,24,exp1,90898432,90886144,90886144,22721536,0.00231069513,0.0023106141,12288,68176896,-0.000331163406,0x3b176f08,0.00231069513,0x3f800000,1,0x00000000,0,0x00000000,0,00000000,0,0,000000,00000000,0,0,00000,0x00000000,0,0x00000000,0,0x00000000,0,0,0
l2,0.0625,0,min-error,metric_min,exp2,0,1,1,0.00231069513,0.0023106141,0.0023106141,0.00231069513,8.1025064e-08,25,raw-and-scaled,8,1,fp8_e1m6,fp8_e2m5,6,5,4,76509,25,exp1,90898432,90886144,90886144,22721536,0.00231069513,0.0023106141,12288,68176896,-0.000331163406,0x3b176f08,0.00231069513,0x3f800000,1,0x00000000,0,0x00000000,0,00000000,0,0,000000,00000000,0,0,00000,0x00000000,0,0x00000000,0,0x00000000,0,0,0
l2,0.0625,0,min-error,metric_min,exp2,0,1,1,0.00231069513,0.0023106141,0.0023106141,0.00231069513,8.1025064e-08,26,raw-and-scaled,8,1,fp8_e1m6,fp8_e2m5,6,5,4,76509,26,exp1,90898432,90886144,90886144,22721536,0.00231069513,0.0023106141,12288,68176896,-0.000331163406,0x3b176f08,0.00231069513,0x3f800000,1,0x00000000,0,0x00000000,0,00000000,0,0,000000,00000000,0,0,00000,0x00000000,0,0x00000000,0,0x00000000,0,0,0
l2,0.0625,0,min-error,metric_min,exp2,0,1,1,0.00231069513,0.0023106141,0.0023106141,0.00231069513,8.1025064e-08,27,raw-and-scaled,8,1,fp8_e1m6,fp8_e2m5,6,5,4,76509,27,exp1,90898432,90886144,90886144,22721536,0.00231069513,0.0023106141,12288,68176896,-0.000331163406,0x3b176f08,0.00231069513,0x3f800000,1,0x00000000,0,0x00000000,0,00000000,0,0,000000,00000000,0,0,00000,0x00000000,0,0x00000000,0,0x00000000,0,0,0
l2,0.0625,0,min-error,metric_min,exp2,0,1,1,0.00231069513,0.0023106141,0.0023106141,0.00231069513,8.1025064e-08,28,raw-and-scaled,8,1,fp8_e1m6,fp8_e2m5,6,5,4,76509,28,exp1,90898432,90886144,90886144,22721536,0.00231069513,0.0023106141,12288,68176896,-0.000331163406,0x3b176f08,0.00231069513,0x3f800000,1,0x00000000,0,0x00000000,0,00000000,0,0,000000,00000000,0,0,00000,0x00000000,0,0x00000000,0,0x00000000,0,0,0
l2,0.0625,0,min-error,metric_min,exp2,0,1,1,0.00231069513,0.0023106141,0.0023106141,0.00231069513,8.1025064e-08,29,raw-and-scaled,8,1,fp8_e1m6,fp8_e2m5,6,5,4,76509,29,exp1,90898432,90886144,90886144,22721536,0.00231069513,0.0023106141,12288,68176896,-0.000331163406,0x3b176f08,0.00231069513,0x3f800000,1,0x3acde997,0.0015709874,0x3acde997,0.0015709874,00000000,0,0,000000,00000000,0,0,00000,0x3acde997,0.0015709874,0x3acde997,0.0015709874,0x00000000,0,0,0
l2,0.0625,0,min-error,metric_min,exp2,0,1,1,0.00231069513,0.0023106141,0.0023106141,0.00231069513,8.1025064e-08,30,raw-and-scaled,8,1,fp8_e1m6,fp8_e2m5,6,5,4,76509,30,exp1,90898432,90886144,90886144,22721536,0.00231069513,0.0023106141,12288,68176896,-0.000331163406,0x3b176f08,0.00231069513,0x3f800000,1,0x00000000,0,0x00000000,0,00000000,0,0,000000,00000000,0,0,00000,0x00000000,0,0x00000000,0,0x00000000,0,0,0
l2,0.0625,0,min-error,metric_min,exp2,0,1,1,0.00231069513,0.0023106141,0.0023106141,0.00231069513,8.1025064e-08,31,raw-and-scaled,8,1,fp8_e1m6,fp8_e2m5,6,5,4,76509,31,exp1,90898432,90886144,90886144,22721536,0.00231069513,0.0023106141,12288,68176896,-0.000331163406,0x3b176f08,0.00231069513,0x3f800000,1,0x00000000,0,0x00000000,0,00000000,0,0,000000,00000000,0,0,00000,0x00000000,0,0x00000000,0,0x00000000,0,0,0
l2,0.0625,0,min-error,metric_min,exp2,0,1,1,0.00231069513,0.0023106141,0.0023106141,0.00231069513,8.1025064e-08,32,raw-and-scaled,8,1,fp8_e1m6,fp8_e2m5,6,5,4,76509,32,exp1,90898432,90886144,90886144,22721536,0.00231069513,0.0023106141,12288,68176896,-0.000331163406,0x3b176f08,0.00231069513,0x3f800000,1,0x3a84f9c9,0.00101452426,0x3a84f9c9,0.00101452426,00000000,0,0,000000,00000000,0,0,00000,0x3a84f9c9,0.00101452426,0x3a84f9c9,0.00101452426,0x00000000,0,0,0
l2,0.0625,0,min-error,metric_min,exp2,0,1,1,0.00231069513,0.0023106141,0.0023106141,0.00231069513,8.1025064e-08,33,raw-and-scaled,8,1,fp8_e1m6,fp8_e2m5,6,5,4,76509,33,exp1,90898432,90886144,90886144,22721536,0.00231069513,0.0023106141,12288,68176896,-0.000331163406,0x3b176f08,0.00231069513,0x3f800000,1,0x3ea5a46b,0.323520035,0x3ea5a46b,0.323520035,00010100,0,20,010100,00101001,1,9,01001,0x3c348d60,0.0110200346,0x3b523580,0.00320753455,0xcae90000,-7634944,-1908736,-0.455282211
l2,0.0625,0,min-error,metric_min,exp2,0,1,1,0.00231069513,0.0023106141,0.0023106141,0.00231069513,8.1025064e-08,34,raw-and-scaled,8,1,fp8_e1m6,fp8_e2m5,6,5,4,76509,34,exp1,90898432,90886144,90886144,22721536,0.00231069513,0.0023106141,12288,68176896,-0.000331163406,0x3b176f08,0.00231069513,0x3f800000,1,0x00000000,0,0x00000000,0,00000000,0,0,000000,00000000,0,0,00000,0x00000000,0,0x00000000,0,0x00000000,0,0,0
l2,0.0625,0,min-error,metric_min,exp2,0,1,1,0.00231069513,0.0023106141,0.0023106141,0.00231069513,8.1025064e-08,35,raw-and-scaled,8,1,fp8_e1m6,fp8_e2m5,6,5,4,76509,35,exp1,90898432,90886144,90886144,22721536,0.00231069513,0.0023106141,12288,68176896,-0.000331163406,0x3b176f08,0.00231069513,0x3f800000,1,0xbc32ea3a,-0.0109201018,0xbc32ea3a,-0.0109201018,10000000,0,0,000000,10000001,0,1,00001,0xbc32ea3a,-0.0109201018,0xbb4ba8e8,-0.00310760178,0xcae5c000,-7528448,-1882112,-0.448886514
l2,0.0625,0,min-error,metric_min,exp2,0,1,1,0.00231069513,0.0023106141,0.0023106141,0.00231069513,8.1025064e-08,36,raw-and-scaled,8,1,fp8_e1m6,fp8_e2m5,6,5,4,76509,36,exp1,90898432,90886144,90886144,22721536,0.00231069513,0.0023106141,12288,68176896,-0.000331163406,0x3b176f08,0.00231069513,0x3f800000,1,0x00000000,0,0x00000000,0,00000000,0,0,000000,00000000,0,0,00000,0x00000000,0,0x00000000,0,0x00000000,0,0,0
l2,0.0625,0,min-error,metric_min,exp2,0,1,1,0.00231069513,0.0023106141,0.0023106141,0.00231069513,8.1025064e-08,37,raw-and-scaled,8,1,fp8_e1m6,fp8_e2m5,6,5,4,76509,37,exp1,90898432,90886144,90886144,22721536,0.00231069513,0.0023106141,12288,68176896,-0.000331163406,0x3b176f08,0.00231069513,0x3f800000,1,0x00000000,0,0x00000000,0,00000000,0,0,000000,00000000,0,0,00000,0x00000000,0,0x00000000,0,0x00000000,0,0,0
l2,0.0625,0,min-error,metric_min,exp2,0,1,1,0.00231069513,0.0023106141,0.0023106141,0.00231069513,8.1025064e-08,38,raw-and-scaled,8,1,fp8_e1m6,fp8_e2m5,6,5,4,76509,38,exp1,90898432,90886144,90886144,22721536,0.00231069513,0.0023106141,12288,68176896,-0.000331163406,0x3b176f08,0.00231069513,0x3f800000,1,0x00000000,0,0x00000000,0,00000000,0,0,000000,00000000,0,0,00000,0x00000000,0,0x00000000,0,0x00000000,0,0,0
l2,0.0625,0,min-error,metric_min,exp2,0,1,1,0.00231069513,0.0023106141,0.0023106141,0.00231069513,8.1025064e-08,39,raw-and-scaled,8,1,fp8_e1m6,fp8_e2m5,6,5,4,76509,39,exp1,90898432,90886144,90886144,22721536,0.00231069513,0.0023106141,12288,68176896,-0.000331163406,0x3b176f08,0.00231069513,0x3f800000,1,0x00000000,0,0x00000000,0,00000000,0,0,000000,00000000,0,0,00000,0x00000000,0,0x00000000,0,0x00000000,0,0,0
l2,0.0625,0,min-error,metric_min,exp2,0,1,1,0.00231069513,0.0023106141,0.0023106141,0.00231069513,8.1025064e-08,40,raw-and-scaled,8,1,fp8_e1m6,fp8_e2m5,6,5,4,76509,40,exp1,90898432,90886144,90886144,22721536,0.00231069513,0.0023106141,12288,68176896,-0.000331163406,0x3b176f08,0.00231069513,0x3f800000,1,0x00000000,0,0x00000000,0,00000000,0,0,000000,00000000,0,0,00000,0x00000000,0,0x00000000,0,0x00000000,0,0,0
l2,0.0625,0,min-error,metric_min,exp2,0,1,1,0.00231069513,0.0023106141,0.0023106141,0.00231069513,8.1025064e-08,41,raw-and-scaled,8,1,fp8_e1m6,fp8_e2m5,6,5,4,76509,41,exp1,90898432,90886144,90886144,22721536,0.00231069513,0.0023106141,12288,68176896,-0.000331163406,0x3b176f08,0.00231069513,0x3f800000,1,0x00000000,0,0x00000000,0,00000000,0,0,000000,00000000,0,0,00000,0x00000000,0,0x00000000,0,0x00000000,0,0,0
l2,0.0625,0,min-error,metric_min,exp2,0,1,1,0.00231069513,0.0023106141,0.0023106141,0.00231069513,8.1025064e-08,42,raw-and-scaled,8,1,fp8_e1m6,fp8_e2m5,6,5,4,76509,42,exp1,90898432,90886144,90886144,22721536,0.00231069513,0.0023106141,12288,68176896,-0.000331163406,0x3b176f08,0.00231069513,0x3f800000,1,0x00000000,0,0x00000000,0,00000000,0,0,000000,00000000,0,0,00000,0x00000000,0,0x00000000,0,0x00000000,0,0,0
l2,0.0625,0,min-error,metric_min,exp2,0,1,1,0.00231069513,0.0023106141,0.0023106141,0.00231069513,8.1025064e-08,43,raw-and-scaled,8,1,fp8_e1m6,fp8_e2m5,6,5,4,76509,43,exp1,90898432,90886144,90886144,22721536,0.00231069513,0.0023106141,12288,68176896,-0.000331163406,0x3b176f08,0.00231069513,0x3f800000,1,0x00000000,0,0x00000000,0,00000000,0,0,000000,00000000,0,0,00000,0x00000000,0,0x00000000,0,0x00000000,0,0,0
l2,0.0625,0,min-error,metric_min,exp2,0,1,1,0.00231069513,0.0023106141,0.0023106141,0.00231069513,8.1025064e-08,44,raw-and-scaled,8,1,fp8_e1m6,fp8_e2m5,6,5,4,76509,44,exp1,90898432,90886144,90886144,22721536,0.00231069513,0.0023106141,12288,68176896,-0.000331163406,0x3b176f08,0.00231069513,0x3f800000,1,0x00000000,0,0x00000000,0,00000000,0,0,000000,00000000,0,0,00000,0x00000000,0,0x00000000,0,0x00000000,0,0,0
l2,0.0625,0,min-error,metric_min,exp2,0,1,1,0.00231069513,0.0023106141,0.0023106141,0.00231069513,8.1025064e-08,45,raw-and-scaled,8,1,fp8_e1m6,fp8_e2m5,6,5,4,76509,45,exp1,90898432,90886144,90886144,22721536,0.00231069513,0.0023106141,12288,68176896,-0.000331163406,0x3b176f08,0.00231069513,0x3f800000,1,0x3f0def6c,0.554434538,0x3f0def6c,0.554434538,00100011,0,35,100011,01000011,2,3,00011,0x3bf7b600,0.00755953789,0x3bf7b600,0.00755953789,0x00000000,0,0,0
l2,0.0625,0,min-error,metric_min,exp2,0,1,1,0.00231069513,0.0023106141,0.0023106141,0.00231069513,8.1025064e-08,46,raw-and-scaled,8,1,fp8_e1m6,fp8_e2m5,6,5,4,76509,46,exp1,90898432,90886144,90886144,22721536,0.00231069513,0.0023106141,12288,68176896,-0.000331163406,0x3b176f08,0.00231069513,0x3f800000,1,0xbcaca53a,-0.0210748799,0xbcaca53a,-0.0210748799,10000001,0,1,000001,10000010,0,2,00010,0xbbb294e8,-0.00544987991,0xbbb294e8,-0.00544987991,0x00000000,0,0,0
l2,0.0625,0,min-error,metric_min,exp2,0,1,1,0.00231069513,0.0023106141,0.0023106141,0.00231069513,8.1025064e-08,47,raw-and-scaled,8,1,fp8_e1m6,fp8_e2m5,6,5,4,76509,47,exp1,90898432,90886144,90886144,22721536,0.00231069513,0.0023106141,12288,68176896,-0.000331163406,0x3b176f08,0.00231069513,0x3f800000,1,0xbd618f7f,-0.0550684892,0xbd618f7f,-0.0550684892,10000011,0,3,000011,10000111,0,7,00111,0xbc063dfc,-0.00819348916,0xb9c7bf80,-0.000380989164,0xca8c6000,-4599808,-1149952,-0.274383307
l2,0.0625,0,min-error,metric_min,exp2,0,1,1,0.00231069513,0.0023106141,0.0023106141,0.00231069513,8.1025064e-08,48,raw-and-scaled,8,1,fp8_e1m6,fp8_e2m5,6,5,4,76509,48,exp1,90898432,90886144,90886144,22721536,0.00231069513,0.0023106141,12288,68176896,-0.000331163406,0x3b176f08,0.00231069513,0x3f800000,1,0x00000000,0,0x00000000,0,00000000,0,0,000000,00000000,0,0,00000,0x00000000,0,0x00000000,0,0x00000000,0,0,0
l2,0.0625,0,min-error,metric_min,exp2,0,1,1,0.00231069513,0.0023106141,0.0023106141,0.00231069513,8.1025064e-08,49,raw-and-scaled,8,1,fp8_e1m6,fp8_e2m5,6,5,4,76509,49,exp1,90898432,90886144,90886144,22721536,0.00231069513,0.0023106141,12288,68176896,-0.000331163406,0x3b176f08,0.00231069513,0x3f800000,1,0x00000000,0,0x00000000,0,00000000,0,0,000000,00000000,0,0,00000,0x00000000,0,0x00000000,0,0x00000000,0,0,0
l2,0.0625,0,min-error,metric_min,exp2,0,1,1,0.00231069513,0.0023106141,0.0023106141,0.00231069513,8.1025064e-08,50,raw-and-scaled,8,1,fp8_e1m6,fp8_e2m5,6,5,4,76509,50,exp1,90898432,90886144,90886144,22721536,0.00231069513,0.0023106141,12288,68176896,-0.000331163406,0x3b176f08,0.00231069513,0x3f800000,1,0x00000000,0,0x00000000,0,00000000,0,0,000000,00000000,0,0,00000,0x00000000,0,0x00000000,0,0x00000000,0,0,0
l2,0.0625,0,min-error,metric_min,exp2,0,1,1,0.00231069513,0.0023106141,0.0023106141,0.00231069513,8.1025064e-08,51,raw-and-scaled,8,1,fp8_e1m6,fp8_e2m5,6,5,4,76509,51,exp1,90898432,90886144,90886144,22721536,0.00231069513,0.0023106141,12288,68176896,-0.000331163406,0x3b176f08,0.00231069513,0x3f800000,1,0x00000000,0,0x00000000,0,00000000,0,0,000000,00000000,0,0,00000,0x00000000,0,0x00000000,0,0x00000000,0,0,0
l2,0.0625,0,min-error,metric_min,exp2,0,1,1,0.00231069513,0.0023106141,0.0023106141,0.00231069513,8.1025064e-08,52,raw-and-scaled,8,1,fp8_e1m6,fp8_e2m5,6,5,4,76509,52,exp1,90898432,90886144,90886144,22721536,0.00231069513,0.0023106141,12288,68176896,-0.000331163406,0x3b176f08,0.00231069513,0x3f800000,1,0x00000000,0,0x00000000,0,00000000,0,0,000000,00000000,0,0,00000,0x00000000,0,0x00000000,0,0x00000000,0,0,0
l2,0.0625,0,min-error,metric_min,exp2,0,1,1,0.00231069513,0.0023106141,0.0023106141,0.00231069513,8.1025064e-08,53,raw-and-scaled,8,1,fp8_e1m6,fp8_e2m5,6,5,4,76509,53,exp1,90898432,90886144,90886144,22721536,0.00231069513,0.0023106141,12288,68176896,-0.000331163406,0x3b176f08,0.00231069513,0x3f800000,1,0xbeaaa2a1,-0.33327201,0xbeaaa2a1,-0.33327201,10010101,0,21,010101,10101010,1,10,01010,0xbba8a840,-0.00514701009,0xbba8a840,-0.00514701009,0x00000000,0,0,0
l2,0.0625,0,min-error,metric_min,exp2,0,1,1,0.00231069513,0.0023106141,0.0023106141,0.00231069513,8.1025064e-08,54,raw-and-scaled,8,1,fp8_e1m6,fp8_e2m5,6,5,4,76509,54,exp1,90898432,90886144,90886144,22721536,0.00231069513,0.0023106141,12288,68176896,-0.000331163406,0x3b176f08,0.00231069513,0x3f800000,1,0x00000000,0,0x00000000,0,00000000,0,0,000000,00000000,0,0,00000,0x00000000,0,0x00000000,0,0x00000000,0,0,0
l2,0.0625,0,min-error,metric_min,exp2,0,1,1,0.00231069513,0.0023106141,0.0023106141,0.00231069513,8.1025064e-08,55,raw-and-scaled,8,1,fp8_e1m6,fp8_e2m5,6,5,4,76509,55,exp1,90898432,90886144,90886144,22721536,0.00231069513,0.0023106141,12288,68176896,-0.000331163406,0x3b176f08,0.00231069513,0x3f800000,1,0x00000000,0,0x00000000,0,00000000,0,0,000000,00000000,0,0,00000,0x00000000,0,0x00000000,0,0x00000000,0,0,0
l2,0.0625,0,min-error,metric_min,exp2,0,1,1,0.00231069513,0.0023106141,0.0023106141,0.00231069513,8.1025064e-08,56,raw-and-scaled,8,1,fp8_e1m6,fp8_e2m5,6,5,4,76509,56,exp1,90898432,90886144,90886144,22721536,0.00231069513,0.0023106141,12288,68176896,-0.000331163406,0x3b176f08,0.00231069513,0x3f800000,1,0x00000000,0,0x00000000,0,00000000,0,0,000000,00000000,0,0,00000,0x00000000,0,0x00000000,0,0x00000000,0,0,0
l2,0.0625,0,min-error,metric_min,exp2,0,1,1,0.00231069513,0.0023106141,0.0023106141,0.00231069513,8.1025064e-08,57,raw-and-scaled,8,1,fp8_e1m6,fp8_e2m5,6,5,4,76509,57,exp1,90898432,90886144,90886144,22721536,0.00231069513,0.0023106141,12288,68176896,-0.000331163406,0x3b176f08,0.00231069513,0x3f800000,1,0x00000000,0,0x00000000,0,00000000,0,0,000000,00000000,0,0,00000,0x00000000,0,0x00000000,0,0x00000000,0,0,0
l2,0.0625,0,min-error,metric_min,exp2,0,1,1,0.00231069513,0.0023106141,0.0023106141,0.00231069513,8.1025064e-08,58,raw-and-scaled,8,1,fp8_e1m6,fp8_e2m5,6,5,4,76509,58,exp1,90898432,90886144,90886144,22721536,0.00231069513,0.0023106141,12288,68176896,-0.000331163406,0x3b176f08,0.00231069513,0x3f800000,1,0xbe7ace78,-0.244928241,0xbe7ace78,-0.244928241,10001111,0,15,001111,10011111,0,31,11111,0xbc2ce780,-0.0105532408,0xbb339e00,-0.00274074078,0xcad9c000,-7135232,-1783808,-0.42540741
l2,0.0625,0,min-error,metric_min,exp2,0,1,1,0.00231069513,0.0023106141,0.0023106141,0.00231069513,8.1025064e-08,59,raw-and-scaled,8,1,fp8_e1m6,fp8_e2m5,6,5,4,76509,59,exp1,90898432,90886144,90886144,22721536,0.00231069513,0.0023106141,12288,68176896,-0.000331163406,0x3b176f08,0.00231069513,0x3f800000,1,0x00000000,0,0x00000000,0,00000000,0,0,000000,00000000,0,0,00000,0x00000000,0,0x00000000,0,0x00000000,0,0,0
l2,0.0625,0,min-error,metric_min,exp2,0,1,1,0.00231069513,0.0023106141,0.0023106141,0.00231069513,8.1025064e-08,60,raw-and-scaled,8,1,fp8_e1m6,fp8_e2m5,6,5,4,76509,60,exp1,90898432,90886144,90886144,22721536,0.00231069513,0.0023106141,12288,68176896,-0.000331163406,0x3b176f08,0.00231069513,0x3f800000,1,0x3d9a6e23,0.0754053816,0x3d9a6e23,0.0754053816,00000100,0,4,000100,00001001,0,9,01001,0x3c537118,0.0129053816,0x3ba6e230,0.00509288162,0xcb137000,-9662464,-2415616,-0.575944424
l2,0.0625,0,min-error,metric_min,exp2,0,1,1,0.00231069513,0.0023106141,0.0023106141,0.00231069513,8.1025064e-08,61,raw-and-scaled,8,1,fp8_e1m6,fp8_e2m5,6,5,4,76509,61,exp1,90898432,90886144,90886144,22721536,0.00231069513,0.0023106141,12288,68176896,-0.000331163406,0x3b176f08,0.00231069513,0x3f800000,1,0x00000000,0,0x00000000,0,00000000,0,0,000000,00000000,0,0,00000,0x00000000,0,0x00000000,0,0x00000000,0,0,0
l2,0.0625,0,min-error,metric_min,exp2,0,1,1,0.00231069513,0.0023106141,0.0023106141,0.00231069513,8.1025064e-08,62,raw-and-scaled,8,1,fp8_e1m6,fp8_e2m5,6,5,4,76509,62,exp1,90898432,90886144,90886144,22721536,0.00231069513,0.0023106141,12288,68176896,-0.000331163406,0x3b176f08,0.00231069513,0x3f800000,1,0x00000000,0,0x00000000,0,00000000,0,0,000000,00000000,0,0,00000,0x00000000,0,0x00000000,0,0x00000000,0,0,0
l2,0.0625,0,min-error,metric_min,exp2,0,1,1,0.00231069513,0.0023106141,0.0023106141,0.00231069513,8.1025064e-08,63,raw-and-scaled,8,1,fp8_e1m6,fp8_e2m5,6,5,4,76509,63,exp1,90898432,90886144,90886144,22721536,0.00231069513,0.0023106141,12288,68176896,-0.000331163406,0x3b176f08,0.00231069513,0x3f800000,1,0x00000000,0,0x00000000,0,00000000,0,0,000000,00000000,0,0,00000,0x00000000,0,0x00000000,0,0x00000000,0,0,0
l2,0.0625,0,min-error,metric_min,exp2,0,1,1,0.00231069513,0.0023106141,0.0023106141,0.00231069513,8.1025064e-08,64,raw-and-scaled,8,1,fp8_e1m6,fp8_e2m5,6,5,4,76509,64,exp1,90898432,90886144,90886144,22721536,0.00231069513,0.0023106141,12288,68176896,-0.000331163406,0x3b176f08,0.00231069513,0x3f800000,1,0x00000000,0,0x00000000,0,00000000,0,0,000000,00000000,0,0,00000,0x00000000,0,0x00000000,0,0x00000000,0,0,0
l2,0.0625,0,min-error,metric_min,exp2,0,1,1,0.00231069513,0.0023106141,0.0023106141,0.00231069513,8.1025064e-08,65,raw-and-scaled,8,1,fp8_e1m6,fp8_e2m5,6,5,4,76509,65,exp1,90898432,90886144,90886144,22721536,0.00231069513,0.0023106141,12288,68176896,-0.000331163406,0x3b176f08,0.00231069513,0x3f800000,1,0xbb01f94d,-0.00198324327,0xbb01f94d,-0.00198324327,10000000,0,0,000000,10000000,0,0,00000,0xbb01f94d,-0.00198324327,0xbb01f94d,-0.00198324327,0x00000000,0,0,0
l2,0.0625,0,min-error,metric_min,exp2,0,1,1,0.00231069513,0.0023106141,0.0023106141,0.00231069513,8.1025064e-08,66,raw-and-scaled,8,1,fp8_e1m6,fp8_e2m5,6,5,4,76509,66,exp1,90898432,90886144,90886144,22721536,0.00231069513,0.0023106141,12288,68176896,-0.000331163406,0x3b176f08,0.00231069513,0x3f800000,1,0x00000000,0,0x00000000,0,00000000,0,0,000000,00000000,0,0,00000,0x00000000,0,0x00000000,0,0x00000000,0,0,0
l2,0.0625,0,min-error,metric_min,exp2,0,1,1,0.00231069513,0.0023106141,0.0023106141,0.00231069513,8.1025064e-08,67,raw-and-scaled,8,1,fp8_e1m6,fp8_e2m5,6,5,4,76509,67,exp1,90898432,90886144,90886144,22721536,0.00231069513,0.0023106141,12288,68176896,-0.000331163406,0x3b176f08,0.00231069513,0x3f800000,1,0x00000000,0,0x00000000,0,00000000,0,0,000000,00000000,0,0,00000,0x00000000,0,0x00000000,0,0x00000000,0,0,0
l2,0.0625,0,min-error,metric_min,exp2,0,1,1,0.00231069513,0.0023106141,0.0023106141,0.00231069513,8.1025064e-08,68,raw-and-scaled,8,1,fp8_e1m6,fp8_e2m5,6,5,4,76509,68,exp1,90898432,90886144,90886144,22721536,0.00231069513,0.0023106141,12288,68176896,-0.000331163406,0x3b176f08,0.00231069513,0x3f800000,1,0x00000000,0,0x00000000,0,00000000,0,0,000000,00000000,0,0,00000,0x00000000,0,0x00000000,0,0x00000000,0,0,0
l2,0.0625,0,min-error,metric_min,exp2,0,1,1,0.00231069513,0.0023106141,0.0023106141,0.00231069513,8.1025064e-08,69,raw-and-scaled,8,1,fp8_e1m6,fp8_e2m5,6,5,4,76509,69,exp1,90898432,90886144,90886144,22721536,0.00231069513,0.0023106141,12288,68176896,-0.000331163406,0x3b176f08,0.00231069513,0x3f800000,1,0x00000000,0,0x00000000,0,00000000,0,0,000000,00000000,0,0,00000,0x00000000,0,0x00000000,0,0x00000000,0,0,0
l2,0.0625,0,min-error,metric_min,exp2,0,1,1,0.00231069513,0.0023106141,0.0023106141,0.00231069513,8.1025064e-08,70,raw-and-scaled,8,1,fp8_e1m6,fp8_e2m5,6,5,4,76509,70,exp1,90898432,90886144,90886144,22721536,0.00231069513,0.0023106141,12288,68176896,-0.000331163406,0x3b176f08,0.00231069513,0x3f800000,1,0x00000000,0,0x00000000,0,00000000,0,0,000000,00000000,0,0,00000,0x00000000,0,0x00000000,0,0x00000000,0,0,0
l2,0.0625,0,min-error,metric_min,exp2,0,1,1,0.00231069513,0.0023106141,0.0023106141,0.00231069513,8.1025064e-08,71,raw-and-scaled,8,1,fp8_e1m6,fp8_e2m5,6,5,4,76509,71,exp1,90898432,90886144,90886144,22721536,0.00231069513,0.0023106141,12288,68176896,-0.000331163406,0x3b176f08,0.00231069513,0x3f800000,1,0x00000000,0,0x00000000,0,00000000,0,0,000000,00000000,0,0,00000,0x00000000,0,0x00000000,0,0x00000000,0,0,0
l2,0.0625,0,min-error,metric_min,exp2,0,1,1,0.00231069513,0.0023106141,0.0023106141,0.00231069513,8.1025064e-08,72,raw-and-scaled,8,1,fp8_e1m6,fp8_e2m5,6,5,4,76509,72,exp1,90898432,90886144,90886144,22721536,0.00231069513,0.0023106141,12288,68176896,-0.000331163406,0x3b176f08,0.00231069513,0x3f800000,1,0x00000000,0,0x00000000,0,00000000,0,0,000000,00000000,0,0,00000,0x00000000,0,0x00000000,0,0x00000000,0,0,0
l2,0.0625,0,min-error,metric_min,exp2,0,1,1,0.00231069513,0.0023106141,0.0023106141,0.00231069513,8.1025064e-08,73,raw-and-scaled,8,1,fp8_e1m6,fp8_e2m5,6,5,4,76509,73,exp1,90898432,90886144,90886144,22721536,0.00231069513,0.0023106141,12288,68176896,-0.000331163406,0x3b176f08,0.00231069513,0x3f800000,1,0xbaf99a51,-0.00190431823,0xbaf99a51,-0.00190431823,10000000,0,0,000000,10000000,0,0,00000,0xbaf99a51,-0.00190431823,0xbaf99a51,-0.00190431823,0x00000000,0,0,0
l2,0.0625,0,min-error,metric_min,exp2,0,1,1,0.00231069513,0.0023106141,0.0023106141,0.00231069513,8.1025064e-08,74,raw-and-scaled,8,1,fp8_e1m6,fp8_e2m5,6,5,4,76509,74,exp1,90898432,90886144,90886144,22721536,0.00231069513,0.0023106141,12288,68176896,-0.000331163406,0x3b176f08,0.00231069513,0x3f800000,1,0x00000000,0,0x00000000,0,00000000,0,0,000000,00000000,0,0,00000,0x00000000,0,0x00000000,0,0x00000000,0,0,0
l2,0.0625,0,min-error,metric_min,exp2,0,1,1,0.00231069513,0.0023106141,0.0023106141,0.00231069513,8.1025064e-08,75,raw-and-scaled,8,1,fp8_e1m6,fp8_e2m5,6,5,4,76509,75,exp1,90898432,90886144,90886144,22721536,0.00231069513,0.0023106141,12288,68176896,-0.000331163406,0x3b176f08,0.00231069513,0x3f800000,1,0x00000000,0,0x00000000,0,00000000,0,0,000000,00000000,0,0,00000,0x00000000,0,0x00000000,0,0x00000000,0,0,0
l2,0.0625,0,min-error,metric_min,exp2,0,1,1,0.00231069513,0.0023106141,0.0023106141,0.00231069513,8.1025064e-08,76,raw-and-scaled,8,1,fp8_e1m6,fp8_e2m5,6,5,4,76509,76,exp1,90898432,90886144,90886144,22721536,0.00231069513,0.0023106141,12288,68176896,-0.000331163406,0x3b176f08,0.00231069513,0x3f800000,1,0x00000000,0,0x00000000,0,00000000,0,0,000000,00000000,0,0,00000,0x00000000,0,0x00000000,0,0x00000000,0,0,0
l2,0.0625,0,min-error,metric_min,exp2,0,1,1,0.00231069513,0.0023106141,0.0023106141,0.00231069513,8.1025064e-08,77,raw-and-scaled,8,1,fp8_e1m6,fp8_e2m5,6,5,4,76509,77,exp1,90898432,90886144,90886144,22721536,0.00231069513,0.0023106141,12288,68176896,-0.000331163406,0x3b176f08,0.00231069513,0x3f800000,1,0xbd09ca38,-0.0336401165,0xbd09ca38,-0.0336401165,10000010,0,2,000010,10000100,0,4,00100,0xbb1ca380,-0.00239011645,0xbb1ca380,-0.00239011645,0x00000000,0,0,0
l2,0.0625,0,min-error,metric_min,exp2,0,1,1,0.00231069513,0.0023106141,0.0023106141,0.00231069513,8.1025064e-08,78,raw-and-scaled,8,1,fp8_e1m6,fp8_e2m5,6,5,4,76509,78,exp1,90898432,90886144,90886144,22721536,0.00231069513,0.0023106141,12288,68176896,-0.000331163406,0x3b176f08,0.00231069513,0x3f800000,1,0x00000000,0,0x00000000,0,00000000,0,0,000000,00000000,0,0,00000,0x00000000,0,0x00000000,0,0x00000000,0,0,0
l2,0.0625,0,min-error,metric_min,exp2,0,1,1,0.00231069513,0.0023106141,0.0023106141,0.00231069513,8.1025064e-08,79,raw-and-scaled,8,1,fp8_e1m6,fp8_e2m5,6,5,4,76509,79,exp1,90898432,90886144,90886144,22721536,0.00231069513,0.0023106141,12288,68176896,-0.000331163406,0x3b176f08,0.00231069513,0x3f800000,1,0x00000000,0,0x00000000,0,00000000,0,0,000000,00000000,0,0,00000,0x00000000,0,0x00000000,0,0x00000000,0,0,0
l2,0.0625,0,min-error,metric_min,exp2,0,1,1,0.00231069513,0.0023106141,0.0023106141,0.00231069513,8.1025064e-08,80,raw-and-scaled,8,1,fp8_e1m6,fp8_e2m5,6,5,4,76509,80,exp1,90898432,90886144,90886144,22721536,0.00231069513,0.0023106141,12288,68176896,-0.000331163406,0x3b176f08,0.00231069513,0x3f800000,1,0x00000000,0,0x00000000,0,00000000,0,0,000000,00000000,0,0,00000,0x00000000,0,0x00000000,0,0x00000000,0,0,0
l2,0.0625,0,min-error,metric_min,exp2,0,1,1,0.00231069513,0.0023106141,0.0023106141,0.00231069513,8.1025064e-08,81,raw-and-scaled,8,1,fp8_e1m6,fp8_e2m5,6,5,4,76509,81,exp1,90898432,90886144,90886144,22721536,0.00231069513,0.0023106141,12288,68176896,-0.000331163406,0x3b176f08,0.00231069513,0x3f800000,1,0x00000000,0,0x00000000,0,00000000,0,0,000000,00000000,0,0,00000,0x00000000,0,0x00000000,0,0x00000000,0,0,0
l2,0.0625,0,min-error,metric_min,exp2,0,1,1,0.00231069513,0.0023106141,0.0023106141,0.00231069513,8.1025064e-08,82,raw-and-scaled,8,1,fp8_e1m6,fp8_e2m5,6,5,4,76509,82,exp1,90898432,90886144,90886144,22721536,0.00231069513,0.0023106141,12288,68176896,-0.000331163406,0x3b176f08,0.00231069513,0x3f800000,1,0x00000000,0,0x00000000,0,00000000,0,0,000000,00000000,0,0,00000,0x00000000,0,0x00000000,0,0x00000000,0,0,0
l2,0.0625,0,min-error,metric_min,exp2,0,1,1,0.00231069513,0.0023106141,0.0023106141,0.00231069513,8.1025064e-08,83,raw-and-scaled,8,1,fp8_e1m6,fp8_e2m5,6,5,4,76509,83,exp1,90898432,90886144,90886144,22721536,0.00231069513,0.0023106141,12288,68176896,-0.000331163406,0x3b176f08,0.00231069513,0x3f800000,1,0x00000000,0,0x00000000,0,00000000,0,0,000000,00000000,0,0,00000,0x00000000,0,0x00000000,0,0x00000000,0,0,0
l2,0.0625,0,min-error,metric_min,exp2,0,1,1,0.00231069513,0.0023106141,0.0023106141,0.00231069513,8.1025064e-08,84,raw-and-scaled,8,1,fp8_e1m6,fp8_e2m5,6,5,4,76509,84,exp1,90898432,90886144,90886144,22721536,0.00231069513,0.0023106141,12288,68176896,-0.000331163406,0x3b176f08,0.00231069513,0x3f800000,1,0x00000000,0,0x00000000,0,00000000,0,0,000000,00000000,0,0,00000,0x00000000,0,0x00000000,0,0x00000000,0,0,0
l2,0.0625,0,min-error,metric_min,exp2,0,1,1,0.00231069513,0.0023106141,0.0023106141,0.00231069513,8.1025064e-08,85,raw-and-scaled,8,1,fp8_e1m6,fp8_e2m5,6,5,4,76509,85,exp1,90898432,90886144,90886144,22721536,0.00231069513,0.0023106141,12288,68176896,-0.000331163406,0x3b176f08,0.00231069513,0x3f800000,1,0x00000000,0,0x00000000,0,00000000,0,0,000000,00000000,0,0,00000,0x00000000,0,0x00000000,0,0x00000000,0,0,0
l2,0.0625,0,min-error,metric_min,exp2,0,1,1,0.00231069513,0.0023106141,0.0023106141,0.00231069513,8.1025064e-08,86,raw-and-scaled,8,1,fp8_e1m6,fp8_e2m5,6,5,4,76509,86,exp1,90898432,90886144,90886144,22721536,0.00231069513,0.0023106141,12288,68176896,-0.000331163406,0x3b176f08,0.00231069513,0x3f800000,1,0x00000000,0,0x00000000,0,00000000,0,0,000000,00000000,0,0,00000,0x00000000,0,0x00000000,0,0x00000000,0,0,0
l2,0.0625,0,min-error,metric_min,exp2,0,1,1,0.00231069513,0.0023106141,0.0023106141,0.00231069513,8.1025064e-08,87,raw-and-scaled,8,1,fp8_e1m6,fp8_e2m5,6,5,4,76509,87,exp1,90898432,90886144,90886144,22721536,0.00231069513,0.0023106141,12288,68176896,-0.000331163406,0x3b176f08,0.00231069513,0x3f800000,1,0x00000000,0,0x00000000,0,00000000,0,0,000000,00000000,0,0,00000,0x00000000,0,0x00000000,0,0x00000000,0,0,0
l2,0.0625,0,min-error,metric_min,exp2,0,1,1,0.00231069513,0.0023106141,0.0023106141,0.00231069513,8.1025064e-08,88,raw-and-scaled,8,1,fp8_e1m6,fp8_e2m5,6,5,4,76509,88,exp1,90898432,90886144,90886144,22721536,0.00231069513,0.0023106141,12288,68176896,-0.000331163406,0x3b176f08,0.00231069513,0x3f800000,1,0x00000000,0,0x00000000,0,00000000,0,0,000000,00000000,0,0,00000,0x00000000,0,0x00000000,0,0x00000000,0,0,0
l2,0.0625,0,min-error,metric_min,exp2,0,1,1,0.00231069513,0.0023106141,0.0023106141,0.00231069513,8.1025064e-08,89,raw-and-scaled,8,1,fp8_e1m6,fp8_e2m5,6,5,4,76509,89,exp1,90898432,90886144,90886144,22721536,0.00231069513,0.0023106141,12288,68176896,-0.000331163406,0x3b176f08,0.00231069513,0x3f800000,1,0x00000000,0,0x00000000,0,00000000,0,0,000000,00000000,0,0,00000,0x00000000,0,0x00000000,0,0x00000000,0,0,0
l2,0.0625,0,min-error,metric_min,exp2,0,1,1,0.00231069513,0.0023106141,0.0023106141,0.00231069513,8.1025064e-08,90,raw-and-scaled,8,1,fp8_e1m6,fp8_e2m5,6,5,4,76509,90,exp1,90898432,90886144,90886144,22721536,0.00231069513,0.0023106141,12288,68176896,-0.000331163406,0x3b176f08,0.00231069513,0x3f800000,1,0x3ce9dae0,0.0285467505,0x3ce9dae0,0.0285467505,00000001,0,1,000001,00000011,0,3,00011,0x3c53b5c0,0.0129217505,0x3ba76b80,0.00510925055,0xcb13b000,-9678848,-2419712,-0.576992035
l2,0.0625,0,min-error,metric_min,exp2,0,1,1,0.00231069513,0.0023106141,0.0023106141,0.00231069513,8.1025064e-08,91,raw-and-scaled,8,1,fp8_e1m6,fp8_e2m5,6,5,4,76509,91,exp1,90898432,90886144,90886144,22721536,0.00231069513,0.0023106141,12288,68176896,-0.000331163406,0x3b176f08,0.00231069513,0x3f800000,1,0xbfaff64a,-1.37470365,0xbfaff64a,-1.37470365,11010111,1,23,010111,11101011,3,11,01011,0xbc7b2500,-0.0153286457,0xbcfd9280,-0.0309536457,0x4c3d9000,49692672,49692672,2.96206665
l2,0.0625,0,min-error,metric_min,exp2,0,1,1,0.00231069513,0.0023106141,0.0023106141,0.00231069513,8.1025064e-08,92,raw-and-scaled,8,1,fp8_e1m6,fp8_e2m5,6,5,4,76509,92,exp1,90898432,90886144,90886144,22721536,0.00231069513,0.0023106141,12288,68176896,-0.000331163406,0x3b176f08,0.00231069513,0x3f800000,1,0xbf7b87ea,-0.982542634,0xbf7b87ea,-0.982542634,10111110,0,62,111110,11011110,2,30,11110,0xbc61fa80,-0.013792634,0xbc61fa80,-0.013792634,0x00000000,0,0,0
l2,0.0625,0,min-error,metric_min,exp2,0,1,1,0.00231069513,0.0023106141,0.0023106141,0.00231069513,8.1025064e-08,93,raw-and-scaled,8,1,fp8_e1m6,fp8_e2m5,6,5,4,76509,93,exp1,90898432,90886144,90886144,22721536,0.00231069513,0.0023106141,12288,68176896,-0.000331163406,0x3b176f08,0.00231069513,0x3f800000,1,0x3cbc7226,0.023003649,0x3cbc7226,0.023003649,00000001,0,1,000001,00000010,0,2,00010,0x3bf1c898,0.00737864897,0x3bf1c898,0.00737864897,0x00000000,0,0,0
l2,0.0625,0,min-error,metric_min,exp2,0,1,1,0.00231069513,0.0023106141,0.0023106141,0.00231069513,8.1025064e-08,94,raw-and-scaled,8,1,fp8_e1m6,fp8_e2m5,6,5,4,76509,94,exp1,90898432,90886144,90886144,22721536,0.00231069513,0.0023106141,12288,68176896,-0.000331163406,0x3b176f08,0.00231069513,0x3f800000,1,0x00000000,0,0x00000000,0,00000000,0,0,000000,00000000,0,0,00000,0x00000000,0,0x00000000,0,0x00000000,0,0,0
l2,0.0625,0,min-error,metric_min,exp2,0,1,1,0.00231069513,0.0023106141,0.0023106141,0.00231069513,8.1025064e-08,95,raw-and-scaled,8,1,fp8_e1m6,fp8_e2m5,6,5,4,76509,95,exp1,90898432,90886144,90886144,22721536,0.00231069513,0.0023106141,12288,68176896,-0.000331163406,0x3b176f08,0.00231069513,0x3f800000,1,0x00000000,0,0x00000000,0,00000000,0,0,000000,00000000,0,0,00000,0x00000000,0,0x00000000,0,0x00000000,0,0,0
l2,0.0625,0,min-error,metric_min,exp2,0,1,1,0.00231069513,0.0023106141,0.0023106141,0.00231069513,8.1025064e-08,96,raw-and-scaled,8,1,fp8_e1m6,fp8_e2m5,6,5,4,76509,96,exp1,90898432,90886144,90886144,22721536,0.00231069513,0.0023106141,12288,68176896,-0.000331163406,0x3b176f08,0.00231069513,0x3f800000,1,0x00000000,0,0x00000000,0,00000000,0,0,000000,00000000,0,0,00000,0x00000000,0,0x00000000,0,0x00000000,0,0,0
l2,0.0625,0,min-error,metric_min,exp2,0,1,1,0.00231069513,0.0023106141,0.0023106141,0.00231069513,8.1025064e-08,97,raw-and-scaled,8,1,fp8_e1m6,fp8_e2m5,6,5,4,76509,97,exp1,90898432,90886144,90886144,22721536,0.00231069513,0.0023106141,12288,68176896,-0.000331163406,0x3b176f08,0.00231069513,0x3f800000,1,0x00000000,0,0x00000000,0,00000000,0,0,000000,00000000,0,0,00000,0x00000000,0,0x00000000,0,0x00000000,0,0,0
l2,0.0625,0,min-error,metric_min,exp2,0,1,1,0.00231069513,0.0023106141,0.0023106141,0.00231069513,8.1025064e-08,98,raw-and-scaled,8,1,fp8_e1m6,fp8_e2m5,6,5,4,76509,98,exp1,90898432,90886144,90886144,22721536,0.00231069513,0.0023106141,12288,68176896,-0.000331163406,0x3b176f08,0.00231069513,0x3f800000,1,0x3ba0ffd9,0.00491331192,0x3ba0ffd9,0.00491331192,00000000,0,0,000000,00000000,0,0,00000,0x3ba0ffd9,0.00491331192,0x3ba0ffd9,0.00491331192,0x00000000,0,0,0
l2,0.0625,0,min-error,metric_min,exp2,0,1,1,0.00231069513,0.0023106141,0.0023106141,0.00231069513,8.1025064e-08,99,raw-and-scaled,8,1,fp8_e1m6,fp8_e2m5,6,5,4,76509,99,exp1,90898432,90886144,90886144,22721536,0.00231069513,0.0023106141,12288,68176896,-0.000331163406,0x3b176f08,0.00231069513,0x3f800000,1,0x00000000,0,0x00000000,0,00000000,0,0,000000,00000000,0,0,00000,0x00000000,0,0x00000000,0,0x00000000,0,0,0
l2,0.0625,0,min-error,metric_min,exp2,0,1,1,0.00231069513,0.0023106141,0.0023106141,0.00231069513,8.1025064e-08,100,raw-and-scaled,8,1,fp8_e1m6,fp8_e2m5,6,5,4,76509,100,exp1,90898432,90886144,90886144,22721536,0.00231069513,0.0023106141,12288,68176896,-0.000331163406,0x3b176f08,0.00231069513,0x3f800000,1,0x00000000,0,0x00000000,0,00000000,0,0,000000,00000000,0,0,00000,0x00000000,0,0x00000000,0,0x00000000,0,0,0
l2,0.0625,0,min-error,metric_min,exp2,0,1,1,0.00231069513,0.0023106141,0.0023106141,0.00231069513,8.1025064e-08,101,raw-and-scaled,8,1,fp8_e1m6,fp8_e2m5,6,5,4,76509,101,exp1,90898432,90886144,90886144,22721536,0.00231069513,0.0023106141,12288,68176896,-0.000331163406,0x3b176f08,0.00231069513,0x3f800000,1,0xbcdcaf99,-0.0269392002,0xbcdcaf99,-0.0269392002,10000001,0,1,000001,10000011,0,3,00011,0xbc395f32,-0.0113142002,0xbb657cc8,-0.00350170024,0xcaf2a000,-7950336,-1987584,-0.474108845
l2,0.0625,0,min-error,metric_min,exp2,0,1,1,0.00231069513,0.0023106141,0.0023106141,0.00231069513,8.1025064e-08,102,raw-and-scaled,8,1,fp8_e1m6,fp8_e2m5,6,5,4,76509,102,exp1,90898432,90886144,90886144,22721536,0.00231069513,0.0023106141,12288,68176896,-0.000331163406,0x3b176f08,0.00231069513,0x3f800000,1,0x00000000,0,0x00000000,0,00000000,0,0,000000,00000000,0,0,00000,0x00000000,0,0x00000000,0,0x00000000,0,0,0
l2,0.0625,0,min-error,metric_min,exp2,0,1,1,0.00231069513,0.0023106141,0.0023106141,0.00231069513,8.1025064e-08,103,raw-and-scaled,8,1,fp8_e1m6,fp8_e2m5,6,5,4,76509,103,exp1,90898432,90886144,90886144,22721536,0.00231069513,0.0023106141,12288,68176896,-0.000331163406,0x3b176f08,0.00231069513,0x3f800000,1,0x00000000,0,0x00000000,0,00000000,0,0,000000,00000000,0,0,00000,0x00000000,0,0x00000000,0,0x00000000,0,0,0
l2,0.0625,0,min-error,metric_min,exp2,0,1,1,0.00231069513,0.0023106141,0.0023106141,0.00231069513,8.1025064e-08,104,raw-and-scaled,8,1,fp8_e1m6,fp8_e2m5,6,5,4,76509,104,exp1,90898432,90886144,90886144,22721536,0.00231069513,0.0023106141,12288,68176896,-0.000331163406,0x3b176f08,0.00231069513,0x3f800000,1,0xbce5f35a,-0.0280701406,0xbce5f35a,-0.0280701406,10000001,0,1,000001,10000011,0,3,00011,0xbc4be6b4,-0.0124451406,0xbb97cd68,-0.00463264063,0xcb0be000,-9166848,-2291712,-0.546489
l2,0.0625,0,min-error,metric_min,exp2,0,1,1,0.00231069513,0.0023106141,0.0023106141,0.00231069513,8.1025064e-08,105,raw-and-scaled,8,1,fp8_e1m6,fp8_e2m5,6,5,4,76509,105,exp1,90898432,90886144,90886144,22721536,0.00231069513,0.0023106141,12288,68176896,-0.000331163406,0x3b176f08,0.00231069513,0x3f800000,1,0x00000000,0,0x00000000,0,00000000,0,0,000000,00000000,0,0,00000,0x00000000,0,0x00000000,0,0x00000000,0,0,0
l2,0.0625,0,min-error,metric_min,exp2,0,1,1,0.00231069513,0.0023106141,0.0023106141,0.00231069513,8.1025064e-08,106,raw-and-scaled,8,1,fp8_e1m6,fp8_e2m5,6,5,4,76509,106,exp1,90898432,90886144,90886144,22721536,0.00231069513,0.0023106141,12288,68176896,-0.000331163406,0x3b176f08,0.00231069513,0x3f800000,1,0xbddf9b1e,-0.109182581,0xbddf9b1e,-0.109182581,10000110,0,6,000110,10001101,0,13,01101,0xbc7cd8f0,-0.0154325813,0xbbf9b1e0,-0.00762008131,0xcb3cd000,-12374016,-3093504,-0.737685204
l2,0.0625,0,min-error,metric_min,exp2,0,1,1,0.00231069513,0.0023106141,0.0023106141,0.00231069513,8.1025064e-08,107,raw-and-scaled,8,1,fp8_e1m6,fp8_e2m5,6,5,4,76509,107,exp1,90898432,90886144,90886144,22721536,0.00231069513,0.0023106141,12288,68176896,-0.000331163406,0x3b176f08,0.00231069513,0x3f800000,1,0x00000000,0,0x00000000,0,00000000,0,0,000000,00000000,0,0,00000,0x00000000,0,0x00000000,0,0x00000000,0,0,0
l2,0.0625,0,min-error,metric_min,exp2,0,1,1,0.00231069513,0.0023106141,0.0023106141,0.00231069513,8.1025064e-08,108,raw-and-scaled,8,1,fp8_e1m6,fp8_e2m5,6,5,4,76509,108,exp1,90898432,90886144,90886144,22721536,0.00231069513,0.0023106141,12288,68176896,-0.000331163406,0x3b176f08,0.00231069513,0x3f800000,1,0x00000000,0,0x00000000,0,00000000,0,0,000000,00000000,0,0,00000,0x00000000,0,0x00000000,0,0x00000000,0,0,0
l2,0.0625,0,min-error,metric_min,exp2,0,1,1,0.00231069513,0.0023106141,0.0023106141,0.00231069513,8.1025064e-08,109,raw-and-scaled,8,1,fp8_e1m6,fp8_e2m5,6,5,4,76509,109,exp1,90898432,90886144,90886144,22721536,0.00231069513,0.0023106141,12288,68176896,-0.000331163406,0x3b176f08,0.00231069513,0x3f800000,1,0x00000000,0,0x00000000,0,00000000,0,0,000000,00000000,0,0,00000,0x00000000,0,0x00000000,0,0x00000000,0,0,0
l2,0.0625,0,min-error,metric_min,exp2,0,1,1,0.00231069513,0.0023106141,0.0023106141,0.00231069513,8.1025064e-08,110,raw-and-scaled,8,1,fp8_e1m6,fp8_e2m5,6,5,4,76509,110,exp1,90898432,90886144,90886144,22721536,0.00231069513,0.0023106141,12288,68176896,-0.000331163406,0x3b176f08,0.00231069513,0x3f800000,1,0x3b0c3295,0.00213924539,0x3b0c3295,0.00213924539,00000000,0,0,000000,00000000,0,0,00000,0x3b0c3295,0.00213924539,0x3b0c3295,0.00213924539,0x00000000,0,0,0
l2,0.0625,0,min-error,metric_min,exp2,0,1,1,0.00231069513,0.0023106141,0.0023106141,0.00231069513,8.1025064e-08,111,raw-and-scaled,8,1,fp8_e1m6,fp8_e2m5,6,5,4,76509,111,exp1,90898432,90886144,90886144,22721536,0.00231069513,0.0023106141,12288,68176896,-0.000331163406,0x3b176f08,0.00231069513,0x3f800000,1,0xbc0e08e2,-0.00866911002,0xbc0e08e2,-0.00866911002,10000000,0,0,000000,10000001,0,1,00001,0xbc0e08e2,-0.00866911002,0xba608e20,-0.000856610015,0xca9c0000,-5111808,-1277952,-0.304823041
l2,0.0625,0,min-error,metric_min,exp2,0,1,1,0.00231069513,0.0023106141,0.0023106141,0.00231069513,8.1025064e-08,112,raw-and-scaled,8,1,fp8_e1m6,fp8_e2m5,6,5,4,76509,112,exp1,90898432,90886144,90886144,22721536,0.00231069513,0.0023106141,12288,68176896,-0.000331163406,0x3b176f08,0.00231069513,0x3f800000,1,0xbe08392e,-0.133030623,0xbe08392e,-0.133030623,10001000,0,8,001000,10010001,0,17,10001,0xbc0392e0,-0.0080306232,0xb964b800,-0.000218123198,0xca872000,-4427776,-1106944,-0.263959885
l2,0.0625,0,min-error,metric_min,exp2,0,1,1,0.00231069513,0.0023106141,0.0023106141,0.00231069513,8.1025064e-08,113,raw-and-scaled,8,1,fp8_e1m6,fp8_e2m5,6,5,4,76509,113,exp1,90898432,90886144,90886144,22721536,0.00231069513,0.0023106141,12288,68176896,-0.000331163406,0x3b176f08,0.00231069513,0x3f800000,1,0x3b33d865,0.00274422136,0x3b33d865,0.00274422136,00000000,0,0,000000,00000000,0,0,00000,0x3b33d865,0.00274422136,0x3b33d865,0.00274422136,0x00000000,0,0,0
l2,0.0625,0,min-error,metric_min,exp2,0,1,1,0.00231069513,0.0023106141,0.0023106141,0.00231069513,8.1025064e-08,114,raw-and-scaled,8,1,fp8_e1m6,fp8_e2m5,6,5,4,76509,114,exp1,90898432,90886144,90886144,22721536,0.00231069513,0.0023106141,12288,68176896,-0.000331163406,0x3b176f08,0.00231069513,0x3f800000,1,0x00000000,0,0x00000000,0,00000000,0,0,000000,00000000,0,0,00000,0x00000000,0,0x00000000,0,0x00000000,0,0,0
l2,0.0625,0,min-error,metric_min,exp2,0,1,1,0.00231069513,0.0023106141,0.0023106141,0.00231069513,8.1025064e-08,115,raw-and-scaled,8,1,fp8_e1m6,fp8_e2m5,6,5,4,76509,115,exp1,90898432,90886144,90886144,22721536,0.00231069513,0.0023106141,12288,68176896,-0.000331163406,0x3b176f08,0.00231069513,0x3f800000,1,0x00000000,0,0x00000000,0,00000000,0,0,000000,00000000,0,0,00000,0x00000000,0,0x00000000,0,0x00000000,0,0,0
l2,0.0625,0,min-error,metric_min,exp2,0,1,1,0.00231069513,0.0023106141,0.0023106141,0.00231069513,8.1025064e-08,116,raw-and-scaled,8,1,fp8_e1m6,fp8_e2m5,6,5,4,76509,116,exp1,90898432,90886144,90886144,22721536,0.00231069513,0.0023106141,12288,68176896,-0.000331163406,0x3b176f08,0.00231069513,0x3f800000,1,0x3db2b6a6,0.0872624367,0x3db2b6a6,0.0872624367,00000101,0,5,000101,00001011,0,11,01011,0x3c15b530,0.00913743675,0x3aada980,0.00132493675,0xcaab6000,-5615616,-1403904,-0.334795952
l2,0.0625,0,min-error,metric_min,exp2,0,1,1,0.00231069513,0.0023106141,0.0023106141,0.00231069513,8.1025064e-08,117,raw-and-scaled,8,1,fp8_e1m6,fp8_e2m5,6,5,4,76509,117,exp1,90898432,90886144,90886144,22721536,0.00231069513,0.0023106141,12288,68176896,-0.000331163406,0x3b176f08,0.00231069513,0x3f800000,1,0x00000000,0,0x00000000,0,00000000,0,0,000000,00000000,0,0,00000,0x00000000,0,0x00000000,0,0x00000000,0,0,0
l2,0.0625,0,min-error,metric_min,exp2,0,1,1,0.00231069513,0.0023106141,0.0023106141,0.00231069513,8.1025064e-08,118,raw-and-scaled,8,1,fp8_e1m6,fp8_e2m5,6,5,4,76509,118,exp1,90898432,90886144,90886144,22721536,0.00231069513,0.0023106141,12288,68176896,-0.000331163406,0x3b176f08,0.00231069513,0x3f800000,1,0x00000000,0,0x00000000,0,00000000,0,0,000000,00000000,0,0,00000,0x00000000,0,0x00000000,0,0x00000000,0,0,0
l2,0.0625,0,min-error,metric_min,exp2,0,1,1,0.00231069513,0.0023106141,0.0023106141,0.00231069513,8.1025064e-08,119,raw-and-scaled,8,1,fp8_e1m6,fp8_e2m5,6,5,4,76509,119,exp1,90898432,90886144,90886144,22721536,0.00231069513,0.0023106141,12288,68176896,-0.000331163406,0x3b176f08,0.00231069513,0x3f800000,1,0x00000000,0,0x00000000,0,00000000,0,0,000000,00000000,0,0,00000,0x00000000,0,0x00000000,0,0x00000000,0,0,0
l2,0.0625,0,min-error,metric_min,exp2,0,1,1,0.00231069513,0.0023106141,0.0023106141,0.00231069513,8.1025064e-08,120,raw-and-scaled,8,1,fp8_e1m6,fp8_e2m5,6,5,4,76509,120,exp1,90898432,90886144,90886144,22721536,0.00231069513,0.0023106141,12288,68176896,-0.000331163406,0x3b176f08,0.00231069513,0x3f800000,1,0x00000000,0,0x00000000,0,00000000,0,0,000000,00000000,0,0,00000,0x00000000,0,0x00000000,0,0x00000000,0,0,0
l2,0.0625,0,min-error,metric_min,exp2,0,1,1,0.00231069513,0.0023106141,0.0023106141,0.00231069513,8.1025064e-08,121,raw-and-scaled,8,1,fp8_e1m6,fp8_e2m5,6,5,4,76509,121,exp1,90898432,90886144,90886144,22721536,0.00231069513,0.0023106141,12288,68176896,-0.000331163406,0x3b176f08,0.00231069513,0x3f800000,1,0x00000000,0,0x00000000,0,00000000,0,0,000000,00000000,0,0,00000,0x00000000,0,0x00000000,0,0x00000000,0,0,0
l2,0.0625,0,min-error,metric_min,exp2,0,1,1,0.00231069513,0.0023106141,0.0023106141,0.00231069513,8.1025064e-08,122,raw-and-scaled,8,1,fp8_e1m6,fp8_e2m5,6,5,4,76509,122,exp1,90898432,90886144,90886144,22721536,0.00231069513,0.0023106141,12288,68176896,-0.000331163406,0x3b176f08,0.00231069513,0x3f800000,1,0x00000000,0,0x00000000,0,00000000,0,0,000000,00000000,0,0,00000,0x00000000,0,0x00000000,0,0x00000000,0,0,0
l2,0.0625,0,min-error,metric_min,exp2,0,1,1,0.00231069513,0.0023106141,0.0023106141,0.00231069513,8.1025064e-08,123,raw-and-scaled,8,1,fp8_e1m6,fp8_e2m5,6,5,4,76509,123,exp1,90898432,90886144,90886144,22721536,0.00231069513,0.0023106141,12288,68176896,-0.000331163406,0x3b176f08,0.00231069513,0x3f800000,1,0x00000000,0,0x00000000,0,00000000,0,0,000000,00000000,0,0,00000,0x00000000,0,0x00000000,0,0x00000000,0,0,0
l2,0.0625,0,min-error,metric_min,exp2,0,1,1,0.00231069513,0.0023106141,0.0023106141,0.00231069513,8.1025064e-08,124,raw-and-scaled,8,1,fp8_e1m6,fp8_e2m5,6,5,4,76509,124,exp1,90898432,90886144,90886144,22721536,0.00231069513,0.0023106141,12288,68176896,-0.000331163406,0x3b176f08,0.00231069513,0x3f800000,1,0x00000000,0,0x00000000,0,00000000,0,0,000000,00000000,0,0,00000,0x00000000,0,0x00000000,0,0x00000000,0,0,0
l2,0.0625,0,min-error,metric_min,exp2,0,1,1,0.00231069513,0.0023106141,0.0023106141,0.00231069513,8.1025064e-08,125,raw-and-scaled,8,1,fp8_e1m6,fp8_e2m5,6,5,4,76509,125,exp1,90898432,90886144,90886144,22721536,0.00231069513,0.0023106141,12288,68176896,-0.000331163406,0x3b176f08,0.00231069513,0x3f800000,1,0x00000000,0,0x00000000,0,00000000,0,0,000000,00000000,0,0,00000,0x00000000,0,0x00000000,0,0x00000000,0,0,0
l2,0.0625,0,min-error,metric_min,exp2,0,1,1,0.00231069513,0.0023106141,0.0023106141,0.00231069513,8.1025064e-08,126,raw-and-scaled,8,1,fp8_e1m6,fp8_e2m5,6,5,4,76509,126,exp1,90898432,90886144,90886144,22721536,0.00231069513,0.0023106141,12288,68176896,-0.000331163406,0x3b176f08,0.00231069513,0x3f800000,1,0x00000000,0,0x00000000,0,00000000,0,0,000000,00000000,0,0,00000,0x00000000,0,0x00000000,0,0x00000000,0,0,0
l2,0.0625,0,min-error,metric_min,exp2,0,1,1,0.00231069513,0.0023106141,0.0023106141,0.00231069513,8.1025064e-08,127,raw-and-scaled,8,1,fp8_e1m6,fp8_e2m5,6,5,4,76509,127,exp1,90898432,90886144,90886144,22721536,0.00231069513,0.0023106141,12288,68176896,-0.000331163406,0x3b176f08,0.00231069513,0x3f800000,1,0x00000000,0,0x00000000,0,00000000,0,0,000000,00000000,0,0,00000,0x00000000,0,0x00000000,0,0x00000000,0,0,0
l2,0.0625,0,min-error,metric_min,exp1,0,1,1,0.0204725973,0.0204728469,0.0204725973,0.0204728469,2.4959445e-07,0,raw-and-scaled,8,1,fp8_e1m6,fp8_e2m5,6,5,4,78844,0,exp2,754515968,754540544,754540544,188635136,0.0204725973,0.0204728469,-24576,565880832,0.00100898743,0x3ca7b6ac,0.0204728469,0x3f800000,1,0xbb7f9a5b,-0.00390019151,0xbb7f9a5b,-0.00390019151,10000000,0,0,000000,10000000,0,0,00000,0xbb7f9a5b,-0.00390019151,0xbb7f9a5b,-0.00390019151,0x00000000,0,0,0
l2,0.0625,0,min-error,metric_min,exp1,0,1,1,0.0204725973,0.0204728469,0.0204725973,0.0204728469,2.4959445e-07,1,raw-and-scaled,8,1,fp8_e1m6,fp8_e2m5,6,5,4,78844,1,exp2,754515968,754540544,754540544,188635136,0.0204725973,0.0204728469,-24576,565880832,0.00100898743,0x3ca7b6ac,0.0204728469,0x3f800000,1,0xbfffbb92,-1.99791169,0xbfffbb92,-1.99791169,11111111,1,63,111111,11111111,3,31,11111,0xbc5dc900,-0.0135366917,0xbceee480,-0.0291616917,0x4c2ee000,45842432,45842432,2.73269653
l2,0.0625,0,min-error,metric_min,exp1,0,1,1,0.0204725973,0.0204728469,0.0204725973,0.0204728469,2.4959445e-07,2,raw-and-scaled,8,1,fp8_e1m6,fp8_e2m5,6,5,4,78844,2,exp2,754515968,754540544,754540544,188635136,0.0204725973,0.0204728469,-24576,565880832,0.00100898743,0x3ca7b6ac,0.0204728469,0x3f800000,1,0x3f7fa529,0.998613894,0x3f7fa529,0.998613894,00111111,0,63,111111,01011111,2,31,11111,0x3c694a40,0.014238894,0x3c694a40,0.014238894,0x00000000,0,0,0
l2,0.0625,0,min-error,metric_min,exp1,0,1,1,0.0204725973,0.0204728469,0.0204725973,0.0204728469,2.4959445e-07,3,raw-and-scaled,8,1,fp8_e1m6,fp8_e2m5,6,5,4,78844,3,exp2,754515968,754540544,754540544,188635136,0.0204725973,0.0204728469,-24576,565880832,0.00100898743,0x3ca7b6ac,0.0204728469,0x3f800000,1,0xbc7f92ca,-0.0155989621,0xbc7f92ca,-0.0155989621,10000000,0,0,000000,10000001,0,1,00001,0xbc7f92ca,-0.0155989621,0xbbff2594,-0.00778646208,0xcb3f9000,-12554240,-3138560,-0.748333573
l2,0.0625,0,min-error,metric_min,exp1,0,1,1,0.0204725973,0.0204728469,0.0204725973,0.0204728469,2.4959445e-07,4,raw-and-scaled,8,1,fp8_e1m6,fp8_e2m5,6,5,4,78844,4,exp2,754515968,754540544,754540544,188635136,0.0204725973,0.0204728469,-24576,565880832,0.00100898743,0x3ca7b6ac,0.0204728469,0x3f800000,1,0xbaff954a,-0.00194994477,0xbaff954a,-0.00194994477,10000000,0,0,000000,10000000,0,0,00000,0xbaff954a,-0.00194994477,0xbaff954a,-0.00194994477,0x00000000,0,0,0
l2,0.0625,0,min-error,metric_min,exp1,0,1,1,0.0204725973,0.0204728469,0.0204725973,0.0204728469,2.4959445e-07,5,raw-and-scaled,8,1,fp8_e1m6,fp8_e2m5,6,5,4,78844,5,exp2,754515968,754540544,754540544,188635136,0.0204725973,0.0204728469,-24576,565880832,0.00100898743,0x3ca7b6ac,0.0204728469,0x3f800000,1,0x3c7fa2d4,0.0156027861,0x3c7fa2d4,0.0156027861,00000000,0,0,000000,00000001,0,1,00001,0x3c7fa2d4,0.0156027861,0x3bff45a8,0.00779028609,0xcb3fa000,-12558336,-3139584,-0.74857831
l2,0.0625,0,min-error,metric_min,exp1,0,1,1,0.0204725973,0.0204728469,0.0204725973,0.0204728469,2.4959445e-07,6,raw-and-scaled,8,1,fp8_e1m6,fp8_e2m5,6,5,4,78844,6,exp2,754515968,754540544,754540544,188635136,0.0204725973,0.0204728469,-24576,565880832,0.00100898743,0x3ca7b6ac,0.0204728469,0x3f800000,1,0xbb7f925c,-0.00389971491,0xbb7f925c,-0.00389971491,10000000,0,0,000000,10000000,0,0,00000,0xbb7f925c,-0.00389971491,0xbb7f925c,-0.00389971491,0x00000000,0,0,0
l2,0.0625,0,min-error,metric_min,exp1,0,1,1,0.0204725973,0.0204728469,0.0204725973,0.0204728469,2.4959445e-07,7,raw-and-scaled,8,1,fp8_e1m6,fp8_e2m5,6,5,4,78844,7,exp2,754515968,754540544,754540544,188635136,0.0204725973,0.0204728469,-24576,565880832,0.00100898743,0x3ca7b6ac,0.0204728469,0x3f800000,1,0x3d7f8435,0.0623819418,0x3d7f8435,0.0623819418,00000011,0,3,000011,00000111,0,7,00111,0x3c7e10d4,0.0155069418,0x3bfc21a8,0.00769444183,0xcb3e1000,-12455936,-3113984,-0.742444277
l2,0.0625,0,min-error,metric_min,exp1,0,1,1,0.0204725973,0.0204728469,0.0204725973,0.0204728469,2.4959445e-07,8,raw-and-scaled,8,1,fp8_e1m6,fp8_e2m5,6,5,4,78844,8,exp2,754515968,754540544,754540544,188635136,0.0204725973,0.0204728469,-24576,565880832,0.00100898743,0x3ca7b6ac,0.0204728469,0x3f800000,1,0x3cffb543,0.031214362,0x3cffb543,0.031214362,00000001,0,1,000001,00000011,0,3,00011,0x3c7f6a86,0.015589362,0x3bfed50c,0.00777686201,0xcb3f6000,-12541952,-3135488,-0.747719169
l2,0.0625,0,min-error,metric_min,exp1,0,1,1,0.0204725973,0.0204728469,0.0204725973,0.0204728469,2.4959445e-07,9,raw-and-scaled,8,1,fp8_e1m6,fp8_e2m5,6,5,4,78844,9,exp2,754515968,754540544,754540544,188635136,0.0204725973,0.0204728469,-24576,565880832,0.00100898743,0x3ca7b6ac,0.0204728469,0x3f800000,1,0x3b7fb889,0.00390199036,0x3b7fb889,0.00390199036,00000000,0,0,000000,00000000,0,0,00000,0x3b7fb889,0.00390199036,0x3b7fb889,0.00390199036,0x00000000,0,0,0
l2,0.0625,0,min-error,metric_min,exp1,0,1,1,0.0204725973,0.0204728469,0.0204725973,0.0204728469,2.4959445e-07,10,raw-and-scaled,8,1,fp8_e1m6,fp8_e2m5,6,5,4,78844,10,exp2,754515968,754540544,754540544,188635136,0.0204725973,0.0204728469,-24576,565880832,0.00100898743,0x3ca7b6ac,0.0204728469,0x3f800000,1,0xbd7fb04f,-0.0624240004,0xbd7fb04f,-0.0624240004,10000011,0,3,000011,10000111,0,7,00111,0xbc7ec13c,-0.0155490004,0xbbfd8278,-0.00773650035,0xcb3ec000,-12500992,-3125248,-0.745136023
l2,0.0625,0,min-error,metric_min,exp1,0,1,1,0.0204725973,0.0204728469,0.0204725973,0.0204728469,2.4959445e-07,11,raw-and-scaled,8,1,fp8_e1m6,fp8_e2m5,6,5,4,78844,11,exp2,754515968,754540544,754540544,188635136,0.0204725973,0.0204728469,-24576,565880832,0.00100898743,0x3ca7b6ac,0.0204728469,0x3f800000,1,0x3cffad4c,0.0312105641,0x3cffad4c,0.0312105641,00000001,0,1,000001,00000011,0,3,00011,0x3c7f5a98,0.0155855641,0x3bfeb530,0.00777306408,0xcb3f5000,-12537856,-3134464,-0.747476101
l2,0.0625,0,min-error,metric_min,exp1,0,1,1,0.0204725973,0.0204728469,0.0204725973,0.0204728469,2.4959445e-07,12,raw-and-scaled,8,1,fp8_e1m6,fp8_e2m5,6,5,4,78844,12,exp2,754515968,754540544,754540544,188635136,0.0204725973,0.0204728469,-24576,565880832,0.00100898743,0x3ca7b6ac,0.0204728469,0x3f800000,1,0xbf7fb8df,-0.998914659,0xbf7fb8df,-0.998914659,10111111,0,63,111111,11011111,2,31,11111,0xbc6e37c0,-0.014539659,0xbc6e37c0,-0.014539659,0x00000000,0,0,0
l2,0.0625,0,min-error,metric_min,exp1,0,1,1,0.0204725973,0.0204728469,0.0204725973,0.0204728469,2.4959445e-07,13,raw-and-scaled,8,1,fp8_e1m6,fp8_e2m5,6,5,4,78844,13,exp2,754515968,754540544,754540544,188635136,0.0204725973,0.0204728469,-24576,565880832,0.00100898743,0x3ca7b6ac,0.0204728469,0x3f800000,1,0x3cffb0e1,0.0312122721,0x3cffb0e1,0.0312122721,00000001,0,1,000001,00000011,0,3,00011,0x3c7f61c2,0.0155872721,0x3bfec384,0.00777477212,0xcb3f6000,-12541952,-3135488,-0.747585416
l2,0.0625,0,min-error,metric_min,exp1,0,1,1,0.0204725973,0.0204728469,0.0204725973,0.0204728469,2.4959445e-07,14,raw-and-scaled,8,1,fp8_e1m6,fp8_e2m5,6,5,4,78844,14,exp2,754515968,754540544,754540544,188635136,0.0204725973,0.0204728469,-24576,565880832,0.00100898743,0x3ca7b6ac,0.0204728469,0x3f800000,1,0x3dff9d4a,0.124811724,0x3dff9d4a,0.124811724,00000111,0,7,000111,00001111,0,15,01111,0x3c7cea50,0.0154367238,0x3bf9d4a0,0.00762422383,0xcb3ce000,-12378112,-3094528,-0.737950325
l2,0.0625,0,min-error,metric_min,exp1,0,1,1,0.0204725973,0.0204728469,0.0204725973,0.0204728469,2.4959445e-07,15,raw-and-scaled,8,1,fp8_e1m6,fp8_e2m5,6,5,4,78844,15,exp2,754515968,754540544,754540544,188635136,0.0204725973,0.0204728469,-24576,565880832,0.00100898743,0x3ca7b6ac,0.0204728469,0x3f800000,1,0xbbffb2cd,-0.00780329714,0xbbffb2cd,-0.00780329714,10000000,0,0,000000,10000000,0,0,00000,0xbbffb2cd,-0.00780329714,0xbbffb2cd,-0.00780329714,0x00000000,0,0,0
l2,0.0625,0,min-error,metric_min,exp1,0,1,1,0.0204725973,0.0204728469,0.0204725973,0.0204728469,2.4959445e-07,16,raw-and-scaled,8,1,fp8_e1m6,fp8_e2m5,6,5,4,78844,16,exp2,754515968,754540544,754540544,188635136,0.0204725973,0.0204728469,-24576,565880832,0.00100898743,0x3ca7b6ac,0.0204728469,0x3f800000,1,0xbcff981c,-0.0312004611,0xbcff981c,-0.0312004611,10000001,0,1,000001,10000011,0,3,00011,0xbc7f3038,-0.0155754611,0xbbfe6070,-0.00776296109,0xcb3f3000,-12529664,-3132416,-0.74682951
l2,0.0625,0,min-error,metric_min,exp1,0,1,1,0.0204725973,0.0204728469,0.0204725973,0.0204728469,2.4959445e-07,17,raw-and-scaled,8,1,fp8_e1m6,fp8_e2m5,6,5,4,78844,17,exp2,754515968,754540544,754540544,188635136,0.0204725973,0.0204728469,-24576,565880832,0.00100898743,0x3ca7b6ac,0.0204728469,0x3f800000,1,0xbfffa118,-1.99710369,0xbfffa118,-1.99710369,11111111,1,63,111111,11111111,3,31,11111,0xbc508c00,-0.0127286911,0xbce84600,-0.0283536911,0x4c284000,44105728,44105728,2.62927246
l2,0.0625,0,min-error,metric_min,exp1,0,1,1,0.0204725973,0.0204728469,0.0204725973,0.0204728469,2.4959445e-07,18,raw-and-scaled,8,1,fp8_e1m6,fp8_e2m5,6,5,4,78844,18,exp2,754515968,754540544,754540544,188635136,0.0204725973,0.0204728469,-24576,565880832,0.00100898743,0x3ca7b6ac,0.0204728469,0x3f800000,1,0x3f7fb08b,0.998787582,0x3f7fb08b,0.998787582,00111111,0,63,111111,01011111,2,31,11111,0x3c6c22c0,0.0144125819,0x3c6c22c0,0.0144125819,0x00000000,0,0,0
l2,0.0625,0,min-error,metric_min,exp1,0,1,1,0.0204725973,0.0204728469,0.0204725973,0.0204728469,2.4959445e-07,19,raw-and-scaled,8,1,fp8_e1m6,fp8_e2m5,6,5,4,78844,19,exp2,754515968,754540544,754540544,188635136,0.0204725973,0.0204728469,-24576,565880832,0.00100898743,0x3ca7b6ac,0.0204728469,0x3f800000,1,0xbf7f8532,-0.998126149,0xbf7f8532,-0.998126149,10111111,0,63,111111,11011111,2,31,11111,0xbc614c80,-0.0137511492,0xbc614c80,-0.0137511492,0x00000000,0,0,0
l2,0.0625,0,min-error,metric_min,exp1,0,1,1,0.0204725973,0.0204728469,0.0204725973,0.0204728469,2.4959445e-07,20,raw-and-scaled,8,1,fp8_e1m6,fp8_e2m5,6,5,4,78844,20,exp2,754515968,754540544,754540544,188635136,0.0204725973,0.0204728469,-24576,565880832,0.00100898743,0x3ca7b6ac,0.0204728469,0x3f800000,1,0x3e7f83ab,0.249525711,0x3e7f83ab,0.249525711,00001111,0,15,001111,00011111,0,31,11111,0x3c783ab0,0.0151507109,0x3bf07560,0.00733821094,0xcb383000,-12070912,-3017728,-0.7196455
l2,0.0625,0,min-error,metric_min,exp1,0,1,1,0.0204725973,0.0204728469,0.0204725973,0.0204728469,2.4959445e-07,21,raw-and-scaled,8,1,fp8_e1m6,fp8_e2m5,6,5,4,78844,21,exp2,754515968,754540544,754540544,188635136,0.0204725973,0.0204728469,-24576,565880832,0.00100898743,0x3ca7b6ac,0.0204728469,0x3f800000,1,0xbdff8a44,-0.12477544,0xbdff8a44,-0.12477544,10000111,0,7,000111,10001111,0,15,01111,0xbc7c5220,-0.0154004395,0xbbf8a440,-0.0075879395,0xcb3c5000,-12341248,-3085312,-0.735628128
l2,0.0625,0,min-error,metric_min,exp1,0,1,1,0.0204725973,0.0204728469,0.0204725973,0.0204728469,2.4959445e-07,22,raw-and-scaled,8,1,fp8_e1m6,fp8_e2m5,6,5,4,78844,22,exp2,754515968,754540544,754540544,188635136,0.0204725973,0.0204728469,-24576,565880832,0.00100898743,0x3ca7b6ac,0.0204728469,0x3f800000,1,0x3d7fb20a,0.0624256507,0x3d7fb20a,0.0624256507,00000011,0,3,000011,00000111,0,7,00111,0x3c7ec828,0.0155506507,0x3bfd9050,0.00773815066,0xcb3ec000,-12500992,-3125248,-0.745241642
l2,0.0625,0,min-error,metric_min,exp1,0,1,1,0.0204725973,0.0204728469,0.0204725973,0.0204728469,2.4959445e-07,23,raw-and-scaled,8,1,fp8_e1m6,fp8_e2m5,6,5,4,78844,23,exp2,754515968,754540544,754540544,188635136,0.0204725973,0.0204728469,-24576,565880832,0.00100898743,0x3ca7b6ac,0.0204728469,0x3f800000,1,0xbfff8eb3,-1.99654233,0xbfff8eb3,-1.99654233,11111111,1,63,111111,11111111,3,31,11111,0xbc475980,-0.0121673346,0xbce3acc0,-0.0277923346,0x4c23a000,42893312,42893312,2.55741882
l2,0.0625,0,min-error,metric_min,exp1,0,1,1,0.0204725973,0.0204728469,0.0204725973,0.0204728469,2.4959445e-07,24,raw-and-scaled,8,1,fp8_e1m6,fp8_e2m5,6,5,4,78844,24,exp2,754515968,754540544,754540544,188635136,0.0204725973,0.0204728469,-24576,565880832,0.00100898743,0x3ca7b6ac,0.0204728469,0x3f800000,1,0xbc7f9d03,-0.0156013994,0xbc7f9d03,-0.0156013994,10000000,0,0,000000,10000001,0,1,00001,0xbc7f9d03,-0.0156013994,0xbbff3a06,-0.00778889935,0xcb3f9000,-12554240,-3138560,-0.748489559
l2,0.0625,0,min-error,metric_min,exp1,0,1,1,0.0204725973,0.0204728469,0.0204725973,0.0204728469,2.4959445e-07,25,raw-and-scaled,8,1,fp8_e1m6,fp8_e2m5,6,5,4,78844,25,exp2,754515968,754540544,754540544,188635136,0.0204725973,0.0204728469,-24576,565880832,0.00100898743,0x3ca7b6ac,0.0204728469,0x3f800000,1,0x3dff8d2b,0.124780975,0x3dff8d2b,0.124780975,00000111,0,7,000111,00001111,0,15,01111,0x3c7c6958,0.0154059753,0x3bf8d2b0,0.00759347528,0xcb3c6000,-12345344,-3086336,-0.735982418
l2,0.0625,0,min-error,metric_min,exp1,0,1,1,0.0204725973,0.0204728469,0.0204725973,0.0204728469,2.4959445e-07,26,raw-and-scaled,8,1,fp8_e1m6,fp8_e2m5,6,5,4,78844,26,exp2,754515968,754540544,754540544,188635136,0.0204725973,0.0204728469,-24576,565880832,0.00100898743,0x3ca7b6ac,0.0204728469,0x3f800000,1,0xbaffb8a6,-0.00195099856,0xbaffb8a6,-0.00195099856,10000000,0,0,000000,10000000,0,0,00000,0xbaffb8a6,-0.00195099856,0xbaffb8a6,-0.00195099856,0x00000000,0,0,0
l2,0.0625,0,min-error,metric_min,exp1,0,1,1,0.0204725973,0.0204728469,0.0204725973,0.0204728469,2.4959445e-07,27,raw-and-scaled,8,1,fp8_e1m6,fp8_e2m5,6,5,4,78844,27,exp2,754515968,754540544,754540544,188635136,0.0204725973,0.0204728469,-24576,565880832,0.00100898743,0x3ca7b6ac,0.0204728469,0x3f800000,1,0x3cff858b,0.0311916079,0x3cff858b,0.0311916079,00000001,0,1,000001,00000011,0,3,00011,0x3c7f0b16,0.0155666079,0x3bfe162c,0.00775410794,0xcb3f0000,-12517376,-3129344,-0.746262908
l2,0.0625,0,min-error,metric_min,exp1,0,1,1,0.0204725973,0.0204728469,0.0204725973,0.0204728469,2.4959445e-07,28,raw-and-scaled,8,1,fp8_e1m6,fp8_e2m5,6,5,4,78844,28,exp2,754515968,754540544,754540544,188635136,0.0204725973,0.0204728469,-24576,565880832,0.00100898743,0x3ca7b6ac,0.0204728469,0x3f800000,1,0xbe7f9b49,-0.249615803,0xbe7f9b49,-0.249615803,10001111,0,15,001111,10011111,0,31,11111,0xbc79b490,-0.0152408034,0xbbf36920,-0.00742830336,0xcb39b000,-12169216,-3042304,-0.725411415
l2,0.0625,0,min-error,metric_min,exp1,0,1,1,0.0204725973,0.0204728469,0.0204725973,0.0204728469,2.4959445e-07,29,raw-and-scaled,8,1,fp8_e1m6,fp8_e2m5,6,5,4,78844,29,exp2,754515968,754540544,754540544,188635136,0.0204725973,0.0204728469,-24576,565880832,0.00100898743,0x3ca7b6ac,0.0204728469,0x3f800000,1,0x3f7fb79e,0.998895526,0x3f7fb79e,0.998895526,00111111,0,63,111111,01011111,2,31,11111,0x3c6de780,0.0145205259,0x3c6de780,0.0145205259,0x00000000,0,0,0
l2,0.0625,0,min-error,metric_min,exp1,0,1,1,0.0204725973,0.0204728469,0.0204725973,0.0204728469,2.4959445e-07,30,raw-and-scaled,8,1,fp8_e1m6,fp8_e2m5,6,5,4,78844,30,exp2,754515968,754540544,754540544,188635136,0.0204725973,0.0204728469,-24576,565880832,0.00100898743,0x3ca7b6ac,0.0204728469,0x3f800000,1,0xbdff84f7,-0.124765329,0xbdff84f7,-0.124765329,10000111,0,7,000111,10001111,0,15,01111,0xbc7c27b8,-0.0153903291,0xbbf84f70,-0.00757782906,0xcb3c2000,-12328960,-3082240,-0.73498106
l2,0.0625,0,min-error,metric_min,exp1,0,1,1,0.0204725973,0.0204728469,0.0204725973,0.0204728469,2.4959445e-07,31,raw-and-scaled,8,1,fp8_e1m6,fp8_e2m5,6,5,4,78844,31,exp2,754515968,754540544,754540544,188635136,0.0204725973,0.0204728469,-24576,565880832,0.00100898743,0x3ca7b6ac,0.0204728469,0x3f800000,1,0xbb7fbe06,-0.00390231749,0xbb7fbe06,-0.00390231749,10000000,0,0,000000,10000000,0,0,00000,0xbb7fbe06,-0.00390231749,0xbb7fbe06,-0.00390231749,0x00000000,0,0,0
l2,0.0625,0,min-error,metric_min,exp1,0,1,1,0.0204725973,0.0204728469,0.0204725973,0.0204728469,2.4959445e-07,32,raw-and-scaled,8,1,fp8_e1m6,fp8_e2m5,6,5,4,78844,32,exp2,754515968,754540544,754540544,188635136,0.0204725973,0.0204728469,-24576,565880832,0.00100898743,0x3ca7b6ac,0.0204728469,0x3f800000,1,0xbf7fa2e9,-0.998579562,0xbf7fa2e9,-0.998579562,10111111,0,63,111111,11011111,2,31,11111,0xbc68ba40,-0.0142045617,0xbc68ba40,-0.0142045617,0x00000000,0,0,0
l2,0.0625,0,min-error,metric_min,exp1,0,1,1,0.0204725973,0.0204728469,0.0204725973,0.0204728469,2.4959445e-07,33,raw-and-scaled,8,1,fp8_e1m6,fp8_e2m5,6,5,4,78844,33,exp2,754515968,754540544,754540544,188635136,0.0204725973,0.0204728469,-24576,565880832,0.00100898743,0x3ca7b6ac,0.0204728469,0x3f800000,1,0x3b7f951d,0.00389987906,0x3b7f951d,0.00389987906,00000000,0,0,000000,00000000,0,0,00000,0x3b7f951d,0.00389987906,0x3b7f951d,0.00389987906,0x00000000,0,0,0
l2,0.0625,0,min-error,metric_min,exp1,0,1,1,0.0204725973,0.0204728469,0.0204725973,0.0204728469,2.4959445e-07,34,raw-and-scaled,8,1,fp8_e1m6,fp8_e2m5,6,5,4,78844,34,exp2,754515968,754540544,754540544,188635136,0.0204725973,0.0204728469,-24576,565880832,0.00100898743,0x3ca7b6ac,0.0204728469,0x3f800000,1,0x3d7f844d,0.0623820312,0x3d7f844d,0.0623820312,00000011,0,3,000011,00000111,0,7,00111,0x3c7e1134,0.0155070312,0x3bfc2268,0.00769453123,0xcb3e1000,-12455936,-3113984,-0.742449999
l2,0.0625,0,min-error,metric_min,exp1,0,1,1,0.0204725973,0.0204728469,0.0204725973,0.0204728469,2.4959445e-07,35,raw-and-scaled,8,1,fp8_e1m6,fp8_e2m5,6,5,4,78844,35,exp2,754515968,754540544,754540544,188635136,0.0204725973,0.0204728469,-24576,565880832,0.00100898743,0x3ca7b6ac,0.0204728469,0x3f800000,1,0xbbffb02f,-0.00780298514,0xbbffb02f,-0.00780298514,10000000,0,0,000000,10000000,0,0,00000,0xbbffb02f,-0.00780298514,0xbbffb02f,-0.00780298514,0x00000000,0,0,0
l2,0.0625,0,min-error,metric_min,exp1,0,1,1,0.0204725973,0.0204728469,0.0204725973,0.0204728469,2.4959445e-07,36,raw-and-scaled,8,1,fp8_e1m6,fp8_e2m5,6,5,4,78844,36,exp2,754515968,754540544,754540544,188635136,0.0204725973,0.0204728469,-24576,565880832,0.00100898743,0x3ca7b6ac,0.0204728469,0x3f800000,1,0x3e7f81eb,0.249519035,0x3e7f81eb,0.249519035,00001111,0,15,001111,00011111,0,31,11111,0x3c781eb0,0.0151440352,0x3bf03d60,0.00733153522,0xcb381000,-12062720,-3015680,-0.719218254
l2,0.0625,0,min-error,metric_min,exp1,0,1,1,0.0204725973,0.0204728469,0.0204725973,0.0204728469,2.4959445e-07,37,raw-and-scaled,8,1,fp8_e1m6,fp8_e2m5,6,5,4,78844,37,exp2,754515968,754540544,754540544,188635136,0.0204725973,0.0204728469,-24576,565880832,0.00100898743,0x3ca7b6ac,0.0204728469,0x3f800000,1,0xbb7fb80f,-0.00390196196,0xbb7fb80f,-0.00390196196,10000000,0,0,000000,10000000,0,0,00000,0xbb7fb80f,-0.00390196196,0xbb7fb80f,-0.00390196196,0x00000000,0,0,0
l2,0.0625,0,min-error,metric_min,exp1,0,1,1,0.0204725973,0.0204728469,0.0204725973,0.0204728469,2.4959445e-07,38,raw-and-scaled,8,1,fp8_e1m6,fp8_e2m5,6,5,4,78844,38,exp2,754515968,754540544,754540544,188635136,0.0204725973,0.0204728469,-24576,565880832,0.00100898743,0x3ca7b6ac,0.0204728469,0x3f800000,1,0x3c7fbea5,0.015609418,0x3c7fbea5,0.015609418,00000000,0,0,000000,00000001,0,1,00001,0x3c7fbea5,0.015609418,0x3bff7d4a,0.00779691804,0xcb3fb000,-12562432,-3140608,-0.749002755
l2,0.0625,0,min-error,metric_min,exp1,0,1,1,0.0204725973,0.0204728469,0.0204725973,0.0204728469,2.4959445e-07,39,raw-and-scaled,8,1,fp8_e1m6,fp8_e2m5,6,5,4,78844,39,exp2,754515968,754540544,754540544,188635136,0.0204725973,0.0204728469,-24576,565880832,0.00100898743,0x3ca7b6ac,0.0204728469,0x3f800000,1,0x3bff9da5,0.00780077511,0x3bff9da5,0.00780077511,00000000,0,0,000000,00000000,0,0,00000,0x3bff9da5,0.00780077511,0x3bff9da5,0.00780077511,0x00000000,0,0,0
l2,0.0625,0,min-error,metric_min,exp1,0,1,1,0.0204725973,0.0204728469,0.0204725973,0.0204728469,2.4959445e-07,40,raw-and-scaled,8,1,fp8_e1m6,fp8_e2m5,6,5,4,78844,40,exp2,754515968,754540544,754540544,188635136,0.0204725973,0.0204728469,-24576,565880832,0.00100898743,0x3ca7b6ac,0.0204728469,0x3f800000,1,0x3f7f9171,0.99831301,0x3f7f9171,0.99831301,00111111,0,63,111111,01011111,2,31,11111,0x3c645c40,0.0139380097,0x3c645c40,0.0139380097,0x00000000,0,0,0
l2,0.0625,0,min-error,metric_min,exp1,0,1,1,0.0204725973,0.0204728469,0.0204725973,0.0204728469,2.4959445e-07,41,raw-and-scaled,8,1,fp8_e1m6,fp8_e2m5,6,5,4,78844,41,exp2,754515968,754540544,754540544,188635136,0.0204725973,0.0204728469,-24576,565880832,0.00100898743,0x3ca7b6ac,0.0204728469,0x3f800000,1,0x3b7fb560,0.003901802,0x3b7fb560,0.003901802,00000000,0,0,000000,00000000,0,0,00000,0x3b7fb560,0.003901802,0x3b7fb560,0.003901802,0x00000000,0,0,0
l2,0.0625,0,min-error,metric_min,exp1,0,1,1,0.0204725973,0.0204728469,0.0204725973,0.0204728469,2.4959445e-07,42,raw-and-scaled,8,1,fp8_e1m6,fp8_e2m5,6,5,4,78844,42,exp2,754515968,754540544,754540544,188635136,0.0204725973,0.0204728469,-24576,565880832,0.00100898743,0x3ca7b6ac,0.0204728469,0x3f800000,1,0xbdff9e66,-0.12481384,0xbdff9e66,-0.12481384,10000111,0,7,000111,10001111,0,15,01111,0xbc7cf330,-0.0154388398,0xbbf9e660,-0.00762633979,0xcb3cf000,-12382208,-3095552,-0.738085747
l2,0.0625,0,min-error,metric_min,exp1,0,1,1,0.0204725973,0.0204728469,0.0204725973,0.0204728469,2.4959445e-07,43,raw-and-scaled,8,1,fp8_e1m6,fp8_e2m5,6,5,4,78844,43,exp2,754515968,754540544,754540544,188635136,0.0204725973,0.0204728469,-24576,565880832,0.00100898743,0x3ca7b6ac,0.0204728469,0x3f800000,1,0xbaff8a8c,-0.00194962462,0xbaff8a8c,-0.00194962462,10000000,0,0,000000,10000000,0,0,00000,0xbaff8a8c,-0.00194962462,0xbaff8a8c,-0.00194962462,0x00000000,0,0,0
l2,0.0625,0,min-error,metric_min,exp1,0,1,1,0.0204725973,0.0204728469,0.0204725973,0.0204728469,2.4959445e-07,44,raw-and-scaled,8,1,fp8_e1m6,fp8_e2m5,6,5,4,78844,44,exp2,754515968,754540544,754540544,188635136,0.0204725973,0.0204728469,-24576,565880832,0.00100898743,0x3ca7b6ac,0.0204728469,0x3f800000,1,0x3d7f8f41,0.0623924769,0x3d7f8f41,0.0623924769,00000011,0,3,000011,00000111,0,7,00111,0x3c7e3d04,0.0155174769,0x3bfc7a08,0.00770497695,0xcb3e3000,-12464128,-3116032,-0.743118525
l2,0.0625,0,min-error,metric_min,exp1,0,1,1,0.0204725973,0.0204728469,0.0204725973,0.0204728469,2.4959445e-07,45,raw-and-scaled,8,1,fp8_e1m6,fp8_e2m5,6,5,4,78844,45,exp2,754515968,754540544,754540544,188635136,0.0204725973,0.0204728469,-24576,565880832,0.00100898743,0x3ca7b6ac,0.0204728469,0x3f800000,1,0x3affb44c,0.00195086887,0x3affb44c,0.00195086887,00000000,0,0,000000,00000000,0,0,00000,0x3affb44c,0.00195086887,0x3affb44c,0.00195086887,0x00000000,0,0,0
l2,0.0625,0,min-error,metric_min,exp1,0,1,1,0.0204725973,0.0204728469,0.0204725973,0.0204728469,2.4959445e-07,46,raw-and-scaled,8,1,fp8_e1m6,fp8_e2m5,6,5,4,78844,46,exp2,754515968,754540544,754540544,188635136,0.0204725973,0.0204728469,-24576,565880832,0.00100898743,0x3ca7b6ac,0.0204728469,0x3f800000,1,0x3d7fbdd1,0.0624368824,0x3d7fbdd1,0.0624368824,00000011,0,3,000011,00000111,0,7,00111,0x3c7ef744,0.0155618824,0x3bfdee88,0.00774938241,0xcb3ef000,-12513280,-3128320,-0.745960474
l2,0.0625,0,min-error,metric_min,exp1,0,1,1,0.0204725973,0.0204728469,0.0204725973,0.0204728469,2.4959445e-07,47,raw-and-scaled,8,1,fp8_e1m6,fp8_e2m5,6,5,4,78844,47,exp2,754515968,754540544,754540544,188635136,0.0204725973,0.0204728469,-24576,565880832,0.00100898743,0x3ca7b6ac,0.0204728469,0x3f800000,1,0xbb7f8d4e,-0.00389941363,0xbb7f8d4e,-0.00389941363,10000000,0,0,000000,10000000,0,0,00000,0xbb7f8d4e,-0.00389941363,0xbb7f8d4e,-0.00389941363,0x00000000,0,0,0
l2,0.0625,0,min-error,metric_min,exp1,0,1,1,0.0204725973,0.0204728469,0.0204725973,0.0204728469,2.4959445e-07,48,raw-and-scaled,8,1,fp8_e1m6,fp8_e2m5,6,5,4,78844,48,exp2,754515968,754540544,754540544,188635136,0.0204725973,0.0204728469,-24576,565880832,0.00100898743,0x3ca7b6ac,0.0204728469,0x3f800000,1,0xbeff8a3d,-0.499101549,0xbeff8a3d,-0.499101549,10011111,0,31,011111,10111111,1,31,11111,0xbc7147a0,-0.0147265494,0xbbe28f40,-0.00691404939,0xcb314000,-11616256,-2904064,-0.692499161
l2,0.0625,0,min-error,metric_min,exp1,0,1,1,0.0204725973,0.0204728469,0.0204725973,0.0204728469,2.4959445e-07,49,raw-and-scaled,8,1,fp8_e1m6,fp8_e2m5,6,5,4,78844,49,exp2,754515968,754540544,754540544,188635136,0.0204725973,0.0204728469,-24576,565880832,0.00100898743,0x3ca7b6ac,0.0204728469,0x3f800000,1,0xbcffad01,-0.0312104244,0xbcffad01,-0.0312104244,10000001,0,1,000001,10000011,0,3,00011,0xbc7f5a02,-0.0155854244,0xbbfeb404,-0.00777292438,0xcb3f5000,-12537856,-3134464,-0.74746716
l2,0.0625,0,min-error,metric_min,exp1,0,1,1,0.0204725973,0.0204728469,0.0204725973,0.0204728469,2.4959445e-07,50,raw-and-scaled,8,1,fp8_e1m6,fp8_e2m5,6,5,4,78844,50,exp2,754515968,754540544,754540544,188635136,0.0204725973,0.0204728469,-24576,565880832,0.00100898743,0x3ca7b6ac,0.0204728469,0x3f800000,1,0x3fffaede,1.99752402,0x3fffaede,1.99752402,01111111,1,63,111111,01111111,3,31,11111,0x3c576f00,0.0131490231,0x3cebb780,0.0287740231,0x4c2bb000,45006848,45006848,2.68307495
l2,0.0625,0,min-error,metric_min,exp1,0,1,1,0.0204725973,0.0204728469,0.0204725973,0.0204728469,2.4959445e-07,51,raw-and-scaled,8,1,fp8_e1m6,fp8_e2m5,6,5,4,78844,51,exp2,754515968,754540544,754540544,188635136,0.0204725973,0.0204728469,-24576,565880832,0.00100898743,0x3ca7b6ac,0.0204728469,0x3f800000,1,0x3effb6f7,0.499442786,0x3effb6f7,0.499442786,00011111,0,31,011111,00111111,1,31,11111,0x3c76dee0,0.015067786,0x3bedbdc0,0.00725528598,0xcb36d000,-11980800,-2995200,-0.714338303
l2,0.0625,0,min-error,metric_min,exp1,0,1,1,0.0204725973,0.0204728469,0.0204725973,0.0204728469,2.4959445e-07,52,raw-and-scaled,8,1,fp8_e1m6,fp8_e2m5,6,5,4,78844,52,exp2,754515968,754540544,754540544,188635136,0.0204725973,0.0204728469,-24576,565880832,0.00100898743,0x3ca7b6ac,0.0204728469,0x3f800000,1,0x3affa0d4,0.00195028866,0x3affa0d4,0.00195028866,00000000,0,0,000000,00000000,0,0,00000,0x3affa0d4,0.00195028866,0x3affa0d4,0.00195028866,0x00000000,0,0,0
l2,0.0625,0,min-error,metric_min,exp1,0,1,1,0.0204725973,0.0204728469,0.0204725973,0.0204728469,2.4959445e-07,53,raw-and-scaled,8,1,fp8_e1m6,fp8_e2m5,6,5,4,78844,53,exp2,754515968,754540544,754540544,188635136,0.0204725973,0.0204728469,-24576,565880832,0.00100898743,0x3ca7b6ac,0.0204728469,0x3f800000,1,0x3fff86a7,1.99629676,0x3fff86a7,1.99629676,01111111,1,63,111111,01111111,3,31,11111,0x3c435380,0.0119217634,0x3ce1a9c0,0.0275467634,0x4c21a000,42369024,42369024,2.52598572
l2,0.0625,0,min-error,metric_min,exp1,0,1,1,0.0204725973,0.0204728469,0.0204725973,0.0204728469,2.4959445e-07,54,raw-and-scaled,8,1,fp8_e1m6,fp8_e2m5,6,5,4,78844,54,exp2,754515968,754540544,754540544,188635136,0.0204725973,0.0204728469,-24576,565880832,0.00100898743,0x3ca7b6ac,0.0204728469,0x3f800000,1,0xbe7fa72b,-0.249661133,0xbe7fa72b,-0.249661133,10001111,0,15,001111,10011111,0,31,11111,0xbc7a72b0,-0.0152861327,0xbbf4e560,-0.00747363269,0xcb3a7000,-12218368,-3054592,-0.728312492
l2,0.0625,0,min-error,metric_min,exp1,0,1,1,0.0204725973,0.0204728469,0.0204725973,0.0204728469,2.4959445e-07,55,raw-and-scaled,8,1,fp8_e1m6,fp8_e2m5,6,5,4,78844,55,exp2,754515968,754540544,754540544,188635136,0.0204725973,0.0204728469,-24576,565880832,0.00100898743,0x3ca7b6ac,0.0204728469,0x3f800000,1,0xbd7f8986,-0.0623870119,0xbd7f8986,-0.0623870119,10000011,0,3,000011,10000111,0,7,00111,0xbc7e2618,-0.0155120119,0xbbfc4c30,-0.00769951195,0xcb3e2000,-12460032,-3115008,-0.742768764
l2,0.0625,0,min-error,metric_min,exp1,0,1,1,0.0204725973,0.0204728469,0.0204725973,0.0204728469,2.4959445e-07,56,raw-and-scaled,8,1,fp8_e1m6,fp8_e2m5,6,5,4,78844,56,exp2,754515968,754540544,754540544,188635136,0.0204725973,0.0204728469,-24576,565880832,0.00100898743,0x3ca7b6ac,0.0204728469,0x3f800000,1,0xbbffae23,-0.00780274114,0xbbffae23,-0.00780274114,10000000,0,0,000000,10000000,0,0,00000,0xbbffae23,-0.00780274114,0xbbffae23,-0.00780274114,0x00000000,0,0,0
l2,0.0625,0,min-error,metric_min,exp1,0,1,1,0.0204725973,0.0204728469,0.0204725973,0.0204728469,2.4959445e-07,57,raw-and-scaled,8,1,fp8_e1m6,fp8_e2m5,6,5,4,78844,57,exp2,754515968,754540544,754540544,188635136,0.0204725973,0.0204728469,-24576,565880832,0.00100898743,0x3ca7b6ac,0.0204728469,0x3f800000,1,0xbc7f8447,-0.0155955022,0xbc7f8447,-0.0155955022,10000000,0,0,000000,10000001,0,1,00001,0xbc7f8447,-0.0155955022,0xbbff088e,-0.00778300222,0xcb3f8000,-12550144,-3137536,-0.748112142
l2,0.0625,0,min-error,metric_min,exp1,0,1,1,0.0204725973,0.0204728469,0.0204725973,0.0204728469,2.4959445e-07,58,raw-and-scaled,8,1,fp8_e1m6,fp8_e2m5,6,5,4,78844,58,exp2,754515968,754540544,754540544,188635136,0.0204725973,0.0204728469,-24576,565880832,0.00100898743,0x3ca7b6ac,0.0204728469,0x3f800000,1,0x3affa98d,0.00195054861,0x3affa98d,0.00195054861,00000000,0,0,000000,00000000,0,0,00000,0x3affa98d,0.00195054861,0x3affa98d,0.00195054861,0x00000000,0,0,0
l2,0.0625,0,min-error,metric_min,exp1,0,1,1,0.0204725973,0.0204728469,0.0204725973,0.0204728469,2.4959445e-07,59,raw-and-scaled,8,1,fp8_e1m6,fp8_e2m5,6,5,4,78844,59,exp2,754515968,754540544,754540544,188635136,0.0204725973,0.0204728469,-24576,565880832,0.00100898743,0x3ca7b6ac,0.0204728469,0x3f800000,1,0xbaffa00a,-0.00195026514,0xbaffa00a,-0.00195026514,10000000,0,0,000000,10000000,0,0,00000,0xbaffa00a,-0.00195026514,0xbaffa00a,-0.00195026514,0x00000000,0,0,0
l2,0.0625,0,min-error,metric_min,exp1,0,1,1,0.0204725973,0.0204728469,0.0204725973,0.0204728469,2.4959445e-07,60,raw-and-scaled,8,1,fp8_e1m6,fp8_e2m5,6,5,4,78844,60,exp2,754515968,754540544,754540544,188635136,0.0204725973,0.0204728469,-24576,565880832,0.00100898743,0x3ca7b6ac,0.0204728469,0x3f800000,1,0xbe7fba52,-0.249734193,0xbe7fba52,-0.249734193,10001111,0,15,001111,10011111,0,31,11111,0xbc7ba520,-0.0153591931,0xbbf74a40,-0.00754669309,0xcb3ba000,-12296192,-3074048,-0.732988358
l2,0.0625,0,min-error,metric_min,exp1,0,1,1,0.0204725973,0.0204728469,0.0204725973,0.0204728469,2.4959445e-07,61,raw-and-scaled,8,1,fp8_e1m6,fp8_e2m5,6,5,4,78844,61,exp2,754515968,754540544,754540544,188635136,0.0204725973,0.0204728469,-24576,565880832,0.00100898743,0x3ca7b6ac,0.0204728469,0x3f800000,1,0x3fffb7df,1.9977988,0x3fffb7df,1.9977988,01111111,1,63,111111,01111111,3,31,11111,0x3c5bef80,0.0134238005,0x3cedf7c0,0.0290488005,0x4c2df000,45596672,45596672,2.71824646
l2,0.0625,0,min-error,metric_min,exp1,0,1,1,0.0204725973,0.0204728469,0.0204725973,0.0204728469,2.4959445e-07,62,raw-and-scaled,8,1,fp8_e1m6,fp8_e2m5,6,5,4,78844,62,exp2,754515968,754540544,754540544,188635136,0.0204725973,0.0204728469,-24576,565880832,0.00100898743,0x3ca7b6ac,0.0204728469,0x3f800000,1,0xbb7fb2b4,-0.00390164275,0xbb7fb2b4,-0.00390164275,10000000,0,0,000000,10000000,0,0,00000,0xbb7fb2b4,-0.00390164275,0xbb7fb2b4,-0.00390164275,0x00000000,0,0,0
l2,0.0625,0,min-error,metric_min,exp1,0,1,1,0.0204725973,0.0204728469,0.0204725973,0.0204728469,2.4959445e-07,63,raw-and-scaled,8,1,fp8_e1m6,fp8_e2m5,6,5,4,78844,63,exp2,754515968,754540544,754540544,188635136,0.0204725973,0.0204728469,-24576,565880832,0.00100898743,0x3ca7b6ac,0.0204728469,0x3f800000,1,0xbaffb126,-0.00195077504,0xbaffb126,-0.00195077504,10000000,0,0,000000,10000000,0,0,00000,0xbaffb126,-0.00195077504,0xbaffb126,-0.00195077504,0x00000000,0,0,0
l2,0.0625,0,min-error,metric_min,exp1,0,1,1,0.0204725973,0.0204728469,0.0204725973,0.0204728469,2.4959445e-07,64,raw-and-scaled,8,1,fp8_e1m6,fp8_e2m5,6,5,4,78844,64,exp2,754515968,754540544,754540544,188635136,0.0204725973,0.0204728469,-24576,565880832,0.00100898743,0x3ca7b6ac,0.0204728469,0x3f800000,1,0x3affa077,0.00195027783,0x3affa077,0.00195027783,00000000,0,0,000000,00000000,0,0,00000,0x3affa077,0.00195027783,0x3affa077,0.00195027783,0x00000000,0,0,0
l2,0.0625,0,min-error,metric_min,exp1,0,1,1,0.0204725973,0.0204728469,0.0204725973,0.0204728469,2.4959445e-07,65,raw-and-scaled,8,1,fp8_e1m6,fp8_e2m5,6,5,4,78844,65,exp2,754515968,754540544,754540544,188635136,0.0204725973,0.0204728469,-24576,565880832,0.00100898743,0x3ca7b6ac,0.0204728469,0x3f800000,1,0xbaffa387,-0.0019503691,0xbaffa387,-0.0019503691,10000000,0,0,000000,10000000,0,0,00000,0xbaffa387,-0.0019503691,0xbaffa387,-0.0019503691,0x00000000,0,0,0
l2,0.0625,0,min-error,metric_min,exp1,0,1,1,0.0204725973,0.0204728469,0.0204725973,0.0204728469,2.4959445e-07,66,raw-and-scaled,8,1,fp8_e1m6,fp8_e2m5,6,5,4,78844,66,exp2,754515968,754540544,754540544,188635136,0.0204725973,0.0204728469,-24576,565880832,0.00100898743,0x3ca7b6ac,0.0204728469,0x3f800000,1,0xbbffb728,-0.00780381635,0xbbffb728,-0.00780381635,10000000,0,0,000000,10000000,0,0,00000,0xbbffb728,-0.00780381635,0xbbffb728,-0.00780381635,0x00000000,0,0,0
l2,0.0625,0,min-error,metric_min,exp1,0,1,1,0.0204725973,0.0204728469,0.0204725973,0.0204728469,2.4959445e-07,67,raw-and-scaled,8,1,fp8_e1m6,fp8_e2m5,6,5,4,78844,67,exp2,754515968,754540544,754540544,188635136,0.0204725973,0.0204728469,-24576,565880832,0.00100898743,0x3ca7b6ac,0.0204728469,0x3f800000,1,0x3fffb813,1.997805,0x3fffb813,1.997805,01111111,1,63,111111,01111111,3,31,11111,0x3c5c0980,0.0134299994,0x3cee04c0,0.0290549994,0x4c2e0000,45613056,45613056,2.71903992
l2,0.0625,0,min-error,metric_min,exp1,0,1,1,0.0204725973,0.0204728469,0.0204725973,0.0204728469,2.4959445e-07,68,raw-and-scaled,8,1,fp8_e1m6,fp8_e2m5,6,5,4,78844,68,exp2,754515968,754540544,754540544,188635136,0.0204725973,0.0204728469,-24576,565880832,0.00100898743,0x3ca7b6ac,0.0204728469,0x3f800000,1,0xbc7fb86c,-0.0156079344,0xbc7fb86c,-0.0156079344,10000000,0,0,000000,10000001,0,1,00001,0xbc7fb86c,-0.0156079344,0xbbff70d8,-0.00779543445,0xcb3fb000,-12562432,-3140608,-0.748907804
l2,0.0625,0,min-error,metric_min,exp1,0,1,1,0.0204725973,0.0204728469,0.0204725973,0.0204728469,2.4959445e-07,69,raw-and-scaled,8,1,fp8_e1m6,fp8_e2m5,6,5,4,78844,69,exp2,754515968,754540544,754540544,188635136,0.0204725973,0.0204728469,-24576,565880832,0.00100898743,0x3ca7b6ac,0.0204728469,0x3f800000,1,0xbe7f8603,-0.249534652,0xbe7f8603,-0.249534652,10001111,0,15,001111,10011111,0,31,11111,0xbc786030,-0.0151596516,0xbbf0c060,-0.00734715164,0xcb386000,-12083200,-3020800,-0.720217705
l2,0.0625,0,min-error,metric_min,exp1,0,1,1,0.0204725973,0.0204728469,0.0204725973,0.0204728469,2.4959445e-07,70,raw-and-scaled,8,1,fp8_e1m6,fp8_e2m5,6,5,4,78844,70,exp2,754515968,754540544,754540544,188635136,0.0204725973,0.0204728469,-24576,565880832,0.00100898743,0x3ca7b6ac,0.0204728469,0x3f800000,1,0x3d7f9416,0.0623970851,0x3d7f9416,0.0623970851,00000011,0,3,000011,00000111,0,7,00111,0x3c7e5058,0.0155220851,0x3bfca0b0,0.00770958513,0xcb3e5000,-12472320,-3118080,-0.743413448
l2,0.0625,0,min-error,metric_min,exp1,0,1,1,0.0204725973,0.0204728469,0.0204725973,0.0204728469,2.4959445e-07,71,raw-and-scaled,8,1,fp8_e1m6,fp8_e2m5,6,5,4,78844,71,exp2,754515968,754540544,754540544,188635136,0.0204725973,0.0204728469,-24576,565880832,0.00100898743,0x3ca7b6ac,0.0204728469,0x3f800000,1,0x3e7f9655,0.249596909,0x3e7f9655,0.249596909,00001111,0,15,001111,00011111,0,31,11111,0x3c796550,0.0152219087,0x3bf2caa0,0.00740940869,0xcb396000,-12148736,-3037184,-0.724202156
l2,0.0625,0,min-error,metric_min,exp1,0,1,1,0.0204725973,0.0204728469,0.0204725973,0.0204728469,2.4959445e-07,72,raw-and-scaled,8,1,fp8_e1m6,fp8_e2m5,6,5,4,78844,72,exp2,754515968,754540544,754540544,188635136,0.0204725973,0.0204728469,-24576,565880832,0.00100898743,0x3ca7b6ac,0.0204728469,0x3f800000,1,0x3fffa30b,1.99716318,0x3fffa30b,1.99716318,01111111,1,63,111111,01111111,3,31,11111,0x3c518580,0.0127881765,0x3ce8c2c0,0.0284131765,0x4c28c000,44236800,44236800,2.6368866
l2,0.0625,0,min-error,metric_min,exp1,0,1,1,0.0204725973,0.0204728469,0.0204725973,0.0204728469,2.4959445e-07,73,raw-and-scaled,8,1,fp8_e1m6,fp8_e2m5,6,5,4,78844,73,exp2,754515968,754540544,754540544,188635136,0.0204725973,0.0204728469,-24576,565880832,0.00100898743,0x3ca7b6ac,0.0204728469,0x3f800000,1,0xbfffa391,-1.99717915,0xbfffa391,-1.99717915,11111111,1,63,111111,11111111,3,31,11111,0xbc51c880,-0.0128041506,0xbce8e440,-0.0284291506,0x4c28e000,44269568,44269568,2.63893127
l2,0.0625,0,min-error,metric_min,exp1,0,1,1,0.0204725973,0.0204728469,0.0204725973,0.0204728469,2.4959445e-07,74,raw-and-scaled,8,1,fp8_e1m6,fp8_e2m5,6,5,4,78844,74,exp2,754515968,754540544,754540544,188635136,0.0204725973,0.0204728469,-24576,565880832,0.00100898743,0x3ca7b6ac,0.0204728469,0x3f800000,1,0xbaffba51,-0.00195104827,0xbaffba51,-0.00195104827,10000000,0,0,000000,10000000,0,0,00000,0xbaffba51,-0.00195104827,0xbaffba51,-0.00195104827,0x00000000,0,0,0
l2,0.0625,0,min-error,metric_min,exp1,0,1,1,0.0204725973,0.0204728469,0.0204725973,0.0204728469,2.4959445e-07,75,raw-and-scaled,8,1,fp8_e1m6,fp8_e2m5,6,5,4,78844,75,exp2,754515968,754540544,754540544,188635136,0.0204725973,0.0204728469,-24576,565880832,0.00100898743,0x3ca7b6ac,0.0204728469,0x3f800000,1,0xbbffa4fb,-0.00780164963,0xbbffa4fb,-0.00780164963,10000000,0,0,000000,10000000,0,0,00000,0xbbffa4fb,-0.00780164963,0xbbffa4fb,-0.00780164963,0x00000000,0,0,0
l2,0.0625,0,min-error,metric_min,exp1,0,1,1,0.0204725973,0.0204728469,0.0204725973,0.0204728469,2.4959445e-07,76,raw-and-scaled,8,1,fp8_e1m6,fp8_e2m5,6,5,4,78844,76,exp2,754515968,754540544,754540544,188635136,0.0204725973,0.0204728469,-24576,565880832,0.00100898743,0x3ca7b6ac,0.0204728469,0x3f800000,1,0x3bffb662,0.00780372415,0x3bffb662,0.00780372415,00000000,0,0,000000,00000000,0,0,00000,0x3bffb662,0.00780372415,0x3bffb662,0.00780372415,0x00000000,0,0,0
l2,0.0625,0,min-error,metric_min,exp1,0,1,1,0.0204725973,0.0204728469,0.0204725973,0.0204728469,2.4959445e-07,77,raw-and-scaled,8,1,fp8_e1m6,fp8_e2m5,6,5,4,78844,77,exp2,754515968,754540544,754540544,188635136,0.0204725973,0.0204728469,-24576,565880832,0.00100898743,0x3ca7b6ac,0.0204728469,0x3f800000,1,0xbb7fa4d8,-0.00390081666,0xbb7fa4d8,-0.00390081666,10000000,0,0,000000,10000000,0,0,00000,0xbb7fa4d8,-0.00390081666,0xbb7fa4d8,-0.00390081666,0x00000000,0,0,0
l2,0.0625,0,min-error,metric_min,exp1,0,1,1,0.0204725973,0.0204728469,0.0204725973,0.0204728469,2.4959445e-07,78,raw-and-scaled,8,1,fp8_e1m6,fp8_e2m5,6,5,4,78844,78,exp2,754515968,754540544,754540544,188635136,0.0204725973,0.0204728469,-24576,565880832,0.00100898743,0x3ca7b6ac,0.0204728469,0x3f800000,1,0x3aff88ce,0.0019495727,0x3aff88ce,0.0019495727,00000000,0,0,000000,00000000,0,0,00000,0x3aff88ce,0.0019495727,0x3aff88ce,0.0019495727,0x00000000,0,0,0
l2,0.0625,0,min-error,metric_min,exp1,0,1,1,0.0204725973,0.0204728469,0.0204725973,0.0204728469,2.4959445e-07,79,raw-and-scaled,8,1,fp8_e1m6,fp8_e2m5,6,5,4,78844,79,exp2,754515968,754540544,754540544,188635136,0.0204725973,0.0204728469,-24576,565880832,0.00100898743,0x3ca7b6ac,0.0204728469,0x3f800000,1,0x3dff80cb,0.124757372,0x3dff80cb,0.124757372,00000111,0,7,000111,00001111,0,15,01111,0x3c7c0658,0.0153823718,0x3bf80cb0,0.00756987184,0xcb3c0000,-12320768,-3080192,-0.734471798
l2,0.0625,0,min-error,metric_min,exp1,0,1,1,0.0204725973,0.0204728469,0.0204725973,0.0204728469,2.4959445e-07,80,raw-and-scaled,8,1,fp8_e1m6,fp8_e2m5,6,5,4,78844,80,exp2,754515968,754540544,754540544,188635136,0.0204725973,0.0204728469,-24576,565880832,0.00100898743,0x3ca7b6ac,0.0204728469,0x3f800000,1,0xbcffa4ee,-0.0312065743,0xbcffa4ee,-0.0312065743,10000001,0,1,000001,10000011,0,3,00011,0xbc7f49dc,-0.0155815743,0xbbfe93b8,-0.00776907429,0xcb3f4000,-12533760,-3133440,-0.747220755
l2,0.0625,0,min-error,metric_min,exp1,0,1,1,0.0204725973,0.0204728469,0.0204725973,0.0204728469,2.4959445e-07,81,raw-and-scaled,8,1,fp8_e1m6,fp8_e2m5,6,5,4,78844,81,exp2,754515968,754540544,754540544,188635136,0.0204725973,0.0204728469,-24576,565880832,0.00100898743,0x3ca7b6ac,0.0204728469,0x3f800000,1,0x3bff8fa6,0.00779910665,0x3bff8fa6,0.00779910665,00000000,0,0,000000,00000000,0,0,00000,0x3bff8fa6,0.00779910665,0x3bff8fa6,0.00779910665,0x00000000,0,0,0
l2,0.0625,0,min-error,metric_min,exp1,0,1,1,0.0204725973,0.0204728469,0.0204725973,0.0204728469,2.4959445e-07,82,raw-and-scaled,8,1,fp8_e1m6,fp8_e2m5,6,5,4,78844,82,exp2,754515968,754540544,754540544,188635136,0.0204725973,0.0204728469,-24576,565880832,0.00100898743,0x3ca7b6ac,0.0204728469,0x3f800000,1,0xbcffad55,-0.0312105808,0xbcffad55,-0.0312105808,10000001,0,1,000001,10000011,0,3,00011,0xbc7f5aaa,-0.0155855808,0xbbfeb554,-0.00777308084,0xcb3f5000,-12537856,-3134464,-0.747477174
l2,0.0625,0,min-error,metric_min,exp1,0,1,1,0.0204725973,0.0204728469,0.0204725973,0.0204728469,2.4959445e-07,83,raw-and-scaled,8,1,fp8_e1m6,fp8_e2m5,6,5,4,78844,83,exp2,754515968,754540544,754540544,188635136,0.0204725973,0.0204728469,-24576,565880832,0.00100898743,0x3ca7b6ac,0.0204728469,0x3f800000,1,0xbcff8238,-0.0311900228,0xbcff8238,-0.0311900228,10000001,0,1,000001,10000011,0,3,00011,0xbc7f0470,-0.0155650228,0xbbfe08e0,-0.00775252283,0xcb3f0000,-12517376,-3129344,-0.746161461
l2,0.0625,0,min-error,metric_min,exp1,0,1,1,0.0204725973,0.0204728469,0.0204725973,0.0204728469,2.4959445e-07,84,raw-and-scaled,8,1,fp8_e1m6,fp8_e2m5,6,5,4,78844,84,exp2,754515968,754540544,754540544,188635136,0.0204725973,0.0204728469,-24576,565880832,0.00100898743,0x3ca7b6ac,0.0204728469,0x3f800000,1,0x3fffb9c6,1.99785686,0x3fffb9c6,1.99785686,01111111,1,63,111111,01111111,3,31,11111,0x3c5ce300,0.0134818554,0x3cee7180,0.0291068554,0x4c2e7000,45727744,45727744,2.72567749
l2,0.0625,0,min-error,metric_min,exp1,0,1,1,0.0204725973,0.0204728469,0.0204725973,0.0204728469,2.4959445e-07,85,raw-and-scaled,8,1,fp8_e1m6,fp8_e2m5,6,5,4,78844,85,exp2,754515968,754540544,754540544,188635136,0.0204725973,0.0204728469,-24576,565880832,0.00100898743,0x3ca7b6ac,0.0204728469,0x3f800000,1,0xbd7fbd87,-0.0624366067,0xbd7fbd87,-0.0624366067,10000011,0,3,000011,10000111,0,7,00111,0xbc7ef61c,-0.0155616067,0xbbfdec38,-0.00774910673,0xcb3ef000,-12513280,-3128320,-0.745942831
l2,0.0625,0,min-error,metric_min,exp1,0,1,1,0.0204725973,0.0204728469,0.0204725973,0.0204728469,2.4959445e-07,86,raw-and-scaled,8,1,fp8_e1m6,fp8_e2m5,6,5,4,78844,86,exp2,754515968,754540544,754540544,188635136,0.0204725973,0.0204728469,-24576,565880832,0.00100898743,0x3ca7b6ac,0.0204728469,0x3f800000,1,0xbbff96a1,-0.00779993879,0xbbff96a1,-0.00779993879,10000000,0,0,000000,10000000,0,0,00000,0xbbff96a1,-0.00779993879,0xbbff96a1,-0.00779993879,0x00000000,0,0,0
l2,0.0625,0,min-error,metric_min,exp1,0,1,1,0.0204725973,0.0204728469,0.0204725973,0.0204728469,2.4959445e-07,87,raw-and-scaled,8,1,fp8_e1m6,fp8_e2m5,6,5,4,78844,87,exp2,754515968,754540544,754540544,188635136,0.0204725973,0.0204728469,-24576,565880832,0.00100898743,0x3ca7b6ac,0.0204728469,0x3f800000,1,0x3effb7a5,0.499447972,0x3effb7a5,0.499447972,00011111,0,31,011111,00111111,1,31,11111,0x3c76f4a0,0.0150729716,0x3bede940,0.00726047158,0xcb36f000,-11988992,-2997248,-0.714670181
l2,0.0625,0,min-error,metric_min,exp1,0,1,1,0.0204725973,0.0204728469,0.0204725973,0.0204728469,2.4959445e-07,88,raw-and-scaled,8,1,fp8_e1m6,fp8_e2m5,6,5,4,78844,88,exp2,754515968,754540544,754540544,188635136,0.0204725973,0.0204728469,-24576,565880832,0.00100898743,0x3ca7b6ac,0.0204728469,0x3f800000,1,0x3fffb92e,1.99783874,0x3fffb92e,1.99783874,01111111,1,63,111111,01111111,3,31,11111,0x3c5c9700,0.0134637356,0x3cee4b80,0.0290887356,0x4c2e4000,45678592,45678592,2.72335815
l2,0.0625,0,min-error,metric_min,exp1,0,1,1,0.0204725973,0.0204728469,0.0204725973,0.0204728469,2.4959445e-07,89,raw-and-scaled,8,1,fp8_e1m6,fp8_e2m5,6,5,4,78844,89,exp2,754515968,754540544,754540544,188635136,0.0204725973,0.0204728469,-24576,565880832,0.00100898743,0x3ca7b6ac,0.0204728469,0x3f800000,1,0x3cff809d,0.0311892573,0x3cff809d,0.0311892573,00000001,0,1,000001,00000011,0,3,00011,0x3c7f013a,0.0155642573,0x3bfe0274,0.00775175728,0xcb3f0000,-12517376,-3129344,-0.746112466
l2,0.0625,0,min-error,metric_min,exp1,0,1,1,0.0204725973,0.0204728469,0.0204725973,0.0204728469,2.4959445e-07,90,raw-and-scaled,8,1,fp8_e1m6,fp8_e2m5,6,5,4,78844,90,exp2,754515968,754540544,754540544,188635136,0.0204725973,0.0204728469,-24576,565880832,0.00100898743,0x3ca7b6ac,0.0204728469,0x3f800000,1,0x3e7fa9b4,0.249670804,0x3e7fa9b4,0.249670804,00001111,0,15,001111,00011111,0,31,11111,0x3c7a9b40,0.0152958035,0x3bf53680,0.00748330355,0xcb3a9000,-12226560,-3056640,-0.728931427
l2,0.0625,0,min-error,metric_min,exp1,0,1,1,0.0204725973,0.0204728469,0.0204725973,0.0204728469,2.4959445e-07,91,raw-and-scaled,8,1,fp8_e1m6,fp8_e2m5,6,5,4,78844,91,exp2,754515968,754540544,754540544,188635136,0.0204725973,0.0204728469,-24576,565880832,0.00100898743,0x3ca7b6ac,0.0204728469,0x3f800000,1,0x3fff8361,1.99619687,0x3fff8361,1.99619687,01111111,1,63,111111,01111111,3,31,11111,0x3c41b080,0.011821866,0x3ce0d840,0.027446866,0x4c20d000,42156032,42156032,2.51319885
l2,0.0625,0,min-error,metric_min,exp1,0,1,1,0.0204725973,0.0204728469,0.0204725973,0.0204728469,2.4959445e-07,92,raw-and-scaled,8,1,fp8_e1m6,fp8_e2m5,6,5,4,78844,92,exp2,754515968,754540544,754540544,188635136,0.0204725973,0.0204728469,-24576,565880832,0.00100898743,0x3ca7b6ac,0.0204728469,0x3f800000,1,0x3bff96d0,0.00779996067,0x3bff96d0,0.00779996067,00000000,0,0,000000,00000000,0,0,00000,0x3bff96d0,0.00779996067,0x3bff96d0,0.00779996067,0x00000000,0,0,0
l2,0.0625,0,min-error,metric_min,exp1,0,1,1,0.0204725973,0.0204728469,0.0204725973,0.0204728469,2.4959445e-07,93,raw-and-scaled,8,1,fp8_e1m6,fp8_e2m5,6,5,4,78844,93,exp2,754515968,754540544,754540544,188635136,0.0204725973,0.0204728469,-24576,565880832,0.00100898743,0x3ca7b6ac,0.0204728469,0x3f800000,1,0xbdff8a90,-0.124776006,0xbdff8a90,-0.124776006,10000111,0,7,000111,10001111,0,15,01111,0xbc7c5480,-0.0154010057,0xbbf8a900,-0.00758850574,0xcb3c5000,-12341248,-3085312,-0.735664368
l2,0.0625,0,min-error,metric_min,exp1,0,1,1,0.0204725973,0.0204728469,0.0204725973,0.0204728469,2.4959445e-07,94,raw-and-scaled,8,1,fp8_e1m6,fp8_e2m5,6,5,4,78844,94,exp2,754515968,754540544,754540544,188635136,0.0204725973,0.0204728469,-24576,565880832,0.00100898743,0x3ca7b6ac,0.0204728469,0x3f800000,1,0xbb7fafe6,-0.00390147557,0xbb7fafe6,-0.00390147557,10000000,0,0,000000,10000000,0,0,00000,0xbb7fafe6,-0.00390147557,0xbb7fafe6,-0.00390147557,0x00000000,0,0,0
l2,0.0625,0,min-error,metric_min,exp1,0,1,1,0.0204725973,0.0204728469,0.0204725973,0.0204728469,2.4959445e-07,95,raw-and-scaled,8,1,fp8_e1m6,fp8_e2m5,6,5,4,78844,95,exp2,754515968,754540544,754540544,188635136,0.0204725973,0.0204728469,-24576,565880832,0.00100898743,0x3ca7b6ac,0.0204728469,0x3f800000,1,0x3fff93e9,1.99670136,0x3fff93e9,1.99670136,01111111,1,63,111111,01111111,3,31,11111,0x3c49f480,0.0123263597,0x3ce4fa40,0.0279513597,0x4c24f000,43237376,43237376,2.57777405
l2,0.0625,0,min-error,metric_min,exp1,0,1,1,0.0204725973,0.0204728469,0.0204725973,0.0204728469,2.4959445e-07,96,raw-and-scaled,8,1,fp8_e1m6,fp8_e2m5,6,5,4,78844,96,exp2,754515968,754540544,754540544,188635136,0.0204725973,0.0204728469,-24576,565880832,0.00100898743,0x3ca7b6ac,0.0204728469,0x3f800000,1,0xbd7fa2d3,-0.0624111407,0xbd7fa2d3,-0.0624111407,10000011,0,3,000011,10000111,0,7,00111,0xbc7e8b4c,-0.0155361407,0xbbfd1698,-0.00772364065,0xcb3e8000,-12484608,-3121152,-0.744313002
l2,0.0625,0,min-error,metric_min,exp1,0,1,1,0.0204725973,0.0204728469,0.0204725973,0.0204728469,2.4959445e-07,97,raw-and-scaled,8,1,fp8_e1m6,fp8_e2m5,6,5,4,78844,97,exp2,754515968,754540544,754540544,188635136,0.0204725973,0.0204728469,-24576,565880832,0.00100898743,0x3ca7b6ac,0.0204728469,0x3f800000,1,0xbc7fa0c8,-0.0156022981,0xbc7fa0c8,-0.0156022981,10000000,0,0,000000,10000001,0,1,00001,0xbc7fa0c8,-0.0156022981,0xbbff4190,-0.00778979808,0xcb3fa000,-12558336,-3139584,-0.748547077
l2,0.0625,0,min-error,metric_min,exp1,0,1,1,0.0204725973,0.0204728469,0.0204725973,0.0204728469,2.4959445e-07,98,raw-and-scaled,8,1,fp8_e1m6,fp8_e2m5,6,5,4,78844,98,exp2,754515968,754540544,754540544,188635136,0.0204725973,0.0204728469,-24576,565880832,0.00100898743,0x3ca7b6ac,0.0204728469,0x3f800000,1,0xbdff9607,-0.124797873,0xbdff9607,-0.124797873,10000111,0,7,000111,10001111,0,15,01111,0xbc7cb038,-0.0154228732,0xbbf96070,-0.0076103732,0xcb3cb000,-12365824,-3091456,-0.737063885
l2,0.0625,0,min-error,metric_min,exp1,0,1,1,0.0204725973,0.0204728469,0.0204725973,0.0204728469,2.4959445e-07,99,raw-and-scaled,8,1,fp8_e1m6,fp8_e2m5,6,5,4,78844,99,exp2,754515968,754540544,754540544,188635136,0.0204725973,0.0204728469,-24576,565880832,0.00100898743,0x3ca7b6ac,0.0204728469,0x3f800000,1,0xbf7fa911,-0.998673499,0xbf7fa911,-0.998673499,10111111,0,63,111111,11011111,2,31,11111,0xbc6a4440,-0.0142984986,0xbc6a4440,-0.0142984986,0x00000000,0,0,0
l2,0.0625,0,min-error,metric_min,exp1,0,1,1,0.0204725973,0.0204728469,0.0204725973,0.0204728469,2.4959445e-07,100,raw-and-scaled,8,1,fp8_e1m6,fp8_e2m5,6,5,4,78844,100,exp2,754515968,754540544,754540544,188635136,0.0204725973,0.0204728469,-24576,565880832,0.00100898743,0x3ca7b6ac,0.0204728469,0x3f800000,1,0xbd7fbe5b,-0.0624373965,0xbd7fbe5b,-0.0624373965,10000011,0,3,000011,10000111,0,7,00111,0xbc7ef96c,-0.0155623965,0xbbfdf2d8,-0.0077498965,0xcb3ef000,-12513280,-3128320,-0.745993376
l2,0.0625,0,min-error,metric_min,exp1,0,1,1,0.0204725973,0.0204728469,0.0204725973,0.0204728469,2.4959445e-07,101,raw-and-scaled,8,1,fp8_e1m6,fp8_e2m5,6,5,4,78844,101,exp2,754515968,754540544,754540544,188635136,0.0204725973,0.0204728469,-24576,565880832,0.00100898743,0x3ca7b6ac,0.0204728469,0x3f800000,1,0x3c7fb5b3,0.0156072853,0x3c7fb5b3,0.0156072853,00000000,0,0,000000,00000001,0,1,00001,0x3c7fb5b3,0.0156072853,0x3bff6b66,0.00779478531,0xcb3fb000,-12562432,-3140608,-0.74886632
l2,0.0625,0,min-error,metric_min,exp1,0,1,1,0.0204725973,0.0204728469,0.0204725973,0.0204728469,2.4959445e-07,102,raw-and-scaled,8,1,fp8_e1m6,fp8_e2m5,6,5,4,78844,102,exp2,754515968,754540544,754540544,188635136,0.0204725973,0.0204728469,-24576,565880832,0.00100898743,0x3ca7b6ac,0.0204728469,0x3f800000,1,0xbe7f8b61,-0.249555126,0xbe7f8b61,-0.249555126,10001111,0,15,001111,10011111,0,31,11111,0xbc78b610,-0.0151801258,0xbbf16c20,-0.00736762583,0xcb38b000,-12103680,-3025920,-0.721528053
l2,0.0625,0,min-error,metric_min,exp1,0,1,1,0.0204725973,0.0204728469,0.0204725973,0.0204728469,2.4959445e-07,103,raw-and-scaled,8,1,fp8_e1m6,fp8_e2m5,6,5,4,78844,103,exp2,754515968,754540544,754540544,188635136,0.0204725973,0.0204728469,-24576,565880832,0.00100898743,0x3ca7b6ac,0.0204728469,0x3f800000,1,0xbaffbdbb,-0.00195115001,0xbaffbdbb,-0.00195115001,10000000,0,0,000000,10000000,0,0,00000,0xbaffbdbb,-0.00195115001,0xbaffbdbb,-0.00195115001,0x00000000,0,0,0
l2,0.0625,0,min-error,metric_min,exp1,0,1,1,0.0204725973,0.0204728469,0.0204725973,0.0204728469,2.4959445e-07,104,raw-and-scaled,8,1,fp8_e1m6,fp8_e2m5,6,5,4,78844,104,exp2,754515968,754540544,754540544,188635136,0.0204725973,0.0204728469,-24576,565880832,0.00100898743,0x3ca7b6ac,0.0204728469,0x3f800000,1,0x3e7f97be,0.249602288,0x3e7f97be,0.249602288,00001111,0,15,001111,00011111,0,31,11111,0x3c797be0,0.015227288,0x3bf2f7c0,0.00741478801,0xcb397000,-12152832,-3038208,-0.724546432
l2,0.0625,0,min-error,metric_min,exp1,0,1,1,0.0204725973,0.0204728469,0.0204725973,0.0204728469,2.4959445e-07,105,raw-and-scaled,8,1,fp8_e1m6,fp8_e2m5,6,5,4,78844,105,exp2,754515968,754540544,754540544,188635136,0.0204725973,0.0204728469,-24576,565880832,0.00100898743,0x3ca7b6ac,0.0204728469,0x3f800000,1,0x3d7fa436,0.0624124631,0x3d7fa436,0.0624124631,00000011,0,3,000011,00000111,0,7,00111,0x3c7e90d8,0.0155374631,0x3bfd21b0,0.00772496313,0xcb3e9000,-12488704,-3122176,-0.74439764
l2,0.0625,0,min-error,metric_min,exp1,0,1,1,0.0204725973,0.0204728469,0.0204725973,0.0204728469,2.4959445e-07,106,raw-and-scaled,8,1,fp8_e1m6,fp8_e2m5,6,5,4,78844,106,exp2,754515968,754540544,754540544,188635136,0.0204725973,0.0204728469,-24576,565880832,0.00100898743,0x3ca7b6ac,0.0204728469,0x3f800000,1,0xbeffa6cb,-0.499319404,0xbeffa6cb,-0.499319404,10011111,0,31,011111,10111111,1,31,11111,0xbc74d960,-0.0149444044,0xbbe9b2c0,-0.00713190436,0xcb34d000,-11849728,-2962432,-0.706441879
l2,0.0625,0,min-error,metric_min,exp1,0,1,1,0.0204725973,0.0204728469,0.0204725973,0.0204728469,2.4959445e-07,107,raw-and-scaled,8,1,fp8_e1m6,fp8_e2m5,6,5,4,78844,107,exp2,754515968,754540544,754540544,188635136,0.0204725973,0.0204728469,-24576,565880832,0.00100898743,0x3ca7b6ac,0.0204728469,0x3f800000,1,0xbfffb02e,-1.99756408,0xbfffb02e,-1.99756408,11111111,1,63,111111,11111111,3,31,11111,0xbc581700,-0.0131890774,0xbcec0b80,-0.0288140774,0x4c2c0000,45088768,45088768,2.6882019
l2,0.0625,0,min-error,metric_min,exp1,0,1,1,0.0204725973,0.0204728469,0.0204725973,0.0204728469,2.4959445e-07,108,raw-and-scaled,8,1,fp8_e1m6,fp8_e2m5,6,5,4,78844,108,exp2,754515968,754540544,754540544,188635136,0.0204725973,0.0204728469,-24576,565880832,0.00100898743,0x3ca7b6ac,0.0204728469,0x3f800000,1,0x3cffa406,0.0312061422,0x3cffa406,0.0312061422,00000001,0,1,000001,00000011,0,3,00011,0x3c7f480c,0.0155811422,0x3bfe9018,0.00776864216,0xcb3f4000,-12533760,-3133440,-0.747193098
l2,0.0625,0,min-error,metric_min,exp1,0,1,1,0.0204725973,0.0204728469,0.0204725973,0.0204728469,2.4959445e-07,109,raw-and-scaled,8,1,fp8_e1m6,fp8_e2m5,6,5,4,78844,109,exp2,754515968,754540544,754540544,188635136,0.0204725973,0.0204728469,-24576,565880832,0.00100898743,0x3ca7b6ac,0.0204728469,0x3f800000,1,0xbf7fa601,-0.998626769,0xbf7fa601,-0.998626769,10111111,0,63,111111,11011111,2,31,11111,0xbc698040,-0.0142517686,0xbc698040,-0.0142517686,0x00000000,0,0,0
l2,0.0625,0,min-error,metric_min,exp1,0,1,1,0.0204725973,0.0204728469,0.0204725973,0.0204728469,2.4959445e-07,110,raw-and-scaled,8,1,fp8_e1m6,fp8_e2m5,6,5,4,78844,110,exp2,754515968,754540544,754540544,188635136,0.0204725973,0.0204728469,-24576,565880832,0.00100898743,0x3ca7b6ac,0.0204728469,0x3f800000,1,0x3c7f875b,0.0155962361,0x3c7f875b,0.0155962361,00000000,0,0,000000,00000001,0,1,00001,0x3c7f875b,0.0155962361,0x3bff0eb6,0.0077837361,0xcb3f8000,-12550144,-3137536,-0.748159111
l2,0.0625,0,min-error,metric_min,exp1,0,1,1,0.0204725973,0.0204728469,0.0204725973,0.0204728469,2.4959445e-07,111,raw-and-scaled,8,1,fp8_e1m6,fp8_e2m5,6,5,4,78844,111,exp2,754515968,754540544,754540544,188635136,0.0204725973,0.0204728469,-24576,565880832,0.00100898743,0x3ca7b6ac,0.0204728469,0x3f800000,1,0x3aff9470,0.00194991939,0x3aff9470,0.00194991939,00000000,0,0,000000,00000000,0,0,00000,0x3aff9470,0.00194991939,0x3aff9470,0.00194991939,0x00000000,0,0,0
l2,0.0625,0,min-error,metric_min,exp1,0,1,1,0.0204725973,0.0204728469,0.0204725973,0.0204728469,2.4959445e-07,112,raw-and-scaled,8,1,fp8_e1m6,fp8_e2m5,6,5,4,78844,112,exp2,754515968,754540544,754540544,188635136,0.0204725973,0.0204728469,-24576,565880832,0.00100898743,0x3ca7b6ac,0.0204728469,0x3f800000,1,0xbe7faeca,-0.249690205,0xbe7faeca,-0.249690205,10001111,0,15,001111,10011111,0,31,11111,0xbc7aeca0,-0.0153152049,0xbbf5d940,-0.00750270486,0xcb3ae000,-12247040,-3061760,-0.730173111
l2,0.0625,0,min-error,metric_min,exp1,0,1,1,0.0204725973,0.0204728469,0.0204725973,0.0204728469,2.4959445e-07,113,raw-and-scaled,8,1,fp8_e1m6,fp8_e2m5,6,5,4,78844,113,exp2,754515968,754540544,754540544,188635136,0.0204725973,0.0204728469,-24576,565880832,0.00100898743,0x3ca7b6ac,0.0204728469,0x3f800000,1,0xbf7f9d1d,-0.998491108,0xbf7f9d1d,-0.998491108,10111111,0,63,111111,11011111,2,31,11111,0xbc674740,-0.0141161084,0xbc674740,-0.0141161084,0x00000000,0,0,0
l2,0.0625,0,min-error,metric_min,exp1,0,1,1,0.0204725973,0.0204728469,0.0204725973,0.0204728469,2.4959445e-07,114,raw-and-scaled,8,1,fp8_e1m6,fp8_e2m5,6,5,4,78844,114,exp2,754515968,754540544,754540544,188635136,0.0204725973,0.0204728469,-24576,565880832,0.00100898743,0x3ca7b6ac,0.0204728469,0x3f800000,1,0x3e7fa986,0.249670118,0x3e7fa986,0.249670118,00001111,0,15,001111,00011111,0,31,11111,0x3c7a9860,0.0152951181,0x3bf530c0,0.00748261809,0xcb3a9000,-12226560,-3056640,-0.728887558
l2,0.0625,0,min-error,metric_min,exp1,0,1,1,0.0204725973,0.0204728469,0.0204725973,0.0204728469,2.4959445e-07,115,raw-and-scaled,8,1,fp8_e1m6,fp8_e2m5,6,5,4,78844,115,exp2,754515968,754540544,754540544,188635136,0.0204725973,0.0204728469,-24576,565880832,0.00100898743,0x3ca7b6ac,0.0204728469,0x3f800000,1,0x3fffa9af,1.99736583,0x3fffa9af,1.99736583,01111111,1,63,111111,01111111,3,31,11111,0x3c54d780,0.0129908323,0x3cea6bc0,0.0286158323,0x4c2a6000,44662784,44662784,2.66282654
l2,0.0625,0,min-error,metric_min,exp1,0,1,1,0.0204725973,0.0204728469,0.0204725973,0.0204728469,2.4959445e-07,116,raw-and-scaled,8,1,fp8_e1m6,fp8_e2m5,6,5,4,78844,116,exp2,754515968,754540544,754540544,188635136,0.0204725973,0.0204728469,-24576,565880832,0.00100898743,0x3ca7b6ac,0.0204728469,0x3f800000,1,0xbaff9ba4,-0.00195013406,0xbaff9ba4,-0.00195013406,10000000,0,0,000000,10000000,0,0,00000,0xbaff9ba4,-0.00195013406,0xbaff9ba4,-0.00195013406,0x00000000,0,0,0
l2,0.0625,0,min-error,metric_min,exp1,0,1,1,0.0204725973,0.0204728469,0.0204725973,0.0204728469,2.4959445e-07,117,raw-and-scaled,8,1,fp8_e1m6,fp8_e2m5,6,5,4,78844,117,exp2,754515968,754540544,754540544,188635136,0.0204725973,0.0204728469,-24576,565880832,0.00100898743,0x3ca7b6ac,0.0204728469,0x3f800000,1,0xbdff9403,-0.124794029,0xbdff9403,-0.124794029,10000111,0,7,000111,10001111,0,15,01111,0xbc7ca018,-0.0154190287,0xbbf94030,-0.0076065287,0xcb3ca000,-12361728,-3090432,-0.736817837
l2,0.0625,0,min-error,metric_min,exp1,0,1,1,0.0204725973,0.0204728469,0.0204725973,0.0204728469,2.4959445e-07,118,raw-and-scaled,8,1,fp8_e1m6,fp8_e2m5,6,5,4,78844,118,exp2,754515968,754540544,754540544,188635136,0.0204725973,0.0204728469,-24576,565880832,0.00100898743,0x3ca7b6ac,0.0204728469,0x3f800000,1,0xbcffb16a,-0.0312125273,0xbcffb16a,-0.0312125273,10000001,0,1,000001,10000011,0,3,00011,0xbc7f62d4,-0.0155875273,0xbbfec5a8,-0.0077750273,0xcb3f6000,-12541952,-3135488,-0.747601748
l2,0.0625,0,min-error,metric_min,exp1,0,1,1,0.0204725973,0.0204728469,0.0204725973,0.0204728469,2.4959445e-07,119,raw-and-scaled,8,1,fp8_e1m6,fp8_e2m5,6,5,4,78844,119,exp2,754515968,754540544,754540544,188635136,0.0204725973,0.0204728469,-24576,565880832,0.00100898743,0x3ca7b6ac,0.0204728469,0x3f800000,1,0xbe7fa027,-0.24963437,0xbe7fa027,-0.24963437,10001111,0,15,001111,10011111,0,31,11111,0xbc7a0270,-0.0152593702,0xbbf404e0,-0.00744687021,0xcb3a0000,-12189696,-3047424,-0.726599693
l2,0.0625,0,min-error,metric_min,exp1,0,1,1,0.0204725973,0.0204728469,0.0204725973,0.0204728469,2.4959445e-07,120,raw-and-scaled,8,1,fp8_e1m6,fp8_e2m5,6,5,4,78844,120,exp2,754515968,754540544,754540544,188635136,0.0204725973,0.0204728469,-24576,565880832,0.00100898743,0x3ca7b6ac,0.0204728469,0x3f800000,1,0x3effbdb7,0.499494284,0x3effbdb7,0.499494284,00011111,0,31,011111,00111111,1,31,11111,0x3c77b6e0,0.0151192844,0x3bef6dc0,0.00730678439,0xcb37b000,-12038144,-3009536,-0.717634201
l2,0.0625,0,min-error,metric_min,exp1,0,1,1,0.0204725973,0.0204728469,0.0204725973,0.0204728469,2.4959445e-07,121,raw-and-scaled,8,1,fp8_e1m6,fp8_e2m5,6,5,4,78844,121,exp2,754515968,754540544,754540544,188635136,0.0204725973,0.0204728469,-24576,565880832,0.00100898743,0x3ca7b6ac,0.0204728469,0x3f800000,1,0xbfff973b,-1.99680269,0xbfff973b,-1.99680269,11111111,1,63,111111,11111111,3,31,11111,0xbc4b9d80,-0.0124276876,0xbce5cec0,-0.0280526876,0x4c25c000,43450368,43450368,2.59074402
l2,0.0625,0,min-error,metric_min,exp1,0,1,1,0.0204725973,0.0204728469,0.0204725973,0.0204728469,2.4959445e-07,122,raw-and-scaled,8,1,fp8_e1m6,fp8_e2m5,6,5,4,78844,122,exp2,754515968,754540544,754540544,188635136,0.0204725973,0.0204728469,-24576,565880832,0.00100898743,0x3ca7b6ac,0.0204728469,0x3f800000,1,0x3bffa900,0.00780212879,0x3bffa900,0.00780212879,00000000,0,0,000000,00000000,0,0,00000,0x3bffa900,0.00780212879,0x3bffa900,0.00780212879,0x00000000,0,0,0
l2,0.0625,0,min-error,metric_min,exp1,0,1,1,0.0204725973,0.0204728469,0.0204725973,0.0204728469,2.4959445e-07,123,raw-and-scaled,8,1,fp8_e1m6,fp8_e2m5,6,5,4,78844,123,exp2,754515968,754540544,754540544,188635136,0.0204725973,0.0204728469,-24576,565880832,0.00100898743,0x3ca7b6ac,0.0204728469,0x3f800000,1,0xbaff8324,-0.0019494039,0xbaff8324,-0.0019494039,10000000,0,0,000000,10000000,0,0,00000,0xbaff8324,-0.0019494039,0xbaff8324,-0.0019494039,0x00000000,0,0,0
l2,0.0625,0,min-error,metric_min,exp1,0,1,1,0.0204725973,0.0204728469,0.0204725973,0.0204728469,2.4959445e-07,124,raw-and-scaled,8,1,fp8_e1m6,fp8_e2m5,6,5,4,78844,124,exp2,754515968,754540544,754540544,188635136,0.0204725973,0.0204728469,-24576,565880832,0.00100898743,0x3ca7b6ac,0.0204728469,0x3f800000,1,0x3fffa868,1.99732685,0x3fffa868,1.99732685,01111111,1,63,111111,01111111,3,31,11111,0x3c543400,0.0129518509,0x3cea1a00,0.0285768509,0x4c2a1000,44580864,44580864,2.65783691
l2,0.0625,0,min-error,metric_min,exp1,0,1,1,0.0204725973,0.0204728469,0.0204725973,0.0204728469,2.4959445e-07,125,raw-and-scaled,8,1,fp8_e1m6,fp8_e2m5,6,5,4,78844,125,exp2,754515968,754540544,754540544,188635136,0.0204725973,0.0204728469,-24576,565880832,0.00100898743,0x3ca7b6ac,0.0204728469,0x3f800000,1,0x3f7f9912,0.998429418,0x3f7f9912,0.998429418,00111111,0,63,111111,01011111,2,31,11111,0x3c664480,0.0140544176,0x3c664480,0.0140544176,0x00000000,0,0,0
l2,0.0625,0,min-error,metric_min,exp1,0,1,1,0.0204725973,0.0204728469,0.0204725973,0.0204728469,2.4959445e-07,126,raw-and-scaled,8,1,fp8_e1m6,fp8_e2m5,6,5,4,78844,126,exp2,754515968,754540544,754540544,188635136,0.0204725973,0.0204728469,-24576,565880832,0.00100898743,0x3ca7b6ac,0.0204728469,0x3f800000,1,0xbb7faf39,-0.0039014353,0xbb7faf39,-0.0039014353,10000000,0,0,000000,10000000,0,0,00000,0xbb7faf39,-0.0039014353,0xbb7faf39,-0.0039014353,0x00000000,0,0,0
l2,0.0625,0,min-error,metric_min,exp1,0,1,1,0.0204725973,0.0204728469,0.0204725973,0.0204728469,2.4959445e-07,127,raw-and-scaled,8,1,fp8_e1m6,fp8_e2m5,6,5,4,78844,127,exp2,754515968,754540544,754540544,188635136,0.0204725973,0.0204728469,-24576,565880832,0.00100898743,0x3ca7b6ac,0.0204728469,0x3f800000,1,0xbd7f9d79,-0.062406037,0xbd7f9d79,-0.062406037,10000011,0,3,000011,10000111,0,7,00111,0xbc7e75e4,-0.015531037,0xbbfcebc8,-0.007718537,0xcb3e7000,-12480512,-3120128,-0.743986368
l2,0.0625,0,min-error,metric_min,exp2,0,1,1,0.0305185653,0.0305166841,0.0305166841,0.0305185653,1.8812716e-06,0,raw-and-scaled,7,1,fp7_e1m5,fp7_e2m4,5,4,4,1184,0,exp1,308527104,308523008,308523008,77130752,0.0305185653,0.0305166841,4096,231396352,-0.00192642212,0x3cfa0212,0.0305185653,0x3f800000,1,0x3d007f80,0.0313715935,0x3d007f80,0.0313715935,0000001,0,1,00001,0000010,0,2,0010,0x38ff0000,0.000121593475,0x38ff0000,0.000121593475,0x00000000,0,0,0
l2,0.0625,0,min-error,metric_min,exp2,0,1,1,0.0305185653,0.0305166841,0.0305166841,0.0305185653,1.8812716e-06,1,raw-and-scaled,7,1,fp7_e1m5,fp7_e2m4,5,4,4,1184,1,exp1,308527104,308523008,308523008,77130752,0.0305185653,0.0305166841,4096,231396352,-0.00192642212,0x3cfa0212,0.0305185653,0x3f800000,1,0xbf017f80,-0.505851746,0xbf017f80,-0.505851746,1010000,0,16,10000,1100000,2,0,0000,0xbbbfc000,-0.00585174561,0xbbbfc000,-0.00585174561,0x00000000,0,0,0
l2,0.0625,0,min-error,metric_min,exp2,0,1,1,0.0305185653,0.0305166841,0.0305166841,0.0305185653,1.8812716e-06,2,raw-and-scaled,7,1,fp7_e1m5,fp7_e2m4,5,4,4,1184,2,exp1,308527104,308523008,308523008,77130752,0.0305185653,0.0305166841,4096,231396352,-0.00192642212,0x3cfa0212,0.0305185653,0x3f800000,1,0x3e8a0200,0.269546509,0x3e8a0200,0.269546509,0001000,0,8,01000,0010001,1,1,0001,0x3ca02000,0.0195465088,0x3b808000,0.00392150879,0xcac04000,-6299648,-1574912,-0.375488281
l2,0.0625,0,min-error,metric_min,exp2,0,1,1,0.0305185653,0.0305166841,0.0305166841,0.0305185653,1.8812716e-06,3,raw-and-scaled,7,1,fp7_e1m5,fp7_e2m4,5,4,4,1184,3,exp1,308527104,308523008,308523008,77130752,0.0305185653,0.0305166841,4096,231396352,-0.00192642212,0x3cfa0212,0.0305185653,0x3f800000,1,0x3eb7f800,0.359313965,0x3eb7f800,0.359313965,0001011,0,11,01011,0010110,1,6,0110,0x3c7f0000,0.0155639648,0x3c7f0000,0.0155639648,0x00000000,0,0,0
l2,0.0625,0,min-error,metric_min,exp2,0,1,1,0.0305185653,0.0305166841,0.0305166841,0.0305185653,1.8812716e-06,4,raw-and-scaled,7,1,fp7_e1m5,fp7_e2m4,5,4,4,1184,4,exp1,308527104,308523008,308523008,77130752,0.0305185653,0.0305166841,4096,231396352,-0.00192642212,0x3cfa0212,0.0305185653,0x3f800000,1,0xbf848080,-1.03517151,0xbf848080,-1.03517151,1100001,1,1,00001,1110000,3,0,0000,0xbb808000,-0.00392150879,0xbd101000,-0.0351715088,0x4ba02000,20987904,20987904,1.25097656
l2,0.0625,0,min-error,metric_min,exp2,0,1,1,0.0305185653,0.0305166841,0.0305166841,0.0305185653,1.8812716e-06,5,raw-and-scaled,7,1,fp7_e1m5,fp7_e2m4,5,4,4,1184,5,exp1,308527104,308523008,308523008,77130752,0.0305185653,0.0305166841,4096,231396352,-0.00192642212,0x3cfa0212,0.0305185653,0x3f800000,1,0x3d82c040,0.0638432503,0x3d82c040,0.0638432503,0000010,0,2,00010,0000100,0,4,0100,0x3ab01000,0.00134325027,0x3ab01000,0.00134325027,0x00000000,0,0,0
l2,0.0625,0,min-error,metric_min,exp2,0,1,1,0.0305185653,0.0305166841,0.0305166841,0.0305185653,1.8812716e-06,6,raw-and-scaled,7,1,fp7_e1m5,fp7_e2m4,5,4,4,1184,6,exp1,308527104,308523008,308523008,77130752,0.0305185653,0.0305166841,4096,231396352,-0.00192642212,0x3cfa0212,0.0305185653,0x3f800000,1,0xbb0d0100,-0.00215154886,0xbb0d0100,-0.00215154886,1000000,0,0,00000,1000000,0,0,0000,0xbb0d0100,-0.00215154886,0xbb0d0100,-0.00215154886,0x00000000,0,0,0
l2,0.0625,0,min-error,metric_min,exp2,0,1,1,0.0305185653,0.0305166841,0.0305166841,0.0305185653,1.8812716e-06,7,raw-and-scaled,7,1,fp7_e1m5,fp7_e2m4,5,4,4,1184,7,exp1,308527104,308523008,308523008,77130752,0.0305185653,0.0305166841,4096,231396352,-0.00192642212,0x3cfa0212,0.0305185653,0x3f800000,1,0xbd078080,-0.0330815315,0xbd078080,-0.0330815315,1000001,0,1,00001,1000010,0,2,0010,0xbaf01000,-0.00183153152,0xbaf01000,-0.00183153152,0x00000000,0,0,0
l2,0.0625,0,min-error,metric_min,exp2,0,1,1,0.0305185653,0.0305166841,0.0305166841,0.0305185653,1.8812716e-06,8,raw-and-scaled,7,1,fp7_e1m5,fp7_e2m4,5,4,4,1184,8,exp1,308527104,308523008,308523008,77130752,0.0305185653,0.0305166841,4096,231396352,-0.00192642212,0x3cfa0212,0.0305185653,0x3f800000,1,0xbe110100,-0.141605377,0xbe110100,-0.141605377,1000100,0,4,00100,1001001,0,9,1001,0xbc880800,-0.0166053772,0xba808000,-0.000980377197,0xca900000,-4718592,-1179648,-0.28137207
l2,0.0625,0,min-error,metric_min,exp2,0,1,1,0.0305185653,0.0305166841,0.0305166841,0.0305185653,1.8812716e-06,9,raw-and-scaled,7,1,fp7_e1m5,fp7_e2m4,5,4,4,1184,9,exp1,308527104,308523008,308523008,77130752,0.0305185653,0.0305166841,4096,231396352,-0.00192642212,0x3cfa0212,0.0305185653,0x3f800000,1,0xbf84bfc0,-1.03710175,0xbf84bfc0,-1.03710175,1100001,1,1,00001,1110000,3,0,0000,0xbbbfc000,-0.00585174561,0xbd17f800,-0.0371017456,0x4bafe000,23052288,23052288,1.37451172
l2,0.0625,0,min-error,metric_min,exp2,0,1,1,0.0305185653,0.0305166841,0.0305166841,0.0305185653,1.8812716e-06,10,raw-and-scaled,7,1,fp7_e1m5,fp7_e2m4,5,4,4,1184,10,exp1,308527104,308523008,308523008,77130752,0.0305185653,0.0305166841,4096,231396352,-0.00192642212,0x3cfa0212,0.0305185653,0x3f800000,1,0x3bd40400,0.0064702034,0x3bd40400,0.0064702034,0000000,0,0,00000,0000000,0,0,0000,0x3bd40400,0.0064702034,0x3bd40400,0.0064702034,0x00000000,0,0,0
l2,0.0625,0,min-error,metric_min,exp2,0,1,1,0.0305185653,0.0305166841,0.0305166841,0.0305185653,1.8812716e-06,11,raw-and-scaled,7,1,fp7_e1m5,fp7_e2m4,5,4,4,1184,11,exp1,308527104,308523008,308523008,77130752,0.0305185653,0.0305166841,4096,231396352,-0.00192642212,0x3cfa0212,0.0305185653,0x3f800000,1,0x3d5c0400,0.0537147522,0x3d5c0400,0.0537147522,0000001,0,1,00001,0000011,0,3,0011,0x3cb80800,0.0224647522,0x3be02000,0.0068397522,0xcaf00000,-7864320,-1966080,-0.46887207
l2,0.0625,0,min-error,metric_min,exp2,0,1,1,0.0305185653,0.0305166841,0.0305166841,0.0305185653,1.8812716e-06,12,raw-and-scaled,7,1,fp7_e1m5,fp7_e2m4,5,4,4,1184,12,exp1,308527104,308523008,308523008,77130752,0.0305185653,0.0305166841,4096,231396352,-0.00192642212,0x3cfa0212,0.0305185653,0x3f800000,1,0xba863fc0,-0.00102423877,0xba863fc0,-0.00102423877,1000000,0,0,00000,1000000,0,0,0000,0xba863fc0,-0.00102423877,0xba863fc0,-0.00102423877,0x00000000,0,0,0
l2,0.0625,0,min-error,metric_min,exp2,0,1,1,0.0305185653,0.0305166841,0.0305166841,0.0305185653,1.8812716e-06,13,raw-and-scaled,7,1,fp7_e1m5,fp7_e2m4,5,4,4,1184,13,exp1,308527104,308523008,308523008,77130752,0.0305185653,0.0305166841,4096,231396352,-0.00192642212,0x3cfa0212,0.0305185653,0x3f800000,1,0x3e57f800,0.210906982,0x3e57f800,0.210906982,0000110,0,6,00110,0001101,0,13,1101,0x3cbfc000,0.0234069824,0x3bff0000,0.00778198242,0xcaff8000,-8372224,-2093056,-0.499023438
l2,0.0625,0,min-error,metric_min,exp2,0,1,1,0.0305185653,0.0305166841,0.0305166841,0.0305185653,1.8812716e-06,14,raw-and-scaled,7,1,fp7_e1m5,fp7_e2m4,5,4,4,1184,14,exp1,308527104,308523008,308523008,77130752,0.0305185653,0.0305166841,4096,231396352,-0.00192642212,0x3cfa0212,0.0305185653,0x3f800000,1,0x3c9d0100,0.0191655159,0x3c9d0100,0.0191655159,0000000,0,0,00000,0000001,0,1,0001,0x3c9d0100,0.0191655159,0x3b680800,0.0035405159,0xcaba0000,-6094848,-1523712,-0.363296509
l2,0.0625,0,min-error,metric_min,exp2,0,1,1,0.0305185653,0.0305166841,0.0305166841,0.0305185653,1.8812716e-06,15,raw-and-scaled,7,1,fp7_e1m5,fp7_e2m4,5,4,4,1184,15,exp1,308527104,308523008,308523008,77130752,0.0305185653,0.0305166841,4096,231396352,-0.00192642212,0x3cfa0212,0.0305185653,0x3f800000,1,0xbd3dfe00,-0.0463848114,0xbd3dfe00,-0.0463848114,1000001,0,1,00001,1000010,0,2,0010,0xbc77f800,-0.0151348114,0xbc77f800,-0.0151348114,0x00000000,0,0,0
l2,0.0625,0,min-error,metric_min,exp2,0,1,1,0.0305185653,0.0305166841,0.0305166841,0.0305185653,1.8812716e-06,16,raw-and-scaled,7,1,fp7_e1m5,fp7_e2m4,5,4,4,1184,16,exp1,308527104,308523008,308523008,77130752,0.0305185653,0.0305166841,4096,231396352,-0.00192642212,0x3cfa0212,0.0305185653,0x3f800000,1,0xbec1fe00,-0.378890991,0xbec1fe00,-0.378890991,1001100,0,12,01100,1011000,1,8,1000,0xbb7f0000,-0.00389099121,0xbb7f0000,-0.00389099121,0x00000000,0,0,0
l2,0.0625,0,min-error,metric_min,exp2,0,1,1,0.0305185653,0.0305166841,0.0305166841,0.0305185653,1.8812716e-06,17,raw-and-scaled,7,1,fp7_e1m5,fp7_e2m4,5,4,4,1184,17,exp1,308527104,308523008,308523008,77130752,0.0305185653,0.0305166841,4096,231396352,-0.00192642212,0x3cfa0212,0.0305185653,0x3f800000,1,0xbe88c040,-0.267091751,0xbe88c040,-0.267091751,1001000,0,8,01000,1010001,1,1,0001,0xbc8c0400,-0.0170917511,0xbac04000,-0.0014667511,0xca980000,-4980736,-1245184,-0.296936035
l2,0.0625,0,min-error,metric_min,exp2,0,1,1,0.0305185653,0.0305166841,0.0305166841,0.0305185653,1.8812716e-06,18,raw-and-scaled,7,1,fp7_e1m5,fp7_e2m4,5,4,4,1184,18,exp1,308527104,308523008,308523008,77130752,0.0305185653,0.0305166841,4096,231396352,-0.00192642212,0x3cfa0212,0.0305185653,0x3f800000,1,0xbeca0200,-0.394546509,0xbeca0200,-0.394546509,1001100,0,12,01100,1011001,1,9,1001,0xbca02000,-0.0195465088,0xbb808000,-0.00392150879,0xcac04000,-6299648,-1574912,-0.375488281
l2,0.0625,0,min-error,metric_min,exp2,0,1,1,0.0305185653,0.0305166841,0.0305166841,0.0305185653,1.8812716e-06,19,raw-and-scaled,7,1,fp7_e1m5,fp7_e2m4,5,4,4,1184,19,exp1,308527104,308523008,308523008,77130752,0.0305185653,0.0305166841,4096,231396352,-0.00192642212,0x3cfa0212,0.0305185653,0x3f800000,1,0x3bce0200,0.00628685951,0x3bce0200,0.00628685951,0000000,0,0,00000,0000000,0,0,0000,0x3bce0200,0.00628685951,0x3bce0200,0.00628685951,0x00000000,0,0,0
l2,0.0625,0,min-error,metric_min,exp2,0,1,1,0.0305185653,0.0305166841,0.0305166841,0.0305185653,1.8812716e-06,20,raw-and-scaled,7,1,fp7_e1m5,fp7_e2m4,5,4,4,1184,20,exp1,308527104,308523008,308523008,77130752,0.0305185653,0.0305166841,4096,231396352,-0.00192642212,0x3cfa0212,0.0305185653,0x3f800000,1,0x3bc7f800,0.00610256195,0x3bc7f800,0.00610256195,0000000,0,0,00000,0000000,0,0,0000,0x3bc7f800,0.00610256195,0x3bc7f800,0.00610256195,0x00000000,0,0,0
l2,0.0625,0,min-error,metric_min,exp2,0,1,1,0.0305185653,0.0305166841,0.0305166841,0.0305185653,1.8812716e-06,21,raw-and-scaled,7,1,fp7_e1m5,fp7_e2m4,5,4,4,1184,21,exp1,308527104,308523008,308523008,77130752,0.0305185653,0.0305166841,4096,231396352,-0.00192642212,0x3cfa0212,0.0305185653,0x3f800000,1,0x3bd5fe00,0.0065305233,0x3bd5fe00,0.0065305233,0000000,0,0,00000,0000000,0,0,0000,0x3bd5fe00,0.0065305233,0x3bd5fe00,0.0065305233,0x00000000,0,0,0
l2,0.0625,0,min-error,metric_min,exp2,0,1,1,0.0305185653,0.0305166841,0.0305166841,0.0305185653,1.8812716e-06,22,raw-and-scaled,7,1,fp7_e1m5,fp7_e2m4,5,4,4,1184,22,exp1,308527104,308523008,308523008,77130752,0.0305185653,0.0305166841,4096,231396352,-0.00192642212,0x3cfa0212,0.0305185653,0x3f800000,1,0xbcb40400,-0.0219745636,0xbcb40400,-0.0219745636,1000000,0,0,00000,1000001,0,1,0001,0xbcb40400,-0.0219745636,0xbbd01000,-0.0063495636,0xcae80000,-7602176,-1900544,-0.453186035
l2,0.0625,0,min-error,metric_min,exp2,0,1,1,0.0305185653,0.0305166841,0.0305166841,0.0305185653,1.8812716e-06,23,raw-and-scaled,7,1,fp7_e1m5,fp7_e2m4,5,4,4,1184,23,exp1,308527104,308523008,308523008,77130752,0.0305185653,0.0305166841,4096,231396352,-0.00192642212,0x3cfa0212,0.0305185653,0x3f800000,1,0xbbf80800,-0.00756931305,0xbbf80800,-0.00756931305,1000000,0,0,00000,1000000,0,0,0000,0xbbf80800,-0.00756931305,0xbbf80800,-0.00756931305,0x00000000,0,0,0
l2,0.0625,0,min-error,metric_min,exp2,0,1,1,0.0305185653,0.0305166841,0.0305166841,0.0305185653,1.8812716e-06,24,raw-and-scaled,7,1,fp7_e1m5,fp7_e2m4,5,4,4,1184,24,exp1,308527104,308523008,308523008,77130752,0.0305185653,0.0305166841,4096,231396352,-0.00192642212,0x3cfa0212,0.0305185653,0x3f800000,1,0x3f188080,0.595710754,0x3f188080,0.595710754,0010011,0,19,10011,0100011,2,3,0011,0x3b008000,0.00196075439,0x3b008000,0.00196075439,0x00000000,0,0,0
l2,0.0625,0,min-error,metric_min,exp2,0,1,1,0.0305185653,0.0305166841,0.0305166841,0.0305185653,1.8812716e-06,25,raw-and-scaled,7,1,fp7_e1m5,fp7_e2m4,5,4,4,1184,25,exp1,308527104,308523008,308523008,77130752,0.0305185653,0.0305166841,4096,231396352,-0.00192642212,0x3cfa0212,0.0305185653,0x3f800000,1,0xbb198080,-0.00234225392,0xbb198080,-0.00234225392,1000000,0,0,00000,1000000,0,0,0000,0xbb198080,-0.00234225392,0xbb198080,-0.00234225392,0x00000000,0,0,0
l2,0.0625,0,min-error,metric_min,exp2,0,1,1,0.0305185653,0.0305166841,0.0305166841,0.0305185653,1.8812716e-06,26,raw-and-scaled,7,1,fp7_e1m5,fp7_e2m4,5,4,4,1184,26,exp1,308527104,308523008,308523008,77130752,0.0305185653,0.0305166841,4096,231396352,-0.00192642212,0x3cfa0212,0.0305185653,0x3f800000,1,0x3fd40400,1.65637207,0x3fd40400,1.65637207,0110101,1,21,10101,0111010,3,10,1010,0x39000000,0.000122070312,0x3d008000,0.0313720703,0x4b810000,16908288,16908288,1.0078125
l2,0.0625,0,min-error,metric_min,exp2,0,1,1,0.0305185653,0.0305166841,0.0305166841,0.0305185653,1.8812716e-06,27,raw-and-scaled,7,1,fp7_e1m5,fp7_e2m4,5,4,4,1184,27,exp1,308527104,308523008,308523008,77130752,0.0305185653,0.0305166841,4096,231396352,-0.00192642212,0x3cfa0212,0.0305185653,0x3f800000,1,0x3bb80800,0.00561618805,0x3bb80800,0.00561618805,0000000,0,0,00000,0000000,0,0,0000,0x3bb80800,0.00561618805,0x3bb80800,0.00561618805,0x00000000,0,0,0
l2,0.0625,0,min-error,metric_min,exp2,0,1,1,0.0305185653,0.0305166841,0.0305166841,0.0305185653,1.8812716e-06,28,raw-and-scaled,7,1,fp7_e1m5,fp7_e2m4,5,4,4,1184,28,exp1,308527104,308523008,308523008,77130752,0.0305185653,0.0305166841,4096,231396352,-0.00192642212,0x3cfa0212,0.0305185653,0x3f800000,1,0xbf9c8080,-1.22267151,0xbf9c8080,-1.22267151,1100111,1,7,00111,1110011,3,3,0011,0xbb808000,-0.00392150879,0xbd101000,-0.0351715088,0x4ba02000,20987904,20987904,1.25097656
l2,0.0625,0,min-error,metric_min,exp2,0,1,1,0.0305185653,0.0305166841,0.0305166841,0.0305185653,1.8812716e-06,29,raw-and-scaled,7,1,fp7_e1m5,fp7_e2m4,5,4,4,1184,29,exp1,308527104,308523008,308523008,77130752,0.0305185653,0.0305166841,4096,231396352,-0.00192642212,0x3cfa0212,0.0305185653,0x3f800000,1,0x3d8ebfc0,0.0697016716,0x3d8ebfc0,0.0697016716,0000010,0,2,00010,0000100,0,4,0100,0x3bebfc00,0.0072016716,0x3bebfc00,0.0072016716,0x00000000,0,0,0
l2,0.0625,0,min-error,metric_min,exp2,0,1,1,0.0305185653,0.0305166841,0.0305166841,0.0305185653,1.8812716e-06,30,raw-and-scaled,7,1,fp7_e1m5,fp7_e2m4,5,4,4,1184,30,exp1,308527104,308523008,308523008,77130752,0.0305185653,0.0305166841,4096,231396352,-0.00192642212,0x3cfa0212,0.0305185653,0x3f800000,1,0x3e740400,0.238296509,0x3e740400,0.238296509,0000111,0,7,00111,0001111,0,15,1111,0x3ca02000,0.0195465088,0x3b808000,0.00392150879,0xcac04000,-6299648,-1574912,-0.375488281
l2,0.0625,0,min-error,metric_min,exp2,0,1,1,0.0305185653,0.0305166841,0.0305166841,0.0305185653,1.8812716e-06,31,raw-and-scaled,7,1,fp7_e1m5,fp7_e2m4,5,4,4,1184,31,exp1,308527104,308523008,308523008,77130752,0.0305185653,0.0305166841,4096,231396352,-0.00192642212,0x3cfa0212,0.0305185653,0x3f800000,1,0x3cbf0100,0.0233159065,0x3cbf0100,0.0233159065,0000000,0,0,00000,0000001,0,1,0001,0x3cbf0100,0.0233159065,0x3bfc0400,0.00769090652,0xcafe0000,-8323072,-2080768,-0.496109009
l2,0.0625,0,min-error,metric_min,exp2,0,1,1,0.0305185653,0.0305166841,0.0305166841,0.0305185653,1.8812716e-06,32,raw-and-scaled,7,1,fp7_e1m5,fp7_e2m4,5,4,4,1184,32,exp1,308527104,308523008,308523008,77130752,0.0305185653,0.0305166841,4096,231396352,-0.00192642212,0x3cfa0212,0.0305185653,0x3f800000,1,0xbb87f800,-0.00414943695,0xbb87f800,-0.00414943695,1000000,0,0,00000,1000000,0,0,0000,0xbb87f800,-0.00414943695,0xbb87f800,-0.00414943695,0x00000000,0,0,0
l2,0.0625,0,min-error,metric_min,exp2,0,1,1,0.0305185653,0.0305166841,0.0305166841,0.0305185653,1.8812716e-06,33,raw-and-scaled,7,1,fp7_e1m5,fp7_e2m4,5,4,4,1184,33,exp1,308527104,308523008,308523008,77130752,0.0305185653,0.0305166841,4096,231396352,-0.00192642212,0x3cfa0212,0.0305185653,0x3f800000,1,0xbd860200,-0.0654335022,0xbd860200,-0.0654335022,1000010,0,2,00010,1000100,0,4,0100,0xbb404000,-0.0029335022,0xbb404000,-0.0029335022,0x00000000,0,0,0
l2,0.0625,0,min-error,metric_min,exp2,0,1,1,0.0305185653,0.0305166841,0.0305166841,0.0305185653,1.8812716e-06,34,raw-and-scaled,7,1,fp7_e1m5,fp7_e2m4,5,4,4,1184,34,exp1,308527104,308523008,308523008,77130752,0.0305185653,0.0305166841,4096,231396352,-0.00192642212,0x3cfa0212,0.0305185653,0x3f800000,1,0xbcc4ff00,-0.0240473747,0xbcc4ff00,-0.0240473747,1000000,0,0,00000,1000001,0,1,0001,0xbcc4ff00,-0.0240473747,0xbc09fe00,-0.00842237473,0xcb04f000,-8712192,-2178048,-0.519515991
l2,0.0625,0,min-error,metric_min,exp2,0,1,1,0.0305185653,0.0305166841,0.0305166841,0.0305185653,1.8812716e-06,35,raw-and-scaled,7,1,fp7_e1m5,fp7_e2m4,5,4,4,1184,35,exp1,308527104,308523008,308523008,77130752,0.0305185653,0.0305166841,4096,231396352,-0.00192642212,0x3cfa0212,0.0305185653,0x3f800000,1,0x3b237f80,0.00249478221,0x3b237f80,0.00249478221,0000000,0,0,00000,0000000,0,0,0000,0x3b237f80,0.00249478221,0x3b237f80,0.00249478221,0x00000000,0,0,0
l2,0.0625,0,min-error,metric_min,exp2,0,1,1,0.0305185653,0.0305166841,0.0305166841,0.0305185653,1.8812716e-06,36,raw-and-scaled,7,1,fp7_e1m5,fp7_e2m4,5,4,4,1184,36,exp1,308527104,308523008,308523008,77130752,0.0305185653,0.0305166841,4096,231396352,-0.00192642212,0x3cfa0212,0.0305185653,0x3f800000,1,0xbb920200,-0.00445580482,0xbb920200,-0.00445580482,1000000,0,0,00000,1000000,0,0,0000,0xbb920200,-0.00445580482,0xbb920200,-0.00445580482,0x00000000,0,0,0
l2,0.0625,0,min-error,metric_min,exp2,0,1,1,0.0305185653,0.0305166841,0.0305166841,0.0305185653,1.8812716e-06,37,raw-and-scaled,7,1,fp7_e1m5,fp7_e2m4,5,4,4,1184,37,exp1,308527104,308523008,308523008,77130752,0.0305185653,0.0305166841,4096,231396352,-0.00192642212,0x3cfa0212,0.0305185653,0x3f800000,1,0x3fa58080,1.29298401,0x3fa58080,1.29298401,0101001,1,9,01001,0110100,3,4,0100,0x3c404000,0.0117340088,0x3d301000,0.0429840088,0x4be02000,29376512,29376512,1.75097656
l2,0.0625,0,min-error,metric_min,exp2,0,1,1,0.0305185653,0.0305166841,0.0305166841,0.0305185653,1.8812716e-06,38,raw-and-scaled,7,1,fp7_e1m5,fp7_e2m4,5,4,4,1184,38,exp1,308527104,308523008,308523008,77130752,0.0305185653,0.0305166841,4096,231396352,-0.00192642212,0x3cfa0212,0.0305185653,0x3f800000,1,0x3fe7f800,1.81225586,0x3fe7f800,1.81225586,0111001,1,25,11001,0111100,3,12,1100,0x3cfe0000,0.0310058594,0x3d7f0000,0.0622558594,0x4c3f0000,50069504,50069504,2.984375
l2,0.0625,0,min-error,metric_min,exp2,0,1,1,0.0305185653,0.0305166841,0.0305166841,0.0305185653,1.8812716e-06,39,raw-and-scaled,7,1,fp7_e1m5,fp7_e2m4,5,4,4,1184,39,exp1,308527104,308523008,308523008,77130752,0.0305185653,0.0305166841,4096,231396352,-0.00192642212,0x3cfa0212,0.0305185653,0x3f800000,1,0x3b4eff00,0.00315850973,0x3b4eff00,0.00315850973,0000000,0,0,00000,0000000,0,0,0000,0x3b4eff00,0.00315850973,0x3b4eff00,0.00315850973,0x00000000,0,0,0
l2,0.0625,0,min-error,metric_min,exp2,0,1,1,0.0305185653,0.0305166841,0.0305166841,0.0305185653,1.8812716e-06,40,raw-and-scaled,7,1,fp7_e1m5,fp7_e2m4,5,4,4,1184,40,exp1,308527104,308523008,308523008,77130752,0.0305185653,0.0305166841,4096,231396352,-0.00192642212,0x3cfa0212,0.0305185653,0x3f800000,1,0x3c144040,0.00904852152,0x3c144040,0.00904852152,0000000,0,0,00000,0000000,0,0,0000,0x3c144040,0.00904852152,0x3c144040,0.00904852152,0x00000000,0,0,0
l2,0.0625,0,min-error,metric_min,exp2,0,1,1,0.0305185653,0.0305166841,0.0305166841,0.0305185653,1.8812716e-06,41,raw-and-scaled,7,1,fp7_e1m5,fp7_e2m4,5,4,4,1184,41,exp1,308527104,308523008,308523008,77130752,0.0305185653,0.0305166841,4096,231396352,-0.00192642212,0x3cfa0212,0.0305185653,0x3f800000,1,0x3d17f800,0.0371017456,0x3d17f800,0.0371017456,0000001,0,1,00001,0000010,0,2,0010,0x3bbfc000,0.00585174561,0x3bbfc000,0.00585174561,0x00000000,0,0,0
l2,0.0625,0,min-error,metric_min,exp2,0,1,1,0.0305185653,0.0305166841,0.0305166841,0.0305185653,1.8812716e-06,42,raw-and-scaled,7,1,fp7_e1m5,fp7_e2m4,5,4,4,1184,42,exp1,308527104,308523008,308523008,77130752,0.0305185653,0.0305166841,4096,231396352,-0.00192642212,0x3cfa0212,0.0305185653,0x3f800000,1,0x3ba80800,0.0051279068,0x3ba80800,0.0051279068,0000000,0,0,00000,0000000,0,0,0000,0x3ba80800,0.0051279068,0x3ba80800,0.0051279068,0x00000000,0,0,0
l2,0.0625,0,min-error,metric_min,exp2,0,1,1,0.0305185653,0.0305166841,0.0305166841,0.0305185653,1.8812716e-06,43,raw-and-scaled,7,1,fp7_e1m5,fp7_e2m4,5,4,4,1184,43,exp1,308527104,308523008,308523008,77130752,0.0305185653,0.0305166841,4096,231396352,-0.00192642212,0x3cfa0212,0.0305185653,0x3f800000,1,0xbd5bfc00,-0.0537071228,0xbd5bfc00,-0.0537071228,1000001,0,1,00001,1000011,0,3,0011,0xbcb7f800,-0.0224571228,0xbbdfe000,-0.0068321228,0xcaefe000,-7860224,-1965056,-0.46862793
l2,0.0625,0,min-error,metric_min,exp2,0,1,1,0.0305185653,0.0305166841,0.0305166841,0.0305185653,1.8812716e-06,44,raw-and-scaled,7,1,fp7_e1m5,fp7_e2m4,5,4,4,1184,44,exp1,308527104,308523008,308523008,77130752,0.0305185653,0.0305166841,4096,231396352,-0.00192642212,0x3cfa0212,0.0305185653,0x3f800000,1,0xbd590100,-0.0529794693,0xbd590100,-0.0529794693,1000001,0,1,00001,1000011,0,3,0011,0xbcb20200,-0.0217294693,0xbbc80800,-0.0061044693,0xcae40000,-7471104,-1867776,-0.445343018
l2,0.0625,0,min-error,metric_min,exp2,0,1,1,0.0305185653,0.0305166841,0.0305166841,0.0305185653,1.8812716e-06,45,raw-and-scaled,7,1,fp7_e1m5,fp7_e2m4,5,4,4,1184,45,exp1,308527104,308523008,308523008,77130752,0.0305185653,0.0305166841,4096,231396352,-0.00192642212,0x3cfa0212,0.0305185653,0x3f800000,1,0x3e2d7f80,0.169431686,0x3e2d7f80,0.169431686,0000101,0,5,00101,0001010,0,10,1010,0x3c57f800,0.0131816864,0x3c57f800,0.0131816864,0x00000000,0,0,0
l2,0.0625,0,min-error,metric_min,exp2,0,1,1,0.0305185653,0.0305166841,0.0305166841,0.0305185653,1.8812716e-06,46,raw-and-scaled,7,1,fp7_e1m5,fp7_e2m4,5,4,4,1184,46,exp1,308527104,308523008,308523008,77130752,0.0305185653,0.0305166841,4096,231396352,-0.00192642212,0x3cfa0212,0.0305185653,0x3f800000,1,0x3d67f800,0.0566329956,0x3d67f800,0.0566329956,0000001,0,1,00001,0000011,0,3,0011,0x3ccff000,0.0253829956,0x3c1fe000,0.00975799561,0xcb0ff000,-9433088,-2358272,-0.562255859
l2,0.0625,0,min-error,metric_min,exp2,0,1,1,0.0305185653,0.0305166841,0.0305166841,0.0305185653,1.8812716e-06,47,raw-and-scaled,7,1,fp7_e1m5,fp7_e2m4,5,4,4,1184,47,exp1,308527104,308523008,308523008,77130752,0.0305185653,0.0305166841,4096,231396352,-0.00192642212,0x3cfa0212,0.0305185653,0x3f800000,1,0xbe2f8080,-0.171388626,0xbe2f8080,-0.171388626,1000101,0,5,00101,1001010,0,10,1010,0xbc780800,-0.0151386261,0xbc780800,-0.0151386261,0x00000000,0,0,0
l2,0.0625,0,min-error,metric_min,exp2,0,1,1,0.0305185653,0.0305166841,0.0305166841,0.0305185653,1.8812716e-06,48,raw-and-scaled,7,1,fp7_e1m5,fp7_e2m4,5,4,4,1184,48,exp1,308527104,308523008,308523008,77130752,0.0305185653,0.0305166841,4096,231396352,-0.00192642212,0x3cfa0212,0.0305185653,0x3f800000,1,0xbec20200,-0.378921509,0xbec20200,-0.378921509,1001100,0,12,01100,1011000,1,8,1000,0xbb808000,-0.00392150879,0xbb808000,-0.00392150879,0x00000000,0,0,0
l2,0.0625,0,min-error,metric_min,exp2,0,1,1,0.0305185653,0.0305166841,0.0305166841,0.0305185653,1.8812716e-06,49,raw-and-scaled,7,1,fp7_e1m5,fp7_e2m4,5,4,4,1184,49,exp1,308527104,308523008,308523008,77130752,0.0305185653,0.0305166841,4096,231396352,-0.00192642212,0x3cfa0212,0.0305185653,0x3f800000,1,0xbfc5fe00,-1.54681396,0xbfc5fe00,-1.54681396,1110001,1,17,10001,1111000,3,8,1000,0xbc7f0000,-0.0155639648,0xbd3fc000,-0.0468139648,0x4bff8000,33488896,33488896,1.99609375
l2,0.0625,0,min-error,metric_min,exp2,0,1,1,0.0305185653,0.0305166841,0.0305166841,0.0305185653,1.8812716e-06,50,raw-and-scaled,7,1,fp7_e1m5,fp7_e2m4,5,4,4,1184,50,exp1,308527104,308523008,308523008,77130752,0.0305185653,0.0305166841,4096,231396352,-0.00192642212,0x3cfa0212,0.0305185653,0x3f800000,1,0x3f993fc0,1.197258,0x3f993fc0,1.197258,0100110,1,6,00110,0110011,3,3,0011,0x3c1fe000,0.00975799561,0x3c1fe000,0.00975799561,0x00000000,0,0,0
l2,0.0625,0,min-error,metric_min,exp2,0,1,1,0.0305185653,0.0305166841,0.0305166841,0.0305185653,1.8812716e-06,51,raw-and-scaled,7,1,fp7_e1m5,fp7_e2m4,5,4,4,1184,51,exp1,308527104,308523008,308523008,77130752,0.0305185653,0.0305166841,4096,231396352,-0.00192642212,0x3cfa0212,0.0305185653,0x3f800000,1,0x3f338080,0.701179504,0x3f338080,0.701179504,0010110,0,22,10110,0100110,2,6,0110,0x3c602000,0.0136795044,0x3c602000,0.0136795044,0x00000000,0,0,0
l2,0.0625,0,min-error,metric_min,exp2,0,1,1,0.0305185653,0.0305166841,0.0305166841,0.0305185653,1.8812716e-06,52,raw-and-scaled,7,1,fp7_e1m5,fp7_e2m4,5,4,4,1184,52,exp1,308527104,308523008,308523008,77130752,0.0305185653,0.0305166841,4096,231396352,-0.00192642212,0x3cfa0212,0.0305185653,0x3f800000,1,0xbfc80800,-1.56274414,0xbfc80800,-1.56274414,1110010,1,18,10010,1111001,3,9,1001,0xb9800000,-0.000244140625,0xb9800000,-0.000244140625,0x00000000,0,0,0
l2,0.0625,0,min-error,metric_min,exp2,0,1,1,0.0305185653,0.0305166841,0.0305166841,0.0305185653,1.8812716e-06,53,raw-and-scaled,7,1,fp7_e1m5,fp7_e2m4,5,4,4,1184,53,exp1,308527104,308523008,308523008,77130752,0.0305185653,0.0305166841,4096,231396352,-0.00192642212,0x3cfa0212,0.0305185653,0x3f800000,1,0xbcd80800,-0.0263710022,0xbcd80800,-0.0263710022,1000000,0,0,00000,1000001,0,1,0001,0xbcd80800,-0.0263710022,0xbc301000,-0.0107460022,0xcb180000,-9961472,-2490368,-0.59387207
l2,0.0625,0,min-error,metric_min,exp2,0,1,1,0.0305185653,0.0305166841,0.0305166841,0.0305185653,1.8812716e-06,54,raw-and-scaled,7,1,fp7_e1m5,fp7_e2m4,5,4,4,1184,54,exp1,308527104,308523008,308523008,77130752,0.0305185653,0.0305166841,4096,231396352,-0.00192642212,0x3cfa0212,0.0305185653,0x3f800000,1,0xbc1b3fc0,-0.0094756484,0xbc1b3fc0,-0.0094756484,1000000,0,0,00000,1000000,0,0,0000,0xbc1b3fc0,-0.0094756484,0xbc1b3fc0,-0.0094756484,0x00000000,0,0,0
l2,0.0625,0,min-error,metric_min,exp2,0,1,1,0.0305185653,0.0305166841,0.0305166841,0.0305185653,1.8812716e-06,55,raw-and-scaled,7,1,fp7_e1m5,fp7_e2m4,5,4,4,1184,55,exp1,308527104,308523008,308523008,77130752,0.0305185653,0.0305166841,4096,231396352,-0.00192642212,0x3cfa0212,0.0305185653,0x3f800000,1,0xbf377f80,-0.716789246,0xbf377f80,-0.716789246,1010110,0,22,10110,1100110,2,6,0110,0xbceff000,-0.0292892456,0xbceff000,-0.0292892456,0x00000000,0,0,0
l2,0.0625,0,min-error,metric_min,exp2,0,1,1,0.0305185653,0.0305166841,0.0305166841,0.0305185653,1.8812716e-06,56,raw-and-scaled,7,1,fp7_e1m5,fp7_e2m4,5,4,4,1184,56,exp1,308527104,308523008,308523008,77130752,0.0305185653,0.0305166841,4096,231396352,-0.00192642212,0x3cfa0212,0.0305185653,0x3f800000,1,0x3de1fe00,0.110347748,0x3de1fe00,0.110347748,0000011,0,3,00011,0000111,0,7,0111,0x3c87f800,0.0165977478,0x3a7f0000,0.000972747803,0xca8fe000,-4714496,-1178624,-0.28112793
l2,0.0625,0,min-error,metric_min,exp2,0,1,1,0.0305185653,0.0305166841,0.0305166841,0.0305185653,1.8812716e-06,57,raw-and-scaled,7,1,fp7_e1m5,fp7_e2m4,5,4,4,1184,57,exp1,308527104,308523008,308523008,77130752,0.0305185653,0.0305166841,4096,231396352,-0.00192642212,0x3cfa0212,0.0305185653,0x3f800000,1,0x3b180800,0.00231981277,0x3b180800,0.00231981277,0000000,0,0,00000,0000000,0,0,0000,0x3b180800,0.00231981277,0x3b180800,0.00231981277,0x00000000,0,0,0
l2,0.0625,0,min-error,metric_min,exp2,0,1,1,0.0305185653,0.0305166841,0.0305166841,0.0305185653,1.8812716e-06,58,raw-and-scaled,7,1,fp7_e1m5,fp7_e2m4,5,4,4,1184,58,exp1,308527104,308523008,308523008,77130752,0.0305185653,0.0305166841,4096,231396352,-0.00192642212,0x3cfa0212,0.0305185653,0x3f800000,1,0xbbf50100,-0.00747692585,0xbbf50100,-0.00747692585,1000000,0,0,00000,1000000,0,0,0000,0xbbf50100,-0.00747692585,0xbbf50100,-0.00747692585,0x00000000,0,0,0
l2,0.0625,0,min-error,metric_min,exp2,0,1,1,0.0305185653,0.0305166841,0.0305166841,0.0305185653,1.8812716e-06,59,raw-and-scaled,7,1,fp7_e1m5,fp7_e2m4,5,4,4,1184,59,exp1,308527104,308523008,308523008,77130752,0.0305185653,0.0305166841,4096,231396352,-0.00192642212,0x3cfa0212,0.0305185653,0x3f800000,1,0xbbbb8080,-0.0057221055,0xbbbb8080,-0.0057221055,1000000,0,0,00000,1000000,0,0,0000,0xbbbb8080,-0.0057221055,0xbbbb8080,-0.0057221055,0x00000000,0,0,0
l2,0.0625,0,min-error,metric_min,exp2,0,1,1,0.0305185653,0.0305166841,0.0305166841,0.0305185653,1.8812716e-06,60,raw-and-scaled,7,1,fp7_e1m5,fp7_e2m4,5,4,4,1184,60,exp1,308527104,308523008,308523008,77130752,0.0305185653,0.0305166841,4096,231396352,-0.00192642212,0x3cfa0212,0.0305185653,0x3f800000,1,0xbcbc8080,-0.0230104923,0xbcbc8080,-0.0230104923,1000000,0,0,00000,1000001,0,1,0001,0xbcbc8080,-0.0230104923,0xbbf20200,-0.00738549232,0xcaf90000,-8159232,-2039808,-0.486335784
l2,0.0625,0,min-error,metric_min,exp2,0,1,1,0.0305185653,0.0305166841,0.0305166841,0.0305185653,1.8812716e-06,61,raw-and-scaled,7,1,fp7_e1m5,fp7_e2m4,5,4,4,1184,61,exp1,308527104,308523008,308523008,77130752,0.0305185653,0.0305166841,4096,231396352,-0.00192642212,0x3cfa0212,0.0305185653,0x3f800000,1,0x3efaff00,0.490226746,0x3efaff00,0.490226746,0001111,0,15,01111,0011111,1,15,1111,0x3caff000,0.0214767456,0x3bbfc000,0.00585174561,0xcadfe000,-7335936,-1833984,-0.437255859
l2,0.0625,0,min-error,metric_min,exp2,0,1,1,0.0305185653,0.0305166841,0.0305166841,0.0305185653,1.8812716e-06,62,raw-and-scaled,7,1,fp7_e1m5,fp7_e2m4,5,4,4,1184,62,exp1,308527104,308523008,308523008,77130752,0.0305185653,0.0305166841,4096,231396352,-0.00192642212,0x3cfa0212,0.0305185653,0x3f800000,1,0xbfbe7f80,-1.48826599,0xbfbe7f80,-1.48826599,1101111,1,15,01111,1110111,3,7,0111,0xbc9fe000,-0.0195159912,0xbd4ff000,-0.0507659912,0x4c0ff000,37732352,37732352,2.24902344
l2,0.0625,0,min-error,metric_min,exp2,0,1,1,0.0305185653,0.0305166841,0.0305166841,0.0305185653,1.8812716e-06,63,raw-and-scaled,7,1,fp7_e1m5,fp7_e2m4,5,4,4,1184,63,exp1,308527104,308523008,308523008,77130752,0.0305185653,0.0305166841,4096,231396352,-0.00192642212,0x3cfa0212,0.0305185653,0x3f800000,1,0xbffc0400,-1.96887207,0xbffc0400,-1.96887207,1111111,1,31,11111,1111111,3,15,1111,0xb9000000,-0.000122070312,0xbd008000,-0.0313720703,0x4b810000,16908288,16908288,1.0078125
l2,0.0625,0,min-error,metric_min,exp2,0,1,1,0.0305185653,0.0305166841,0.0305166841,0.0305185653,1.8812716e-06,64,raw-and-scaled,7,1,fp7_e1m5,fp7_e2m4,5,4,4,1184,64,exp1,308527104,308523008,308523008,77130752,0.0305185653,0.0305166841,4096,231396352,-0.00192642212,0x3cfa0212,0.0305185653,0x3f800000,1,0x3c820200,0.0158700943,0x3c820200,0.0158700943,0000000,0,0,00000,0000001,0,1,0001,0x3c820200,0.0158700943,0x39808000,0.000245094299,0xca840000,-4325376,-1081344,-0.257843018
l2,0.0625,0,min-error,metric_min,exp2,0,1,1,0.0305185653,0.0305166841,0.0305166841,0.0305185653,1.8812716e-06,65,raw-and-scaled,7,1,fp7_e1m5,fp7_e2m4,5,4,4,1184,65,exp1,308527104,308523008,308523008,77130752,0.0305185653,0.0305166841,4096,231396352,-0.00192642212,0x3cfa0212,0.0305185653,0x3f800000,1,0xbea0c040,-0.313966751,0xbea0c040,-0.313966751,1001010,0,10,01010,1010100,1,4,0100,0xbac04000,-0.0014667511,0xbac04000,-0.0014667511,0x00000000,0,0,0
l2,0.0625,0,min-error,metric_min,exp2,0,1,1,0.0305185653,0.0305166841,0.0305166841,0.0305185653,1.8812716e-06,66,raw-and-scaled,7,1,fp7_e1m5,fp7_e2m4,5,4,4,1184,66,exp1,308527104,308523008,308523008,77130752,0.0305185653,0.0305166841,4096,231396352,-0.00192642212,0x3cfa0212,0.0305185653,0x3f800000,1,0x3f940400,1.15637207,0x3f940400,1.15637207,0100101,1,5,00101,0110010,3,2,0010,0x39000000,0.000122070312,0x3d008000,0.0313720703,0x4b810000,16908288,16908288,1.0078125
l2,0.0625,0,min-error,metric_min,exp2,0,1,1,0.0305185653,0.0305166841,0.0305166841,0.0305185653,1.8812716e-06,67,raw-and-scaled,7,1,fp7_e1m5,fp7_e2m4,5,4,4,1184,67,exp1,308527104,308523008,308523008,77130752,0.0305185653,0.0305166841,4096,231396352,-0.00192642212,0x3cfa0212,0.0305185653,0x3f800000,1,0x3a8e0200,0.00108343363,0x3a8e0200,0.00108343363,0000000,0,0,00000,0000000,0,0,0000,0x3a8e0200,0.00108343363,0x3a8e0200,0.00108343363,0x00000000,0,0,0
l2,0.0625,0,min-error,metric_min,exp2,0,1,1,0.0305185653,0.0305166841,0.0305166841,0.0305185653,1.8812716e-06,68,raw-and-scaled,7,1,fp7_e1m5,fp7_e2m4,5,4,4,1184,68,exp1,308527104,308523008,308523008,77130752,0.0305185653,0.0305166841,4096,231396352,-0.00192642212,0x3cfa0212,0.0305185653,0x3f800000,1,0x3f120200,0.570343018,0x3f120200,0.570343018,0010010,0,18,10010,0100010,2,2,0010,0x3c008000,0.00784301758,0x3c008000,0.00784301758,0x00000000,0,0,0
l2,0.0625,0,min-error,metric_min,exp2,0,1,1,0.0305185653,0.0305166841,0.0305166841,0.0305185653,1.8812716e-06,69,raw-and-scaled,7,1,fp7_e1m5,fp7_e2m4,5,4,4,1184,69,exp1,308527104,308523008,308523008,77130752,0.0305185653,0.0305166841,4096,231396352,-0.00192642212,0x3cfa0212,0.0305185653,0x3f800000,1,0xbf57f800,-0.84362793,0xbf57f800,-0.84362793,1011010,0,26,11010,1101010,2,10,1010,0xbcff0000,-0.0311279297,0xbcff0000,-0.0311279297,0x00000000,0,0,0
l2,0.0625,0,min-error,metric_min,exp2,0,1,1,0.0305185653,0.0305166841,0.0305166841,0.0305185653,1.8812716e-06,70,raw-and-scaled,7,1,fp7_e1m5,fp7_e2m4,5,4,4,1184,70,exp1,308527104,308523008,308523008,77130752,0.0305185653,0.0305166841,4096,231396352,-0.00192642212,0x3cfa0212,0.0305185653,0x3f800000,1,0x3d67f800,0.0566329956,0x3d67f800,0.0566329956,0000001,0,1,00001,0000011,0,3,0011,0x3ccff000,0.0253829956,0x3c1fe000,0.00975799561,0xcb0ff000,-9433088,-2358272,-0.562255859
l2,0.0625,0,min-error,metric_min,exp2,0,1,1,0.0305185653,0.0305166841,0.0305166841,0.0305185653,1.8812716e-06,71,raw-and-scaled,7,1,fp7_e1m5,fp7_e2m4,5,4,4,1184,71,exp1,308527104,308523008,308523008,77130752,0.0305185653,0.0305166841,4096,231396352,-0.00192642212,0x3cfa0212,0.0305185653,0x3f800000,1,0xbc1dfe00,-0.00964307785,0xbc1dfe00,-0.00964307785,1000000,0,0,00000,1000000,0,0,0000,0xbc1dfe00,-0.00964307785,0xbc1dfe00,-0.00964307785,0x00000000,0,0,0
l2,0.0625,0,min-error,metric_min,exp2,0,1,1,0.0305185653,0.0305166841,0.0305166841,0.0305185653,1.8812716e-06,72,raw-and-scaled,7,1,fp7_e1m5,fp7_e2m4,5,4,4,1184,72,exp1,308527104,308523008,308523008,77130752,0.0305185653,0.0305166841,4096,231396352,-0.00192642212,0x3cfa0212,0.0305185653,0x3f800000,1,0xbd487f80,-0.0489497185,0xbd487f80,-0.0489497185,1000001,0,1,00001,1000011,0,3,0011,0xbc90ff00,-0.0176997185,0xbb07f800,-0.00207471848,0xcaa1e000,-5304320,-1326080,-0.316390991
l2,0.0625,0,min-error,metric_min,exp2,0,1,1,0.0305185653,0.0305166841,0.0305166841,0.0305185653,1.8812716e-06,73,raw-and-scaled,7,1,fp7_e1m5,fp7_e2m4,5,4,4,1184,73,exp1,308527104,308523008,308523008,77130752,0.0305185653,0.0305166841,4096,231396352,-0.00192642212,0x3cfa0212,0.0305185653,0x3f800000,1,0x3c12ff00,0.00897192955,0x3c12ff00,0.00897192955,0000000,0,0,00000,0000000,0,0,0000,0x3c12ff00,0.00897192955,0x3c12ff00,0.00897192955,0x00000000,0,0,0
l2,0.0625,0,min-error,metric_min,exp2,0,1,1,0.0305185653,0.0305166841,0.0305166841,0.0305185653,1.8812716e-06,74,raw-and-scaled,7,1,fp7_e1m5,fp7_e2m4,5,4,4,1184,74,exp1,308527104,308523008,308523008,77130752,0.0305185653,0.0305166841,4096,231396352,-0.00192642212,0x3cfa0212,0.0305185653,0x3f800000,1,0xbe540400,-0.207046509,0xbe540400,-0.207046509,1000110,0,6,00110,1001101,0,13,1101,0xbca02000,-0.0195465088,0xbb808000,-0.00392150879,0xcac04000,-6299648,-1574912,-0.375488281
l2,0.0625,0,min-error,metric_min,exp2,0,1,1,0.0305185653,0.0305166841,0.0305166841,0.0305185653,1.8812716e-06,75,raw-and-scaled,7,1,fp7_e1m5,fp7_e2m4,5,4,4,1184,75,exp1,308527104,308523008,308523008,77130752,0.0305185653,0.0305166841,4096,231396352,-0.00192642212,0x3cfa0212,0.0305185653,0x3f800000,1,0xbc37f800,-0.0112285614,0xbc37f800,-0.0112285614,1000000,0,0,00000,1000000,0,0,0000,0xbc37f800,-0.0112285614,0xbc37f800,-0.0112285614,0x00000000,0,0,0
l2,0.0625,0,min-error,metric_min,exp2,0,1,1,0.0305185653,0.0305166841,0.0305166841,0.0305185653,1.8812716e-06,76,raw-and-scaled,7,1,fp7_e1m5,fp7_e2m4,5,4,4,1184,76,exp1,308527104,308523008,308523008,77130752,0.0305185653,0.0305166841,4096,231396352,-0.00192642212,0x3cfa0212,0.0305185653,0x3f800000,1,0xbf98ff00,-1.19528198,0xbf98ff00,-1.19528198,1100110,1,6,00110,1110011,3,3,0011,0xbbff0000,-0.00778198242,0xbbff0000,-0.00778198242,0x00000000,0,0,0
l2,0.0625,0,min-error,metric_min,exp2,0,1,1,0.0305185653,0.0305166841,0.0305166841,0.0305185653,1.8812716e-06,77,raw-and-scaled,7,1,fp7_e1m5,fp7_e2m4,5,4,4,1184,77,exp1,308527104,308523008,308523008,77130752,0.0305185653,0.0305166841,4096,231396352,-0.00192642212,0x3cfa0212,0.0305185653,0x3f800000,1,0xbeec0400,-0.460968018,0xbeec0400,-0.460968018,1001110,0,14,01110,1011101,1,13,1101,0xbcc04000,-0.0234680176,0xbc008000,-0.00784301758,0xcb004000,-8404992,-2101248,-0.500976562
l2,0.0625,0,min-error,metric_min,exp2,0,1,1,0.0305185653,0.0305166841,0.0305166841,0.0305185653,1.8812716e-06,78,raw-and-scaled,7,1,fp7_e1m5,fp7_e2m4,5,4,4,1184,78,exp1,308527104,308523008,308523008,77130752,0.0305185653,0.0305166841,4096,231396352,-0.00192642212,0x3cfa0212,0.0305185653,0x3f800000,1,0xbd273fc0,-0.0408322811,0xbd273fc0,-0.0408322811,1000001,0,1,00001,1000010,0,2,0010,0xbc1cff00,-0.00958228111,0xbc1cff00,-0.00958228111,0x00000000,0,0,0
l2,0.0625,0,min-error,metric_min,exp2,0,1,1,0.0305185653,0.0305166841,0.0305166841,0.0305185653,1.8812716e-06,79,raw-and-scaled,7,1,fp7_e1m5,fp7_e2m4,5,4,4,1184,79,exp1,308527104,308523008,308523008,77130752,0.0305185653,0.0305166841,4096,231396352,-0.00192642212,0x3cfa0212,0.0305185653,0x3f800000,1,0x3e1f0100,0.155277252,0x3e1f0100,0.155277252,0000100,0,4,00100,0001001,0,9,1001,0x3cf80800,0.0302772522,0x3c701000,0.0146522522,0xcb380000,-12058624,-3014656,-0.71887207
l2,0.0625,0,min-error,metric_min,exp2,0,1,1,0.0305185653,0.0305166841,0.0305166841,0.0305185653,1.8812716e-06,80,raw-and-scaled,7,1,fp7_e1m5,fp7_e2m4,5,4,4,1184,80,exp1,308527104,308523008,308523008,77130752,0.0305185653,0.0305166841,4096,231396352,-0.00192642212,0x3cfa0212,0.0305185653,0x3f800000,1,0xbaa0ff00,-0.00122830272,0xbaa0ff00,-0.00122830272,1000000,0,0,00000,1000000,0,0,0000,0xbaa0ff00,-0.00122830272,0xbaa0ff00,-0.00122830272,0x00000000,0,0,0
l2,0.0625,0,min-error,metric_min,exp2,0,1,1,0.0305185653,0.0305166841,0.0305166841,0.0305185653,1.8812716e-06,81,raw-and-scaled,7,1,fp7_e1m5,fp7_e2m4,5,4,4,1184,81,exp1,308527104,308523008,308523008,77130752,0.0305185653,0.0305166841,4096,231396352,-0.00192642212,0x3cfa0212,0.0305185653,0x3f800000,1,0xbf8c0400,-1.09387207,0xbf8c0400,-1.09387207,1100011,1,3,00011,1110001,3,1,0001,0xb9000000,-0.000122070312,0xbd008000,-0.0313720703,0x4b810000,16908288,16908288,1.0078125
l2,0.0625,0,min-error,metric_min,exp2,0,1,1,0.0305185653,0.0305166841,0.0305166841,0.0305185653,1.8812716e-06,82,raw-and-scaled,7,1,fp7_e1m5,fp7_e2m4,5,4,4,1184,82,exp1,308527104,308523008,308523008,77130752,0.0305185653,0.0305166841,4096,231396352,-0.00192642212,0x3cfa0212,0.0305185653,0x3f800000,1,0x3e940400,0.289093018,0x3e940400,0.289093018,0001001,0,9,01001,0010010,1,2,0010,0x3c008000,0.00784301758,0x3c008000,0.00784301758,0x00000000,0,0,0
l2,0.0625,0,min-error,metric_min,exp2,0,1,1,0.0305185653,0.0305166841,0.0305166841,0.0305185653,1.8812716e-06,83,raw-and-scaled,7,1,fp7_e1m5,fp7_e2m4,5,4,4,1184,83,exp1,308527104,308523008,308523008,77130752,0.0305185653,0.0305166841,4096,231396352,-0.00192642212,0x3cfa0212,0.0305185653,0x3f800000,1,0xbf37f800,-0.71862793,0xbf37f800,-0.71862793,1010110,0,22,10110,1100110,2,6,0110,0xbcff0000,-0.0311279297,0xbcff0000,-0.0311279297,0x00000000,0,0,0
l2,0.0625,0,min-error,metric_min,exp2,0,1,1,0.0305185653,0.0305166841,0.0305166841,0.0305185653,1.8812716e-06,84,raw-and-scaled,7,1,fp7_e1m5,fp7_e2m4,5,4,4,1184,84,exp1,308527104,308523008,308523008,77130752,0.0305185653,0.0305166841,4096,231396352,-0.00192642212,0x3cfa0212,0.0305185653,0x3f800000,1,0xbb290100,-0.00257879496,0xbb290100,-0.00257879496,1000000,0,0,00000,1000000,0,0,0000,0xbb290100,-0.00257879496,0xbb290100,-0.00257879496,0x00000000,0,0,0
l2,0.0625,0,min-error,metric_min,exp2,0,1,1,0.0305185653,0.0305166841,0.0305166841,0.0305185653,1.8812716e-06,85,raw-and-scaled,7,1,fp7_e1m5,fp7_e2m4,5,4,4,1184,85,exp1,308527104,308523008,308523008,77130752,0.0305185653,0.0305166841,4096,231396352,-0.00192642212,0x3cfa0212,0.0305185653,0x3f800000,1,0xbc2c0400,-0.0104990005,0xbc2c0400,-0.0104990005,1000000,0,0,00000,1000000,0,0,0000,0xbc2c0400,-0.0104990005,0xbc2c0400,-0.0104990005,0x00000000,0,0,0
l2,0.0625,0,min-error,metric_min,exp2,0,1,1,0.0305185653,0.0305166841,0.0305166841,0.0305185653,1.8812716e-06,86,raw-and-scaled,7,1,fp7_e1m5,fp7_e2m4,5,4,4,1184,86,exp1,308527104,308523008,308523008,77130752,0.0305185653,0.0305166841,4096,231396352,-0.00192642212,0x3cfa0212,0.0305185653,0x3f800000,1,0xbcab3fc0,-0.0209044218,0xbcab3fc0,-0.0209044218,1000000,0,0,00000,1000001,0,1,0001,0xbcab3fc0,-0.0209044218,0xbbacff00,-0.00527942181,0xcad66000,-7024640,-1756160,-0.418941498
l2,0.0625,0,min-error,metric_min,exp2,0,1,1,0.0305185653,0.0305166841,0.0305166841,0.0305185653,1.8812716e-06,87,raw-and-scaled,7,1,fp7_e1m5,fp7_e2m4,5,4,4,1184,87,exp1,308527104,308523008,308523008,77130752,0.0305185653,0.0305166841,4096,231396352,-0.00192642212,0x3cfa0212,0.0305185653,0x3f800000,1,0x3aaeff00,0.00133511424,0x3aaeff00,0.00133511424,0000000,0,0,00000,0000000,0,0,0000,0x3aaeff00,0.00133511424,0x3aaeff00,0.00133511424,0x00000000,0,0,0
l2,0.0625,0,min-error,metric_min,exp2,0,1,1,0.0305185653,0.0305166841,0.0305166841,0.0305185653,1.8812716e-06,88,raw-and-scaled,7,1,fp7_e1m5,fp7_e2m4,5,4,4,1184,88,exp1,308527104,308523008,308523008,77130752,0.0305185653,0.0305166841,4096,231396352,-0.00192642212,0x3cfa0212,0.0305185653,0x3f800000,1,0xbf2c3fc0,-0.672847748,0xbf2c3fc0,-0.672847748,1010101,0,21,10101,1100101,2,5,0101,0xbc87f800,-0.0165977478,0xbc87f800,-0.0165977478,0x00000000,0,0,0
l2,0.0625,0,min-error,metric_min,exp2,0,1,1,0.0305185653,0.0305166841,0.0305166841,0.0305185653,1.8812716e-06,89,raw-and-scaled,7,1,fp7_e1m5,fp7_e2m4,5,4,4,1184,89,exp1,308527104,308523008,308523008,77130752,0.0305185653,0.0305166841,4096,231396352,-0.00192642212,0x3cfa0212,0.0305185653,0x3f800000,1,0xbd180800,-0.0371170044,0xbd180800,-0.0371170044,1000001,0,1,00001,1000010,0,2,0010,0xbbc04000,-0.00586700439,0xbbc04000,-0.00586700439,0x00000000,0,0,0
l2,0.0625,0,min-error,metric_min,exp2,0,1,1,0.0305185653,0.0305166841,0.0305166841,0.0305185653,1.8812716e-06,90,raw-and-scaled,7,1,fp7_e1m5,fp7_e2m4,5,4,4,1184,90,exp1,308527104,308523008,308523008,77130752,0.0305185653,0.0305166841,4096,231396352,-0.00192642212,0x3cfa0212,0.0305185653,0x3f800000,1,0xbe2d4040,-0.169190407,0xbe2d4040,-0.169190407,1000101,0,5,00101,1001010,0,10,1010,0xbc540400,-0.0129404068,0xbc540400,-0.0129404068,0x00000000,0,0,0
l2,0.0625,0,min-error,metric_min,exp2,0,1,1,0.0305185653,0.0305166841,0.0305166841,0.0305185653,1.8812716e-06,91,raw-and-scaled,7,1,fp7_e1m5,fp7_e2m4,5,4,4,1184,91,exp1,308527104,308523008,308523008,77130752,0.0305185653,0.0305166841,4096,231396352,-0.00192642212,0x3cfa0212,0.0305185653,0x3f800000,1,0x3adbfc00,0.00167834759,0x3adbfc00,0.00167834759,0000000,0,0,00000,0000000,0,0,0000,0x3adbfc00,0.00167834759,0x3adbfc00,0.00167834759,0x00000000,0,0,0
l2,0.0625,0,min-error,metric_min,exp2,0,1,1,0.0305185653,0.0305166841,0.0305166841,0.0305185653,1.8812716e-06,92,raw-and-scaled,7,1,fp7_e1m5,fp7_e2m4,5,4,4,1184,92,exp1,308527104,308523008,308523008,77130752,0.0305185653,0.0305166841,4096,231396352,-0.00192642212,0x3cfa0212,0.0305185653,0x3f800000,1,0xbf63fc00,-0.890563965,0xbf63fc00,-0.890563965,1011100,0,28,11100,1101100,2,12,1100,0xbc7f0000,-0.0155639648,0xbc7f0000,-0.0155639648,0x00000000,0,0,0
l2,0.0625,0,min-error,metric_min,exp2,0,1,1,0.0305185653,0.0305166841,0.0305166841,0.0305185653,1.8812716e-06,93,raw-and-scaled,7,1,fp7_e1m5,fp7_e2m4,5,4,4,1184,93,exp1,308527104,308523008,308523008,77130752,0.0305185653,0.0305166841,4096,231396352,-0.00192642212,0x3cfa0212,0.0305185653,0x3f800000,1,0xbbebfc00,-0.0072016716,0xbbebfc00,-0.0072016716,1000000,0,0,00000,1000000,0,0,0000,0xbbebfc00,-0.0072016716,0xbbebfc00,-0.0072016716,0x00000000,0,0,0
l2,0.0625,0,min-error,metric_min,exp2,0,1,1,0.0305185653,0.0305166841,0.0305166841,0.0305185653,1.8812716e-06,94,raw-and-scaled,7,1,fp7_e1m5,fp7_e2m4,5,4,4,1184,94,exp1,308527104,308523008,308523008,77130752,0.0305185653,0.0305166841,4096,231396352,-0.00192642212,0x3cfa0212,0.0305185653,0x3f800000,1,0xbaaf4040,-0.00133705884,0xbaaf4040,-0.00133705884,1000000,0,0,00000,1000000,0,0,0000,0xbaaf4040,-0.00133705884,0xbaaf4040,-0.00133705884,0x00000000,0,0,0
l2,0.0625,0,min-error,metric_min,exp2,0,1,1,0.0305185653,0.0305166841,0.0305166841,0.0305185653,1.8812716e-06,95,raw-and-scaled,7,1,fp7_e1m5,fp7_e2m4,5,4,4,1184,95,exp1,308527104,308523008,308523008,77130752,0.0305185653,0.0305166841,4096,231396352,-0.00192642212,0x3cfa0212,0.0305185653,0x3f800000,1,0xbbfe0200,-0.00775170326,0xbbfe0200,-0.00775170326,1000000,0,0,00000,1000000,0,0,0000,0xbbfe0200,-0.00775170326,0xbbfe0200,-0.00775170326,0x00000000,0,0,0
l2,0.0625,0,min-error,metric_min,exp2,0,1,1,0.0305185653,0.0305166841,0.0305166841,0.0305185653,1.8812716e-06,96,raw-and-scaled,7,1,fp7_e1m5,fp7_e2m4,5,4,4,1184,96,exp1,308527104,308523008,308523008,77130752,0.0305185653,0.0305166841,4096,231396352,-0.00192642212,0x3cfa0212,0.0305185653,0x3f800000,1,0x3a87f800,0.00103735924,0x3a87f800,0.00103735924,0000000,0,0,00000,0000000,0,0,0000,0x3a87f800,0.00103735924,0x3a87f800,0.00103735924,0x00000000,0,0,0
l2,0.0625,0,min-error,metric_min,exp2,0,1,1,0.0305185653,0.0305166841,0.0305166841,0.0305185653,1.8812716e-06,97,raw-and-scaled,7,1,fp7_e1m5,fp7_e2m4,5,4,4,1184,97,exp1,308527104,308523008,308523008,77130752,0.0305185653,0.0305166841,4096,231396352,-0.00192642212,0x3cfa0212,0.0305185653,0x3f800000,1,0xbbe17f80,-0.00688165426,0xbbe17f80,-0.00688165426,1000000,0,0,00000,1000000,0,0,0000,0xbbe17f80,-0.00688165426,0xbbe17f80,-0.00688165426,0x00000000,0,0,0
l2,0.0625,0,min-error,metric_min,exp2,0,1,1,0.0305185653,0.0305166841,0.0305166841,0.0305185653,1.8812716e-06,98,raw-and-scaled,7,1,fp7_e1m5,fp7_e2m4,5,4,4,1184,98,exp1,308527104,308523008,308523008,77130752,0.0305185653,0.0305166841,4096,231396352,-0.00192642212,0x3cfa0212,0.0305185653,0x3f800000,1,0x3d89fe00,0.0673789978,0x3d89fe00,0.0673789978,0000010,0,2,00010,0000100,0,4,0100,0x3b9fe000,0.0048789978,0x3b9fe000,0.0048789978,0x00000000,0,0,0
l2,0.0625,0,min-error,metric_min,exp2,0,1,1,0.0305185653,0.0305166841,0.0305166841,0.0305185653,1.8812716e-06,99,raw-and-scaled,7,1,fp7_e1m5,fp7_e2m4,5,4,4,1184,99,exp1,308527104,308523008,308523008,77130752,0.0305185653,0.0305166841,4096,231396352,-0.00192642212,0x3cfa0212,0.0305185653,0x3f800000,1,0xbd46ff00,-0.0485830307,0xbd46ff00,-0.0485830307,1000001,0,1,00001,1000011,0,3,0011,0xbc8dfe00,-0.0173330307,0xbadfe000,-0.0017080307,0xca9be000,-5107712,-1276928,-0.304656982
l2,0.0625,0,min-error,metric_min,exp2,0,1,1,0.0305185653,0.0305166841,0.0305166841,0.0305185653,1.8812716e-06,100,raw-and-scaled,7,1,fp7_e1m5,fp7_e2m4,5,4,4,1184,100,exp1,308527104,308523008,308523008,77130752,0.0305185653,0.0305166841,4096,231396352,-0.00192642212,0x3cfa0212,0.0305185653,0x3f800000,1,0x3e47f800,0.195281982,0x3e47f800,0.195281982,0000110,0,6,00110,0001100,0,12,1100,0x3bff0000,0.00778198242,0x3bff0000,0.00778198242,0x00000000,0,0,0
l2,0.0625,0,min-error,metric_min,exp2,0,1,1,0.0305185653,0.0305166841,0.0305166841,0.0305185653,1.8812716e-06,101,raw-and-scaled,7,1,fp7_e1m5,fp7_e2m4,5,4,4,1184,101,exp1,308527104,308523008,308523008,77130752,0.0305185653,0.0305166841,4096,231396352,-0.00192642212,0x3cfa0212,0.0305185653,0x3f800000,1,0x3dac0400,0.0839920044,0x3dac0400,0.0839920044,0000010,0,2,00010,0000101,0,5,0101,0x3cb01000,0.0214920044,0x3bc04000,0.00586700439,0xcae02000,-7344128,-1836032,-0.437744141
l2,0.0625,0,min-error,metric_min,exp2,0,1,1,0.0305185653,0.0305166841,0.0305166841,0.0305185653,1.8812716e-06,102,raw-and-scaled,7,1,fp7_e1m5,fp7_e2m4,5,4,4,1184,102,exp1,308527104,308523008,308523008,77130752,0.0305185653,0.0305166841,4096,231396352,-0.00192642212,0x3cfa0212,0.0305185653,0x3f800000,1,0x3f680800,0.90637207,0x3f680800,0.90637207,0011101,0,29,11101,0101101,2,13,1101,0x39000000,0.000122070312,0x39000000,0.000122070312,0x00000000,0,0,0
l2,0.0625,0,min-error,metric_min,exp2,0,1,1,0.0305185653,0.0305166841,0.0305166841,0.0305185653,1.8812716e-06,103,raw-and-scaled,7,1,fp7_e1m5,fp7_e2m4,5,4,4,1184,103,exp1,308527104,308523008,308523008,77130752,0.0305185653,0.0305166841,4096,231396352,-0.00192642212,0x3cfa0212,0.0305185653,0x3f800000,1,0xbcf80800,-0.0302772522,0xbcf80800,-0.0302772522,1000000,0,0,00000,1000001,0,1,0001,0xbcf80800,-0.0302772522,0xbc701000,-0.0146522522,0xcb380000,-12058624,-3014656,-0.71887207
l2,0.0625,0,min-error,metric_min,exp2,0,1,1,0.0305185653,0.0305166841,0.0305166841,0.0305185653,1.8812716e-06,104,raw-and-scaled,7,1,fp7_e1m5,fp7_e2m4,5,4,4,1184,104,exp1,308527104,308523008,308523008,77130752,0.0305185653,0.0305166841,4096,231396352,-0.00192642212,0x3cfa0212,0.0305185653,0x3f800000,1,0x3d080800,0.0332107544,0x3d080800,0.0332107544,0000001,0,1,00001,0000010,0,2,0010,0x3b008000,0.00196075439,0x3b008000,0.00196075439,0x00000000,0,0,0
l2,0.0625,0,min-error,metric_min,exp2,0,1,1,0.0305185653,0.0305166841,0.0305166841,0.0305185653,1.8812716e-06,105,raw-and-scaled,7,1,fp7_e1m5,fp7_e2m4,5,4,4,1184,105,exp1,308527104,308523008,308523008,77130752,0.0305185653,0.0305166841,4096,231396352,-0.00192642212,0x3cfa0212,0.0305185653,0x3f800000,1,0xbe260200,-0.162117004,0xbe260200,-0.162117004,1000101,0,5,00101,1001010,0,10,1010,0xbbc04000,-0.00586700439,0xbbc04000,-0.00586700439,0x00000000,0,0,0
l2,0.0625,0,min-error,metric_min,exp2,0,1,1,0.0305185653,0.0305166841,0.0305166841,0.0305185653,1.8812716e-06,106,raw-and-scaled,7,1,fp7_e1m5,fp7_e2m4,5,4,4,1184,106,exp1,308527104,308523008,308523008,77130752,0.0305185653,0.0305166841,4096,231396352,-0.00192642212,0x3cfa0212,0.0305185653,0x3f800000,1,0x3ad4ff00,0.00162503123,0x3ad4ff00,0.00162503123,0000000,0,0,00000,0000000,0,0,0000,0x3ad4ff00,0.00162503123,0x3ad4ff00,0.00162503123,0x00000000,0,0,0
l2,0.0625,0,min-error,metric_min,exp2,0,1,1,0.0305185653,0.0305166841,0.0305166841,0.0305185653,1.8812716e-06,107,raw-and-scaled,7,1,fp7_e1m5,fp7_e2m4,5,4,4,1184,107,exp1,308527104,308523008,308523008,77130752,0.0305185653,0.0305166841,4096,231396352,-0.00192642212,0x3cfa0212,0.0305185653,0x3f800000,1,0xbadc0400,-0.00167858601,0xbadc0400,-0.00167858601,1000000,0,0,00000,1000000,0,0,0000,0xbadc0400,-0.00167858601,0xbadc0400,-0.00167858601,0x00000000,0,0,0
l2,0.0625,0,min-error,metric_min,exp2,0,1,1,0.0305185653,0.0305166841,0.0305166841,0.0305185653,1.8812716e-06,108,raw-and-scaled,7,1,fp7_e1m5,fp7_e2m4,5,4,4,1184,108,exp1,308527104,308523008,308523008,77130752,0.0305185653,0.0305166841,4096,231396352,-0.00192642212,0x3cfa0212,0.0305185653,0x3f800000,1,0x3d480800,0.0488357544,0x3d480800,0.0488357544,0000001,0,1,00001,0000011,0,3,0011,0x3c901000,0.0175857544,0x3b008000,0.00196075439,0xcaa02000,-5246976,-1311744,-0.312744141
l2,0.0625,0,min-error,metric_min,exp2,0,1,1,0.0305185653,0.0305166841,0.0305166841,0.0305185653,1.8812716e-06,109,raw-and-scaled,7,1,fp7_e1m5,fp7_e2m4,5,4,4,1184,109,exp1,308527104,308523008,308523008,77130752,0.0305185653,0.0305166841,4096,231396352,-0.00192642212,0x3cfa0212,0.0305185653,0x3f800000,1,0xbfebfc00,-1.84362793,0xbfebfc00,-1.84362793,1111010,1,26,11010,1111101,3,13,1101,0xbcff0000,-0.0311279297,0xbcff0000,-0.0311279297,0x00000000,0,0,0
l2,0.0625,0,min-error,metric_min,exp2,0,1,1,0.0305185653,0.0305166841,0.0305166841,0.0305185653,1.8812716e-06,110,raw-and-scaled,7,1,fp7_e1m5,fp7_e2m4,5,4,4,1184,110,exp1,308527104,308523008,308523008,77130752,0.0305185653,0.0305166841,4096,231396352,-0.00192642212,0x3cfa0212,0.0305185653,0x3f800000,1,0x3e67f800,0.226531982,0x3e67f800,0.226531982,0000111,0,7,00111,0001110,0,14,1110,0x3bff0000,0.00778198242,0x3bff0000,0.00778198242,0x00000000,0,0,0
l2,0.0625,0,min-error,metric_min,exp2,0,1,1,0.0305185653,0.0305166841,0.0305166841,0.0305185653,1.8812716e-06,111,raw-and-scaled,7,1,fp7_e1m5,fp7_e2m4,5,4,4,1184,111,exp1,308527104,308523008,308523008,77130752,0.0305185653,0.0305166841,4096,231396352,-0.00192642212,0x3cfa0212,0.0305185653,0x3f800000,1,0x3e780800,0.242218018,0x3e780800,0.242218018,0000111,0,7,00111,0001111,0,15,1111,0x3cc04000,0.0234680176,0x3c008000,0.00784301758,0xcb004000,-8404992,-2101248,-0.500976562
l2,0.0625,0,min-error,metric_min,exp2,0,1,1,0.0305185653,0.0305166841,0.0305166841,0.0305185653,1.8812716e-06,112,raw-and-scaled,7,1,fp7_e1m5,fp7_e2m4,5,4,4,1184,112,exp1,308527104,308523008,308523008,77130752,0.0305185653,0.0305166841,4096,231396352,-0.00192642212,0x3cfa0212,0.0305185653,0x3f800000,1,0xbf040400,-0.515686035,0xbf040400,-0.515686035,1010000,0,16,10000,1100000,2,0,0000,0xbc808000,-0.0156860352,0xbc808000,-0.0156860352,0x00000000,0,0,0
l2,0.0625,0,min-error,metric_min,exp2,0,1,1,0.0305185653,0.0305166841,0.0305166841,0.0305185653,1.8812716e-06,113,raw-and-scaled,7,1,fp7_e1m5,fp7_e2m4,5,4,4,1184,113,exp1,308527104,308523008,308523008,77130752,0.0305185653,0.0305166841,4096,231396352,-0.00192642212,0x3cfa0212,0.0305185653,0x3f800000,1,0xbe17f800,-0.148406982,0xbe17f800,-0.148406982,1000100,0,4,00100,1001001,0,9,1001,0xbcbfc000,-0.0234069824,0xbbff0000,-0.00778198242,0xcaff8000,-8372224,-2093056,-0.499023438
l2,0.0625,0,min-error,metric_min,exp2,0,1,1,0.0305185653,0.0305166841,0.0305166841,0.0305185653,1.8812716e-06,114,raw-and-scaled,7,1,fp7_e1m5,fp7_e2m4,5,4,4,1184,114,exp1,308527104,308523008,308523008,77130752,0.0305185653,0.0305166841,4096,231396352,-0.00192642212,0x3cfa0212,0.0305185653,0x3f800000,1,0x3db93fc0,0.0904536247,0x3db93fc0,0.0904536247,0000010,0,2,00010,0000101,0,5,0101,0x3ce4ff00,0.0279536247,0x3c49fe00,0.0123286247,0xcb24f000,-10809344,-2702336,-0.644515991
l2,0.0625,0,min-error,metric_min,exp2,0,1,1,0.0305185653,0.0305166841,0.0305166841,0.0305185653,1.8812716e-06,115,raw-and-scaled,7,1,fp7_e1m5,fp7_e2m4,5,4,4,1184,115,exp1,308527104,308523008,308523008,77130752,0.0305185653,0.0305166841,4096,231396352,-0.00192642212,0x3cfa0212,0.0305185653,0x3f800000,1,0xbdf38080,-0.118897438,0xbdf38080,-0.118897438,1000011,0,3,00011,1000111,0,7,0111,0xbcce0200,-0.025147438,0xbc1c0400,-0.00952243805,0xcb0e0000,-9306112,-2326528,-0.554718018
l2,0.0625,0,min-error,metric_min,exp2,0,1,1,0.0305185653,0.0305166841,0.0305166841,0.0305185653,1.8812716e-06,116,raw-and-scaled,7,1,fp7_e1m5,fp7_e2m4,5,4,4,1184,116,exp1,308527104,308523008,308523008,77130752,0.0305185653,0.0305166841,4096,231396352,-0.00192642212,0x3cfa0212,0.0305185653,0x3f800000,1,0xbdc80800,-0.0976715088,0xbdc80800,-0.0976715088,1000011,0,3,00011,1000110,0,6,0110,0xbb808000,-0.00392150879,0xbb808000,-0.00392150879,0x00000000,0,0,0
l2,0.0625,0,min-error,metric_min,exp2,0,1,1,0.0305185653,0.0305166841,0.0305166841,0.0305185653,1.8812716e-06,117,raw-and-scaled,7,1,fp7_e1m5,fp7_e2m4,5,4,4,1184,117,exp1,308527104,308523008,308523008,77130752,0.0305185653,0.0305166841,4096,231396352,-0.00192642212,0x3cfa0212,0.0305185653,0x3f800000,1,0x3d55fe00,0.0522441864,0x3d55fe00,0.0522441864,0000001,0,1,00001,0000011,0,3,0011,0x3cabfc00,0.0209941864,0x3baff000,0.0053691864,0xcad7e000,-7073792,-1768448,-0.421813965
l2,0.0625,0,min-error,metric_min,exp2,0,1,1,0.0305185653,0.0305166841,0.0305166841,0.0305185653,1.8812716e-06,118,raw-and-scaled,7,1,fp7_e1m5,fp7_e2m4,5,4,4,1184,118,exp1,308527104,308523008,308523008,77130752,0.0305185653,0.0305166841,4096,231396352,-0.00192642212,0x3cfa0212,0.0305185653,0x3f800000,1,0xbfed0100,-1.85159302,0xbfed0100,-1.85159302,1111011,1,27,11011,1111101,3,13,1101,0xbc008000,-0.00784301758,0xbd202000,-0.0390930176,0x4bc04000,25198592,25198592,1.50195312
l2,0.0625,0,min-error,metric_min,exp2,0,1,1,0.0305185653,0.0305166841,0.0305166841,0.0305185653,1.8812716e-06,119,raw-and-scaled,7,1,fp7_e1m5,fp7_e2m4,5,4,4,1184,119,exp1,308527104,308523008,308523008,77130752,0.0305185653,0.0305166841,4096,231396352,-0.00192642212,0x3cfa0212,0.0305185653,0x3f800000,1,0xbe77f800,-0.242156982,0xbe77f800,-0.242156982,1000111,0,7,00111,1001111,0,15,1111,0xbcbfc000,-0.0234069824,0xbbff0000,-0.00778198242,0xcaff8000,-8372224,-2093056,-0.499023438
l2,0.0625,0,min-error,metric_min,exp2,0,1,1,0.0305185653,0.0305166841,0.0305166841,0.0305185653,1.8812716e-06,120,raw-and-scaled,7,1,fp7_e1m5,fp7_e2m4,5,4,4,1184,120,exp1,308527104,308523008,308523008,77130752,0.0305185653,0.0305166841,4096,231396352,-0.00192642212,0x3cfa0212,0.0305185653,0x3f800000,1,0xbc788080,-0.0151673555,0xbc788080,-0.0151673555,1000000,0,0,00000,1000000,0,0,0000,0xbc788080,-0.0151673555,0xbc788080,-0.0151673555,0x00000000,0,0,0
l2,0.0625,0,min-error,metric_min,exp2,0,1,1,0.0305185653,0.0305166841,0.0305166841,0.0305185653,1.8812716e-06,121,raw-and-scaled,7,1,fp7_e1m5,fp7_e2m4,5,4,4,1184,121,exp1,308527104,308523008,308523008,77130752,0.0305185653,0.0305166841,4096,231396352,-0.00192642212,0x3cfa0212,0.0305185653,0x3f800000,1,0xbb3cc040,-0.00288011134,0xbb3cc040,-0.00288011134,1000000,0,0,00000,1000000,0,0,0000,0xbb3cc040,-0.00288011134,0xbb3cc040,-0.00288011134,0x00000000,0,0,0
l2,0.0625,0,min-error,metric_min,exp2,0,1,1,0.0305185653,0.0305166841,0.0305166841,0.0305185653,1.8812716e-06,122,raw-and-scaled,7,1,fp7_e1m5,fp7_e2m4,5,4,4,1184,122,exp1,308527104,308523008,308523008,77130752,0.0305185653,0.0305166841,4096,231396352,-0.00192642212,0x3cfa0212,0.0305185653,0x3f800000,1,0xbe3d3fc0,-0.184813499,0xbe3d3fc0,-0.184813499,1000101,0,5,00101,1001011,0,11,1011,0xbce9fe00,-0.0285634995,0xbc53fc00,-0.0129384995,0xcb29f000,-11137024,-2784256,-0.664031982
l2,0.0625,0,min-error,metric_min,exp2,0,1,1,0.0305185653,0.0305166841,0.0305166841,0.0305185653,1.8812716e-06,123,raw-and-scaled,7,1,fp7_e1m5,fp7_e2m4,5,4,4,1184,123,exp1,308527104,308523008,308523008,77130752,0.0305185653,0.0305166841,4096,231396352,-0.00192642212,0x3cfa0212,0.0305185653,0x3f800000,1,0xbdbdc040,-0.092651844,0xbdbdc040,-0.092651844,1000010,0,2,00010,1000101,0,5,0101,0xbcf70100,-0.030151844,0xbc6e0200,-0.014526844,0xcb370000,-11993088,-2998272,-0.714859009
l2,0.0625,0,min-error,metric_min,exp2,0,1,1,0.0305185653,0.0305166841,0.0305166841,0.0305185653,1.8812716e-06,124,raw-and-scaled,7,1,fp7_e1m5,fp7_e2m4,5,4,4,1184,124,exp1,308527104,308523008,308523008,77130752,0.0305185653,0.0305166841,4096,231396352,-0.00192642212,0x3cfa0212,0.0305185653,0x3f800000,1,0x3f640400,0.890686035,0x3f640400,0.890686035,0011100,0,28,11100,0101100,2,12,1100,0x3c808000,0.0156860352,0x3c808000,0.0156860352,0x00000000,0,0,0
l2,0.0625,0,min-error,metric_min,exp2,0,1,1,0.0305185653,0.0305166841,0.0305166841,0.0305185653,1.8812716e-06,125,raw-and-scaled,7,1,fp7_e1m5,fp7_e2m4,5,4,4,1184,125,exp1,308527104,308523008,308523008,77130752,0.0305185653,0.0305166841,4096,231396352,-0.00192642212,0x3cfa0212,0.0305185653,0x3f800000,1,0xbeec0400,-0.460968018,0xbeec0400,-0.460968018,1001110,0,14,01110,1011101,1,13,1101,0xbcc04000,-0.0234680176,0xbc008000,-0.00784301758,0xcb004000,-8404992,-2101248,-0.500976562
l2,0.0625,0,min-error,metric_min,exp2,0,1,1,0.0305185653,0.0305166841,0.0305166841,0.0305185653,1.8812716e-06,126,raw-and-scaled,7,1,fp7_e1m5,fp7_e2m4,5,4,4,1184,126,exp1,308527104,308523008,308523008,77130752,0.0305185653,0.0305166841,4096,231396352,-0.00192642212,0x3cfa0212,0.0305185653,0x3f800000,1,0x3b7d0100,0.00386053324,0x3b7d0100,0.00386053324,0000000,0,0,00000,0000000,0,0,0000,0x3b7d0100,0.00386053324,0x3b7d0100,0.00386053324,0x00000000,0,0,0
l2,0.0625,0,min-error,metric_min,exp2,0,1,1,0.0305185653,0.0305166841,0.0305166841,0.0305185653,1.8812716e-06,127,raw-and-scaled,7,1,fp7_e1m5,fp7_e2m4,5,4,4,1184,127,exp1,308527104,308523008,308523008,77130752,0.0305185653,0.0305166841,4096,231396352,-0.00192642212,0x3cfa0212,0.0305185653,0x3f800000,1,0x3eff0100,0.498054504,0x3eff0100,0.498054504,0001111,0,15,01111,0011111,1,15,1111,0x3cf01000,0.0293045044,0x3c602000,0.0136795044,0xcb301000,-11538432,-2884608,-0.687744141
l2,0.0625,0,min-error,metric_min,exp1,0,1,1,0.00647601206,0.00647685723,0.00647601206,0.00647685723,8.45175236e-07,0,raw-and-scaled,7,1,fp7_e1m5,fp7_e2m4,5,4,4,12951,0,exp2,70746112,70750208,70750208,17687552,0.00647601206,0.00647685723,-4096,53058560,0.000865578651,0x3bd43bd1,0.00647685723,0x3f800000,1,0x00000000,0,0x00000000,0,0000000,0,0,00000,0000000,0,0,0000,0x00000000,0,0x00000000,0,0x00000000,0,0,0
l2,0.0625,0,min-error,metric_min,exp1,0,1,1,0.00647601206,0.00647685723,0.00647601206,0.00647685723,8.45175236e-07,1,raw-and-scaled,7,1,fp7_e1m5,fp7_e2m4,5,4,4,12951,1,exp2,70746112,70750208,70750208,17687552,0.00647601206,0.00647685723,-4096,53058560,0.000865578651,0x3bd43bd1,0.00647685723,0x3f800000,1,0x00000000,0,0x00000000,0,0000000,0,0,00000,0000000,0,0,0000,0x00000000,0,0x00000000,0,0x00000000,0,0,0
l2,0.0625,0,min-error,metric_min,exp1,0,1,1,0.00647601206,0.00647685723,0.00647601206,0.00647685723,8.45175236e-07,2,raw-and-scaled,7,1,fp7_e1m5,fp7_e2m4,5,4,4,12951,2,exp2,70746112,70750208,70750208,17687552,0.00647601206,0.00647685723,-4096,53058560,0.000865578651,0x3bd43bd1,0.00647685723,0x3f800000,1,0x3d6988e2,0.0570153072,0x3d6988e2,0.0570153072,0000001,0,1,00001,0000011,0,3,0011,0x3cd311c4,0.0257653072,0x3c262388,0.0101403072,0xcb131000,-9637888,-2409472,-0.574489832
l2,0.0625,0,min-error,metric_min,exp1,0,1,1,0.00647601206,0.00647685723,0.00647601206,0.00647685723,8.45175236e-07,3,raw-and-scaled,7,1,fp7_e1m5,fp7_e2m4,5,4,4,12951,3,exp2,70746112,70750208,70750208,17687552,0.00647601206,0.00647685723,-4096,53058560,0.000865578651,0x3bd43bd1,0.00647685723,0x3f800000,1,0x00000000,0,0x00000000,0,0000000,0,0,00000,0000000,0,0,0000,0x00000000,0,0x00000000,0,0x00000000,0,0,0
l2,0.0625,0,min-error,metric_min,exp1,0,1,1,0.00647601206,0.00647685723,0.00647601206,0.00647685723,8.45175236e-07,4,raw-and-scaled,7,1,fp7_e1m5,fp7_e2m4,5,4,4,12951,4,exp2,70746112,70750208,70750208,17687552,0.00647601206,0.00647685723,-4096,53058560,0.000865578651,0x3bd43bd1,0.00647685723,0x3f800000,1,0x00000000,0,0x00000000,0,0000000,0,0,00000,0000000,0,0,0000,0x00000000,0,0x00000000,0,0x00000000,0,0,0
l2,0.0625,0,min-error,metric_min,exp1,0,1,1,0.00647601206,0.00647685723,0.00647601206,0.00647685723,8.45175236e-07,5,raw-and-scaled,7,1,fp7_e1m5,fp7_e2m4,5,4,4,12951,5,exp2,70746112,70750208,70750208,17687552,0.00647601206,0.00647685723,-4096,53058560,0.000865578651,0x3bd43bd1,0.00647685723,0x3f800000,1,0x00000000,0,0x00000000,0,0000000,0,0,00000,0000000,0,0,0000,0x00000000,0,0x00000000,0,0x00000000,0,0,0
l2,0.0625,0,min-error,metric_min,exp1,0,1,1,0.00647601206,0.00647685723,0.00647601206,0.00647685723,8.45175236e-07,6,raw-and-scaled,7,1,fp7_e1m5,fp7_e2m4,5,4,4,12951,6,exp2,70746112,70750208,70750208,17687552,0.00647601206,0.00647685723,-4096,53058560,0.000865578651,0x3bd43bd1,0.00647685723,0x3f800000,1,0x00000000,0,0x00000000,0,0000000,0,0,00000,0000000,0,0,0000,0x00000000,0,0x00000000,0,0x00000000,0,0,0
l2,0.0625,0,min-error,metric_min,exp1,0,1,1,0.00647601206,0.00647685723,0.00647601206,0.00647685723,8.45175236e-07,7,raw-and-scaled,7,1,fp7_e1m5,fp7_e2m4,5,4,4,12951,7,exp2,70746112,70750208,70750208,17687552,0.00647601206,0.00647685723,-4096,53058560,0.000865578651,0x3bd43bd1,0.00647685723,0x3f800000,1,0x00000000,0,0x00000000,0,0000000,0,0,00000,0000000,0,0,0000,0x00000000,0,0x00000000,0,0x00000000,0,0,0
l2,0.0625,0,min-error,metric_min,exp1,0,1,1,0.00647601206,0.00647685723,0.00647601206,0.00647685723,8.45175236e-07,8,raw-and-scaled,7,1,fp7_e1m5,fp7_e2m4,5,4,4,12951,8,exp2,70746112,70750208,70750208,17687552,0.00647601206,0.00647685723,-4096,53058560,0.000865578651,0x3bd43bd1,0.00647685723,0x3f800000,1,0x00000000,0,0x00000000,0,0000000,0,0,00000,0000000,0,0,0000,0x00000000,0,0x00000000,0,0x00000000,0,0,0
l2,0.0625,0,min-error,metric_min,exp1,0,1,1,0.00647601206,0.00647685723,0.00647601206,0.00647685723,8.45175236e-07,9,raw-and-scaled,7,1,fp7_e1m5,fp7_e2m4,5,4,4,12951,9,exp2,70746112,70750208,70750208,17687552,0.00647601206,0.00647685723,-4096,53058560,0.000865578651,0x3bd43bd1,0.00647685723,0x3f800000,1,0x00000000,0,0x00000000,0,0000000,0,0,00000,0000000,0,0,0000,0x00000000,0,0x00000000,0,0x00000000,0,0,0
l2,0.0625,0,min-error,metric_min,exp1,0,1,1,0.00647601206,0.00647685723,0.00647601206,0.00647685723,8.45175236e-07,10,raw-and-scaled,7,1,fp7_e1m5,fp7_e2m4,5,4,4,12951,10,exp2,70746112,70750208,70750208,17687552,0.00647601206,0.00647685723,-4096,53058560,0.000865578651,0x3bd43bd1,0.00647685723,0x3f800000,1,0x3ebd4b69,0.369715959,0x3ebd4b69,0.369715959,0001011,0,11,01011,0010111,1,7,0111,0x3cd4b690,0.0259659588,0x3c296d20,0.0103409588,0xcb14b000,-9744384,-2436096,-0.580910683
l2,0.0625,0,min-error,metric_min,exp1,0,1,1,0.00647601206,0.00647685723,0.00647601206,0.00647685723,8.45175236e-07,11,raw-and-scaled,7,1,fp7_e1m5,fp7_e2m4,5,4,4,12951,11,exp2,70746112,70750208,70750208,17687552,0.00647601206,0.00647685723,-4096,53058560,0.000865578651,0x3bd43bd1,0.00647685723,0x3f800000,1,0x00000000,0,0x00000000,0,0000000,0,0,00000,0000000,0,0,0000,0x00000000,0,0x00000000,0,0x00000000,0,0,0
l2,0.0625,0,min-error,metric_min,exp1,0,1,1,0.00647601206,0.00647685723,0.00647601206,0.00647685723,8.45175236e-07,12,raw-and-scaled,7,1,fp7_e1m5,fp7_e2m4,5,4,4,12951,12,exp2,70746112,70750208,70750208,17687552,0.00647601206,0.00647685723,-4096,53058560,0.000865578651,0x3bd43bd1,0.00647685723,0x3f800000,1,0x00000000,0,0x00000000,0,0000000,0,0,00000,0000000,0,0,0000,0x00000000,0,0x00000000,0,0x00000000,0,0,0
l2,0.0625,0,min-error,metric_min,exp1,0,1,1,0.00647601206,0.00647685723,0.00647601206,0.00647685723,8.45175236e-07,13,raw-and-scaled,7,1,fp7_e1m5,fp7_e2m4,5,4,4,12951,13,exp2,70746112,70750208,70750208,17687552,0.00647601206,0.00647685723,-4096,53058560,0.000865578651,0x3bd43bd1,0.00647685723,0x3f800000,1,0x00000000,0,0x00000000,0,0000000,0,0,00000,0000000,0,0,0000,0x00000000,0,0x00000000,0,0x00000000,0,0,0
l2,0.0625,0,min-error,metric_min,exp1,0,1,1,0.00647601206,0.00647685723,0.00647601206,0.00647685723,8.45175236e-07,14,raw-and-scaled,7,1,fp7_e1m5,fp7_e2m4,5,4,4,12951,14,exp2,70746112,70750208,70750208,17687552,0.00647601206,0.00647685723,-4096,53058560,0.000865578651,0x3bd43bd1,0.00647685723,0x3f800000,1,0x00000000,0,0x00000000,0,0000000,0,0,00000,0000000,0,0,0000,0x00000000,0,0x00000000,0,0x00000000,0,0,0
l2,0.0625,0,min-error,metric_min,exp1,0,1,1,0.00647601206,0.00647685723,0.00647601206,0.00647685723,8.45175236e-07,15,raw-and-scaled,7,1,fp7_e1m5,fp7_e2m4,5,4,4,12951,15,exp2,70746112,70750208,70750208,17687552,0.00647601206,0.00647685723,-4096,53058560,0.000865578651,0x3bd43bd1,0.00647685723,0x3f800000,1,0x00000000,0,0x00000000,0,0000000,0,0,00000,0000000,0,0,0000,0x00000000,0,0x00000000,0,0x00000000,0,0,0
l2,0.0625,0,min-error,metric_min,exp1,0,1,1,0.00647601206,0.00647685723,0.00647601206,0.00647685723,8.45175236e-07,16,raw-and-scaled,7,1,fp7_e1m5,fp7_e2m4,5,4,4,12951,16,exp2,70746112,70750208,70750208,17687552,0.00647601206,0.00647685723,-4096,53058560,0.000865578651,0x3bd43bd1,0.00647685723,0x3f800000,1,0x00000000,0,0x00000000,0,0000000,0,0,00000,0000000,0,0,0000,0x00000000,0,0x00000000,0,0x00000000,0,0,0
l2,0.0625,0,min-error,metric_min,exp1,0,1,1,0.00647601206,0.00647685723,0.00647601206,0.00647685723,8.45175236e-07,17,raw-and-scaled,7,1,fp7_e1m5,fp7_e2m4,5,4,4,12951,17,exp2,70746112,70750208,70750208,17687552,0.00647601206,0.00647685723,-4096,53058560,0.000865578651,0x3bd43bd1,0.00647685723,0x3f800000,1,0x3e052007,0.130004987,0x3e052007,0.130004987,0000100,0,4,00100,0001000,0,8,1000,0x3ba400e0,0.00500498712,0x3ba400e0,0.00500498712,0x00000000,0,0,0
l2,0.0625,0,min-error,metric_min,exp1,0,1,1,0.00647601206,0.00647685723,0.00647601206,0.00647685723,8.45175236e-07,18,raw-and-scaled,7,1,fp7_e1m5,fp7_e2m4,5,4,4,12951,18,exp2,70746112,70750208,70750208,17687552,0.00647601206,0.00647685723,-4096,53058560,0.000865578651,0x3bd43bd1,0.00647685723,0x3f800000,1,0x00000000,0,0x00000000,0,0000000,0,0,00000,0000000,0,0,0000,0x00000000,0,0x00000000,0,0x00000000,0,0,0
l2,0.0625,0,min-error,metric_min,exp1,0,1,1,0.00647601206,0.00647685723,0.00647601206,0.00647685723,8.45175236e-07,19,raw-and-scaled,7,1,fp7_e1m5,fp7_e2m4,5,4,4,12951,19,exp2,70746112,70750208,70750208,17687552,0.00647601206,0.00647685723,-4096,53058560,0.000865578651,0x3bd43bd1,0.00647685723,0x3f800000,1,0x00000000,0,0x00000000,0,0000000,0,0,00000,0000000,0,0,0000,0x00000000,0,0x00000000,0,0x00000000,0,0,0
l2,0.0625,0,min-error,metric_min,exp1,0,1,1,0.00647601206,0.00647685723,0.00647601206,0.00647685723,8.45175236e-07,20,raw-and-scaled,7,1,fp7_e1m5,fp7_e2m4,5,4,4,12951,20,exp2,70746112,70750208,70750208,17687552,0.00647601206,0.00647685723,-4096,53058560,0.000865578651,0x3bd43bd1,0.00647685723,0x3f800000,1,0x00000000,0,0x00000000,0,0000000,0,0,00000,0000000,0,0,0000,0x00000000,0,0x00000000,0,0x00000000,0,0,0
l2,0.0625,0,min-error,metric_min,exp1,0,1,1,0.00647601206,0.00647685723,0.00647601206,0.00647685723,8.45175236e-07,21,raw-and-scaled,7,1,fp7_e1m5,fp7_e2m4,5,4,4,12951,21,exp2,70746112,70750208,70750208,17687552,0.00647601206,0.00647685723,-4096,53058560,0.000865578651,0x3bd43bd1,0.00647685723,0x3f800000,1,0x00000000,0,0x00000000,0,0000000,0,0,00000,0000000,0,0,0000,0x00000000,0,0x00000000,0,0x00000000,0,0,0
l2,0.0625,0,min-error,metric_min,exp1,0,1,1,0.00647601206,0.00647685723,0.00647601206,0.00647685723,8.45175236e-07,22,raw-and-scaled,7,1,fp7_e1m5,fp7_e2m4,5,4,4,12951,22,exp2,70746112,70750208,70750208,17687552,0.00647601206,0.00647685723,-4096,53058560,0.000865578651,0x3bd43bd1,0.00647685723,0x3f800000,1,0x00000000,0,0x00000000,0,0000000,0,0,00000,0000000,0,0,0000,0x00000000,0,0x00000000,0,0x00000000,0,0,0
l2,0.0625,0,min-error,metric_min,exp1,0,1,1,0.00647601206,0.00647685723,0.00647601206,0.00647685723,8.45175236e-07,23,raw-and-scaled,7,1,fp7_e1m5,fp7_e2m4,5,4,4,12951,23,exp2,70746112,70750208,70750208,17687552,0.00647601206,0.00647685723,-4096,53058560,0.000865578651,0x3bd43bd1,0.00647685723,0x3f800000,1,0x00000000,0,0x00000000,0,0000000,0,0,00000,0000000,0,0,0000,0x00000000,0,0x00000000,0,0x00000000,0,0,0
l2,0.0625,0,min-error,metric_min,exp1,0,1,1,0.00647601206,0.00647685723,0.00647601206,0.00647685723,8.45175236e-07,24,raw-and-scaled,7,1,fp7_e1m5,fp7_e2m4,5,4,4,12951,24,exp2,70746112,70750208,70750208,17687552,0.00647601206,0.00647685723,-4096,53058560,0.000865578651,0x3bd43bd1,0.00647685723,0x3f800000,1,0x00000000,0,0x00000000,0,0000000,0,0,00000,0000000,0,0,0000,0x00000000,0,0x00000000,0,0x00000000,0,0,0
l2,0.0625,0,min-error,metric_min,exp1,0,1,1,0.00647601206,0.00647685723,0.00647601206,0.00647685723,8.45175236e-07,25,raw-and-scaled,7,1,fp7_e1m5,fp7_e2m4,5,4,4,12951,25,exp2,70746112,70750208,70750208,17687552,0.00647601206,0.00647685723,-4096,53058560,0.000865578651,0x3bd43bd1,0.00647685723,0x3f800000,1,0x00000000,0,0x00000000,0,0000000,0,0,00000,0000000,0,0,0000,0x00000000,0,0x00000000,0,0x00000000,0,0,0
l2,0.0625,0,min-error,metric_min,exp1,0,1,1,0.00647601206,0.00647685723,0.00647601206,0.00647685723,8.45175236e-07,26,raw-and-scaled,7,1,fp7_e1m5,fp7_e2m4,5,4,4,12951,26,exp2,70746112,70750208,70750208,17687552,0.00647601206,0.00647685723,-4096,53058560,0.000865578651,0x3bd43bd1,0.00647685723,0x3f800000,1,0x00000000,0,0x00000000,0,0000000,0,0,00000,0000000,0,0,0000,0x00000000,0,0x00000000,0,0x00000000,0,0,0
l2,0.0625,0,min-error,metric_min,exp1,0,1,1,0.00647601206,0.00647685723,0.00647601206,0.00647685723,8.45175236e-07,27,raw-and-scaled,7,1,fp7_e1m5,fp7_e2m4,5,4,4,12951,27,exp2,70746112,70750208,70750208,17687552,0.00647601206,0.00647685723,-4096,53058560,0.000865578651,0x3bd43bd1,0.00647685723,0x3f800000,1,0x3f0542f5,0.520552933,0x3f0542f5,0.520552933,0010000,0,16,10000,0100000,2,0,0000,0x3ca85ea0,0.0205529332,0x3ca85ea0,0.0205529332,0x00000000,0,0,0
l2,0.0625,0,min-error,metric_min,exp1,0,1,1,0.00647601206,0.00647685723,0.00647601206,0.00647685723,8.45175236e-07,28,raw-and-scaled,7,1,fp7_e1m5,fp7_e2m4,5,4,4,12951,28,exp2,70746112,70750208,70750208,17687552,0.00647601206,0.00647685723,-4096,53058560,0.000865578651,0x3bd43bd1,0.00647685723,0x3f800000,1,0x00000000,0,0x00000000,0,0000000,0,0,00000,0000000,0,0,0000,0x00000000,0,0x00000000,0,0x00000000,0,0,0
l2,0.0625,0,min-error,metric_min,exp1,0,1,1,0.00647601206,0.00647685723,0.00647601206,0.00647685723,8.45175236e-07,29,raw-and-scaled,7,1,fp7_e1m5,fp7_e2m4,5,4,4,12951,29,exp2,70746112,70750208,70750208,17687552,0.00647601206,0.00647685723,-4096,53058560,0.000865578651,0x3bd43bd1,0.00647685723,0x3f800000,1,0x00000000,0,0x00000000,0,0000000,0,0,00000,0000000,0,0,0000,0x00000000,0,0x00000000,0,0x00000000,0,0,0
l2,0.0625,0,min-error,metric_min,exp1,0,1,1,0.00647601206,0.00647685723,0.00647601206,0.00647685723,8.45175236e-07,30,raw-and-scaled,7,1,fp7_e1m5,fp7_e2m4,5,4,4,12951,30,exp2,70746112,70750208,70750208,17687552,0.00647601206,0.00647685723,-4096,53058560,0.000865578651,0x3bd43bd1,0.00647685723,0x3f800000,1,0x00000000,0,0x00000000,0,0000000,0,0,00000,0000000,0,0,0000,0x00000000,0,0x00000000,0,0x00000000,0,0,0
l2,0.0625,0,min-error,metric_min,exp1,0,1,1,0.00647601206,0.00647685723,0.00647601206,0.00647685723,8.45175236e-07,31,raw-and-scaled,7,1,fp7_e1m5,fp7_e2m4,5,4,4,12951,31,exp2,70746112,70750208,70750208,17687552,0.00647601206,0.00647685723,-4096,53058560,0.000865578651,0x3bd43bd1,0.00647685723,0x3f800000,1,0x00000000,0,0x00000000,0,0000000,0,0,00000,0000000,0,0,0000,0x00000000,0,0x00000000,0,0x00000000,0,0,0
l2,0.0625,0,min-error,metric_min,exp1,0,1,1,0.00647601206,0.00647685723,0.00647601206,0.00647685723,8.45175236e-07,32,raw-and-scaled,7,1,fp7_e1m5,fp7_e2m4,5,4,4,12951,32,exp2,70746112,70750208,70750208,17687552,0.00647601206,0.00647685723,-4096,53058560,0.000865578651,0x3bd43bd1,0.00647685723,0x3f800000,1,0x00000000,0,0x00000000,0,0000000,0,0,00000,0000000,0,0,0000,0x00000000,0,0x00000000,0,0x00000000,0,0,0
l2,0.0625,0,min-error,metric_min,exp1,0,1,1,0.00647601206,0.00647685723,0.00647601206,0.00647685723,8.45175236e-07,33,raw-and-scaled,7,1,fp7_e1m5,fp7_e2m4,5,4,4,12951,33,exp2,70746112,70750208,70750208,17687552,0.00647601206,0.00647685723,-4096,53058560,0.000865578651,0x3bd43bd1,0.00647685723,0x3f800000,1,0x3f4066e2,0.751569867,0x3f4066e2,0.751569867,0011000,0,24,11000,0101000,2,8,1000,0x3acdc400,0.00156986713,0x3acdc400,0.00156986713,0x00000000,0,0,0
l2,0.0625,0,min-error,metric_min,exp1,0,1,1,0.00647601206,0.00647685723,0.00647601206,0.00647685723,8.45175236e-07,34,raw-and-scaled,7,1,fp7_e1m5,fp7_e2m4,5,4,4,12951,34,exp2,70746112,70750208,70750208,17687552,0.00647601206,0.00647685723,-4096,53058560,0.000865578651,0x3bd43bd1,0.00647685723,0x3f800000,1,0xbd5ca898,-0.053871721,0xbd5ca898,-0.053871721,1000001,0,1,00001,1000011,0,3,0011,0xbcb95130,-0.022621721,0xbbe544c0,-0.00699672103,0xcaf2a000,-7950336,-1987584,-0.473895073
l2,0.0625,0,min-error,metric_min,exp1,0,1,1,0.00647601206,0.00647685723,0.00647601206,0.00647685723,8.45175236e-07,35,raw-and-scaled,7,1,fp7_e1m5,fp7_e2m4,5,4,4,12951,35,exp2,70746112,70750208,70750208,17687552,0.00647601206,0.00647685723,-4096,53058560,0.000865578651,0x3bd43bd1,0.00647685723,0x3f800000,1,0x00000000,0,0x00000000,0,0000000,0,0,00000,0000000,0,0,0000,0x00000000,0,0x00000000,0,0x00000000,0,0,0
l2,0.0625,0,min-error,metric_min,exp1,0,1,1,0.00647601206,0.00647685723,0.00647601206,0.00647685723,8.45175236e-07,36,raw-and-scaled,7,1,fp7_e1m5,fp7_e2m4,5,4,4,12951,36,exp2,70746112,70750208,70750208,17687552,0.00647601206,0.00647685723,-4096,53058560,0.000865578651,0x3bd43bd1,0.00647685723,0x3f800000,1,0x00000000,0,0x00000000,0,0000000,0,0,00000,0000000,0,0,0000,0x00000000,0,0x00000000,0,0x00000000,0,0,0
l2,0.0625,0,min-error,metric_min,exp1,0,1,1,0.00647601206,0.00647685723,0.00647601206,0.00647685723,8.45175236e-07,37,raw-and-scaled,7,1,fp7_e1m5,fp7_e2m4,5,4,4,12951,37,exp2,70746112,70750208,70750208,17687552,0.00647601206,0.00647685723,-4096,53058560,0.000865578651,0x3bd43bd1,0.00647685723,0x3f800000,1,0x00000000,0,0x00000000,0,0000000,0,0,00000,0000000,0,0,0000,0x00000000,0,0x00000000,0,0x00000000,0,0,0
l2,0.0625,0,min-error,metric_min,exp1,0,1,1,0.00647601206,0.00647685723,0.00647601206,0.00647685723,8.45175236e-07,38,raw-and-scaled,7,1,fp7_e1m5,fp7_e2m4,5,4,4,12951,38,exp2,70746112,70750208,70750208,17687552,0.00647601206,0.00647685723,-4096,53058560,0.000865578651,0x3bd43bd1,0.00647685723,0x3f800000,1,0xbd41082d,-0.0471269377,0xbd41082d,-0.0471269377,1000001,0,1,00001,1000011,0,3,0011,0xbc82105a,-0.0158769377,0xb9841680,-0.000251937658,0xca842000,-4329472,-1082368,-0.258062005
l2,0.0625,0,min-error,metric_min,exp1,0,1,1,0.00647601206,0.00647685723,0.00647601206,0.00647685723,8.45175236e-07,39,raw-and-scaled,7,1,fp7_e1m5,fp7_e2m4,5,4,4,12951,39,exp2,70746112,70750208,70750208,17687552,0.00647601206,0.00647685723,-4096,53058560,0.000865578651,0x3bd43bd1,0.00647685723,0x3f800000,1,0x00000000,0,0x00000000,0,0000000,0,0,00000,0000000,0,0,0000,0x00000000,0,0x00000000,0,0x00000000,0,0,0
l2,0.0625,0,min-error,metric_min,exp1,0,1,1,0.00647601206,0.00647685723,0.00647601206,0.00647685723,8.45175236e-07,40,raw-and-scaled,7,1,fp7_e1m5,fp7_e2m4,5,4,4,12951,40,exp2,70746112,70750208,70750208,17687552,0.00647601206,0.00647685723,-4096,53058560,0.000865578651,0x3bd43bd1,0.00647685723,0x3f800000,1,0xbc0ccac4,-0.00859326497,0xbc0ccac4,-0.00859326497,1000000,0,0,00000,1000000,0,0,0000,0xbc0ccac4,-0.00859326497,0xbc0ccac4,-0.00859326497,0x00000000,0,0,0
l2,0.0625,0,min-error,metric_min,exp1,0,1,1,0.00647601206,0.00647685723,0.00647601206,0.00647685723,8.45175236e-07,41,raw-and-scaled,7,1,fp7_e1m5,fp7_e2m4,5,4,4,12951,41,exp2,70746112,70750208,70750208,17687552,0.00647601206,0.00647685723,-4096,53058560,0.000865578651,0x3bd43bd1,0.00647685723,0x3f800000,1,0x00000000,0,0x00000000,0,0000000,0,0,00000,0000000,0,0,0000,0x00000000,0,0x00000000,0,0x00000000,0,0,0
l2,0.0625,0,min-error,metric_min,exp1,0,1,1,0.00647601206,0.00647685723,0.00647601206,0.00647685723,8.45175236e-07,42,raw-and-scaled,7,1,fp7_e1m5,fp7_e2m4,5,4,4,12951,42,exp2,70746112,70750208,70750208,17687552,0.00647601206,0.00647685723,-4096,53058560,0.000865578651,0x3bd43bd1,0.00647685723,0x3f800000,1,0x00000000,0,0x00000000,0,0000000,0,0,00000,0000000,0,0,0000,0x00000000,0,0x00000000,0,0x00000000,0,0,0
l2,0.0625,0,min-error,metric_min,exp1,0,1,1,0.00647601206,0.00647685723,0.00647601206,0.00647685723,8.45175236e-07,43,raw-and-scaled,7,1,fp7_e1m5,fp7_e2m4,5,4,4,12951,43,exp2,70746112,70750208,70750208,17687552,0.00647601206,0.00647685723,-4096,53058560,0.000865578651,0x3bd43bd1,0.00647685723,0x3f800000,1,0x00000000,0,0x00000000,0,0000000,0,0,00000,0000000,0,0,0000,0x00000000,0,0x00000000,0,0x00000000,0,0,0
l2,0.0625,0,min-error,metric_min,exp1,0,1,1,0.00647601206,0.00647685723,0.00647601206,0.00647685723,8.45175236e-07,44,raw-and-scaled,7,1,fp7_e1m5,fp7_e2m4,5,4,4,12951,44,exp2,70746112,70750208,70750208,17687552,0.00647601206,0.00647685723,-4096,53058560,0.000865578651,0x3bd43bd1,0.00647685723,0x3f800000,1,0x00000000,0,0x00000000,0,0000000,0,0,00000,0000000,0,0,0000,0x00000000,0,0x00000000,0,0x00000000,0,0,0
l2,0.0625,0,min-error,metric_min,exp1,0,1,1,0.00647601206,0.00647685723,0.00647601206,0.00647685723,8.45175236e-07,45,raw-and-scaled,7,1,fp7_e1m5,fp7_e2m4,5,4,4,12951,45,exp2,70746112,70750208,70750208,17687552,0.00647601206,0.00647685723,-4096,53058560,0.000865578651,0x3bd43bd1,0.00647685723,0x3f800000,1,0xbb93c105,-0.00450909371,0xbb93c105,-0.00450909371,1000000,0,0,00000,1000000,0,0,0000,0xbb93c105,-0.00450909371,0xbb93c105,-0.00450909371,0x00000000,0,0,0
l2,0.0625,0,min-error,metric_min,exp1,0,1,1,0.00647601206,0.00647685723,0.00647601206,0.00647685723,8.45175236e-07,46,raw-and-scaled,7,1,fp7_e1m5,fp7_e2m4,5,4,4,12951,46,exp2,70746112,70750208,70750208,17687552,0.00647601206,0.00647685723,-4096,53058560,0.000865578651,0x3bd43bd1,0.00647685723,0x3f800000,1,0x00000000,0,0x00000000,0,0000000,0,0,00000,0000000,0,0,0000,0x00000000,0,0x00000000,0,0x00000000,0,0,0
l2,0.0625,0,min-error,metric_min,exp1,0,1,1,0.00647601206,0.00647685723,0.00647601206,0.00647685723,8.45175236e-07,47,raw-and-scaled,7,1,fp7_e1m5,fp7_e2m4,5,4,4,12951,47,exp2,70746112,70750208,70750208,17687552,0.00647601206,0.00647685723,-4096,53058560,0.000865578651,0x3bd43bd1,0.00647685723,0x3f800000,1,0x3b6e32d9,0.00363462255,0x3b6e32d9,0.00363462255,0000000,0,0,00000,0000000,0,0,0000,0x3b6e32d9,0.00363462255,0x3b6e32d9,0.00363462255,0x00000000,0,0,0
l2,0.0625,0,min-error,metric_min,exp1,0,1,1,0.00647601206,0.00647685723,0.00647601206,0.00647685723,8.45175236e-07,48,raw-and-scaled,7,1,fp7_e1m5,fp7_e2m4,5,4,4,12951,48,exp2,70746112,70750208,70750208,17687552,0.00647601206,0.00647685723,-4096,53058560,0.000865578651,0x3bd43bd1,0.00647685723,0x3f800000,1,0x00000000,0,0x00000000,0,0000000,0,0,00000,0000000,0,0,0000,0x00000000,0,0x00000000,0,0x00000000,0,0,0
l2,0.0625,0,min-error,metric_min,exp1,0,1,1,0.00647601206,0.00647685723,0.00647601206,0.00647685723,8.45175236e-07,49,raw-and-scaled,7,1,fp7_e1m5,fp7_e2m4,5,4,4,12951,49,exp2,70746112,70750208,70750208,17687552,0.00647601206,0.00647685723,-4096,53058560,0.000865578651,0x3bd43bd1,0.00647685723,0x3f800000,1,0xbbde513e,-0.00678458717,0xbbde513e,-0.00678458717,1000000,0,0,00000,1000000,0,0,0000,0xbbde513e,-0.00678458717,0xbbde513e,-0.00678458717,0x00000000,0,0,0
l2,0.0625,0,min-error,metric_min,exp1,0,1,1,0.00647601206,0.00647685723,0.00647601206,0.00647685723,8.45175236e-07,50,raw-and-scaled,7,1,fp7_e1m5,fp7_e2m4,5,4,4,12951,50,exp2,70746112,70750208,70750208,17687552,0.00647601206,0.00647685723,-4096,53058560,0.000865578651,0x3bd43bd1,0.00647685723,0x3f800000,1,0x00000000,0,0x00000000,0,0000000,0,0,00000,0000000,0,0,0000,0x00000000,0,0x00000000,0,0x00000000,0,0,0
l2,0.0625,0,min-error,metric_min,exp1,0,1,1,0.00647601206,0.00647685723,0.00647601206,0.00647685723,8.45175236e-07,51,raw-and-scaled,7,1,fp7_e1m5,fp7_e2m4,5,4,4,12951,51,exp2,70746112,70750208,70750208,17687552,0.00647601206,0.00647685723,-4096,53058560,0.000865578651,0x3bd43bd1,0.00647685723,0x3f800000,1,0x00000000,0,0x00000000,0,0000000,0,0,00000,0000000,0,0,0000,0x00000000,0,0x00000000,0,0x00000000,0,0,0
l2,0.0625,0,min-error,metric_min,exp1,0,1,1,0.00647601206,0.00647685723,0.00647601206,0.00647685723,8.45175236e-07,52,raw-and-scaled,7,1,fp7_e1m5,fp7_e2m4,5,4,4,12951,52,exp2,70746112,70750208,70750208,17687552,0.00647601206,0.00647685723,-4096,53058560,0.000865578651,0x3bd43bd1,0.00647685723,0x3f800000,1,0x00000000,0,0x00000000,0,0000000,0,0,00000,0000000,0,0,0000,0x00000000,0,0x00000000,0,0x00000000,0,0,0
l2,0.0625,0,min-error,metric_min,exp1,0,1,1,0.00647601206,0.00647685723,0.00647601206,0.00647685723,8.45175236e-07,53,raw-and-scaled,7,1,fp7_e1m5,fp7_e2m4,5,4,4,12951,53,exp2,70746112,70750208,70750208,17687552,0.00647601206,0.00647685723,-4096,53058560,0.000865578651,0x3bd43bd1,0.00647685723,0x3f800000,1,0x00000000,0,0x00000000,0,0000000,0,0,00000,0000000,0,0,0000,0x00000000,0,0x00000000,0,0x00000000,0,0,0
l2,0.0625,0,min-error,metric_min,exp1,0,1,1,0.00647601206,0.00647685723,0.00647601206,0.00647685723,8.45175236e-07,54,raw-and-scaled,7,1,fp7_e1m5,fp7_e2m4,5,4,4,12951,54,exp2,70746112,70750208,70750208,17687552,0.00647601206,0.00647685723,-4096,53058560,0.000865578651,0x3bd43bd1,0.00647685723,0x3f800000,1,0x3f580d3a,0.843951821,0x3f580d3a,0.843951821,0011011,0,27,11011,0101011,2,11,1011,0x3953a000,0.000201821327,0x3953a000,0.000201821327,0x00000000,0,0,0
l2,0.0625,0,min-error,metric_min,exp1,0,1,1,0.00647601206,0.00647685723,0.00647601206,0.00647685723,8.45175236e-07,55,raw-and-scaled,7,1,fp7_e1m5,fp7_e2m4,5,4,4,12951,55,exp2,70746112,70750208,70750208,17687552,0.00647601206,0.00647685723,-4096,53058560,0.000865578651,0x3bd43bd1,0.00647685723,0x3f800000,1,0x00000000,0,0x00000000,0,0000000,0,0,00000,0000000,0,0,0000,0x00000000,0,0x00000000,0,0x00000000,0,0,0
l2,0.0625,0,min-error,metric_min,exp1,0,1,1,0.00647601206,0.00647685723,0.00647601206,0.00647685723,8.45175236e-07,56,raw-and-scaled,7,1,fp7_e1m5,fp7_e2m4,5,4,4,12951,56,exp2,70746112,70750208,70750208,17687552,0.00647601206,0.00647685723,-4096,53058560,0.000865578651,0x3bd43bd1,0.00647685723,0x3f800000,1,0x00000000,0,0x00000000,0,0000000,0,0,00000,0000000,0,0,0000,0x00000000,0,0x00000000,0,0x00000000,0,0,0
l2,0.0625,0,min-error,metric_min,exp1,0,1,1,0.00647601206,0.00647685723,0.00647601206,0.00647685723,8.45175236e-07,57,raw-and-scaled,7,1,fp7_e1m5,fp7_e2m4,5,4,4,12951,57,exp2,70746112,70750208,70750208,17687552,0.00647601206,0.00647685723,-4096,53058560,0.000865578651,0x3bd43bd1,0.00647685723,0x3f800000,1,0x00000000,0,0x00000000,0,0000000,0,0,00000,0000000,0,0,0000,0x00000000,0,0x00000000,0,0x00000000,0,0,0
l2,0.0625,0,min-error,metric_min,exp1,0,1,1,0.00647601206,0.00647685723,0.00647601206,0.00647685723,8.45175236e-07,58,raw-and-scaled,7,1,fp7_e1m5,fp7_e2m4,5,4,4,12951,58,exp2,70746112,70750208,70750208,17687552,0.00647601206,0.00647685723,-4096,53058560,0.000865578651,0x3bd43bd1,0.00647685723,0x3f800000,1,0x00000000,0,0x00000000,0,0000000,0,0,00000,0000000,0,0,0000,0x00000000,0,0x00000000,0,0x00000000,0,0,0
l2,0.0625,0,min-error,metric_min,exp1,0,1,1,0.00647601206,0.00647685723,0.00647601206,0.00647685723,8.45175236e-07,59,raw-and-scaled,7,1,fp7_e1m5,fp7_e2m4,5,4,4,12951,59,exp2,70746112,70750208,70750208,17687552,0.00647601206,0.00647685723,-4096,53058560,0.000865578651,0x3bd43bd1,0.00647685723,0x3f800000,1,0xbdf66f38,-0.12032932,0xbdf66f38,-0.12032932,1000011,0,3,00011,1000111,0,7,0111,0xbcd9bce0,-0.0265793204,0xbc3379c0,-0.0109543204,0xcb19b000,-10072064,-2518016,-0.600538254
l2,0.0625,0,min-error,metric_min,exp1,0,1,1,0.00647601206,0.00647685723,0.00647601206,0.00647685723,8.45175236e-07,60,raw-and-scaled,7,1,fp7_e1m5,fp7_e2m4,5,4,4,12951,60,exp2,70746112,70750208,70750208,17687552,0.00647601206,0.00647685723,-4096,53058560,0.000865578651,0x3bd43bd1,0.00647685723,0x3f800000,1,0x00000000,0,0x00000000,0,0000000,0,0,00000,0000000,0,0,0000,0x00000000,0,0x00000000,0,0x00000000,0,0,0
l2,0.0625,0,min-error,metric_min,exp1,0,1,1,0.00647601206,0.00647685723,0.00647601206,0.00647685723,8.45175236e-07,61,raw-and-scaled,7,1,fp7_e1m5,fp7_e2m4,5,4,4,12951,61,exp2,70746112,70750208,70750208,17687552,0.00647601206,0.00647685723,-4096,53058560,0.000865578651,0x3bd43bd1,0.00647685723,0x3f800000,1,0x3d865d07,0.0656071231,0x3d865d07,0.0656071231,0000010,0,2,00010,0000100,0,4,0100,0x3b4ba0e0,0.00310712308,0x3b4ba0e0,0.00310712308,0x00000000,0,0,0
l2,0.0625,0,min-error,metric_min,exp1,0,1,1,0.00647601206,0.00647685723,0.00647601206,0.00647685723,8.45175236e-07,62,raw-and-scaled,7,1,fp7_e1m5,fp7_e2m4,5,4,4,12951,62,exp2,70746112,70750208,70750208,17687552,0.00647601206,0.00647685723,-4096,53058560,0.000865578651,0x3bd43bd1,0.00647685723,0x3f800000,1,0x00000000,0,0x00000000,0,0000000,0,0,00000,0000000,0,0,0000,0x00000000,0,0x00000000,0,0x00000000,0,0,0
l2,0.0625,0,min-error,metric_min,exp1,0,1,1,0.00647601206,0.00647685723,0.00647601206,0.00647685723,8.45175236e-07,63,raw-and-scaled,7,1,fp7_e1m5,fp7_e2m4,5,4,4,12951,63,exp2,70746112,70750208,70750208,17687552,0.00647601206,0.00647685723,-4096,53058560,0.000865578651,0x3bd43bd1,0.00647685723,0x3f800000,1,0x00000000,0,0x00000000,0,0000000,0,0,00000,0000000,0,0,0000,0x00000000,0,0x00000000,0,0x00000000,0,0,0
l2,0.0625,0,min-error,metric_min,exp1,0,1,1,0.00647601206,0.00647685723,0.00647601206,0.00647685723,8.45175236e-07,64,raw-and-scaled,7,1,fp7_e1m5,fp7_e2m4,5,4,4,12951,64,exp2,70746112,70750208,70750208,17687552,0.00647601206,0.00647685723,-4096,53058560,0.000865578651,0x3bd43bd1,0.00647685723,0x3f800000,1,0x00000000,0,0x00000000,0,0000000,0,0,00000,0000000,0,0,0000,0x00000000,0,0x00000000,0,0x00000000,0,0,0
l2,0.0625,0,min-error,metric_min,exp1,0,1,1,0.00647601206,0.00647685723,0.00647601206,0.00647685723,8.45175236e-07,65,raw-and-scaled,7,1,fp7_e1m5,fp7_e2m4,5,4,4,12951,65,exp2,70746112,70750208,70750208,17687552,0.00647601206,0.00647685723,-4096,53058560,0.000865578651,0x3bd43bd1,0.00647685723,0x3f800000,1,0x00000000,0,0x00000000,0,0000000,0,0,00000,0000000,0,0,0000,0x00000000,0,0x00000000,0,0x00000000,0,0,0
l2,0.0625,0,min-error,metric_min,exp1,0,1,1,0.00647601206,0.00647685723,0.00647601206,0.00647685723,8.45175236e-07,66,raw-and-scaled,7,1,fp7_e1m5,fp7_e2m4,5,4,4,12951,66,exp2,70746112,70750208,70750208,17687552,0.00647601206,0.00647685723,-4096,53058560,0.000865578651,0x3bd43bd1,0.00647685723,0x3f800000,1,0x00000000,0,0x00000000,0,0000000,0,0,00000,0000000,0,0,0000,0x00000000,0,0x00000000,0,0x00000000,0,0,0
l2,0.0625,0,min-error,metric_min,exp1,0,1,1,0.00647601206,0.00647685723,0.00647601206,0.00647685723,8.45175236e-07,67,raw-and-scaled,7,1,fp7_e1m5,fp7_e2m4,5,4,4,12951,67,exp2,70746112,70750208,70750208,17687552,0.00647601206,0.00647685723,-4096,53058560,0.000865578651,0x3bd43bd1,0.00647685723,0x3f800000,1,0x00000000,0,0x00000000,0,0000000,0,0,00000,0000000,0,0,0000,0x00000000,0,0x00000000,0,0x00000000,0,0,0
l2,0.0625,0,min-error,metric_min,exp1,0,1,1,0.00647601206,0.00647685723,0.00647601206,0.00647685723,8.45175236e-07,68,raw-and-scaled,7,1,fp7_e1m5,fp7_e2m4,5,4,4,12951,68,exp2,70746112,70750208,70750208,17687552,0.00647601206,0.00647685723,-4096,53058560,0.000865578651,0x3bd43bd1,0.00647685723,0x3f800000,1,0x00000000,0,0x00000000,0,0000000,0,0,00000,0000000,0,0,0000,0x00000000,0,0x00000000,0,0x00000000,0,0,0
l2,0.0625,0,min-error,metric_min,exp1,0,1,1,0.00647601206,0.00647685723,0.00647601206,0.00647685723,8.45175236e-07,69,raw-and-scaled,7,1,fp7_e1m5,fp7_e2m4,5,4,4,12951,69,exp2,70746112,70750208,70750208,17687552,0.00647601206,0.00647685723,-4096,53058560,0.000865578651,0x3bd43bd1,0.00647685723,0x3f800000,1,0x00000000,0,0x00000000,0,0000000,0,0,00000,0000000,0,0,0000,0x00000000,0,0x00000000,0,0x00000000,0,0,0
l2,0.0625,0,min-error,metric_min,exp1,0,1,1,0.00647601206,0.00647685723,0.00647601206,0.00647685723,8.45175236e-07,70,raw-and-scaled,7,1,fp7_e1m5,fp7_e2m4,5,4,4,12951,70,exp2,70746112,70750208,70750208,17687552,0.00647601206,0.00647685723,-4096,53058560,0.000865578651,0x3bd43bd1,0.00647685723,0x3f800000,1,0x00000000,0,0x00000000,0,0000000,0,0,00000,0000000,0,0,0000,0x00000000,0,0x00000000,0,0x00000000,0,0,0
l2,0.0625,0,min-error,metric_min,exp1,0,1,1,0.00647601206,0.00647685723,0.00647601206,0.00647685723,8.45175236e-07,71,raw-and-scaled,7,1,fp7_e1m5,fp7_e2m4,5,4,4,12951,71,exp2,70746112,70750208,70750208,17687552,0.00647601206,0.00647685723,-4096,53058560,0.000865578651,0x3bd43bd1,0.00647685723,0x3f800000,1,0x00000000,0,0x00000000,0,0000000,0,0,00000,0000000,0,0,0000,0x00000000,0,0x00000000,0,0x00000000,0,0,0
l2,0.0625,0,min-error,metric_min,exp1,0,1,1,0.00647601206,0.00647685723,0.00647601206,0.00647685723,8.45175236e-07,72,raw-and-scaled,7,1,fp7_e1m5,fp7_e2m4,5,4,4,12951,72,exp2,70746112,70750208,70750208,17687552,0.00647601206,0.00647685723,-4096,53058560,0.000865578651,0x3bd43bd1,0.00647685723,0x3f800000,1,0x00000000,0,0x00000000,0,0000000,0,0,00000,0000000,0,0,0000,0x00000000,0,0x00000000,0,0x00000000,0,0,0
l2,0.0625,0,min-error,metric_min,exp1,0,1,1,0.00647601206,0.00647685723,0.00647601206,0.00647685723,8.45175236e-07,73,raw-and-scaled,7,1,fp7_e1m5,fp7_e2m4,5,4,4,12951,73,exp2,70746112,70750208,70750208,17687552,0.00647601206,0.00647685723,-4096,53058560,0.000865578651,0x3bd43bd1,0.00647685723,0x3f800000,1,0x3ec00284,0.375019193,0x3ec00284,0.375019193,0001100,0,12,01100,0011000,1,8,1000,0x37a10000,1.91926956e-05,0x37a10000,1.91926956e-05,0x00000000,0,0,0
l2,0.0625,0,min-error,metric_min,exp1,0,1,1,0.00647601206,0.00647685723,0.00647601206,0.00647685723,8.45175236e-07,74,raw-and-scaled,7,1,fp7_e1m5,fp7_e2m4,5,4,4,12951,74,exp2,70746112,70750208,70750208,17687552,0.00647601206,0.00647685723,-4096,53058560,0.000865578651,0x3bd43bd1,0.00647685723,0x3f800000,1,0x00000000,0,0x00000000,0,0000000,0,0,00000,0000000,0,0,0000,0x00000000,0,0x00000000,0,0x00000000,0,0,0
l2,0.0625,0,min-error,metric_min,exp1,0,1,1,0.00647601206,0.00647685723,0.00647601206,0.00647685723,8.45175236e-07,75,raw-and-scaled,7,1,fp7_e1m5,fp7_e2m4,5,4,4,12951,75,exp2,70746112,70750208,70750208,17687552,0.00647601206,0.00647685723,-4096,53058560,0.000865578651,0x3bd43bd1,0.00647685723,0x3f800000,1,0x00000000,0,0x00000000,0,0000000,0,0,00000,0000000,0,0,0000,0x00000000,0,0x00000000,0,0x00000000,0,0,0
l2,0.0625,0,min-error,metric_min,exp1,0,1,1,0.00647601206,0.00647685723,0.00647601206,0.00647685723,8.45175236e-07,76,raw-and-scaled,7,1,fp7_e1m5,fp7_e2m4,5,4,4,12951,76,exp2,70746112,70750208,70750208,17687552,0.00647601206,0.00647685723,-4096,53058560,0.000865578651,0x3bd43bd1,0.00647685723,0x3f800000,1,0x00000000,0,0x00000000,0,0000000,0,0,00000,0000000,0,0,0000,0x00000000,0,0x00000000,0,0x00000000,0,0,0
l2,0.0625,0,min-error,metric_min,exp1,0,1,1,0.00647601206,0.00647685723,0.00647601206,0.00647685723,8.45175236e-07,77,raw-and-scaled,7,1,fp7_e1m5,fp7_e2m4,5,4,4,12951,77,exp2,70746112,70750208,70750208,17687552,0.00647601206,0.00647685723,-4096,53058560,0.000865578651,0x3bd43bd1,0.00647685723,0x3f800000,1,0x3fa59b7b,1.29380739,0x3fa59b7b,1.29380739,0101001,1,9,01001,0110100,3,4,0100,0x3c4dbd80,0.0125573874,0x3d336f60,0.0438073874,0x4be6c000,30244864,30244864,1.80367279
l2,0.0625,0,min-error,metric_min,exp1,0,1,1,0.00647601206,0.00647685723,0.00647601206,0.00647685723,8.45175236e-07,78,raw-and-scaled,7,1,fp7_e1m5,fp7_e2m4,5,4,4,12951,78,exp2,70746112,70750208,70750208,17687552,0.00647601206,0.00647685723,-4096,53058560,0.000865578651,0x3bd43bd1,0.00647685723,0x3f800000,1,0x00000000,0,0x00000000,0,0000000,0,0,00000,0000000,0,0,0000,0x00000000,0,0x00000000,0,0x00000000,0,0,0
l2,0.0625,0,min-error,metric_min,exp1,0,1,1,0.00647601206,0.00647685723,0.00647601206,0.00647685723,8.45175236e-07,79,raw-and-scaled,7,1,fp7_e1m5,fp7_e2m4,5,4,4,12951,79,exp2,70746112,70750208,70750208,17687552,0.00647601206,0.00647685723,-4096,53058560,0.000865578651,0x3bd43bd1,0.00647685723,0x3f800000,1,0x00000000,0,0x00000000,0,0000000,0,0,00000,0000000,0,0,0000,0x00000000,0,0x00000000,0,0x00000000,0,0,0
l2,0.0625,0,min-error,metric_min,exp1,0,1,1,0.00647601206,0.00647685723,0.00647601206,0.00647685723,8.45175236e-07,80,raw-and-scaled,7,1,fp7_e1m5,fp7_e2m4,5,4,4,12951,80,exp2,70746112,70750208,70750208,17687552,0.00647601206,0.00647685723,-4096,53058560,0.000865578651,0x3bd43bd1,0.00647685723,0x3f800000,1,0x00000000,0,0x00000000,0,0000000,0,0,00000,0000000,0,0,0000,0x00000000,0,0x00000000,0,0x00000000,0,0,0
l2,0.0625,0,min-error,metric_min,exp1,0,1,1,0.00647601206,0.00647685723,0.00647601206,0.00647685723,8.45175236e-07,81,raw-and-scaled,7,1,fp7_e1m5,fp7_e2m4,5,4,4,12951,81,exp2,70746112,70750208,70750208,17687552,0.00647601206,0.00647685723,-4096,53058560,0.000865578651,0x3bd43bd1,0.00647685723,0x3f800000,1,0x00000000,0,0x00000000,0,0000000,0,0,00000,0000000,0,0,0000,0x00000000,0,0x00000000,0,0x00000000,0,0,0
l2,0.0625,0,min-error,metric_min,exp1,0,1,1,0.00647601206,0.00647685723,0.00647601206,0.00647685723,8.45175236e-07,82,raw-and-scaled,7,1,fp7_e1m5,fp7_e2m4,5,4,4,12951,82,exp2,70746112,70750208,70750208,17687552,0.00647601206,0.00647685723,-4096,53058560,0.000865578651,0x3bd43bd1,0.00647685723,0x3f800000,1,0x00000000,0,0x00000000,0,0000000,0,0,00000,0000000,0,0,0000,0x00000000,0,0x00000000,0,0x00000000,0,0,0
l2,0.0625,0,min-error,metric_min,exp1,0,1,1,0.00647601206,0.00647685723,0.00647601206,0.00647685723,8.45175236e-07,83,raw-and-scaled,7,1,fp7_e1m5,fp7_e2m4,5,4,4,12951,83,exp2,70746112,70750208,70750208,17687552,0.00647601206,0.00647685723,-4096,53058560,0.000865578651,0x3bd43bd1,0.00647685723,0x3f800000,1,0x00000000,0,0x00000000,0,0000000,0,0,00000,0000000,0,0,0000,0x00000000,0,0x00000000,0,0x00000000,0,0,0
l2,0.0625,0,min-error,metric_min,exp1,0,1,1,0.00647601206,0.00647685723,0.00647601206,0.00647685723,8.45175236e-07,84,raw-and-scaled,7,1,fp7_e1m5,fp7_e2m4,5,4,4,12951,84,exp2,70746112,70750208,70750208,17687552,0.00647601206,0.00647685723,-4096,53058560,0.000865578651,0x3bd43bd1,0.00647685723,0x3f800000,1,0x3b345c42,0.00275208103,0x3b345c42,0.00275208103,0000000,0,0,00000,0000000,0,0,0000,0x3b345c42,0.00275208103,0x3b345c42,0.00275208103,0x00000000,0,0,0
l2,0.0625,0,min-error,metric_min,exp1,0,1,1,0.00647601206,0.00647685723,0.00647601206,0.00647685723,8.45175236e-07,85,raw-and-scaled,7,1,fp7_e1m5,fp7_e2m4,5,4,4,12951,85,exp2,70746112,70750208,70750208,17687552,0.00647601206,0.00647685723,-4096,53058560,0.000865578651,0x3bd43bd1,0.00647685723,0x3f800000,1,0x00000000,0,0x00000000,0,0000000,0,0,00000,0000000,0,0,0000,0x00000000,0,0x00000000,0,0x00000000,0,0,0
l2,0.0625,0,min-error,metric_min,exp1,0,1,1,0.00647601206,0.00647685723,0.00647601206,0.00647685723,8.45175236e-07,86,raw-and-scaled,7,1,fp7_e1m5,fp7_e2m4,5,4,4,12951,86,exp2,70746112,70750208,70750208,17687552,0.00647601206,0.00647685723,-4096,53058560,0.000865578651,0x3bd43bd1,0.00647685723,0x3f800000,1,0x00000000,0,0x00000000,0,0000000,0,0,00000,0000000,0,0,0000,0x00000000,0,0x00000000,0,0x00000000,0,0,0
l2,0.0625,0,min-error,metric_min,exp1,0,1,1,0.00647601206,0.00647685723,0.00647601206,0.00647685723,8.45175236e-07,87,raw-and-scaled,7,1,fp7_e1m5,fp7_e2m4,5,4,4,12951,87,exp2,70746112,70750208,70750208,17687552,0.00647601206,0.00647685723,-4096,53058560,0.000865578651,0x3bd43bd1,0.00647685723,0x3f800000,1,0x00000000,0,0x00000000,0,0000000,0,0,00000,0000000,0,0,0000,0x00000000,0,0x00000000,0,0x00000000,0,0,0
l2,0.0625,0,min-error,metric_min,exp1,0,1,1,0.00647601206,0.00647685723,0.00647601206,0.00647685723,8.45175236e-07,88,raw-and-scaled,7,1,fp7_e1m5,fp7_e2m4,5,4,4,12951,88,exp2,70746112,70750208,70750208,17687552,0.00647601206,0.00647685723,-4096,53058560,0.000865578651,0x3bd43bd1,0.00647685723,0x3f800000,1,0x00000000,0,0x00000000,0,0000000,0,0,00000,0000000,0,0,0000,0x00000000,0,0x00000000,0,0x00000000,0,0,0
l2,0.0625,0,min-error,metric_min,exp1,0,1,1,0.00647601206,0.00647685723,0.00647601206,0.00647685723,8.45175236e-07,89,raw-and-scaled,7,1,fp7_e1m5,fp7_e2m4,5,4,4,12951,89,exp2,70746112,70750208,70750208,17687552,0.00647601206,0.00647685723,-4096,53058560,0.000865578651,0x3bd43bd1,0.00647685723,0x3f800000,1,0x00000000,0,0x00000000,0,0000000,0,0,00000,0000000,0,0,0000,0x00000000,0,0x00000000,0,0x00000000,0,0,0
l2,0.0625,0,min-error,metric_min,exp1,0,1,1,0.00647601206,0.00647685723,0.00647601206,0.00647685723,8.45175236e-07,90,raw-and-scaled,7,1,fp7_e1m5,fp7_e2m4,5,4,4,12951,90,exp2,70746112,70750208,70750208,17687552,0.00647601206,0.00647685723,-4096,53058560,0.000865578651,0x3bd43bd1,0.00647685723,0x3f800000,1,0x00000000,0,0x00000000,0,0000000,0,0,00000,0000000,0,0,0000,0x00000000,0,0x00000000,0,0x00000000,0,0,0
l2,0.0625,0,min-error,metric_min,exp1,0,1,1,0.00647601206,0.00647685723,0.00647601206,0.00647685723,8.45175236e-07,91,raw-and-scaled,7,1,fp7_e1m5,fp7_e2m4,5,4,4,12951,91,exp2,70746112,70750208,70750208,17687552,0.00647601206,0.00647685723,-4096,53058560,0.000865578651,0x3bd43bd1,0.00647685723,0x3f800000,1,0x00000000,0,0x00000000,0,0000000,0,0,00000,0000000,0,0,0000,0x00000000,0,0x00000000,0,0x00000000,0,0,0
l2,0.0625,0,min-error,metric_min,exp1,0,1,1,0.00647601206,0.00647685723,0.00647601206,0.00647685723,8.45175236e-07,92,raw-and-scaled,7,1,fp7_e1m5,fp7_e2m4,5,4,4,12951,92,exp2,70746112,70750208,70750208,17687552,0.00647601206,0.00647685723,-4096,53058560,0.000865578651,0x3bd43bd1,0.00647685723,0x3f800000,1,0x00000000,0,0x00000000,0,0000000,0,0,00000,0000000,0,0,0000,0x00000000,0,0x00000000,0,0x00000000,0,0,0
l2,0.0625,0,min-error,metric_min,exp1,0,1,1,0.00647601206,0.00647685723,0.00647601206,0.00647685723,8.45175236e-07,93,raw-and-scaled,7,1,fp7_e1m5,fp7_e2m4,5,4,4,12951,93,exp2,70746112,70750208,70750208,17687552,0.00647601206,0.00647685723,-4096,53058560,0.000865578651,0x3bd43bd1,0.00647685723,0x3f800000,1,0x00000000,0,0x00000000,0,0000000,0,0,00000,0000000,0,0,0000,0x00000000,0,0x00000000,0,0x00000000,0,0,0
l2,0.0625,0,min-error,metric_min,exp1,0,1,1,0.00647601206,0.00647685723,0.00647601206,0.00647685723,8.45175236e-07,94,raw-and-scaled,7,1,fp7_e1m5,fp7_e2m4,5,4,4,12951,94,exp2,70746112,70750208,70750208,17687552,0.00647601206,0.00647685723,-4096,53058560,0.000865578651,0x3bd43bd1,0.00647685723,0x3f800000,1,0x00000000,0,0x00000000,0,0000000,0,0,00000,0000000,0,0,0000,0x00000000,0,0x00000000,0,0x00000000,0,0,0
l2,0.0625,0,min-error,metric_min,exp1,0,1,1,0.00647601206,0.00647685723,0.00647601206,0.00647685723,8.45175236e-07,95,raw-and-scaled,7,1,fp7_e1m5,fp7_e2m4,5,4,4,12951,95,exp2,70746112,70750208,70750208,17687552,0.00647601206,0.00647685723,-4096,53058560,0.000865578651,0x3bd43bd1,0.00647685723,0x3f800000,1,0x00000000,0,0x00000000,0,0000000,0,0,00000,0000000,0,0,0000,0x00000000,0,0x00000000,0,0x00000000,0,0,0
l2,0.0625,0,min-error,metric_min,exp1,0,1,1,0.00647601206,0.00647685723,0.00647601206,0.00647685723,8.45175236e-07,96,raw-and-scaled,7,1,fp7_e1m5,fp7_e2m4,5,4,4,12951,96,exp2,70746112,70750208,70750208,17687552,0.00647601206,0.00647685723,-4096,53058560,0.000865578651,0x3bd43bd1,0.00647685723,0x3f800000,1,0x00000000,0,0x00000000,0,0000000,0,0,00000,0000000,0,0,0000,0x00000000,0,0x00000000,0,0x00000000,0,0,0
l2,0.0625,0,min-error,metric_min,exp1,0,1,1,0.00647601206,0.00647685723,0.00647601206,0.00647685723,8.45175236e-07,97,raw-and-scaled,7,1,fp7_e1m5,fp7_e2m4,5,4,4,12951,97,exp2,70746112,70750208,70750208,17687552,0.00647601206,0.00647685723,-4096,53058560,0.000865578651,0x3bd43bd1,0.00647685723,0x3f800000,1,0x3cbf8562,0.0233790316,0x3cbf8562,0.0233790316,0000000,0,0,00000,0000001,0,1,0001,0x3cbf8562,0.0233790316,0x3bfe1588,0.00775403157,0xcaff0000,-8355840,-2088960,-0.49812901
l2,0.0625,0,min-error,metric_min,exp1,0,1,1,0.00647601206,0.00647685723,0.00647601206,0.00647685723,8.45175236e-07,98,raw-and-scaled,7,1,fp7_e1m5,fp7_e2m4,5,4,4,12951,98,exp2,70746112,70750208,70750208,17687552,0.00647601206,0.00647685723,-4096,53058560,0.000865578651,0x3bd43bd1,0.00647685723,0x3f800000,1,0xbfbed47b,-1.49085939,0xbfbed47b,-1.49085939,1101111,1,15,01111,1110111,3,7,0111,0xbcb51ec0,-0.0221093893,0xbd5a8f60,-0.0533593893,0x4c1a8000,40501248,40501248,2.41500092
l2,0.0625,0,min-error,metric_min,exp1,0,1,1,0.00647601206,0.00647685723,0.00647601206,0.00647685723,8.45175236e-07,99,raw-and-scaled,7,1,fp7_e1m5,fp7_e2m4,5,4,4,12951,99,exp2,70746112,70750208,70750208,17687552,0.00647601206,0.00647685723,-4096,53058560,0.000865578651,0x3bd43bd1,0.00647685723,0x3f800000,1,0x00000000,0,0x00000000,0,0000000,0,0,00000,0000000,0,0,0000,0x00000000,0,0x00000000,0,0x00000000,0,0,0
l2,0.0625,0,min-error,metric_min,exp1,0,1,1,0.00647601206,0.00647685723,0.00647601206,0.00647685723,8.45175236e-07,100,raw-and-scaled,7,1,fp7_e1m5,fp7_e2m4,5,4,4,12951,100,exp2,70746112,70750208,70750208,17687552,0.00647601206,0.00647685723,-4096,53058560,0.000865578651,0x3bd43bd1,0.00647685723,0x3f800000,1,0x00000000,0,0x00000000,0,0000000,0,0,00000,0000000,0,0,0000,0x00000000,0,0x00000000,0,0x00000000,0,0,0
l2,0.0625,0,min-error,metric_min,exp1,0,1,1,0.00647601206,0.00647685723,0.00647601206,0.00647685723,8.45175236e-07,101,raw-and-scaled,7,1,fp7_e1m5,fp7_e2m4,5,4,4,12951,101,exp2,70746112,70750208,70750208,17687552,0.00647601206,0.00647685723,-4096,53058560,0.000865578651,0x3bd43bd1,0.00647685723,0x3f800000,1,0x00000000,0,0x00000000,0,0000000,0,0,00000,0000000,0,0,0000,0x00000000,0,0x00000000,0,0x00000000,0,0,0
l2,0.0625,0,min-error,metric_min,exp1,0,1,1,0.00647601206,0.00647685723,0.00647601206,0.00647685723,8.45175236e-07,102,raw-and-scaled,7,1,fp7_e1m5,fp7_e2m4,5,4,4,12951,102,exp2,70746112,70750208,70750208,17687552,0.00647601206,0.00647685723,-4096,53058560,0.000865578651,0x3bd43bd1,0.00647685723,0x3f800000,1,0x00000000,0,0x00000000,0,0000000,0,0,00000,0000000,0,0,0000,0x00000000,0,0x00000000,0,0x00000000,0,0,0
l2,0.0625,0,min-error,metric_min,exp1,0,1,1,0.00647601206,0.00647685723,0.00647601206,0.00647685723,8.45175236e-07,103,raw-and-scaled,7,1,fp7_e1m5,fp7_e2m4,5,4,4,12951,103,exp2,70746112,70750208,70750208,17687552,0.00647601206,0.00647685723,-4096,53058560,0.000865578651,0x3bd43bd1,0.00647685723,0x3f800000,1,0xbf7b86bd,-0.982524693,0xbf7b86bd,-0.982524693,1011111,0,31,11111,1101111,2,15,1111,0xbc61af40,-0.013774693,0xbc61af40,-0.013774693,0x00000000,0,0,0
l2,0.0625,0,min-error,metric_min,exp1,0,1,1,0.00647601206,0.00647685723,0.00647601206,0.00647685723,8.45175236e-07,104,raw-and-scaled,7,1,fp7_e1m5,fp7_e2m4,5,4,4,12951,104,exp2,70746112,70750208,70750208,17687552,0.00647601206,0.00647685723,-4096,53058560,0.000865578651,0x3bd43bd1,0.00647685723,0x3f800000,1,0x00000000,0,0x00000000,0,0000000,0,0,00000,0000000,0,0,0000,0x00000000,0,0x00000000,0,0x00000000,0,0,0
l2,0.0625,0,min-error,metric_min,exp1,0,1,1,0.00647601206,0.00647685723,0.00647601206,0.00647685723,8.45175236e-07,105,raw-and-scaled,7,1,fp7_e1m5,fp7_e2m4,5,4,4,12951,105,exp2,70746112,70750208,70750208,17687552,0.00647601206,0.00647685723,-4096,53058560,0.000865578651,0x3bd43bd1,0.00647685723,0x3f800000,1,0x00000000,0,0x00000000,0,0000000,0,0,00000,0000000,0,0,0000,0x00000000,0,0x00000000,0,0x00000000,0,0,0
l2,0.0625,0,min-error,metric_min,exp1,0,1,1,0.00647601206,0.00647685723,0.00647601206,0.00647685723,8.45175236e-07,106,raw-and-scaled,7,1,fp7_e1m5,fp7_e2m4,5,4,4,12951,106,exp2,70746112,70750208,70750208,17687552,0.00647601206,0.00647685723,-4096,53058560,0.000865578651,0x3bd43bd1,0.00647685723,0x3f800000,1,0x00000000,0,0x00000000,0,0000000,0,0,00000,0000000,0,0,0000,0x00000000,0,0x00000000,0,0x00000000,0,0,0
l2,0.0625,0,min-error,metric_min,exp1,0,1,1,0.00647601206,0.00647685723,0.00647601206,0.00647685723,8.45175236e-07,107,raw-and-scaled,7,1,fp7_e1m5,fp7_e2m4,5,4,4,12951,107,exp2,70746112,70750208,70750208,17687552,0.00647601206,0.00647685723,-4096,53058560,0.000865578651,0x3bd43bd1,0.00647685723,0x3f800000,1,0x3c45e94f,0.0120795509,0x3c45e94f,0.0120795509,0000000,0,0,00000,0000000,0,0,0000,0x3c45e94f,0.0120795509,0x3c45e94f,0.0120795509,0x00000000,0,0,0
l2,0.0625,0,min-error,metric_min,exp1,0,1,1,0.00647601206,0.00647685723,0.00647601206,0.00647685723,8.45175236e-07,108,raw-and-scaled,7,1,fp7_e1m5,fp7_e2m4,5,4,4,12951,108,exp2,70746112,70750208,70750208,17687552,0.00647601206,0.00647685723,-4096,53058560,0.000865578651,0x3bd43bd1,0.00647685723,0x3f800000,1,0x00000000,0,0x00000000,0,0000000,0,0,00000,0000000,0,0,0000,0x00000000,0,0x00000000,0,0x00000000,0,0,0
l2,0.0625,0,min-error,metric_min,exp1,0,1,1,0.00647601206,0.00647685723,0.00647601206,0.00647685723,8.45175236e-07,109,raw-and-scaled,7,1,fp7_e1m5,fp7_e2m4,5,4,4,12951,109,exp2,70746112,70750208,70750208,17687552,0.00647601206,0.00647685723,-4096,53058560,0.000865578651,0x3bd43bd1,0.00647685723,0x3f800000,1,0x00000000,0,0x00000000,0,0000000,0,0,00000,0000000,0,0,0000,0x00000000,0,0x00000000,0,0x00000000,0,0,0
l2,0.0625,0,min-error,metric_min,exp1,0,1,1,0.00647601206,0.00647685723,0.00647601206,0.00647685723,8.45175236e-07,110,raw-and-scaled,7,1,fp7_e1m5,fp7_e2m4,5,4,4,12951,110,exp2,70746112,70750208,70750208,17687552,0.00647601206,0.00647685723,-4096,53058560,0.000865578651,0x3bd43bd1,0.00647685723,0x3f800000,1,0x00000000,0,0x00000000,0,0000000,0,0,00000,0000000,0,0,0000,0x00000000,0,0x00000000,0,0x00000000,0,0,0
l2,0.0625,0,min-error,metric_min,exp1,0,1,1,0.00647601206,0.00647685723,0.00647601206,0.00647685723,8.45175236e-07,111,raw-and-scaled,7,1,fp7_e1m5,fp7_e2m4,5,4,4,12951,111,exp2,70746112,70750208,70750208,17687552,0.00647601206,0.00647685723,-4096,53058560,0.000865578651,0x3bd43bd1,0.00647685723,0x3f800000,1,0x00000000,0,0x00000000,0,0000000,0,0,00000,0000000,0,0,0000,0x00000000,0,0x00000000,0,0x00000000,0,0,0
l2,0.0625,0,min-error,metric_min,exp1,0,1,1,0.00647601206,0.00647685723,0.00647601206,0.00647685723,8.45175236e-07,112,raw-and-scaled,7,1,fp7_e1m5,fp7_e2m4,5,4,4,12951,112,exp2,70746112,70750208,70750208,17687552,0.00647601206,0.00647685723,-4096,53058560,0.000865578651,0x3bd43bd1,0.00647685723,0x3f800000,1,0x00000000,0,0x00000000,0,0000000,0,0,00000,0000000,0,0,0000,0x00000000,0,0x00000000,0,0x00000000,0,0,0
l2,0.0625,0,min-error,metric_min,exp1,0,1,1,0.00647601206,0.00647685723,0.00647601206,0.00647685723,8.45175236e-07,113,raw-and-scaled,7,1,fp7_e1m5,fp7_e2m4,5,4,4,12951,113,exp2,70746112,70750208,70750208,17687552,0.00647601206,0.00647685723,-4096,53058560,0.000865578651,0x3bd43bd1,0.00647685723,0x3f800000,1,0xbdf71382,-0.120642677,0xbdf71382,-0.120642677,1000011,0,3,00011,1000111,0,7,0111,0xbcdc4e08,-0.0268926769,0xbc389c10,-0.0112676769,0xcb1c4000,-10240000,-2560000,-0.610565662
l2,0.0625,0,min-error,metric_min,exp1,0,1,1,0.00647601206,0.00647685723,0.00647601206,0.00647685723,8.45175236e-07,114,raw-and-scaled,7,1,fp7_e1m5,fp7_e2m4,5,4,4,12951,114,exp2,70746112,70750208,70750208,17687552,0.00647601206,0.00647685723,-4096,53058560,0.000865578651,0x3bd43bd1,0.00647685723,0x3f800000,1,0x00000000,0,0x00000000,0,0000000,0,0,00000,0000000,0,0,0000,0x00000000,0,0x00000000,0,0x00000000,0,0,0
l2,0.0625,0,min-error,metric_min,exp1,0,1,1,0.00647601206,0.00647685723,0.00647601206,0.00647685723,8.45175236e-07,115,raw-and-scaled,7,1,fp7_e1m5,fp7_e2m4,5,4,4,12951,115,exp2,70746112,70750208,70750208,17687552,0.00647601206,0.00647685723,-4096,53058560,0.000865578651,0x3bd43bd1,0.00647685723,0x3f800000,1,0x00000000,0,0x00000000,0,0000000,0,0,00000,0000000,0,0,0000,0x00000000,0,0x00000000,0,0x00000000,0,0,0
l2,0.0625,0,min-error,metric_min,exp1,0,1,1,0.00647601206,0.00647685723,0.00647601206,0.00647685723,8.45175236e-07,116,raw-and-scaled,7,1,fp7_e1m5,fp7_e2m4,5,4,4,12951,116,exp2,70746112,70750208,70750208,17687552,0.00647601206,0.00647685723,-4096,53058560,0.000865578651,0x3bd43bd1,0.00647685723,0x3f800000,1,0x00000000,0,0x00000000,0,0000000,0,0,00000,0000000,0,0,0000,0x00000000,0,0x00000000,0,0x00000000,0,0,0
l2,0.0625,0,min-error,metric_min,exp1,0,1,1,0.00647601206,0.00647685723,0.00647601206,0.00647685723,8.45175236e-07,117,raw-and-scaled,7,1,fp7_e1m5,fp7_e2m4,5,4,4,12951,117,exp2,70746112,70750208,70750208,17687552,0.00647601206,0.00647685723,-4096,53058560,0.000865578651,0x3bd43bd1,0.00647685723,0x3f800000,1,0x00000000,0,0x00000000,0,0000000,0,0,00000,0000000,0,0,0000,0x00000000,0,0x00000000,0,0x00000000,0,0,0
l2,0.0625,0,min-error,metric_min,exp1,0,1,1,0.00647601206,0.00647685723,0.00647601206,0.00647685723,8.45175236e-07,118,raw-and-scaled,7,1,fp7_e1m5,fp7_e2m4,5,4,4,12951,118,exp2,70746112,70750208,70750208,17687552,0.00647601206,0.00647685723,-4096,53058560,0.000865578651,0x3bd43bd1,0.00647685723,0x3f800000,1,0x00000000,0,0x00000000,0,0000000,0,0,00000,0000000,0,0,0000,0x00000000,0,0x00000000,0,0x00000000,0,0,0
l2,0.0625,0,min-error,metric_min,exp1,0,1,1,0.00647601206,0.00647685723,0.00647601206,0.00647685723,8.45175236e-07,119,raw-and-scaled,7,1,fp7_e1m5,fp7_e2m4,5,4,4,12951,119,exp2,70746112,70750208,70750208,17687552,0.00647601206,0.00647685723,-4096,53058560,0.000865578651,0x3bd43bd1,0.00647685723,0x3f800000,1,0x00000000,0,0x00000000,0,0000000,0,0,00000,0000000,0,0,0000,0x00000000,0,0x00000000,0,0x00000000,0,0,0
l2,0.0625,0,min-error,metric_min,exp1,0,1,1,0.00647601206,0.00647685723,0.00647601206,0.00647685723,8.45175236e-07,120,raw-and-scaled,7,1,fp7_e1m5,fp7_e2m4,5,4,4,12951,120,exp2,70746112,70750208,70750208,17687552,0.00647601206,0.00647685723,-4096,53058560,0.000865578651,0x3bd43bd1,0.00647685723,0x3f800000,1,0xbcdf081f,-0.0272255521,0xbcdf081f,-0.0272255521,1000000,0,0,00000,1000001,0,1,0001,0xbcdf081f,-0.0272255521,0xbc3e103e,-0.0116005521,0xcb1f0000,-10420224,-2605056,-0.621217668
l2,0.0625,0,min-error,metric_min,exp1,0,1,1,0.00647601206,0.00647685723,0.00647601206,0.00647685723,8.45175236e-07,121,raw-and-scaled,7,1,fp7_e1m5,fp7_e2m4,5,4,4,12951,121,exp2,70746112,70750208,70750208,17687552,0.00647601206,0.00647685723,-4096,53058560,0.000865578651,0x3bd43bd1,0.00647685723,0x3f800000,1,0x3dce9486,0.100869223,0x3dce9486,0.100869223,0000011,0,3,00011,0000110,0,6,0110,0x3be94860,0.00711922348,0x3be94860,0.00711922348,0x00000000,0,0,0
l2,0.0625,0,min-error,metric_min,exp1,0,1,1,0.00647601206,0.00647685723,0.00647601206,0.00647685723,8.45175236e-07,122,raw-and-scaled,7,1,fp7_e1m5,fp7_e2m4,5,4,4,12951,122,exp2,70746112,70750208,70750208,17687552,0.00647601206,0.00647685723,-4096,53058560,0.000865578651,0x3bd43bd1,0.00647685723,0x3f800000,1,0x00000000,0,0x00000000,0,0000000,0,0,00000,0000000,0,0,0000,0x00000000,0,0x00000000,0,0x00000000,0,0,0
l2,0.0625,0,min-error,metric_min,exp1,0,1,1,0.00647601206,0.00647685723,0.00647601206,0.00647685723,8.45175236e-07,123,raw-and-scaled,7,1,fp7_e1m5,fp7_e2m4,5,4,4,12951,123,exp2,70746112,70750208,70750208,17687552,0.00647601206,0.00647685723,-4096,53058560,0.000865578651,0x3bd43bd1,0.00647685723,0x3f800000,1,0x3ae87e37,0.00177378103,0x3ae87e37,0.00177378103,0000000,0,0,00000,0000000,0,0,0000,0x3ae87e37,0.00177378103,0x3ae87e37,0.00177378103,0x00000000,0,0,0
l2,0.0625,0,min-error,metric_min,exp1,0,1,1,0.00647601206,0.00647685723,0.00647601206,0.00647685723,8.45175236e-07,124,raw-and-scaled,7,1,fp7_e1m5,fp7_e2m4,5,4,4,12951,124,exp2,70746112,70750208,70750208,17687552,0.00647601206,0.00647685723,-4096,53058560,0.000865578651,0x3bd43bd1,0.00647685723,0x3f800000,1,0x00000000,0,0x00000000,0,0000000,0,0,00000,0000000,0,0,0000,0x00000000,0,0x00000000,0,0x00000000,0,0,0
l2,0.0625,0,min-error,metric_min,exp1,0,1,1,0.00647601206,0.00647685723,0.00647601206,0.00647685723,8.45175236e-07,125,raw-and-scaled,7,1,fp7_e1m5,fp7_e2m4,5,4,4,12951,125,exp2,70746112,70750208,70750208,17687552,0.00647601206,0.00647685723,-4096,53058560,0.000865578651,0x3bd43bd1,0.00647685723,0x3f800000,1,0x00000000,0,0x00000000,0,0000000,0,0,00000,0000000,0,0,0000,0x00000000,0,0x00000000,0,0x00000000,0,0,0
l2,0.0625,0,min-error,metric_min,exp1,0,1,1,0.00647601206,0.00647685723,0.00647601206,0.00647685723,8.45175236e-07,126,raw-and-scaled,7,1,fp7_e1m5,fp7_e2m4,5,4,4,12951,126,exp2,70746112,70750208,70750208,17687552,0.00647601206,0.00647685723,-4096,53058560,0.000865578651,0x3bd43bd1,0.00647685723,0x3f800000,1,0x00000000,0,0x00000000,0,0000000,0,0,00000,0000000,0,0,0000,0x00000000,0,0x00000000,0,0x00000000,0,0,0
l2,0.0625,0,min-error,metric_min,exp1,0,1,1,0.00647601206,0.00647685723,0.00647601206,0.00647685723,8.45175236e-07,127,raw-and-scaled,7,1,fp7_e1m5,fp7_e2m4,5,4,4,12951,127,exp2,70746112,70750208,70750208,17687552,0.00647601206,0.00647685723,-4096,53058560,0.000865578651,0x3bd43bd1,0.00647685723,0x3f800000,1,0x00000000,0,0x00000000,0,0000000,0,0,00000,0000000,0,0,0000,0x00000000,0,0x00000000,0,0x00000000,0,0,0
l2,0.0625,0,min-error,metric_min,exp2,0,1,1,0.0280901324,0.0280888062,0.0280888062,0.0280901324,1.32620335e-06,0,raw-and-scaled,7,1,fp7_e1m5,fp7_e2m4,5,4,4,35570,0,exp1,249790464,249765888,249765888,62441472,0.0280901324,0.0280888062,24576,187348992,-0.00135803223,0x3ce61d47,0.0280901324,0x3f800000,1,0xbd00ff00,-0.031493187,0xbd00ff00,-0.031493187,1000001,0,1,00001,1000010,0,2,0010,0xb97f0000,-0.000243186951,0xb97f0000,-0.000243186951,0x00000000,0,0,0
l2,0.0625,0,min-error,metric_min,exp2,0,1,1,0.0280901324,0.0280888062,0.0280888062,0.0280901324,1.32620335e-06,1,raw-and-scaled,7,1,fp7_e1m5,fp7_e2m4,5,4,4,35570,1,exp1,249790464,249765888,249765888,62441472,0.0280901324,0.0280888062,24576,187348992,-0.00135803223,0x3ce61d47,0.0280901324,0x3f800000,1,0x3b017f80,0.00197598338,0x3b017f80,0.00197598338,0000000,0,0,00000,0000000,0,0,0000,0x3b017f80,0.00197598338,0x3b017f80,0.00197598338,0x00000000,0,0,0
l2,0.0625,0,min-error,metric_min,exp2,0,1,1,0.0280901324,0.0280888062,0.0280888062,0.0280901324,1.32620335e-06,2,raw-and-scaled,7,1,fp7_e1m5,fp7_e2m4,5,4,4,35570,2,exp1,249790464,249765888,249765888,62441472,0.0280901324,0.0280888062,24576,187348992,-0.00135803223,0x3ce61d47,0.0280901324,0x3f800000,1,0xbb140400,-0.0022585392,0xbb140400,-0.0022585392,1000000,0,0,00000,1000000,0,0,0000,0xbb140400,-0.0022585392,0xbb140400,-0.0022585392,0x00000000,0,0,0
l2,0.0625,0,min-error,metric_min,exp2,0,1,1,0.0280901324,0.0280888062,0.0280888062,0.0280901324,1.32620335e-06,3,raw-and-scaled,7,1,fp7_e1m5,fp7_e2m4,5,4,4,35570,3,exp1,249790464,249765888,249765888,62441472,0.0280901324,0.0280888062,24576,187348992,-0.00135803223,0x3ce61d47,0.0280901324,0x3f800000,1,0xbb837f80,-0.00401300192,0xbb837f80,-0.00401300192,1000000,0,0,00000,1000000,0,0,0000,0xbb837f80,-0.00401300192,0xbb837f80,-0.00401300192,0x00000000,0,0,0
l2,0.0625,0,min-error,metric_min,exp2,0,1,1,0.0280901324,0.0280888062,0.0280888062,0.0280901324,1.32620335e-06,4,raw-and-scaled,7,1,fp7_e1m5,fp7_e2m4,5,4,4,35570,4,exp1,249790464,249765888,249765888,62441472,0.0280901324,0.0280888062,24576,187348992,-0.00135803223,0x3ce61d47,0.0280901324,0x3f800000,1,0xbc848080,-0.0161745548,0xbc848080,-0.0161745548,1000000,0,0,00000,1000001,0,1,0001,0xbc848080,-0.0161745548,0xba101000,-0.000549554825,0xca890000,-4489216,-1122304,-0.267585754
l2,0.0625,0,min-error,metric_min,exp2,0,1,1,0.0280901324,0.0280888062,0.0280888062,0.0280901324,1.32620335e-06,5,raw-and-scaled,7,1,fp7_e1m5,fp7_e2m4,5,4,4,35570,5,exp1,249790464,249765888,249765888,62441472,0.0280901324,0.0280888062,24576,187348992,-0.00135803223,0x3ce61d47,0.0280901324,0x3f800000,1,0xbe058080,-0.130373001,0xbe058080,-0.130373001,1000100,0,4,00100,1001000,0,8,1000,0xbbb01000,-0.0053730011,0xbbb01000,-0.0053730011,0x00000000,0,0,0
l2,0.0625,0,min-error,metric_min,exp2,0,1,1,0.0280901324,0.0280888062,0.0280888062,0.0280901324,1.32620335e-06,6,raw-and-scaled,7,1,fp7_e1m5,fp7_e2m4,5,4,4,35570,6,exp1,249790464,249765888,249765888,62441472,0.0280901324,0.0280888062,24576,187348992,-0.00135803223,0x3ce61d47,0.0280901324,0x3f800000,1,0xbf8cff00,-1.10153198,0xbf8cff00,-1.10153198,1100011,1,3,00011,1110001,3,1,0001,0xbbff0000,-0.00778198242,0xbd1fe000,-0.0390319824,0x4bbfc000,25133056,25133056,1.49804688
l2,0.0625,0,min-error,metric_min,exp2,0,1,1,0.0280901324,0.0280888062,0.0280888062,0.0280901324,1.32620335e-06,7,raw-and-scaled,7,1,fp7_e1m5,fp7_e2m4,5,4,4,35570,7,exp1,249790464,249765888,249765888,62441472,0.0280901324,0.0280888062,24576,187348992,-0.00135803223,0x3ce61d47,0.0280901324,0x3f800000,1,0x3b877f80,0.00413507223,0x3b877f80,0.00413507223,0000000,0,0,00000,0000000,0,0,0000,0x3b877f80,0.00413507223,0x3b877f80,0.00413507223,0x00000000,0,0,0
l2,0.0625,0,min-error,metric_min,exp2,0,1,1,0.0280901324,0.0280888062,0.0280888062,0.0280901324,1.32620335e-06,8,raw-and-scaled,7,1,fp7_e1m5,fp7_e2m4,5,4,4,35570,8,exp1,249790464,249765888,249765888,62441472,0.0280901324,0.0280888062,24576,187348992,-0.00135803223,0x3ce61d47,0.0280901324,0x3f800000,1,0xbbc40400,-0.00598192215,0xbbc40400,-0.00598192215,1000000,0,0,00000,1000000,0,0,0000,0xbbc40400,-0.00598192215,0xbbc40400,-0.00598192215,0x00000000,0,0,0
l2,0.0625,0,min-error,metric_min,exp2,0,1,1,0.0280901324,0.0280888062,0.0280888062,0.0280901324,1.32620335e-06,9,raw-and-scaled,7,1,fp7_e1m5,fp7_e2m4,5,4,4,35570,9,exp1,249790464,249765888,249765888,62441472,0.0280901324,0.0280888062,24576,187348992,-0.00135803223,0x3ce61d47,0.0280901324,0x3f800000,1,0xbd17f800,-0.0371017456,0xbd17f800,-0.0371017456,1000001,0,1,00001,1000010,0,2,0010,0xbbbfc000,-0.00585174561,0xbbbfc000,-0.00585174561,0x00000000,0,0,0
l2,0.0625,0,min-error,metric_min,exp2,0,1,1,0.0280901324,0.0280888062,0.0280888062,0.0280901324,1.32620335e-06,10,raw-and-scaled,7,1,fp7_e1m5,fp7_e2m4,5,4,4,35570,10,exp1,249790464,249765888,249765888,62441472,0.0280901324,0.0280888062,24576,187348992,-0.00135803223,0x3ce61d47,0.0280901324,0x3f800000,1,0x3d0a8080,0.0338139534,0x3d0a8080,0.0338139534,0000001,0,1,00001,0000010,0,2,0010,0x3b280800,0.0025639534,0x3b280800,0.0025639534,0x00000000,0,0,0
l2,0.0625,0,min-error,metric_min,exp2,0,1,1,0.0280901324,0.0280888062,0.0280888062,0.0280901324,1.32620335e-06,11,raw-and-scaled,7,1,fp7_e1m5,fp7_e2m4,5,4,4,35570,11,exp1,249790464,249765888,249765888,62441472,0.0280901324,0.0280888062,24576,187348992,-0.00135803223,0x3ce61d47,0.0280901324,0x3f800000,1,0xbcb80800,-0.0224647522,0xbcb80800,-0.0224647522,1000000,0,0,00000,1000001,0,1,0001,0xbcb80800,-0.0224647522,0xbbe02000,-0.0068397522,0xcaf00000,-7864320,-1966080,-0.46887207
l2,0.0625,0,min-error,metric_min,exp2,0,1,1,0.0280901324,0.0280888062,0.0280888062,0.0280901324,1.32620335e-06,12,raw-and-scaled,7,1,fp7_e1m5,fp7_e2m4,5,4,4,35570,12,exp1,249790464,249765888,249765888,62441472,0.0280901324,0.0280888062,24576,187348992,-0.00135803223,0x3ce61d47,0.0280901324,0x3f800000,1,0xbfe40400,-1.78137207,0xbfe40400,-1.78137207,1111001,1,25,11001,1111100,3,12,1100,0xb9000000,-0.000122070312,0xbd008000,-0.0313720703,0x4b810000,16908288,16908288,1.0078125
l2,0.0625,0,min-error,metric_min,exp2,0,1,1,0.0280901324,0.0280888062,0.0280888062,0.0280901324,1.32620335e-06,13,raw-and-scaled,7,1,fp7_e1m5,fp7_e2m4,5,4,4,35570,13,exp1,249790464,249765888,249765888,62441472,0.0280901324,0.0280888062,24576,187348992,-0.00135803223,0x3ce61d47,0.0280901324,0x3f800000,1,0x3c35fe00,0.0111079216,0x3c35fe00,0.0111079216,0000000,0,0,00000,0000000,0,0,0000,0x3c35fe00,0.0111079216,0x3c35fe00,0.0111079216,0x00000000,0,0,0
l2,0.0625,0,min-error,metric_min,exp2,0,1,1,0.0280901324,0.0280888062,0.0280888062,0.0280901324,1.32620335e-06,14,raw-and-scaled,7,1,fp7_e1m5,fp7_e2m4,5,4,4,35570,14,exp1,249790464,249765888,249765888,62441472,0.0280901324,0.0280888062,24576,187348992,-0.00135803223,0x3ce61d47,0.0280901324,0x3f800000,1,0x3f3a0200,0.726593018,0x3f3a0200,0.726593018,0010111,0,23,10111,0100111,2,7,0111,0x3c008000,0.00784301758,0x3c008000,0.00784301758,0x00000000,0,0,0
l2,0.0625,0,min-error,metric_min,exp2,0,1,1,0.0280901324,0.0280888062,0.0280888062,0.0280901324,1.32620335e-06,15,raw-and-scaled,7,1,fp7_e1m5,fp7_e2m4,5,4,4,35570,15,exp1,249790464,249765888,249765888,62441472,0.0280901324,0.0280888062,24576,187348992,-0.00135803223,0x3ce61d47,0.0280901324,0x3f800000,1,0xbafbfc00,-0.00192248821,0xbafbfc00,-0.00192248821,1000000,0,0,00000,1000000,0,0,0000,0xbafbfc00,-0.00192248821,0xbafbfc00,-0.00192248821,0x00000000,0,0,0
l2,0.0625,0,min-error,metric_min,exp2,0,1,1,0.0280901324,0.0280888062,0.0280888062,0.0280901324,1.32620335e-06,16,raw-and-scaled,7,1,fp7_e1m5,fp7_e2m4,5,4,4,35570,16,exp1,249790464,249765888,249765888,62441472,0.0280901324,0.0280888062,24576,187348992,-0.00135803223,0x3ce61d47,0.0280901324,0x3f800000,1,0x3ca0ff00,0.0196528435,0x3ca0ff00,0.0196528435,0000000,0,0,00000,0000001,0,1,0001,0x3ca0ff00,0.0196528435,0x3b83fc00,0.00402784348,0xcac1e000,-6352896,-1588224,-0.378890991
l2,0.0625,0,min-error,metric_min,exp2,0,1,1,0.0280901324,0.0280888062,0.0280888062,0.0280901324,1.32620335e-06,17,raw-and-scaled,7,1,fp7_e1m5,fp7_e2m4,5,4,4,35570,17,exp1,249790464,249765888,249765888,62441472,0.0280901324,0.0280888062,24576,187348992,-0.00135803223,0x3ce61d47,0.0280901324,0x3f800000,1,0xbc17f800,-0.0092754364,0xbc17f800,-0.0092754364,1000000,0,0,00000,1000000,0,0,0000,0xbc17f800,-0.0092754364,0xbc17f800,-0.0092754364,0x00000000,0,0,0
l2,0.0625,0,min-error,metric_min,exp2,0,1,1,0.0280901324,0.0280888062,0.0280888062,0.0280901324,1.32620335e-06,18,raw-and-scaled,7,1,fp7_e1m5,fp7_e2m4,5,4,4,35570,18,exp1,249790464,249765888,249765888,62441472,0.0280901324,0.0280888062,24576,187348992,-0.00135803223,0x3ce61d47,0.0280901324,0x3f800000,1,0xbea7f800,-0.328063965,0xbea7f800,-0.328063965,1001010,0,10,01010,1010100,1,4,0100,0xbc7f0000,-0.0155639648,0xbc7f0000,-0.0155639648,0x00000000,0,0,0
l2,0.0625,0,min-error,metric_min,exp2,0,1,1,0.0280901324,0.0280888062,0.0280888062,0.0280901324,1.32620335e-06,19,raw-and-scaled,7,1,fp7_e1m5,fp7_e2m4,5,4,4,35570,19,exp1,249790464,249765888,249765888,62441472,0.0280901324,0.0280888062,24576,187348992,-0.00135803223,0x3ce61d47,0.0280901324,0x3f800000,1,0xbb9c0400,-0.00476121902,0xbb9c0400,-0.00476121902,1000000,0,0,00000,1000000,0,0,0000,0xbb9c0400,-0.00476121902,0xbb9c0400,-0.00476121902,0x00000000,0,0,0
l2,0.0625,0,min-error,metric_min,exp2,0,1,1,0.0280901324,0.0280888062,0.0280888062,0.0280901324,1.32620335e-06,20,raw-and-scaled,7,1,fp7_e1m5,fp7_e2m4,5,4,4,35570,20,exp1,249790464,249765888,249765888,62441472,0.0280901324,0.0280888062,24576,187348992,-0.00135803223,0x3ce61d47,0.0280901324,0x3f800000,1,0xbbc80800,-0.0061044693,0xbbc80800,-0.0061044693,1000000,0,0,00000,1000000,0,0,0000,0xbbc80800,-0.0061044693,0xbbc80800,-0.0061044693,0x00000000,0,0,0
l2,0.0625,0,min-error,metric_min,exp2,0,1,1,0.0280901324,0.0280888062,0.0280888062,0.0280901324,1.32620335e-06,21,raw-and-scaled,7,1,fp7_e1m5,fp7_e2m4,5,4,4,35570,21,exp1,249790464,249765888,249765888,62441472,0.0280901324,0.0280888062,24576,187348992,-0.00135803223,0x3ce61d47,0.0280901324,0x3f800000,1,0xbbaaff00,-0.00521838665,0xbbaaff00,-0.00521838665,1000000,0,0,00000,1000000,0,0,0000,0xbbaaff00,-0.00521838665,0xbbaaff00,-0.00521838665,0x00000000,0,0,0
l2,0.0625,0,min-error,metric_min,exp2,0,1,1,0.0280901324,0.0280888062,0.0280888062,0.0280901324,1.32620335e-06,22,raw-and-scaled,7,1,fp7_e1m5,fp7_e2m4,5,4,4,35570,22,exp1,249790464,249765888,249765888,62441472,0.0280901324,0.0280888062,24576,187348992,-0.00135803223,0x3ce61d47,0.0280901324,0x3f800000,1,0x3e0b4040,0.135987282,0x3e0b4040,0.135987282,0000100,0,4,00100,0001000,0,8,1000,0x3c340400,0.0109872818,0x3c340400,0.0109872818,0x00000000,0,0,0
l2,0.0625,0,min-error,metric_min,exp2,0,1,1,0.0280901324,0.0280888062,0.0280888062,0.0280901324,1.32620335e-06,23,raw-and-scaled,7,1,fp7_e1m5,fp7_e2m4,5,4,4,35570,23,exp1,249790464,249765888,249765888,62441472,0.0280901324,0.0280888062,24576,187348992,-0.00135803223,0x3ce61d47,0.0280901324,0x3f800000,1,0x3c0bc040,0.00852972269,0x3c0bc040,0.00852972269,0000000,0,0,00000,0000000,0,0,0000,0x3c0bc040,0.00852972269,0x3c0bc040,0.00852972269,0x00000000,0,0,0
l2,0.0625,0,min-error,metric_min,exp2,0,1,1,0.0280901324,0.0280888062,0.0280888062,0.0280901324,1.32620335e-06,24,raw-and-scaled,7,1,fp7_e1m5,fp7_e2m4,5,4,4,35570,24,exp1,249790464,249765888,249765888,62441472,0.0280901324,0.0280888062,24576,187348992,-0.00135803223,0x3ce61d47,0.0280901324,0x3f800000,1,0x3ec40400,0.382843018,0x3ec40400,0.382843018,0001100,0,12,01100,0011000,1,8,1000,0x3c008000,0.00784301758,0x3c008000,0.00784301758,0x00000000,0,0,0
l2,0.0625,0,min-error,metric_min,exp2,0,1,1,0.0280901324,0.0280888062,0.0280888062,0.0280901324,1.32620335e-06,25,raw-and-scaled,7,1,fp7_e1m5,fp7_e2m4,5,4,4,35570,25,exp1,249790464,249765888,249765888,62441472,0.0280901324,0.0280888062,24576,187348992,-0.00135803223,0x3ce61d47,0.0280901324,0x3f800000,1,0xbf17f800,-0.59362793,0xbf17f800,-0.59362793,1010010,0,18,10010,1100010,2,2,0010,0xbcff0000,-0.0311279297,0xbcff0000,-0.0311279297,0x00000000,0,0,0
l2,0.0625,0,min-error,metric_min,exp2,0,1,1,0.0280901324,0.0280888062,0.0280888062,0.0280901324,1.32620335e-06,26,raw-and-scaled,7,1,fp7_e1m5,fp7_e2m4,5,4,4,35570,26,exp1,249790464,249765888,249765888,62441472,0.0280901324,0.0280888062,24576,187348992,-0.00135803223,0x3ce61d47,0.0280901324,0x3f800000,1,0x3c540400,0.0129404068,0x3c540400,0.0129404068,0000000,0,0,00000,0000000,0,0,0000,0x3c540400,0.0129404068,0x3c540400,0.0129404068,0x00000000,0,0,0
l2,0.0625,0,min-error,metric_min,exp2,0,1,1,0.0280901324,0.0280888062,0.0280888062,0.0280901324,1.32620335e-06,27,raw-and-scaled,7,1,fp7_e1m5,fp7_e2m4,5,4,4,35570,27,exp1,249790464,249765888,249765888,62441472,0.0280901324,0.0280888062,24576,187348992,-0.00135803223,0x3ce61d47,0.0280901324,0x3f800000,1,0x3f0dc040,0.553714752,0x3f0dc040,0.553714752,0010001,0,17,10001,0100001,2,1,0001,0x3cb80800,0.0224647522,0x3cb80800,0.0224647522,0x00000000,0,0,0
l2,0.0625,0,min-error,metric_min,exp2,0,1,1,0.0280901324,0.0280888062,0.0280888062,0.0280901324,1.32620335e-06,28,raw-and-scaled,7,1,fp7_e1m5,fp7_e2m4,5,4,4,35570,28,exp1,249790464,249765888,249765888,62441472,0.0280901324,0.0280888062,24576,187348992,-0.00135803223,0x3ce61d47,0.0280901324,0x3f800000,1,0xbbf20200,-0.00738549232,0xbbf20200,-0.00738549232,1000000,0,0,00000,1000000,0,0,0000,0xbbf20200,-0.00738549232,0xbbf20200,-0.00738549232,0x00000000,0,0,0
l2,0.0625,0,min-error,metric_min,exp2,0,1,1,0.0280901324,0.0280888062,0.0280888062,0.0280901324,1.32620335e-06,29,raw-and-scaled,7,1,fp7_e1m5,fp7_e2m4,5,4,4,35570,29,exp1,249790464,249765888,249765888,62441472,0.0280901324,0.0280888062,24576,187348992,-0.00135803223,0x3ce61d47,0.0280901324,0x3f800000,1,0xbc3aff00,-0.0114133358,0xbc3aff00,-0.0114133358,1000000,0,0,00000,1000000,0,0,0000,0xbc3aff00,-0.0114133358,0xbc3aff00,-0.0114133358,0x00000000,0,0,0
l2,0.0625,0,min-error,metric_min,exp2,0,1,1,0.0280901324,0.0280888062,0.0280888062,0.0280901324,1.32620335e-06,30,raw-and-scaled,7,1,fp7_e1m5,fp7_e2m4,5,4,4,35570,30,exp1,249790464,249765888,249765888,62441472,0.0280901324,0.0280888062,24576,187348992,-0.00135803223,0x3ce61d47,0.0280901324,0x3f800000,1,0x3bbd0100,0.00576794147,0x3bbd0100,0.00576794147,0000000,0,0,00000,0000000,0,0,0000,0x3bbd0100,0.00576794147,0x3bbd0100,0.00576794147,0x00000000,0,0,0
l2,0.0625,0,min-error,metric_min,exp2,0,1,1,0.0280901324,0.0280888062,0.0280888062,0.0280901324,1.32620335e-06,31,raw-and-scaled,7,1,fp7_e1m5,fp7_e2m4,5,4,4,35570,31,exp1,249790464,249765888,249765888,62441472,0.0280901324,0.0280888062,24576,187348992,-0.00135803223,0x3ce61d47,0.0280901324,0x3f800000,1,0xbd1f7f80,-0.0389399529,0xbd1f7f80,-0.0389399529,1000001,0,1,00001,1000010,0,2,0010,0xbbfbfc00,-0.00768995285,0xbbfbfc00,-0.00768995285,0x00000000,0,0,0
l2,0.0625,0,min-error,metric_min,exp2,0,1,1,0.0280901324,0.0280888062,0.0280888062,0.0280901324,1.32620335e-06,32,raw-and-scaled,7,1,fp7_e1m5,fp7_e2m4,5,4,4,35570,32,exp1,249790464,249765888,249765888,62441472,0.0280901324,0.0280888062,24576,187348992,-0.00135803223,0x3ce61d47,0.0280901324,0x3f800000,1,0x3d207f80,0.0391840935,0x3d207f80,0.0391840935,0000001,0,1,00001,0000010,0,2,0010,0x3c01fe00,0.00793409348,0x3c01fe00,0.00793409348,0x00000000,0,0,0
l2,0.0625,0,min-error,metric_min,exp2,0,1,1,0.0280901324,0.0280888062,0.0280888062,0.0280901324,1.32620335e-06,33,raw-and-scaled,7,1,fp7_e1m5,fp7_e2m4,5,4,4,35570,33,exp1,249790464,249765888,249765888,62441472,0.0280901324,0.0280888062,24576,187348992,-0.00135803223,0x3ce61d47,0.0280901324,0x3f800000,1,0x3c180800,0.0092792511,0x3c180800,0.0092792511,0000000,0,0,00000,0000000,0,0,0000,0x3c180800,0.0092792511,0x3c180800,0.0092792511,0x00000000,0,0,0
l2,0.0625,0,min-error,metric_min,exp2,0,1,1,0.0280901324,0.0280888062,0.0280888062,0.0280901324,1.32620335e-06,34,raw-and-scaled,7,1,fp7_e1m5,fp7_e2m4,5,4,4,35570,34,exp1,249790464,249765888,249765888,62441472,0.0280901324,0.0280888062,24576,187348992,-0.00135803223,0x3ce61d47,0.0280901324,0x3f800000,1,0xbc09fe00,-0.00842237473,0xbc09fe00,-0.00842237473,1000000,0,0,00000,1000000,0,0,0000,0xbc09fe00,-0.00842237473,0xbc09fe00,-0.00842237473,0x00000000,0,0,0
l2,0.0625,0,min-error,metric_min,exp2,0,1,1,0.0280901324,0.0280888062,0.0280888062,0.0280901324,1.32620335e-06,35,raw-and-scaled,7,1,fp7_e1m5,fp7_e2m4,5,4,4,35570,35,exp1,249790464,249765888,249765888,62441472,0.0280901324,0.0280888062,24576,187348992,-0.00135803223,0x3ce61d47,0.0280901324,0x3f800000,1,0xbaa37f80,-0.0012473911,0xbaa37f80,-0.0012473911,1000000,0,0,00000,1000000,0,0,0000,0xbaa37f80,-0.0012473911,0xbaa37f80,-0.0012473911,0x00000000,0,0,0
l2,0.0625,0,min-error,metric_min,exp2,0,1,1,0.0280901324,0.0280888062,0.0280888062,0.0280901324,1.32620335e-06,36,raw-and-scaled,7,1,fp7_e1m5,fp7_e2m4,5,4,4,35570,36,exp1,249790464,249765888,249765888,62441472,0.0280901324,0.0280888062,24576,187348992,-0.00135803223,0x3ce61d47,0.0280901324,0x3f800000,1,0xbe480800,-0.195343018,0xbe480800,-0.195343018,1000110,0,6,00110,1001100,0,12,1100,0xbc008000,-0.00784301758,0xbc008000,-0.00784301758,0x00000000,0,0,0
l2,0.0625,0,min-error,metric_min,exp2,0,1,1,0.0280901324,0.0280888062,0.0280888062,0.0280901324,1.32620335e-06,37,raw-and-scaled,7,1,fp7_e1m5,fp7_e2m4,5,4,4,35570,37,exp1,249790464,249765888,249765888,62441472,0.0280901324,0.0280888062,24576,187348992,-0.00135803223,0x3ce61d47,0.0280901324,0x3f800000,1,0xbf12bfc0,-0.573238373,0xbf12bfc0,-0.573238373,1010010,0,18,10010,1100010,2,2,0010,0xbc2ff000,-0.0107383728,0xbc2ff000,-0.0107383728,0x00000000,0,0,0
l2,0.0625,0,min-error,metric_min,exp2,0,1,1,0.0280901324,0.0280888062,0.0280888062,0.0280901324,1.32620335e-06,38,raw-and-scaled,7,1,fp7_e1m5,fp7_e2m4,5,4,4,35570,38,exp1,249790464,249765888,249765888,62441472,0.0280901324,0.0280888062,24576,187348992,-0.00135803223,0x3ce61d47,0.0280901324,0x3f800000,1,0x3e33fc00,0.175765991,0x3e33fc00,0.175765991,0000101,0,5,00101,0001011,0,11,1011,0x3c9fe000,0.0195159912,0x3b7f0000,0.00389099121,0xcabfc000,-6283264,-1570816,-0.374511719
l2,0.0625,0,min-error,metric_min,exp2,0,1,1,0.0280901324,0.0280888062,0.0280888062,0.0280901324,1.32620335e-06,39,raw-and-scaled,7,1,fp7_e1m5,fp7_e2m4,5,4,4,35570,39,exp1,249790464,249765888,249765888,62441472,0.0280901324,0.0280888062,24576,187348992,-0.00135803223,0x3ce61d47,0.0280901324,0x3f800000,1,0x3bbbfc00,0.00573682785,0x3bbbfc00,0.00573682785,0000000,0,0,00000,0000000,0,0,0000,0x3bbbfc00,0.00573682785,0x3bbbfc00,0.00573682785,0x00000000,0,0,0
l2,0.0625,0,min-error,metric_min,exp2,0,1,1,0.0280901324,0.0280888062,0.0280888062,0.0280901324,1.32620335e-06,40,raw-and-scaled,7,1,fp7_e1m5,fp7_e2m4,5,4,4,35570,40,exp1,249790464,249765888,249765888,62441472,0.0280901324,0.0280888062,24576,187348992,-0.00135803223,0x3ce61d47,0.0280901324,0x3f800000,1,0x3b50ff00,0.00318902731,0x3b50ff00,0.00318902731,0000000,0,0,00000,0000000,0,0,0000,0x3b50ff00,0.00318902731,0x3b50ff00,0.00318902731,0x00000000,0,0,0
l2,0.0625,0,min-error,metric_min,exp2,0,1,1,0.0280901324,0.0280888062,0.0280888062,0.0280901324,1.32620335e-06,41,raw-and-scaled,7,1,fp7_e1m5,fp7_e2m4,5,4,4,35570,41,exp1,249790464,249765888,249765888,62441472,0.0280901324,0.0280888062,24576,187348992,-0.00135803223,0x3ce61d47,0.0280901324,0x3f800000,1,0xbfa5fe00,-1.29681396,0xbfa5fe00,-1.29681396,1101001,1,9,01001,1110100,3,4,0100,0xbc7f0000,-0.0155639648,0xbd3fc000,-0.0468139648,0x4bff8000,33488896,33488896,1.99609375
l2,0.0625,0,min-error,metric_min,exp2,0,1,1,0.0280901324,0.0280888062,0.0280888062,0.0280901324,1.32620335e-06,42,raw-and-scaled,7,1,fp7_e1m5,fp7_e2m4,5,4,4,35570,42,exp1,249790464,249765888,249765888,62441472,0.0280901324,0.0280888062,24576,187348992,-0.00135803223,0x3ce61d47,0.0280901324,0x3f800000,1,0x3baa0200,0.0051882267,0x3baa0200,0.0051882267,0000000,0,0,00000,0000000,0,0,0000,0x3baa0200,0.0051882267,0x3baa0200,0.0051882267,0x00000000,0,0,0
l2,0.0625,0,min-error,metric_min,exp2,0,1,1,0.0280901324,0.0280888062,0.0280888062,0.0280901324,1.32620335e-06,43,raw-and-scaled,7,1,fp7_e1m5,fp7_e2m4,5,4,4,35570,43,exp1,249790464,249765888,249765888,62441472,0.0280901324,0.0280888062,24576,187348992,-0.00135803223,0x3ce61d47,0.0280901324,0x3f800000,1,0xbcab8080,-0.020935297,0xbcab8080,-0.020935297,1000000,0,0,00000,1000001,0,1,0001,0xbcab8080,-0.020935297,0xbbae0200,-0.00531029701,0xcad70000,-7045120,-1761280,-0.419929504
l2,0.0625,0,min-error,metric_min,exp2,0,1,1,0.0280901324,0.0280888062,0.0280888062,0.0280901324,1.32620335e-06,44,raw-and-scaled,7,1,fp7_e1m5,fp7_e2m4,5,4,4,35570,44,exp1,249790464,249765888,249765888,62441472,0.0280901324,0.0280888062,24576,187348992,-0.00135803223,0x3ce61d47,0.0280901324,0x3f800000,1,0xbc58ff00,-0.0132443905,0xbc58ff00,-0.0132443905,1000000,0,0,00000,1000000,0,0,0000,0xbc58ff00,-0.0132443905,0xbc58ff00,-0.0132443905,0x00000000,0,0,0
l2,0.0625,0,min-error,metric_min,exp2,0,1,1,0.0280901324,0.0280888062,0.0280888062,0.0280901324,1.32620335e-06,45,raw-and-scaled,7,1,fp7_e1m5,fp7_e2m4,5,4,4,35570,45,exp1,249790464,249765888,249765888,62441472,0.0280901324,0.0280888062,24576,187348992,-0.00135803223,0x3ce61d47,0.0280901324,0x3f800000,1,0xbfad8080,-1.35548401,0xbfad8080,-1.35548401,1101011,1,11,01011,1110101,3,5,0101,0xbc404000,-0.0117340088,0xbd301000,-0.0429840088,0x4be02000,29376512,29376512,1.75097656
l2,0.0625,0,min-error,metric_min,exp2,0,1,1,0.0280901324,0.0280888062,0.0280888062,0.0280901324,1.32620335e-06,46,raw-and-scaled,7,1,fp7_e1m5,fp7_e2m4,5,4,4,35570,46,exp1,249790464,249765888,249765888,62441472,0.0280901324,0.0280888062,24576,187348992,-0.00135803223,0x3ce61d47,0.0280901324,0x3f800000,1,0x3b5d0100,0.00337225199,0x3b5d0100,0.00337225199,0000000,0,0,00000,0000000,0,0,0000,0x3b5d0100,0.00337225199,0x3b5d0100,0.00337225199,0x00000000,0,0,0
l2,0.0625,0,min-error,metric_min,exp2,0,1,1,0.0280901324,0.0280888062,0.0280888062,0.0280901324,1.32620335e-06,47,raw-and-scaled,7,1,fp7_e1m5,fp7_e2m4,5,4,4,35570,47,exp1,249790464,249765888,249765888,62441472,0.0280901324,0.0280888062,24576,187348992,-0.00135803223,0x3ce61d47,0.0280901324,0x3f800000,1,0xbbf80800,-0.00756931305,0xbbf80800,-0.00756931305,1000000,0,0,00000,1000000,0,0,0000,0xbbf80800,-0.00756931305,0xbbf80800,-0.00756931305,0x00000000,0,0,0
l2,0.0625,0,min-error,metric_min,exp2,0,1,1,0.0280901324,0.0280888062,0.0280888062,0.0280901324,1.32620335e-06,48,raw-and-scaled,7,1,fp7_e1m5,fp7_e2m4,5,4,4,35570,48,exp1,249790464,249765888,249765888,62441472,0.0280901324,0.0280888062,24576,187348992,-0.00135803223,0x3ce61d47,0.0280901324,0x3f800000,1,0x3b60ff00,0.00343316793,0x3b60ff00,0.00343316793,0000000,0,0,00000,0000000,0,0,0000,0x3b60ff00,0.00343316793,0x3b60ff00,0.00343316793,0x00000000,0,0,0
l2,0.0625,0,min-error,metric_min,exp2,0,1,1,0.0280901324,0.0280888062,0.0280888062,0.0280901324,1.32620335e-06,49,raw-and-scaled,7,1,fp7_e1m5,fp7_e2m4,5,4,4,35570,49,exp1,249790464,249765888,249765888,62441472,0.0280901324,0.0280888062,24576,187348992,-0.00135803223,0x3ce61d47,0.0280901324,0x3f800000,1,0xbd318080,-0.0433354378,0xbd318080,-0.0433354378,1000001,0,1,00001,1000010,0,2,0010,0xbc460200,-0.0120854378,0xbc460200,-0.0120854378,0x00000000,0,0,0
l2,0.0625,0,min-error,metric_min,exp2,0,1,1,0.0280901324,0.0280888062,0.0280888062,0.0280901324,1.32620335e-06,50,raw-and-scaled,7,1,fp7_e1m5,fp7_e2m4,5,4,4,35570,50,exp1,249790464,249765888,249765888,62441472,0.0280901324,0.0280888062,24576,187348992,-0.00135803223,0x3ce61d47,0.0280901324,0x3f800000,1,0xbc940400,-0.0180683136,0xbc940400,-0.0180683136,1000000,0,0,00000,1000001,0,1,0001,0xbc940400,-0.0180683136,0xbb202000,-0.0024433136,0xcaa80000,-5505024,-1376256,-0.328186035
l2,0.0625,0,min-error,metric_min,exp2,0,1,1,0.0280901324,0.0280888062,0.0280888062,0.0280901324,1.32620335e-06,51,raw-and-scaled,7,1,fp7_e1m5,fp7_e2m4,5,4,4,35570,51,exp1,249790464,249765888,249765888,62441472,0.0280901324,0.0280888062,24576,187348992,-0.00135803223,0x3ce61d47,0.0280901324,0x3f800000,1,0xbd37f800,-0.0449142456,0xbd37f800,-0.0449142456,1000001,0,1,00001,1000010,0,2,0010,0xbc5fe000,-0.0136642456,0xbc5fe000,-0.0136642456,0x00000000,0,0,0
l2,0.0625,0,min-error,metric_min,exp2,0,1,1,0.0280901324,0.0280888062,0.0280888062,0.0280901324,1.32620335e-06,52,raw-and-scaled,7,1,fp7_e1m5,fp7_e2m4,5,4,4,35570,52,exp1,249790464,249765888,249765888,62441472,0.0280901324,0.0280888062,24576,187348992,-0.00135803223,0x3ce61d47,0.0280901324,0x3f800000,1,0xbf347f80,-0.705070496,0xbf347f80,-0.705070496,1010110,0,22,10110,1100110,2,6,0110,0xbc8ff000,-0.0175704956,0xbc8ff000,-0.0175704956,0x00000000,0,0,0
l2,0.0625,0,min-error,metric_min,exp2,0,1,1,0.0280901324,0.0280888062,0.0280888062,0.0280901324,1.32620335e-06,53,raw-and-scaled,7,1,fp7_e1m5,fp7_e2m4,5,4,4,35570,53,exp1,249790464,249765888,249765888,62441472,0.0280901324,0.0280888062,24576,187348992,-0.00135803223,0x3ce61d47,0.0280901324,0x3f800000,1,0x3babfc00,0.0052485466,0x3babfc00,0.0052485466,0000000,0,0,00000,0000000,0,0,0000,0x3babfc00,0.0052485466,0x3babfc00,0.0052485466,0x00000000,0,0,0
l2,0.0625,0,min-error,metric_min,exp2,0,1,1,0.0280901324,0.0280888062,0.0280888062,0.0280901324,1.32620335e-06,54,raw-and-scaled,7,1,fp7_e1m5,fp7_e2m4,5,4,4,35570,54,exp1,249790464,249765888,249765888,62441472,0.0280901324,0.0280888062,24576,187348992,-0.00135803223,0x3ce61d47,0.0280901324,0x3f800000,1,0x3f67f800,0.90612793,0x3f67f800,0.90612793,0011100,0,28,11100,0101100,2,12,1100,0x3cff0000,0.0311279297,0x3cff0000,0.0311279297,0x00000000,0,0,0
l2,0.0625,0,min-error,metric_min,exp2,0,1,1,0.0280901324,0.0280888062,0.0280888062,0.0280901324,1.32620335e-06,55,raw-and-scaled,7,1,fp7_e1m5,fp7_e2m4,5,4,4,35570,55,exp1,249790464,249765888,249765888,62441472,0.0280901324,0.0280888062,24576,187348992,-0.00135803223,0x3ce61d47,0.0280901324,0x3f800000,1,0xbc780800,-0.0151386261,0xbc780800,-0.0151386261,1000000,0,0,00000,1000000,0,0,0000,0xbc780800,-0.0151386261,0xbc780800,-0.0151386261,0x00000000,0,0,0
l2,0.0625,0,min-error,metric_min,exp2,0,1,1,0.0280901324,0.0280888062,0.0280888062,0.0280901324,1.32620335e-06,56,raw-and-scaled,7,1,fp7_e1m5,fp7_e2m4,5,4,4,35570,56,exp1,249790464,249765888,249765888,62441472,0.0280901324,0.0280888062,24576,187348992,-0.00135803223,0x3ce61d47,0.0280901324,0x3f800000,1,0xbc9c3fc0,-0.0190733671,0xbc9c3fc0,-0.0190733671,1000000,0,0,00000,1000001,0,1,0001,0xbc9c3fc0,-0.0190733671,0xbb61fe00,-0.00344836712,0xcab86000,-6041600,-1510400,-0.360347748
l2,0.0625,0,min-error,metric_min,exp2,0,1,1,0.0280901324,0.0280888062,0.0280888062,0.0280901324,1.32620335e-06,57,raw-and-scaled,7,1,fp7_e1m5,fp7_e2m4,5,4,4,35570,57,exp1,249790464,249765888,249765888,62441472,0.0280901324,0.0280888062,24576,187348992,-0.00135803223,0x3ce61d47,0.0280901324,0x3f800000,1,0x3e65fe00,0.224601746,0x3e65fe00,0.224601746,0000111,0,7,00111,0001110,0,14,1110,0x3bbfc000,0.00585174561,0x3bbfc000,0.00585174561,0x00000000,0,0,0
l2,0.0625,0,min-error,metric_min,exp2,0,1,1,0.0280901324,0.0280888062,0.0280888062,0.0280901324,1.32620335e-06,58,raw-and-scaled,7,1,fp7_e1m5,fp7_e2m4,5,4,4,35570,58,exp1,249790464,249765888,249765888,62441472,0.0280901324,0.0280888062,24576,187348992,-0.00135803223,0x3ce61d47,0.0280901324,0x3f800000,1,0x3eea0200,0.457046509,0x3eea0200,0.457046509,0001110,0,14,01110,0011101,1,13,1101,0x3ca02000,0.0195465088,0x3b808000,0.00392150879,0xcac04000,-6299648,-1574912,-0.375488281
l2,0.0625,0,min-error,metric_min,exp2,0,1,1,0.0280901324,0.0280888062,0.0280888062,0.0280901324,1.32620335e-06,59,raw-and-scaled,7,1,fp7_e1m5,fp7_e2m4,5,4,4,35570,59,exp1,249790464,249765888,249765888,62441472,0.0280901324,0.0280888062,24576,187348992,-0.00135803223,0x3ce61d47,0.0280901324,0x3f800000,1,0xbb1dbfc0,-0.00240705907,0xbb1dbfc0,-0.00240705907,1000000,0,0,00000,1000000,0,0,0000,0xbb1dbfc0,-0.00240705907,0xbb1dbfc0,-0.00240705907,0x00000000,0,0,0
l2,0.0625,0,min-error,metric_min,exp2,0,1,1,0.0280901324,0.0280888062,0.0280888062,0.0280901324,1.32620335e-06,60,raw-and-scaled,7,1,fp7_e1m5,fp7_e2m4,5,4,4,35570,60,exp1,249790464,249765888,249765888,62441472,0.0280901324,0.0280888062,24576,187348992,-0.00135803223,0x3ce61d47,0.0280901324,0x3f800000,1,0x3d3c7f80,0.046020031,0x3d3c7f80,0.046020031,0000001,0,1,00001,0000010,0,2,0010,0x3c71fe00,0.014770031,0x3c71fe00,0.014770031,0x00000000,0,0,0
l2,0.0625,0,min-error,metric_min,exp2,0,1,1,0.0280901324,0.0280888062,0.0280888062,0.0280901324,1.32620335e-06,61,raw-and-scaled,7,1,fp7_e1m5,fp7_e2m4,5,4,4,35570,61,exp1,249790464,249765888,249765888,62441472,0.0280901324,0.0280888062,24576,187348992,-0.00135803223,0x3ce61d47,0.0280901324,0x3f800000,1,0xbdfb0100,-0.122560501,0xbdfb0100,-0.122560501,1000011,0,3,00011,1000111,0,7,0111,0xbcec0400,-0.0288105011,0xbc580800,-0.0131855011,0xcb2c0000,-11272192,-2818048,-0.671936035
l2,0.0625,0,min-error,metric_min,exp2,0,1,1,0.0280901324,0.0280888062,0.0280888062,0.0280901324,1.32620335e-06,62,raw-and-scaled,7,1,fp7_e1m5,fp7_e2m4,5,4,4,35570,62,exp1,249790464,249765888,249765888,62441472,0.0280901324,0.0280888062,24576,187348992,-0.00135803223,0x3ce61d47,0.0280901324,0x3f800000,1,0x3cf3fc00,0.0297832489,0x3cf3fc00,0.0297832489,0000000,0,0,00000,0000001,0,1,0001,0x3cf3fc00,0.0297832489,0x3c67f800,0.0141582489,0xcb33f000,-11792384,-2948096,-0.703063965
l2,0.0625,0,min-error,metric_min,exp2,0,1,1,0.0280901324,0.0280888062,0.0280888062,0.0280901324,1.32620335e-06,63,raw-and-scaled,7,1,fp7_e1m5,fp7_e2m4,5,4,4,35570,63,exp1,249790464,249765888,249765888,62441472,0.0280901324,0.0280888062,24576,187348992,-0.00135803223,0x3ce61d47,0.0280901324,0x3f800000,1,0x3abf7f80,0.00146101415,0x3abf7f80,0.00146101415,0000000,0,0,00000,0000000,0,0,0000,0x3abf7f80,0.00146101415,0x3abf7f80,0.00146101415,0x00000000,0,0,0
l2,0.0625,0,min-error,metric_min,exp2,0,1,1,0.0280901324,0.0280888062,0.0280888062,0.0280901324,1.32620335e-06,64,raw-and-scaled,7,1,fp7_e1m5,fp7_e2m4,5,4,4,35570,64,exp1,249790464,249765888,249765888,62441472,0.0280901324,0.0280888062,24576,187348992,-0.00135803223,0x3ce61d47,0.0280901324,0x3f800000,1,0xbbc08080,-0.00587469339,0xbbc08080,-0.00587469339,1000000,0,0,00000,1000000,0,0,0000,0xbbc08080,-0.00587469339,0xbbc08080,-0.00587469339,0x00000000,0,0,0
l2,0.0625,0,min-error,metric_min,exp2,0,1,1,0.0280901324,0.0280888062,0.0280888062,0.0280901324,1.32620335e-06,65,raw-and-scaled,7,1,fp7_e1m5,fp7_e2m4,5,4,4,35570,65,exp1,249790464,249765888,249765888,62441472,0.0280901324,0.0280888062,24576,187348992,-0.00135803223,0x3ce61d47,0.0280901324,0x3f800000,1,0xbd97f800,-0.0742034912,0xbd97f800,-0.0742034912,1000010,0,2,00010,1000100,0,4,0100,0xbc3fc000,-0.0117034912,0xbc3fc000,-0.0117034912,0x00000000,0,0,0
l2,0.0625,0,min-error,metric_min,exp2,0,1,1,0.0280901324,0.0280888062,0.0280888062,0.0280901324,1.32620335e-06,66,raw-and-scaled,7,1,fp7_e1m5,fp7_e2m4,5,4,4,35570,66,exp1,249790464,249765888,249765888,62441472,0.0280901324,0.0280888062,24576,187348992,-0.00135803223,0x3ce61d47,0.0280901324,0x3f800000,1,0xbcc27f80,-0.0237424374,0xbcc27f80,-0.0237424374,1000000,0,0,00000,1000001,0,1,0001,0xbcc27f80,-0.0237424374,0xbc04ff00,-0.00811743736,0xcb027000,-8548352,-2137088,-0.509757996
l2,0.0625,0,min-error,metric_min,exp2,0,1,1,0.0280901324,0.0280888062,0.0280888062,0.0280901324,1.32620335e-06,67,raw-and-scaled,7,1,fp7_e1m5,fp7_e2m4,5,4,4,35570,67,exp1,249790464,249765888,249765888,62441472,0.0280901324,0.0280888062,24576,187348992,-0.00135803223,0x3ce61d47,0.0280901324,0x3f800000,1,0xbb380800,-0.00280809402,0xbb380800,-0.00280809402,1000000,0,0,00000,1000000,0,0,0000,0xbb380800,-0.00280809402,0xbb380800,-0.00280809402,0x00000000,0,0,0
l2,0.0625,0,min-error,metric_min,exp2,0,1,1,0.0280901324,0.0280888062,0.0280888062,0.0280901324,1.32620335e-06,68,raw-and-scaled,7,1,fp7_e1m5,fp7_e2m4,5,4,4,35570,68,exp1,249790464,249765888,249765888,62441472,0.0280901324,0.0280888062,24576,187348992,-0.00135803223,0x3ce61d47,0.0280901324,0x3f800000,1,0x3c890100,0.0167241096,0x3c890100,0.0167241096,0000000,0,0,00000,0000001,0,1,0001,0x3c890100,0.0167241096,0x3a901000,0.00109910965,0xca920000,-4784128,-1196032,-0.285171509
l2,0.0625,0,min-error,metric_min,exp2,0,1,1,0.0280901324,0.0280888062,0.0280888062,0.0280901324,1.32620335e-06,69,raw-and-scaled,7,1,fp7_e1m5,fp7_e2m4,5,4,4,35570,69,exp1,249790464,249765888,249765888,62441472,0.0280901324,0.0280888062,24576,187348992,-0.00135803223,0x3ce61d47,0.0280901324,0x3f800000,1,0xbed7f800,-0.421813965,0xbed7f800,-0.421813965,1001101,0,13,01101,1011010,1,10,1010,0xbc7f0000,-0.0155639648,0xbc7f0000,-0.0155639648,0x00000000,0,0,0
l2,0.0625,0,min-error,metric_min,exp2,0,1,1,0.0280901324,0.0280888062,0.0280888062,0.0280901324,1.32620335e-06,70,raw-and-scaled,7,1,fp7_e1m5,fp7_e2m4,5,4,4,35570,70,exp1,249790464,249765888,249765888,62441472,0.0280901324,0.0280888062,24576,187348992,-0.00135803223,0x3ce61d47,0.0280901324,0x3f800000,1,0x3dc68080,0.0969247818,0x3dc68080,0.0969247818,0000011,0,3,00011,0000110,0,6,0110,0x3b501000,0.0031747818,0x3b501000,0.0031747818,0x00000000,0,0,0
l2,0.0625,0,min-error,metric_min,exp2,0,1,1,0.0280901324,0.0280888062,0.0280888062,0.0280901324,1.32620335e-06,71,raw-and-scaled,7,1,fp7_e1m5,fp7_e2m4,5,4,4,35570,71,exp1,249790464,249765888,249765888,62441472,0.0280901324,0.0280888062,24576,187348992,-0.00135803223,0x3ce61d47,0.0280901324,0x3f800000,1,0x3d8eff00,0.0698223114,0x3d8eff00,0.0698223114,0000010,0,2,00010,0000100,0,4,0100,0x3beff000,0.0073223114,0x3beff000,0.0073223114,0x00000000,0,0,0
l2,0.0625,0,min-error,metric_min,exp2,0,1,1,0.0280901324,0.0280888062,0.0280888062,0.0280901324,1.32620335e-06,72,raw-and-scaled,7,1,fp7_e1m5,fp7_e2m4,5,4,4,35570,72,exp1,249790464,249765888,249765888,62441472,0.0280901324,0.0280888062,24576,187348992,-0.00135803223,0x3ce61d47,0.0280901324,0x3f800000,1,0x3ea43fc0,0.320798874,0x3ea43fc0,0.320798874,0001010,0,10,01010,0010100,1,4,0100,0x3c07f800,0.0082988739,0x3c07f800,0.0082988739,0x00000000,0,0,0
l2,0.0625,0,min-error,metric_min,exp2,0,1,1,0.0280901324,0.0280888062,0.0280888062,0.0280901324,1.32620335e-06,73,raw-and-scaled,7,1,fp7_e1m5,fp7_e2m4,5,4,4,35570,73,exp1,249790464,249765888,249765888,62441472,0.0280901324,0.0280888062,24576,187348992,-0.00135803223,0x3ce61d47,0.0280901324,0x3f800000,1,0x3da60200,0.0810585022,0x3da60200,0.0810585022,0000010,0,2,00010,0000101,0,5,0101,0x3c980800,0.0185585022,0x3b404000,0.0029335022,0xcab00000,-5767168,-1441792,-0.34387207
l2,0.0625,0,min-error,metric_min,exp2,0,1,1,0.0280901324,0.0280888062,0.0280888062,0.0280901324,1.32620335e-06,74,raw-and-scaled,7,1,fp7_e1m5,fp7_e2m4,5,4,4,35570,74,exp1,249790464,249765888,249765888,62441472,0.0280901324,0.0280888062,24576,187348992,-0.00135803223,0x3ce61d47,0.0280901324,0x3f800000,1,0xbe27f800,-0.164031982,0xbe27f800,-0.164031982,1000101,0,5,00101,1001010,0,10,1010,0xbbff0000,-0.00778198242,0xbbff0000,-0.00778198242,0x00000000,0,0,0
l2,0.0625,0,min-error,metric_min,exp2,0,1,1,0.0280901324,0.0280888062,0.0280888062,0.0280901324,1.32620335e-06,75,raw-and-scaled,7,1,fp7_e1m5,fp7_e2m4,5,4,4,35570,75,exp1,249790464,249765888,249765888,62441472,0.0280901324,0.0280888062,24576,187348992,-0.00135803223,0x3ce61d47,0.0280901324,0x3f800000,1,0xbd970100,-0.0737323761,0xbd970100,-0.0737323761,1000010,0,2,00010,1000100,0,4,0100,0xbc380800,-0.0112323761,0xbc380800,-0.0112323761,0x00000000,0,0,0
l2,0.0625,0,min-error,metric_min,exp2,0,1,1,0.0280901324,0.0280888062,0.0280888062,0.0280901324,1.32620335e-06,76,raw-and-scaled,7,1,fp7_e1m5,fp7_e2m4,5,4,4,35570,76,exp1,249790464,249765888,249765888,62441472,0.0280901324,0.0280888062,24576,187348992,-0.00135803223,0x3ce61d47,0.0280901324,0x3f800000,1,0xbd190100,-0.0373544693,0xbd190100,-0.0373544693,1000001,0,1,00001,1000010,0,2,0010,0xbbc80800,-0.0061044693,0xbbc80800,-0.0061044693,0x00000000,0,0,0
l2,0.0625,0,min-error,metric_min,exp2,0,1,1,0.0280901324,0.0280888062,0.0280888062,0.0280901324,1.32620335e-06,77,raw-and-scaled,7,1,fp7_e1m5,fp7_e2m4,5,4,4,35570,77,exp1,249790464,249765888,249765888,62441472,0.0280901324,0.0280888062,24576,187348992,-0.00135803223,0x3ce61d47,0.0280901324,0x3f800000,1,0xbfb60200,-1.42193604,0xbfb60200,-1.42193604,1101101,1,13,01101,1110110,3,6,0110,0xbc808000,-0.0156860352,0xbd404000,-0.0469360352,0x4c004000,33619968,33619968,2.00390625
l2,0.0625,0,min-error,metric_min,exp2,0,1,1,0.0280901324,0.0280888062,0.0280888062,0.0280901324,1.32620335e-06,78,raw-and-scaled,7,1,fp7_e1m5,fp7_e2m4,5,4,4,35570,78,exp1,249790464,249765888,249765888,62441472,0.0280901324,0.0280888062,24576,187348992,-0.00135803223,0x3ce61d47,0.0280901324,0x3f800000,1,0x3d73fc00,0.0595664978,0x3d73fc00,0.0595664978,0000001,0,1,00001,0000011,0,3,0011,0x3ce7f800,0.0283164978,0x3c4ff000,0.0126914978,0xcb27f000,-11005952,-2751488,-0.65612793
l2,0.0625,0,min-error,metric_min,exp2,0,1,1,0.0280901324,0.0280888062,0.0280888062,0.0280901324,1.32620335e-06,79,raw-and-scaled,7,1,fp7_e1m5,fp7_e2m4,5,4,4,35570,79,exp1,249790464,249765888,249765888,62441472,0.0280901324,0.0280888062,24576,187348992,-0.00135803223,0x3ce61d47,0.0280901324,0x3f800000,1,0x3b1f0100,0.00242620707,0x3b1f0100,0.00242620707,0000000,0,0,00000,0000000,0,0,0000,0x3b1f0100,0.00242620707,0x3b1f0100,0.00242620707,0x00000000,0,0,0
l2,0.0625,0,min-error,metric_min,exp2,0,1,1,0.0280901324,0.0280888062,0.0280888062,0.0280901324,1.32620335e-06,80,raw-and-scaled,7,1,fp7_e1m5,fp7_e2m4,5,4,4,35570,80,exp1,249790464,249765888,249765888,62441472,0.0280901324,0.0280888062,24576,187348992,-0.00135803223,0x3ce61d47,0.0280901324,0x3f800000,1,0x3d07f800,0.0331954956,0x3d07f800,0.0331954956,0000001,0,1,00001,0000010,0,2,0010,0x3aff0000,0.00194549561,0x3aff0000,0.00194549561,0x00000000,0,0,0
l2,0.0625,0,min-error,metric_min,exp2,0,1,1,0.0280901324,0.0280888062,0.0280888062,0.0280901324,1.32620335e-06,81,raw-and-scaled,7,1,fp7_e1m5,fp7_e2m4,5,4,4,35570,81,exp1,249790464,249765888,249765888,62441472,0.0280901324,0.0280888062,24576,187348992,-0.00135803223,0x3ce61d47,0.0280901324,0x3f800000,1,0xbe0bfc00,-0.136703491,0xbe0bfc00,-0.136703491,1000100,0,4,00100,1001000,0,8,1000,0xbc3fc000,-0.0117034912,0xbc3fc000,-0.0117034912,0x00000000,0,0,0
l2,0.0625,0,min-error,metric_min,exp2,0,1,1,0.0280901324,0.0280888062,0.0280888062,0.0280901324,1.32620335e-06,82,raw-and-scaled,7,1,fp7_e1m5,fp7_e2m4,5,4,4,35570,82,exp1,249790464,249765888,249765888,62441472,0.0280901324,0.0280888062,24576,187348992,-0.00135803223,0x3ce61d47,0.0280901324,0x3f800000,1,0x3f4a0200,0.789093018,0x3f4a0200,0.789093018,0011001,0,25,11001,0101001,2,9,1001,0x3c008000,0.00784301758,0x3c008000,0.00784301758,0x00000000,0,0,0
l2,0.0625,0,min-error,metric_min,exp2,0,1,1,0.0280901324,0.0280888062,0.0280888062,0.0280901324,1.32620335e-06,83,raw-and-scaled,7,1,fp7_e1m5,fp7_e2m4,5,4,4,35570,83,exp1,249790464,249765888,249765888,62441472,0.0280901324,0.0280888062,24576,187348992,-0.00135803223,0x3ce61d47,0.0280901324,0x3f800000,1,0x3f1bfc00,0.609313965,0x3f1bfc00,0.609313965,0010011,0,19,10011,0100011,2,3,0011,0x3c7f0000,0.0155639648,0x3c7f0000,0.0155639648,0x00000000,0,0,0
l2,0.0625,0,min-error,metric_min,exp2,0,1,1,0.0280901324,0.0280888062,0.0280888062,0.0280901324,1.32620335e-06,84,raw-and-scaled,7,1,fp7_e1m5,fp7_e2m4,5,4,4,35570,84,exp1,249790464,249765888,249765888,62441472,0.0280901324,0.0280888062,24576,187348992,-0.00135803223,0x3ce61d47,0.0280901324,0x3f800000,1,0xbe47f800,-0.195281982,0xbe47f800,-0.195281982,1000110,0,6,00110,1001100,0,12,1100,0xbbff0000,-0.00778198242,0xbbff0000,-0.00778198242,0x00000000,0,0,0
l2,0.0625,0,min-error,metric_min,exp2,0,1,1,0.0280901324,0.0280888062,0.0280888062,0.0280901324,1.32620335e-06,85,raw-and-scaled,7,1,fp7_e1m5,fp7_e2m4,5,4,4,35570,85,exp1,249790464,249765888,249765888,62441472,0.0280901324,0.0280888062,24576,187348992,-0.00135803223,0x3ce61d47,0.0280901324,0x3f800000,1,0xbc2aff00,-0.0104367733,0xbc2aff00,-0.0104367733,1000000,0,0,00000,1000000,0,0,0000,0xbc2aff00,-0.0104367733,0xbc2aff00,-0.0104367733,0x00000000,0,0,0
l2,0.0625,0,min-error,metric_min,exp2,0,1,1,0.0280901324,0.0280888062,0.0280888062,0.0280901324,1.32620335e-06,86,raw-and-scaled,7,1,fp7_e1m5,fp7_e2m4,5,4,4,35570,86,exp1,249790464,249765888,249765888,62441472,0.0280901324,0.0280888062,24576,187348992,-0.00135803223,0x3ce61d47,0.0280901324,0x3f800000,1,0x3ad68080,0.00163652003,0x3ad68080,0.00163652003,0000000,0,0,00000,0000000,0,0,0000,0x3ad68080,0.00163652003,0x3ad68080,0.00163652003,0x00000000,0,0,0
l2,0.0625,0,min-error,metric_min,exp2,0,1,1,0.0280901324,0.0280888062,0.0280888062,0.0280901324,1.32620335e-06,87,raw-and-scaled,7,1,fp7_e1m5,fp7_e2m4,5,4,4,35570,87,exp1,249790464,249765888,249765888,62441472,0.0280901324,0.0280888062,24576,187348992,-0.00135803223,0x3ce61d47,0.0280901324,0x3f800000,1,0xbeaeff00,-0.341789246,0xbeaeff00,-0.341789246,1001010,0,10,01010,1010101,1,5,0101,0xbceff000,-0.0292892456,0xbc5fe000,-0.0136642456,0xcb2ff000,-11530240,-2882560,-0.687255859
l2,0.0625,0,min-error,metric_min,exp2,0,1,1,0.0280901324,0.0280888062,0.0280888062,0.0280901324,1.32620335e-06,88,raw-and-scaled,7,1,fp7_e1m5,fp7_e2m4,5,4,4,35570,88,exp1,249790464,249765888,249765888,62441472,0.0280901324,0.0280888062,24576,187348992,-0.00135803223,0x3ce61d47,0.0280901324,0x3f800000,1,0x3e587f80,0.211423874,0x3e587f80,0.211423874,0000110,0,6,00110,0001101,0,13,1101,0x3cc3fc00,0.0239238739,0x3c07f800,0.0082988739,0xcb03f000,-8646656,-2161664,-0.515563965
l2,0.0625,0,min-error,metric_min,exp2,0,1,1,0.0280901324,0.0280888062,0.0280888062,0.0280901324,1.32620335e-06,89,raw-and-scaled,7,1,fp7_e1m5,fp7_e2m4,5,4,4,35570,89,exp1,249790464,249765888,249765888,62441472,0.0280901324,0.0280888062,24576,187348992,-0.00135803223,0x3ce61d47,0.0280901324,0x3f800000,1,0x3c660200,0.0140385628,0x3c660200,0.0140385628,0000000,0,0,00000,0000000,0,0,0000,0x3c660200,0.0140385628,0x3c660200,0.0140385628,0x00000000,0,0,0
l2,0.0625,0,min-error,metric_min,exp2,0,1,1,0.0280901324,0.0280888062,0.0280888062,0.0280901324,1.32620335e-06,90,raw-and-scaled,7,1,fp7_e1m5,fp7_e2m4,5,4,4,35570,90,exp1,249790464,249765888,249765888,62441472,0.0280901324,0.0280888062,24576,187348992,-0.00135803223,0x3ce61d47,0.0280901324,0x3f800000,1,0xbfad3fc0,-1.353508,0xbfad3fc0,-1.353508,1101011,1,11,01011,1110101,3,5,0101,0xbc1fe000,-0.00975799561,0xbd27f800,-0.0410079956,0x4bcfe000,27246592,27246592,1.62451172
l2,0.0625,0,min-error,metric_min,exp2,0,1,1,0.0280901324,0.0280888062,0.0280888062,0.0280901324,1.32620335e-06,91,raw-and-scaled,7,1,fp7_e1m5,fp7_e2m4,5,4,4,35570,91,exp1,249790464,249765888,249765888,62441472,0.0280901324,0.0280888062,24576,187348992,-0.00135803223,0x3ce61d47,0.0280901324,0x3f800000,1,0x3f5c0400,0.859436035,0x3f5c0400,0.859436035,0011011,0,27,11011,0101011,2,11,1011,0x3c808000,0.0156860352,0x3c808000,0.0156860352,0x00000000,0,0,0
l2,0.0625,0,min-error,metric_min,exp2,0,1,1,0.0280901324,0.0280888062,0.0280888062,0.0280901324,1.32620335e-06,92,raw-and-scaled,7,1,fp7_e1m5,fp7_e2m4,5,4,4,35570,92,exp1,249790464,249765888,249765888,62441472,0.0280901324,0.0280888062,24576,187348992,-0.00135803223,0x3ce61d47,0.0280901324,0x3f800000,1,0x3ab8ff00,0.00141140819,0x3ab8ff00,0.00141140819,0000000,0,0,00000,0000000,0,0,0000,0x3ab8ff00,0.00141140819,0x3ab8ff00,0.00141140819,0x00000000,0,0,0
l2,0.0625,0,min-error,metric_min,exp2,0,1,1,0.0280901324,0.0280888062,0.0280888062,0.0280901324,1.32620335e-06,93,raw-and-scaled,7,1,fp7_e1m5,fp7_e2m4,5,4,4,35570,93,exp1,249790464,249765888,249765888,62441472,0.0280901324,0.0280888062,24576,187348992,-0.00135803223,0x3ce61d47,0.0280901324,0x3f800000,1,0xbfdd8080,-1.73048401,0xbfdd8080,-1.73048401,1110111,1,23,10111,1111011,3,11,1011,0xbc404000,-0.0117340088,0xbd301000,-0.0429840088,0x4be02000,29376512,29376512,1.75097656
l2,0.0625,0,min-error,metric_min,exp2,0,1,1,0.0280901324,0.0280888062,0.0280888062,0.0280901324,1.32620335e-06,94,raw-and-scaled,7,1,fp7_e1m5,fp7_e2m4,5,4,4,35570,94,exp1,249790464,249765888,249765888,62441472,0.0280901324,0.0280888062,24576,187348992,-0.00135803223,0x3ce61d47,0.0280901324,0x3f800000,1,0x3f2f3fc0,0.684566498,0x3f2f3fc0,0.684566498,0010101,0,21,10101,0100101,2,5,0101,0x3ce7f800,0.0283164978,0x3ce7f800,0.0283164978,0x00000000,0,0,0
l2,0.0625,0,min-error,metric_min,exp2,0,1,1,0.0280901324,0.0280888062,0.0280888062,0.0280901324,1.32620335e-06,95,raw-and-scaled,7,1,fp7_e1m5,fp7_e2m4,5,4,4,35570,95,exp1,249790464,249765888,249765888,62441472,0.0280901324,0.0280888062,24576,187348992,-0.00135803223,0x3ce61d47,0.0280901324,0x3f800000,1,0xbcfc0400,-0.0307636261,0xbcfc0400,-0.0307636261,1000000,0,0,00000,1000001,0,1,0001,0xbcfc0400,-0.0307636261,0xbc780800,-0.0151386261,0xcb3c0000,-12320768,-3080192,-0.734436035
l2,0.0625,0,min-error,metric_min,exp2,0,1,1,0.0280901324,0.0280888062,0.0280888062,0.0280901324,1.32620335e-06,96,raw-and-scaled,7,1,fp7_e1m5,fp7_e2m4,5,4,4,35570,96,exp1,249790464,249765888,249765888,62441472,0.0280901324,0.0280888062,24576,187348992,-0.00135803223,0x3ce61d47,0.0280901324,0x3f800000,1,0x3c820200,0.0158700943,0x3c820200,0.0158700943,0000000,0,0,00000,0000001,0,1,0001,0x3c820200,0.0158700943,0x39808000,0.000245094299,0xca840000,-4325376,-1081344,-0.257843018
l2,0.0625,0,min-error,metric_min,exp2,0,1,1,0.0280901324,0.0280888062,0.0280888062,0.0280901324,1.32620335e-06,97,raw-and-scaled,7,1,fp7_e1m5,fp7_e2m4,5,4,4,35570,97,exp1,249790464,249765888,249765888,62441472,0.0280901324,0.0280888062,24576,187348992,-0.00135803223,0x3ce61d47,0.0280901324,0x3f800000,1,0x3b860200,0.00408959389,0x3b860200,0.00408959389,0000000,0,0,00000,0000000,0,0,0000,0x3b860200,0.00408959389,0x3b860200,0.00408959389,0x00000000,0,0,0
l2,0.0625,0,min-error,metric_min,exp2,0,1,1,0.0280901324,0.0280888062,0.0280888062,0.0280901324,1.32620335e-06,98,raw-and-scaled,7,1,fp7_e1m5,fp7_e2m4,5,4,4,35570,98,exp1,249790464,249765888,249765888,62441472,0.0280901324,0.0280888062,24576,187348992,-0.00135803223,0x3ce61d47,0.0280901324,0x3f800000,1,0x3e313fc0,0.173094749,0x3e313fc0,0.173094749,0000101,0,5,00101,0001011,0,11,1011,0x3c89fe00,0.0168447495,0x3a9fe000,0.00121974945,0xca93e000,-4845568,-1211392,-0.289031982
l2,0.0625,0,min-error,metric_min,exp2,0,1,1,0.0280901324,0.0280888062,0.0280888062,0.0280901324,1.32620335e-06,99,raw-and-scaled,7,1,fp7_e1m5,fp7_e2m4,5,4,4,35570,99,exp1,249790464,249765888,249765888,62441472,0.0280901324,0.0280888062,24576,187348992,-0.00135803223,0x3ce61d47,0.0280901324,0x3f800000,1,0xbe9c0400,-0.304718018,0xbe9c0400,-0.304718018,1001001,0,9,01001,1010011,1,3,0011,0xbcc04000,-0.0234680176,0xbc008000,-0.00784301758,0xcb004000,-8404992,-2101248,-0.500976562
l2,0.0625,0,min-error,metric_min,exp2,0,1,1,0.0280901324,0.0280888062,0.0280888062,0.0280901324,1.32620335e-06,100,raw-and-scaled,7,1,fp7_e1m5,fp7_e2m4,5,4,4,35570,100,exp1,249790464,249765888,249765888,62441472,0.0280901324,0.0280888062,24576,187348992,-0.00135803223,0x3ce61d47,0.0280901324,0x3f800000,1,0xbca3fc00,-0.0200176239,0xbca3fc00,-0.0200176239,1000000,0,0,00000,1000001,0,1,0001,0xbca3fc00,-0.0200176239,0xbb8ff000,-0.0043926239,0xcac7e000,-6549504,-1637376,-0.390563965
l2,0.0625,0,min-error,metric_min,exp2,0,1,1,0.0280901324,0.0280888062,0.0280888062,0.0280901324,1.32620335e-06,101,raw-and-scaled,7,1,fp7_e1m5,fp7_e2m4,5,4,4,35570,101,exp1,249790464,249765888,249765888,62441472,0.0280901324,0.0280888062,24576,187348992,-0.00135803223,0x3ce61d47,0.0280901324,0x3f800000,1,0x3d657f80,0.0560297966,0x3d657f80,0.0560297966,0000001,0,1,00001,0000011,0,3,0011,0x3ccaff00,0.0247797966,0x3c15fe00,0.0091547966,0xcb0af000,-9105408,-2276352,-0.542953491
l2,0.0625,0,min-error,metric_min,exp2,0,1,1,0.0280901324,0.0280888062,0.0280888062,0.0280901324,1.32620335e-06,102,raw-and-scaled,7,1,fp7_e1m5,fp7_e2m4,5,4,4,35570,102,exp1,249790464,249765888,249765888,62441472,0.0280901324,0.0280888062,24576,187348992,-0.00135803223,0x3ce61d47,0.0280901324,0x3f800000,1,0xbee67f80,-0.450191498,0xbee67f80,-0.450191498,1001110,0,14,01110,1011100,1,12,1100,0xbc4ff000,-0.0126914978,0xbc4ff000,-0.0126914978,0x00000000,0,0,0
l2,0.0625,0,min-error,metric_min,exp2,0,1,1,0.0280901324,0.0280888062,0.0280888062,0.0280901324,1.32620335e-06,103,raw-and-scaled,7,1,fp7_e1m5,fp7_e2m4,5,4,4,35570,103,exp1,249790464,249765888,249765888,62441472,0.0280901324,0.0280888062,24576,187348992,-0.00135803223,0x3ce61d47,0.0280901324,0x3f800000,1,0x3f33bfc0,0.702144623,0x3f33bfc0,0.702144623,0010110,0,22,10110,0100110,2,6,0110,0x3c6ff000,0.0146446228,0x3c6ff000,0.0146446228,0x00000000,0,0,0
l2,0.0625,0,min-error,metric_min,exp2,0,1,1,0.0280901324,0.0280888062,0.0280888062,0.0280901324,1.32620335e-06,104,raw-and-scaled,7,1,fp7_e1m5,fp7_e2m4,5,4,4,35570,104,exp1,249790464,249765888,249765888,62441472,0.0280901324,0.0280888062,24576,187348992,-0.00135803223,0x3ce61d47,0.0280901324,0x3f800000,1,0x3c510100,0.0127565861,0x3c510100,0.0127565861,0000000,0,0,00000,0000000,0,0,0000,0x3c510100,0.0127565861,0x3c510100,0.0127565861,0x00000000,0,0,0
l2,0.0625,0,min-error,metric_min,exp2,0,1,1,0.0280901324,0.0280888062,0.0280888062,0.0280901324,1.32620335e-06,105,raw-and-scaled,7,1,fp7_e1m5,fp7_e2m4,5,4,4,35570,105,exp1,249790464,249765888,249765888,62441472,0.0280901324,0.0280888062,24576,187348992,-0.00135803223,0x3ce61d47,0.0280901324,0x3f800000,1,0x3fcc0400,1.59387207,0x3fcc0400,1.59387207,0110011,1,19,10011,0111001,3,9,1001,0x39000000,0.000122070312,0x3d008000,0.0313720703,0x4b810000,16908288,16908288,1.0078125
l2,0.0625,0,min-error,metric_min,exp2,0,1,1,0.0280901324,0.0280888062,0.0280888062,0.0280901324,1.32620335e-06,106,raw-and-scaled,7,1,fp7_e1m5,fp7_e2m4,5,4,4,35570,106,exp1,249790464,249765888,249765888,62441472,0.0280901324,0.0280888062,24576,187348992,-0.00135803223,0x3ce61d47,0.0280901324,0x3f800000,1,0xbf280800,-0.65637207,0xbf280800,-0.65637207,1010101,0,21,10101,1100101,2,5,0101,0xb9000000,-0.000122070312,0xb9000000,-0.000122070312,0x00000000,0,0,0
l2,0.0625,0,min-error,metric_min,exp2,0,1,1,0.0280901324,0.0280888062,0.0280888062,0.0280901324,1.32620335e-06,107,raw-and-scaled,7,1,fp7_e1m5,fp7_e2m4,5,4,4,35570,107,exp1,249790464,249765888,249765888,62441472,0.0280901324,0.0280888062,24576,187348992,-0.00135803223,0x3ce61d47,0.0280901324,0x3f800000,1,0x3b570100,0.00328069925,0x3b570100,0.00328069925,0000000,0,0,00000,0000000,0,0,0000,0x3b570100,0.00328069925,0x3b570100,0.00328069925,0x00000000,0,0,0
l2,0.0625,0,min-error,metric_min,exp2,0,1,1,0.0280901324,0.0280888062,0.0280888062,0.0280901324,1.32620335e-06,108,raw-and-scaled,7,1,fp7_e1m5,fp7_e2m4,5,4,4,35570,108,exp1,249790464,249765888,249765888,62441472,0.0280901324,0.0280888062,24576,187348992,-0.00135803223,0x3ce61d47,0.0280901324,0x3f800000,1,0x3aec8080,0.00180436671,0x3aec8080,0.00180436671,0000000,0,0,00000,0000000,0,0,0000,0x3aec8080,0.00180436671,0x3aec8080,0.00180436671,0x00000000,0,0,0
l2,0.0625,0,min-error,metric_min,exp2,0,1,1,0.0280901324,0.0280888062,0.0280888062,0.0280901324,1.32620335e-06,109,raw-and-scaled,7,1,fp7_e1m5,fp7_e2m4,5,4,4,35570,109,exp1,249790464,249765888,249765888,62441472,0.0280901324,0.0280888062,24576,187348992,-0.00135803223,0x3ce61d47,0.0280901324,0x3f800000,1,0xbe6bfc00,-0.230453491,0xbe6bfc00,-0.230453491,1000111,0,7,00111,1001110,0,14,1110,0xbc3fc000,-0.0117034912,0xbc3fc000,-0.0117034912,0x00000000,0,0,0
l2,0.0625,0,min-error,metric_min,exp2,0,1,1,0.0280901324,0.0280888062,0.0280888062,0.0280901324,1.32620335e-06,110,raw-and-scaled,7,1,fp7_e1m5,fp7_e2m4,5,4,4,35570,110,exp1,249790464,249765888,249765888,62441472,0.0280901324,0.0280888062,24576,187348992,-0.00135803223,0x3ce61d47,0.0280901324,0x3f800000,1,0xbfee7f80,-1.86326599,0xbfee7f80,-1.86326599,1111011,1,27,11011,1111101,3,13,1101,0xbc9fe000,-0.0195159912,0xbd4ff000,-0.0507659912,0x4c0ff000,37732352,37732352,2.24902344
l2,0.0625,0,min-error,metric_min,exp2,0,1,1,0.0280901324,0.0280888062,0.0280888062,0.0280901324,1.32620335e-06,111,raw-and-scaled,7,1,fp7_e1m5,fp7_e2m4,5,4,4,35570,111,exp1,249790464,249765888,249765888,62441472,0.0280901324,0.0280888062,24576,187348992,-0.00135803223,0x3ce61d47,0.0280901324,0x3f800000,1,0x3dbe0200,0.0927772522,0x3dbe0200,0.0927772522,0000010,0,2,00010,0000101,0,5,0101,0x3cf80800,0.0302772522,0x3c701000,0.0146522522,0xcb380000,-12058624,-3014656,-0.71887207
l2,0.0625,0,min-error,metric_min,exp2,0,1,1,0.0280901324,0.0280888062,0.0280888062,0.0280901324,1.32620335e-06,112,raw-and-scaled,7,1,fp7_e1m5,fp7_e2m4,5,4,4,35570,112,exp1,249790464,249765888,249765888,62441472,0.0280901324,0.0280888062,24576,187348992,-0.00135803223,0x3ce61d47,0.0280901324,0x3f800000,1,0x3e840400,0.257843018,0x3e840400,0.257843018,0001000,0,8,01000,0010000,1,0,0000,0x3c008000,0.00784301758,0x3c008000,0.00784301758,0x00000000,0,0,0
l2,0.0625,0,min-error,metric_min,exp2,0,1,1,0.0280901324,0.0280888062,0.0280888062,0.0280901324,1.32620335e-06,113,raw-and-scaled,7,1,fp7_e1m5,fp7_e2m4,5,4,4,35570,113,exp1,249790464,249765888,249765888,62441472,0.0280901324,0.0280888062,24576,187348992,-0.00135803223,0x3ce61d47,0.0280901324,0x3f800000,1,0xbb0bfc00,-0.00213599205,0xbb0bfc00,-0.00213599205,1000000,0,0,00000,1000000,0,0,0000,0xbb0bfc00,-0.00213599205,0xbb0bfc00,-0.00213599205,0x00000000,0,0,0
l2,0.0625,0,min-error,metric_min,exp2,0,1,1,0.0280901324,0.0280888062,0.0280888062,0.0280901324,1.32620335e-06,114,raw-and-scaled,7,1,fp7_e1m5,fp7_e2m4,5,4,4,35570,114,exp1,249790464,249765888,249765888,62441472,0.0280901324,0.0280888062,24576,187348992,-0.00135803223,0x3ce61d47,0.0280901324,0x3f800000,1,0x3d4a0200,0.0493183136,0x3d4a0200,0.0493183136,0000001,0,1,00001,0000011,0,3,0011,0x3c940400,0.0180683136,0x3b202000,0.0024433136,0xcaa80000,-5505024,-1376256,-0.328186035
l2,0.0625,0,min-error,metric_min,exp2,0,1,1,0.0280901324,0.0280888062,0.0280888062,0.0280901324,1.32620335e-06,115,raw-and-scaled,7,1,fp7_e1m5,fp7_e2m4,5,4,4,35570,115,exp1,249790464,249765888,249765888,62441472,0.0280901324,0.0280888062,24576,187348992,-0.00135803223,0x3ce61d47,0.0280901324,0x3f800000,1,0xbe39c040,-0.181397438,0xbe39c040,-0.181397438,1000101,0,5,00101,1001011,0,11,1011,0xbcce0200,-0.025147438,0xbc1c0400,-0.00952243805,0xcb0e0000,-9306112,-2326528,-0.554718018
l2,0.0625,0,min-error,metric_min,exp2,0,1,1,0.0280901324,0.0280888062,0.0280888062,0.0280901324,1.32620335e-06,116,raw-and-scaled,7,1,fp7_e1m5,fp7_e2m4,5,4,4,35570,116,exp1,249790464,249765888,249765888,62441472,0.0280901324,0.0280888062,24576,187348992,-0.00135803223,0x3ce61d47,0.0280901324,0x3f800000,1,0x3dc7f800,0.0976409912,0x3dc7f800,0.0976409912,0000011,0,3,00011,0000110,0,6,0110,0x3b7f0000,0.00389099121,0x3b7f0000,0.00389099121,0x00000000,0,0,0
l2,0.0625,0,min-error,metric_min,exp2,0,1,1,0.0280901324,0.0280888062,0.0280888062,0.0280901324,1.32620335e-06,117,raw-and-scaled,7,1,fp7_e1m5,fp7_e2m4,5,4,4,35570,117,exp1,249790464,249765888,249765888,62441472,0.0280901324,0.0280888062,24576,187348992,-0.00135803223,0x3ce61d47,0.0280901324,0x3f800000,1,0x3b6aff00,0.00358575583,0x3b6aff00,0.00358575583,0000000,0,0,00000,0000000,0,0,0000,0x3b6aff00,0.00358575583,0x3b6aff00,0.00358575583,0x00000000,0,0,0
l2,0.0625,0,min-error,metric_min,exp2,0,1,1,0.0280901324,0.0280888062,0.0280888062,0.0280901324,1.32620335e-06,118,raw-and-scaled,7,1,fp7_e1m5,fp7_e2m4,5,4,4,35570,118,exp1,249790464,249765888,249765888,62441472,0.0280901324,0.0280888062,24576,187348992,-0.00135803223,0x3ce61d47,0.0280901324,0x3f800000,1,0xbdecff00,-0.115720749,0xbdecff00,-0.115720749,1000011,0,3,00011,1000111,0,7,0111,0xbcb3fc00,-0.0219707489,0xbbcff000,-0.0063457489,0xcae7e000,-7598080,-1899520,-0.453063965
l2,0.0625,0,min-error,metric_min,exp2,0,1,1,0.0280901324,0.0280888062,0.0280888062,0.0280901324,1.32620335e-06,119,raw-and-scaled,7,1,fp7_e1m5,fp7_e2m4,5,4,4,35570,119,exp1,249790464,249765888,249765888,62441472,0.0280901324,0.0280888062,24576,187348992,-0.00135803223,0x3ce61d47,0.0280901324,0x3f800000,1,0x3fbbbfc0,1.46678925,0x3fbbbfc0,1.46678925,0101110,1,14,01110,0110111,3,7,0111,0x3ceff000,0.0292892456,0x3ceff000,0.0292892456,0x00000000,0,0,0
l2,0.0625,0,min-error,metric_min,exp2,0,1,1,0.0280901324,0.0280888062,0.0280888062,0.0280901324,1.32620335e-06,120,raw-and-scaled,7,1,fp7_e1m5,fp7_e2m4,5,4,4,35570,120,exp1,249790464,249765888,249765888,62441472,0.0280901324,0.0280888062,24576,187348992,-0.00135803223,0x3ce61d47,0.0280901324,0x3f800000,1,0xba87f800,-0.00103735924,0xba87f800,-0.00103735924,1000000,0,0,00000,1000000,0,0,0000,0xba87f800,-0.00103735924,0xba87f800,-0.00103735924,0x00000000,0,0,0
l2,0.0625,0,min-error,metric_min,exp2,0,1,1,0.0280901324,0.0280888062,0.0280888062,0.0280901324,1.32620335e-06,121,raw-and-scaled,7,1,fp7_e1m5,fp7_e2m4,5,4,4,35570,121,exp1,249790464,249765888,249765888,62441472,0.0280901324,0.0280888062,24576,187348992,-0.00135803223,0x3ce61d47,0.0280901324,0x3f800000,1,0xbc980800,-0.0185585022,0xbc980800,-0.0185585022,1000000,0,0,00000,1000001,0,1,0001,0xbc980800,-0.0185585022,0xbb404000,-0.0029335022,0xcab00000,-5767168,-1441792,-0.34387207
l2,0.0625,0,min-error,metric_min,exp2,0,1,1,0.0280901324,0.0280888062,0.0280888062,0.0280901324,1.32620335e-06,122,raw-and-scaled,7,1,fp7_e1m5,fp7_e2m4,5,4,4,35570,122,exp1,249790464,249765888,249765888,62441472,0.0280901324,0.0280888062,24576,187348992,-0.00135803223,0x3ce61d47,0.0280901324,0x3f800000,1,0xbefa8080,-0.489261627,0xbefa8080,-0.489261627,1001111,0,15,01111,1011111,1,15,1111,0xbca80800,-0.0205116272,0xbba02000,-0.0048866272,0xcad00000,-6815744,-1703936,-0.40637207
l2,0.0625,0,min-error,metric_min,exp2,0,1,1,0.0280901324,0.0280888062,0.0280888062,0.0280901324,1.32620335e-06,123,raw-and-scaled,7,1,fp7_e1m5,fp7_e2m4,5,4,4,35570,123,exp1,249790464,249765888,249765888,62441472,0.0280901324,0.0280888062,24576,187348992,-0.00135803223,0x3ce61d47,0.0280901324,0x3f800000,1,0x3cbdbfc0,0.0231627226,0x3cbdbfc0,0.0231627226,0000000,0,0,00000,0000001,0,1,0001,0x3cbdbfc0,0.0231627226,0x3bf6ff00,0.00753772259,0xcafb6000,-8237056,-2059264,-0.491207123
l2,0.0625,0,min-error,metric_min,exp2,0,1,1,0.0280901324,0.0280888062,0.0280888062,0.0280901324,1.32620335e-06,124,raw-and-scaled,7,1,fp7_e1m5,fp7_e2m4,5,4,4,35570,124,exp1,249790464,249765888,249765888,62441472,0.0280901324,0.0280888062,24576,187348992,-0.00135803223,0x3ce61d47,0.0280901324,0x3f800000,1,0xbbf90100,-0.00759899616,0xbbf90100,-0.00759899616,1000000,0,0,00000,1000000,0,0,0000,0xbbf90100,-0.00759899616,0xbbf90100,-0.00759899616,0x00000000,0,0,0
l2,0.0625,0,min-error,metric_min,exp2,0,1,1,0.0280901324,0.0280888062,0.0280888062,0.0280901324,1.32620335e-06,125,raw-and-scaled,7,1,fp7_e1m5,fp7_e2m4,5,4,4,35570,125,exp1,249790464,249765888,249765888,62441472,0.0280901324,0.0280888062,24576,187348992,-0.00135803223,0x3ce61d47,0.0280901324,0x3f800000,1,0xbe760200,-0.240242004,0xbe760200,-0.240242004,1000111,0,7,00111,1001111,0,15,1111,0xbcb01000,-0.0214920044,0xbbc04000,-0.00586700439,0xcae02000,-7344128,-1836032,-0.437744141
l2,0.0625,0,min-error,metric_min,exp2,0,1,1,0.0280901324,0.0280888062,0.0280888062,0.0280901324,1.32620335e-06,126,raw-and-scaled,7,1,fp7_e1m5,fp7_e2m4,5,4,4,35570,126,exp1,249790464,249765888,249765888,62441472,0.0280901324,0.0280888062,24576,187348992,-0.00135803223,0x3ce61d47,0.0280901324,0x3f800000,1,0x3de80800,0.113296509,0x3de80800,0.113296509,0000011,0,3,00011,0000111,0,7,0111,0x3ca02000,0.0195465088,0x3b808000,0.00392150879,0xcac04000,-6299648,-1574912,-0.375488281
l2,0.0625,0,min-error,metric_min,exp2,0,1,1,0.0280901324,0.0280888062,0.0280888062,0.0280901324,1.32620335e-06,127,raw-and-scaled,7,1,fp7_e1m5,fp7_e2m4,5,4,4,35570,127,exp1,249790464,249765888,249765888,62441472,0.0280901324,0.0280888062,24576,187348992,-0.00135803223,0x3ce61d47,0.0280901324,0x3f800000,1,0xbcf7f800,-0.0302696228,0xbcf7f800,-0.0302696228,1000000,0,0,00000,1000001,0,1,0001,0xbcf7f800,-0.0302696228,0xbc6ff000,-0.0146446228,0xcb37f000,-12054528,-3013632,-0.71862793
l2,0.0625,0,min-error,metric_min,exp2,0,1,1,0.280822515,0.280819774,0.280819774,0.280822515,2.74181366e-06,0,raw-and-scaled,6,1,fp6_e1m4,fp6_e2m3,4,3,4,47608,0,exp1,586711040,586711040,586711040,146677760,0.280822515,0.280819774,0,440033280,-0.000693559647,0x3e8fc7f8,0.280822515,0x3f800000,1,0x3e7f98fc,0.249607027,0x3e7f98fc,0.249607027,000011,0,3,0011,000111,0,7,111,0x3d7e63f0,0.0621070266,0x3cfcc7e0,0.0308570266,0xcb3e6000,-12476416,-3119104,-0.743712425
l2,0.0625,0,min-error,metric_min,exp2,0,1,1,0.280822515,0.280819774,0.280819774,0.280822515,2.74181366e-06,1,raw-and-scaled,6,1,fp6_e1m4,fp6_e2m3,4,3,4,47608,1,exp1,586711040,586711040,586711040,146677760,0.280822515,0.280819774,0,440033280,-0.000693559647,0x3e8fc7f8,0.280822515,0x3f800000,1,0xbf7f9617,-0.998383939,0xbf7f9617,-0.998383939,101111,0,15,1111,110111,2,7,111,0xbd796170,-0.0608839393,0xbd796170,-0.0608839393,0x00000000,0,0,0
l2,0.0625,0,min-error,metric_min,exp2,0,1,1,0.280822515,0.280819774,0.280819774,0.280822515,2.74181366e-06,2,raw-and-scaled,6,1,fp6_e1m4,fp6_e2m3,4,3,4,47608,2,exp1,586711040,586711040,586711040,146677760,0.280822515,0.280819774,0,440033280,-0.000693559647,0x3e8fc7f8,0.280822515,0x3f800000,1,0x3c7fa643,0.0156036047,0x3c7fa643,0.0156036047,000000,0,0,0000,000000,0,0,000,0x3c7fa643,0.0156036047,0x3c7fa643,0.0156036047,0x00000000,0,0,0
l2,0.0625,0,min-error,metric_min,exp2,0,1,1,0.280822515,0.280819774,0.280819774,0.280822515,2.74181366e-06,3,raw-and-scaled,6,1,fp6_e1m4,fp6_e2m3,4,3,4,47608,3,exp1,586711040,586711040,586711040,146677760,0.280822515,0.280819774,0,440033280,-0.000693559647,0x3e8fc7f8,0.280822515,0x3f800000,1,0xbfffa4dd,-1.99721873,0xbfffa4dd,-1.99721873,111111,1,15,1111,111111,3,7,111,0xbd749ba0,-0.0597187281,0xbdfa4dd0,-0.122218728,0x4c3a4000,48824320,48824320,2.9109993
l2,0.0625,0,min-error,metric_min,exp2,0,1,1,0.280822515,0.280819774,0.280819774,0.280822515,2.74181366e-06,4,raw-and-scaled,6,1,fp6_e1m4,fp6_e2m3,4,3,4,47608,4,exp1,586711040,586711040,586711040,146677760,0.280822515,0.280819774,0,440033280,-0.000693559647,0x3e8fc7f8,0.280822515,0x3f800000,1,0x3b7fa841,0.00390101993,0x3b7fa841,0.00390101993,000000,0,0,0000,000000,0,0,000,0x3b7fa841,0.00390101993,0x3b7fa841,0.00390101993,0x00000000,0,0,0
l2,0.0625,0,min-error,metric_min,exp2,0,1,1,0.280822515,0.280819774,0.280819774,0.280822515,2.74181366e-06,5,raw-and-scaled,6,1,fp6_e1m4,fp6_e2m3,4,3,4,47608,5,exp1,586711040,586711040,586711040,146677760,0.280822515,0.280819774,0,440033280,-0.000693559647,0x3e8fc7f8,0.280822515,0x3f800000,1,0xbeff9507,-0.499183863,0xbeff9507,-0.499183863,100111,0,7,0111,101111,1,7,111,0xbd7ca838,-0.0616838634,0xbcf95070,-0.0304338634,0xcb3ca000,-12361728,-3090432,-0.736941814
l2,0.0625,0,min-error,metric_min,exp2,0,1,1,0.280822515,0.280819774,0.280819774,0.280822515,2.74181366e-06,6,raw-and-scaled,6,1,fp6_e1m4,fp6_e2m3,4,3,4,47608,6,exp1,586711040,586711040,586711040,146677760,0.280822515,0.280819774,0,440033280,-0.000693559647,0x3e8fc7f8,0.280822515,0x3f800000,1,0x3c7f98ee,0.0156004261,0x3c7f98ee,0.0156004261,000000,0,0,0000,000000,0,0,000,0x3c7f98ee,0.0156004261,0x3c7f98ee,0.0156004261,0x00000000,0,0,0
l2,0.0625,0,min-error,metric_min,exp2,0,1,1,0.280822515,0.280819774,0.280819774,0.280822515,2.74181366e-06,7,raw-and-scaled,6,1,fp6_e1m4,fp6_e2m3,4,3,4,47608,7,exp1,586711040,586711040,586711040,146677760,0.280822515,0.280819774,0,440033280,-0.000693559647,0x3e8fc7f8,0.280822515,0x3f800000,1,0x3fffae4f,1.99750698,0x3fffae4f,1.99750698,011111,1,15,1111,011111,3,7,111,0x3d75c9e0,0.0600069761,0x3dfae4f0,0.122506976,0x4c3ae000,48988160,48988160,2.92022324
l2,0.0625,0,min-error,metric_min,exp2,0,1,1,0.280822515,0.280819774,0.280819774,0.280822515,2.74181366e-06,8,raw-and-scaled,6,1,fp6_e1m4,fp6_e2m3,4,3,4,47608,8,exp1,586711040,586711040,586711040,146677760,0.280822515,0.280819774,0,440033280,-0.000693559647,0x3e8fc7f8,0.280822515,0x3f800000,1,0xbfff8ce7,-1.9964875,0xbfff8ce7,-1.9964875,111111,1,15,1111,111111,3,7,111,0xbd719ce0,-0.0589874983,0xbdf8ce70,-0.121487498,0x4c38c000,48431104,48431104,2.88759995
l2,0.0625,0,min-error,metric_min,exp2,0,1,1,0.280822515,0.280819774,0.280819774,0.280822515,2.74181366e-06,9,raw-and-scaled,6,1,fp6_e1m4,fp6_e2m3,4,3,4,47608,9,exp1,586711040,586711040,586711040,146677760,0.280822515,0.280819774,0,440033280,-0.000693559647,0x3e8fc7f8,0.280822515,0x3f800000,1,0x3f7fba2c,0.998934507,0x3f7fba2c,0.998934507,001111,0,15,1111,010111,2,7,111,0x3d7ba2c0,0.0614345074,0x3d7ba2c0,0.0614345074,0x00000000,0,0,0
l2,0.0625,0,min-error,metric_min,exp2,0,1,1,0.280822515,0.280819774,0.280819774,0.280822515,2.74181366e-06,10,raw-and-scaled,6,1,fp6_e1m4,fp6_e2m3,4,3,4,47608,10,exp1,586711040,586711040,586711040,146677760,0.280822515,0.280819774,0,440033280,-0.000693559647,0x3e8fc7f8,0.280822515,0x3f800000,1,0xbdff99d0,-0.124805093,0xbdff99d0,-0.124805093,100001,0,1,0001,100011,0,3,011,0xbd7f33a0,-0.0623050928,0xbcfe6740,-0.0310550928,0xcb3f3000,-12529664,-3132416,-0.746881485
l2,0.0625,0,min-error,metric_min,exp2,0,1,1,0.280822515,0.280819774,0.280819774,0.280822515,2.74181366e-06,11,raw-and-scaled,6,1,fp6_e1m4,fp6_e2m3,4,3,4,47608,11,exp1,586711040,586711040,586711040,146677760,0.280822515,0.280819774,0,440033280,-0.000693559647,0x3e8fc7f8,0.280822515,0x3f800000,1,0xbbffaf23,-0.00780286035,0xbbffaf23,-0.00780286035,100000,0,0,0000,100000,0,0,000,0xbbffaf23,-0.00780286035,0xbbffaf23,-0.00780286035,0x00000000,0,0,0
l2,0.0625,0,min-error,metric_min,exp2,0,1,1,0.280822515,0.280819774,0.280819774,0.280822515,2.74181366e-06,12,raw-and-scaled,6,1,fp6_e1m4,fp6_e2m3,4,3,4,47608,12,exp1,586711040,586711040,586711040,146677760,0.280822515,0.280819774,0,440033280,-0.000693559647,0x3e8fc7f8,0.280822515,0x3f800000,1,0xbfffb992,-1.99785066,0xbfffb992,-1.99785066,111111,1,15,1111,111111,3,7,111,0xbd773240,-0.0603506565,0xbdfb9920,-0.122850657,0x4c3b9000,49168384,49168384,2.93122101
l2,0.0625,0,min-error,metric_min,exp2,0,1,1,0.280822515,0.280819774,0.280819774,0.280822515,2.74181366e-06,13,raw-and-scaled,6,1,fp6_e1m4,fp6_e2m3,4,3,4,47608,13,exp1,586711040,586711040,586711040,146677760,0.280822515,0.280819774,0,440033280,-0.000693559647,0x3e8fc7f8,0.280822515,0x3f800000,1,0x3effbb27,0.499474734,0x3effbb27,0.499474734,000111,0,7,0111,001111,1,7,111,0x3d7dd938,0.0619747341,0x3cfbb270,0.0307247341,0xcb3dd000,-12439552,-3109888,-0.741595745
l2,0.0625,0,min-error,metric_min,exp2,0,1,1,0.280822515,0.280819774,0.280819774,0.280822515,2.74181366e-06,14,raw-and-scaled,6,1,fp6_e1m4,fp6_e2m3,4,3,4,47608,14,exp1,586711040,586711040,586711040,146677760,0.280822515,0.280819774,0,440033280,-0.000693559647,0x3e8fc7f8,0.280822515,0x3f800000,1,0x3c7fb808,0.0156078413,0x3c7fb808,0.0156078413,000000,0,0,0000,000000,0,0,000,0x3c7fb808,0.0156078413,0x3c7fb808,0.0156078413,0x00000000,0,0,0
l2,0.0625,0,min-error,metric_min,exp2,0,1,1,0.280822515,0.280819774,0.280819774,0.280822515,2.74181366e-06,15,raw-and-scaled,6,1,fp6_e1m4,fp6_e2m3,4,3,4,47608,15,exp1,586711040,586711040,586711040,146677760,0.280822515,0.280819774,0,440033280,-0.000693559647,0x3e8fc7f8,0.280822515,0x3f800000,1,0xbbff9e65,-0.00780086452,0xbbff9e65,-0.00780086452,100000,0,0,0000,100000,0,0,000,0xbbff9e65,-0.00780086452,0xbbff9e65,-0.00780086452,0x00000000,0,0,0
l2,0.0625,0,min-error,metric_min,exp2,0,1,1,0.280822515,0.280819774,0.280819774,0.280822515,2.74181366e-06,16,raw-and-scaled,6,1,fp6_e1m4,fp6_e2m3,4,3,4,47608,16,exp1,586711040,586711040,586711040,146677760,0.280822515,0.280819774,0,440033280,-0.000693559647,0x3e8fc7f8,0.280822515,0x3f800000,1,0xbb7f8a8f,-0.00389924995,0xbb7f8a8f,-0.00389924995,100000,0,0,0000,100000,0,0,000,0xbb7f8a8f,-0.00389924995,0xbb7f8a8f,-0.00389924995,0x00000000,0,0,0
l2,0.0625,0,min-error,metric_min,exp2,0,1,1,0.280822515,0.280819774,0.280819774,0.280822515,2.74181366e-06,17,raw-and-scaled,6,1,fp6_e1m4,fp6_e2m3,4,3,4,47608,17,exp1,586711040,586711040,586711040,146677760,0.280822515,0.280819774,0,440033280,-0.000693559647,0x3e8fc7f8,0.280822515,0x3f800000,1,0xbf7f9b59,-0.998464167,0xbf7f9b59,-0.998464167,101111,0,15,1111,110111,2,7,111,0xbd79b590,-0.0609641671,0xbd79b590,-0.0609641671,0x00000000,0,0,0
l2,0.0625,0,min-error,metric_min,exp2,0,1,1,0.280822515,0.280819774,0.280819774,0.280822515,2.74181366e-06,18,raw-and-scaled,6,1,fp6_e1m4,fp6_e2m3,4,3,4,47608,18,exp1,586711040,586711040,586711040,146677760,0.280822515,0.280819774,0,440033280,-0.000693559647,0x3e8fc7f8,0.280822515,0x3f800000,1,0xbeff8ab9,-0.499105245,0xbeff8ab9,-0.499105245,100111,0,7,0111,101111,1,7,111,0xbd7c55c8,-0.0616052449,0xbcf8ab90,-0.0303552449,0xcb3c5000,-12341248,-3085312,-0.735683918
l2,0.0625,0,min-error,metric_min,exp2,0,1,1,0.280822515,0.280819774,0.280819774,0.280822515,2.74181366e-06,19,raw-and-scaled,6,1,fp6_e1m4,fp6_e2m3,4,3,4,47608,19,exp1,586711040,586711040,586711040,146677760,0.280822515,0.280819774,0,440033280,-0.000693559647,0x3e8fc7f8,0.280822515,0x3f800000,1,0x3e7fbff6,0.24975571,0x3e7fbff6,0.24975571,000011,0,3,0011,000111,0,7,111,0x3d7effd8,0.0622557104,0x3cfdffb0,0.0310057104,0xcb3ef000,-12513280,-3128320,-0.746091366
l2,0.0625,0,min-error,metric_min,exp2,0,1,1,0.280822515,0.280819774,0.280819774,0.280822515,2.74181366e-06,20,raw-and-scaled,6,1,fp6_e1m4,fp6_e2m3,4,3,4,47608,20,exp1,586711040,586711040,586711040,146677760,0.280822515,0.280819774,0,440033280,-0.000693559647,0x3e8fc7f8,0.280822515,0x3f800000,1,0xbeff8acd,-0.499105841,0xbeff8acd,-0.499105841,100111,0,7,0111,101111,1,7,111,0xbd7c5668,-0.0616058409,0xbcf8acd0,-0.0303558409,0xcb3c5000,-12341248,-3085312,-0.735693455
l2,0.0625,0,min-error,metric_min,exp2,0,1,1,0.280822515,0.280819774,0.280819774,0.280822515,2.74181366e-06,21,raw-and-scaled,6,1,fp6_e1m4,fp6_e2m3,4,3,4,47608,21,exp1,586711040,586711040,586711040,146677760,0.280822515,0.280819774,0,440033280,-0.000693559647,0x3e8fc7f8,0.280822515,0x3f800000,1,0xbb7fa2c7,-0.0039006935,0xbb7fa2c7,-0.0039006935,100000,0,0,0000,100000,0,0,000,0xbb7fa2c7,-0.0039006935,0xbb7fa2c7,-0.0039006935,0x00000000,0,0,0
l2,0.0625,0,min-error,metric_min,exp2,0,1,1,0.280822515,0.280819774,0.280819774,0.280822515,2.74181366e-06,22,raw-and-scaled,6,1,fp6_e1m4,fp6_e2m3,4,3,4,47608,22,exp1,586711040,586711040,586711040,146677760,0.280822515,0.280819774,0,440033280,-0.000693559647,0x3e8fc7f8,0.280822515,0x3f800000,1,0xbdffbc89,-0.124871321,0xbdffbc89,-0.124871321,100001,0,1,0001,100011,0,3,011,0xbd7f7912,-0.062371321,0xbcfef224,-0.031121321,0xcb3f7000,-12546048,-3136512,-0.747941136
l2,0.0625,0,min-error,metric_min,exp2,0,1,1,0.280822515,0.280819774,0.280819774,0.280822515,2.74181366e-06,23,raw-and-scaled,6,1,fp6_e1m4,fp6_e2m3,4,3,4,47608,23,exp1,586711040,586711040,586711040,146677760,0.280822515,0.280819774,0,440033280,-0.000693559647,0x3e8fc7f8,0.280822515,0x3f800000,1,0xbdffa9a8,-0.124835312,0xbdffa9a8,-0.124835312,100001,0,1,0001,100011,0,3,011,0xbd7f5350,-0.0623353124,0xbcfea6a0,-0.0310853124,0xcb3f5000,-12537856,-3134464,-0.747364998
l2,0.0625,0,min-error,metric_min,exp2,0,1,1,0.280822515,0.280819774,0.280819774,0.280822515,2.74181366e-06,24,raw-and-scaled,6,1,fp6_e1m4,fp6_e2m3,4,3,4,47608,24,exp1,586711040,586711040,586711040,146677760,0.280822515,0.280819774,0,440033280,-0.000693559647,0x3e8fc7f8,0.280822515,0x3f800000,1,0x3e7f828f,0.249521479,0x3e7f828f,0.249521479,000011,0,3,0011,000111,0,7,111,0x3d7e0a3c,0.062021479,0x3cfc1478,0.030771479,0xcb3e0000,-12451840,-3112960,-0.742343664
l2,0.0625,0,min-error,metric_min,exp2,0,1,1,0.280822515,0.280819774,0.280819774,0.280822515,2.74181366e-06,25,raw-and-scaled,6,1,fp6_e1m4,fp6_e2m3,4,3,4,47608,25,exp1,586711040,586711040,586711040,146677760,0.280822515,0.280819774,0,440033280,-0.000693559647,0x3e8fc7f8,0.280822515,0x3f800000,1,0x3dff96bf,0.124799244,0x3dff96bf,0.124799244,000001,0,1,0001,000011,0,3,011,0x3d7f2d7e,0.0622992441,0x3cfe5afc,0.0310492441,0xcb3f2000,-12525568,-3131392,-0.746787906
l2,0.0625,0,min-error,metric_min,exp2,0,1,1,0.280822515,0.280819774,0.280819774,0.280822515,2.74181366e-06,26,raw-and-scaled,6,1,fp6_e1m4,fp6_e2m3,4,3,4,47608,26,exp1,586711040,586711040,586711040,146677760,0.280822515,0.280819774,0,440033280,-0.000693559647,0x3e8fc7f8,0.280822515,0x3f800000,1,0xbe7f94d2,-0.249591142,0xbe7f94d2,-0.249591142,100011,0,3,0011,100111,0,7,111,0xbd7e5348,-0.0620911419,0xbcfca690,-0.0308411419,0xcb3e5000,-12472320,-3118080,-0.743458271
l2,0.0625,0,min-error,metric_min,exp2,0,1,1,0.280822515,0.280819774,0.280819774,0.280822515,2.74181366e-06,27,raw-and-scaled,6,1,fp6_e1m4,fp6_e2m3,4,3,4,47608,27,exp1,586711040,586711040,586711040,146677760,0.280822515,0.280819774,0,440033280,-0.000693559647,0x3e8fc7f8,0.280822515,0x3f800000,1,0x3dff8c19,0.124778934,0x3dff8c19,0.124778934,000001,0,1,0001,000011,0,3,011,0x3d7f1832,0.0622789338,0x3cfe3064,0.0310289338,0xcb3f1000,-12521472,-3130368,-0.746462941
l2,0.0625,0,min-error,metric_min,exp2,0,1,1,0.280822515,0.280819774,0.280819774,0.280822515,2.74181366e-06,28,raw-and-scaled,6,1,fp6_e1m4,fp6_e2m3,4,3,4,47608,28,exp1,586711040,586711040,586711040,146677760,0.280822515,0.280819774,0,440033280,-0.000693559647,0x3e8fc7f8,0.280822515,0x3f800000,1,0x3c7f9dc5,0.01560158,0x3c7f9dc5,0.01560158,000000,0,0,0000,000000,0,0,000,0x3c7f9dc5,0.01560158,0x3c7f9dc5,0.01560158,0x00000000,0,0,0
l2,0.0625,0,min-error,metric_min,exp2,0,1,1,0.280822515,0.280819774,0.280819774,0.280822515,2.74181366e-06,29,raw-and-scaled,6,1,fp6_e1m4,fp6_e2m3,4,3,4,47608,29,exp1,586711040,586711040,586711040,146677760,0.280822515,0.280819774,0,440033280,-0.000693559647,0x3e8fc7f8,0.280822515,0x3f800000,1,0xbeffa894,-0.499333024,0xbeffa894,-0.499333024,100111,0,7,0111,101111,1,7,111,0xbd7d44a0,-0.061833024,0xbcfa8940,-0.030583024,0xcb3d4000,-12402688,-3100672,-0.739328384
l2,0.0625,0,min-error,metric_min,exp2,0,1,1,0.280822515,0.280819774,0.280819774,0.280822515,2.74181366e-06,30,raw-and-scaled,6,1,fp6_e1m4,fp6_e2m3,4,3,4,47608,30,exp1,586711040,586711040,586711040,146677760,0.280822515,0.280819774,0,440033280,-0.000693559647,0x3e8fc7f8,0.280822515,0x3f800000,1,0x3f7fba84,0.998939753,0x3f7fba84,0.998939753,001111,0,15,1111,010111,2,7,111,0x3d7ba840,0.0614397526,0x3d7ba840,0.0614397526,0x00000000,0,0,0
l2,0.0625,0,min-error,metric_min,exp2,0,1,1,0.280822515,0.280819774,0.280819774,0.280822515,2.74181366e-06,31,raw-and-scaled,6,1,fp6_e1m4,fp6_e2m3,4,3,4,47608,31,exp1,586711040,586711040,586711040,146677760,0.280822515,0.280819774,0,440033280,-0.000693559647,0x3e8fc7f8,0.280822515,0x3f800000,1,0x3b7fa233,0.00390065904,0x3b7fa233,0.00390065904,000000,0,0,0000,000000,0,0,000,0x3b7fa233,0.00390065904,0x3b7fa233,0.00390065904,0x00000000,0,0,0
l2,0.0625,0,min-error,metric_min,exp2,0,1,1,0.280822515,0.280819774,0.280819774,0.280822515,2.74181366e-06,32,raw-and-scaled,6,1,fp6_e1m4,fp6_e2m3,4,3,4,47608,32,exp1,586711040,586711040,586711040,146677760,0.280822515,0.280819774,0,440033280,-0.000693559647,0x3e8fc7f8,0.280822515,0x3f800000,1,0x3f7fa09c,0.998544455,0x3f7fa09c,0.998544455,001111,0,15,1111,010111,2,7,111,0x3d7a09c0,0.0610444546,0x3d7a09c0,0.0610444546,0x00000000,0,0,0
l2,0.0625,0,min-error,metric_min,exp2,0,1,1,0.280822515,0.280819774,0.280819774,0.280822515,2.74181366e-06,33,raw-and-scaled,6,1,fp6_e1m4,fp6_e2m3,4,3,4,47608,33,exp1,586711040,586711040,586711040,146677760,0.280822515,0.280819774,0,440033280,-0.000693559647,0x3e8fc7f8,0.280822515,0x3f800000,1,0xbaffa3f4,-0.00195038179,0xbaffa3f4,-0.00195038179,100000,0,0,0000,100000,0,0,000,0xbaffa3f4,-0.00195038179,0xbaffa3f4,-0.00195038179,0x00000000,0,0,0
l2,0.0625,0,min-error,metric_min,exp2,0,1,1,0.280822515,0.280819774,0.280819774,0.280822515,2.74181366e-06,34,raw-and-scaled,6,1,fp6_e1m4,fp6_e2m3,4,3,4,47608,34,exp1,586711040,586711040,586711040,146677760,0.280822515,0.280819774,0,440033280,-0.000693559647,0x3e8fc7f8,0.280822515,0x3f800000,1,0x3f7f98b1,0.998423636,0x3f7f98b1,0.998423636,001111,0,15,1111,010111,2,7,111,0x3d798b10,0.060923636,0x3d798b10,0.060923636,0x00000000,0,0,0
l2,0.0625,0,min-error,metric_min,exp2,0,1,1,0.280822515,0.280819774,0.280819774,0.280822515,2.74181366e-06,35,raw-and-scaled,6,1,fp6_e1m4,fp6_e2m3,4,3,4,47608,35,exp1,586711040,586711040,586711040,146677760,0.280822515,0.280819774,0,440033280,-0.000693559647,0x3e8fc7f8,0.280822515,0x3f800000,1,0x3bffae27,0.007802743,0x3bffae27,0.007802743,000000,0,0,0000,000000,0,0,000,0x3bffae27,0.007802743,0x3bffae27,0.007802743,0x00000000,0,0,0
l2,0.0625,0,min-error,metric_min,exp2,0,1,1,0.280822515,0.280819774,0.280819774,0.280822515,2.74181366e-06,36,raw-and-scaled,6,1,fp6_e1m4,fp6_e2m3,4,3,4,47608,36,exp1,586711040,586711040,586711040,146677760,0.280822515,0.280819774,0,440033280,-0.000693559647,0x3e8fc7f8,0.280822515,0x3f800000,1,0x3c7f8822,0.0155964214,0x3c7f8822,0.0155964214,000000,0,0,0000,000000,0,0,000,0x3c7f8822,0.0155964214,0x3c7f8822,0.0155964214,0x00000000,0,0,0
l2,0.0625,0,min-error,metric_min,exp2,0,1,1,0.280822515,0.280819774,0.280819774,0.280822515,2.74181366e-06,37,raw-and-scaled,6,1,fp6_e1m4,fp6_e2m3,4,3,4,47608,37,exp1,586711040,586711040,586711040,146677760,0.280822515,0.280819774,0,440033280,-0.000693559647,0x3e8fc7f8,0.280822515,0x3f800000,1,0x3e7f9906,0.249607176,0x3e7f9906,0.249607176,000011,0,3,0011,000111,0,7,111,0x3d7e6418,0.0621071756,0x3cfcc830,0.0308571756,0xcb3e6000,-12476416,-3119104,-0.743714809
l2,0.0625,0,min-error,metric_min,exp2,0,1,1,0.280822515,0.280819774,0.280819774,0.280822515,2.74181366e-06,38,raw-and-scaled,6,1,fp6_e1m4,fp6_e2m3,4,3,4,47608,38,exp1,586711040,586711040,586711040,146677760,0.280822515,0.280819774,0,440033280,-0.000693559647,0x3e8fc7f8,0.280822515,0x3f800000,1,0x3bff902b,0.00779916858,0x3bff902b,0.00779916858,000000,0,0,0000,000000,0,0,000,0x3bff902b,0.00779916858,0x3bff902b,0.00779916858,0x00000000,0,0,0
l2,0.0625,0,min-error,metric_min,exp2,0,1,1,0.280822515,0.280819774,0.280819774,0.280822515,2.74181366e-06,39,raw-and-scaled,6,1,fp6_e1m4,fp6_e2m3,4,3,4,47608,39,exp1,586711040,586711040,586711040,146677760,0.280822515,0.280819774,0,440033280,-0.000693559647,0x3e8fc7f8,0.280822515,0x3f800000,1,0x3effaf37,0.499383658,0x3effaf37,0.499383658,000111,0,7,0111,001111,1,7,111,0x3d7d79b8,0.0618836582,0x3cfaf370,0.0306336582,0xcb3d7000,-12414976,-3103744,-0.740138531
l2,0.0625,0,min-error,metric_min,exp2,0,1,1,0.280822515,0.280819774,0.280819774,0.280822515,2.74181366e-06,40,raw-and-scaled,6,1,fp6_e1m4,fp6_e2m3,4,3,4,47608,40,exp1,586711040,586711040,586711040,146677760,0.280822515,0.280819774,0,440033280,-0.000693559647,0x3e8fc7f8,0.280822515,0x3f800000,1,0x3effac5c,0.499361873,0x3effac5c,0.499361873,000111,0,7,0111,001111,1,7,111,0x3d7d62e0,0.0618618727,0x3cfac5c0,0.0306118727,0xcb3d6000,-12410880,-3102720,-0.739789963
l2,0.0625,0,min-error,metric_min,exp2,0,1,1,0.280822515,0.280819774,0.280819774,0.280822515,2.74181366e-06,41,raw-and-scaled,6,1,fp6_e1m4,fp6_e2m3,4,3,4,47608,41,exp1,586711040,586711040,586711040,146677760,0.280822515,0.280819774,0,440033280,-0.000693559647,0x3e8fc7f8,0.280822515,0x3f800000,1,0xbc7faa1a,-0.0156045202,0xbc7faa1a,-0.0156045202,100000,0,0,0000,100000,0,0,000,0xbc7faa1a,-0.0156045202,0xbc7faa1a,-0.0156045202,0x00000000,0,0,0
l2,0.0625,0,min-error,metric_min,exp2,0,1,1,0.280822515,0.280819774,0.280819774,0.280822515,2.74181366e-06,42,raw-and-scaled,6,1,fp6_e1m4,fp6_e2m3,4,3,4,47608,42,exp1,586711040,586711040,586711040,146677760,0.280822515,0.280819774,0,440033280,-0.000693559647,0x3e8fc7f8,0.280822515,0x3f800000,1,0x3affae9e,0.0019506996,0x3affae9e,0.0019506996,000000,0,0,0000,000000,0,0,000,0x3affae9e,0.0019506996,0x3affae9e,0.0019506996,0x00000000,0,0,0
l2,0.0625,0,min-error,metric_min,exp2,0,1,1,0.280822515,0.280819774,0.280819774,0.280822515,2.74181366e-06,43,raw-and-scaled,6,1,fp6_e1m4,fp6_e2m3,4,3,4,47608,43,exp1,586711040,586711040,586711040,146677760,0.280822515,0.280819774,0,440033280,-0.000693559647,0x3e8fc7f8,0.280822515,0x3f800000,1,0x3d7f93ca,0.062396802,0x3d7f93ca,0.062396802,000000,0,0,0000,000001,0,1,001,0x3d7f93ca,0.062396802,0x3cff2794,0.031146802,0xcb3f9000,-12554240,-3138560,-0.748348832
l2,0.0625,0,min-error,metric_min,exp2,0,1,1,0.280822515,0.280819774,0.280819774,0.280822515,2.74181366e-06,44,raw-and-scaled,6,1,fp6_e1m4,fp6_e2m3,4,3,4,47608,44,exp1,586711040,586711040,586711040,146677760,0.280822515,0.280819774,0,440033280,-0.000693559647,0x3e8fc7f8,0.280822515,0x3f800000,1,0x3c7fb846,0.0156078991,0x3c7fb846,0.0156078991,000000,0,0,0000,000000,0,0,000,0x3c7fb846,0.0156078991,0x3c7fb846,0.0156078991,0x00000000,0,0,0
l2,0.0625,0,min-error,metric_min,exp2,0,1,1,0.280822515,0.280819774,0.280819774,0.280822515,2.74181366e-06,45,raw-and-scaled,6,1,fp6_e1m4,fp6_e2m3,4,3,4,47608,45,exp1,586711040,586711040,586711040,146677760,0.280822515,0.280819774,0,440033280,-0.000693559647,0x3e8fc7f8,0.280822515,0x3f800000,1,0xbb7f81c6,-0.00389872631,0xbb7f81c6,-0.00389872631,100000,0,0,0000,100000,0,0,000,0xbb7f81c6,-0.00389872631,0xbb7f81c6,-0.00389872631,0x00000000,0,0,0
l2,0.0625,0,min-error,metric_min,exp2,0,1,1,0.280822515,0.280819774,0.280819774,0.280822515,2.74181366e-06,46,raw-and-scaled,6,1,fp6_e1m4,fp6_e2m3,4,3,4,47608,46,exp1,586711040,586711040,586711040,146677760,0.280822515,0.280819774,0,440033280,-0.000693559647,0x3e8fc7f8,0.280822515,0x3f800000,1,0xbaffbf00,-0.00195118785,0xbaffbf00,-0.00195118785,100000,0,0,0000,100000,0,0,000,0xbaffbf00,-0.00195118785,0xbaffbf00,-0.00195118785,0x00000000,0,0,0
l2,0.0625,0,min-error,metric_min,exp2,0,1,1,0.280822515,0.280819774,0.280819774,0.280822515,2.74181366e-06,47,raw-and-scaled,6,1,fp6_e1m4,fp6_e2m3,4,3,4,47608,47,exp1,586711040,586711040,586711040,146677760,0.280822515,0.280819774,0,440033280,-0.000693559647,0x3e8fc7f8,0.280822515,0x3f800000,1,0x3cff90be,0.0311969481,0x3cff90be,0.0311969481,000000,0,0,0000,000000,0,0,000,0x3cff90be,0.0311969481,0x3cff90be,0.0311969481,0x00000000,0,0,0
l2,0.0625,0,min-error,metric_min,exp2,0,1,1,0.280822515,0.280819774,0.280819774,0.280822515,2.74181366e-06,48,raw-and-scaled,6,1,fp6_e1m4,fp6_e2m3,4,3,4,47608,48,exp1,586711040,586711040,586711040,146677760,0.280822515,0.280819774,0,440033280,-0.000693559647,0x3e8fc7f8,0.280822515,0x3f800000,1,0x3dff9fa0,0.124816179,0x3dff9fa0,0.124816179,000001,0,1,0001,000011,0,3,011,0x3d7f3f40,0.0623161793,0x3cfe7e80,0.0310661793,0xcb3f3000,-12529664,-3132416,-0.747058868
l2,0.0625,0,min-error,metric_min,exp2,0,1,1,0.280822515,0.280819774,0.280819774,0.280822515,2.74181366e-06,49,raw-and-scaled,6,1,fp6_e1m4,fp6_e2m3,4,3,4,47608,49,exp1,586711040,586711040,586711040,146677760,0.280822515,0.280819774,0,440033280,-0.000693559647,0x3e8fc7f8,0.280822515,0x3f800000,1,0xbfffbc45,-1.99793303,0xbfffbc45,-1.99793303,111111,1,15,1111,111111,3,7,111,0xbd7788a0,-0.0604330301,0xbdfbc450,-0.12293303,0x4c3bc000,49217536,49217536,2.93385696
l2,0.0625,0,min-error,metric_min,exp2,0,1,1,0.280822515,0.280819774,0.280819774,0.280822515,2.74181366e-06,50,raw-and-scaled,6,1,fp6_e1m4,fp6_e2m3,4,3,4,47608,50,exp1,586711040,586711040,586711040,146677760,0.280822515,0.280819774,0,440033280,-0.000693559647,0x3e8fc7f8,0.280822515,0x3f800000,1,0x3bffbeec,0.00780474208,0x3bffbeec,0.00780474208,000000,0,0,0000,000000,0,0,000,0x3bffbeec,0.00780474208,0x3bffbeec,0.00780474208,0x00000000,0,0,0
l2,0.0625,0,min-error,metric_min,exp2,0,1,1,0.280822515,0.280819774,0.280819774,0.280822515,2.74181366e-06,51,raw-and-scaled,6,1,fp6_e1m4,fp6_e2m3,4,3,4,47608,51,exp1,586711040,586711040,586711040,146677760,0.280822515,0.280819774,0,440033280,-0.000693559647,0x3e8fc7f8,0.280822515,0x3f800000,1,0xbc7fa3bf,-0.015603005,0xbc7fa3bf,-0.015603005,100000,0,0,0000,100000,0,0,000,0xbc7fa3bf,-0.015603005,0xbc7fa3bf,-0.015603005,0x00000000,0,0,0
l2,0.0625,0,min-error,metric_min,exp2,0,1,1,0.280822515,0.280819774,0.280819774,0.280822515,2.74181366e-06,52,raw-and-scaled,6,1,fp6_e1m4,fp6_e2m3,4,3,4,47608,52,exp1,586711040,586711040,586711040,146677760,0.280822515,0.280819774,0,440033280,-0.000693559647,0x3e8fc7f8,0.280822515,0x3f800000,1,0x3d7fbfc3,0.0624387376,0x3d7fbfc3,0.0624387376,000000,0,0,0000,000001,0,1,001,0x3d7fbfc3,0.0624387376,0x3cff7f86,0.0311887376,0xcb3fb000,-12562432,-3140608,-0.749019802
l2,0.0625,0,min-error,metric_min,exp2,0,1,1,0.280822515,0.280819774,0.280819774,0.280822515,2.74181366e-06,53,raw-and-scaled,6,1,fp6_e1m4,fp6_e2m3,4,3,4,47608,53,exp1,586711040,586711040,586711040,146677760,0.280822515,0.280819774,0,440033280,-0.000693559647,0x3e8fc7f8,0.280822515,0x3f800000,1,0xbeffb125,-0.499398381,0xbeffb125,-0.499398381,100111,0,7,0111,101111,1,7,111,0xbd7d8928,-0.0618983805,0xbcfb1250,-0.0306483805,0xcb3d8000,-12419072,-3104768,-0.740374088
l2,0.0625,0,min-error,metric_min,exp2,0,1,1,0.280822515,0.280819774,0.280819774,0.280822515,2.74181366e-06,54,raw-and-scaled,6,1,fp6_e1m4,fp6_e2m3,4,3,4,47608,54,exp1,586711040,586711040,586711040,146677760,0.280822515,0.280819774,0,440033280,-0.000693559647,0x3e8fc7f8,0.280822515,0x3f800000,1,0x3dff84ea,0.124765232,0x3dff84ea,0.124765232,000001,0,1,0001,000011,0,3,011,0x3d7f09d4,0.0622652322,0x3cfe13a8,0.0310152322,0xcb3f0000,-12517376,-3129344,-0.746243715
l2,0.0625,0,min-error,metric_min,exp2,0,1,1,0.280822515,0.280819774,0.280819774,0.280822515,2.74181366e-06,55,raw-and-scaled,6,1,fp6_e1m4,fp6_e2m3,4,3,4,47608,55,exp1,586711040,586711040,586711040,146677760,0.280822515,0.280819774,0,440033280,-0.000693559647,0x3e8fc7f8,0.280822515,0x3f800000,1,0xbbff829e,-0.0077975532,0xbbff829e,-0.0077975532,100000,0,0,0000,100000,0,0,000,0xbbff829e,-0.0077975532,0xbbff829e,-0.0077975532,0x00000000,0,0,0
l2,0.0625,0,min-error,metric_min,exp2,0,1,1,0.280822515,0.280819774,0.280819774,0.280822515,2.74181366e-06,56,raw-and-scaled,6,1,fp6_e1m4,fp6_e2m3,4,3,4,47608,56,exp1,586711040,586711040,586711040,146677760,0.280822515,0.280819774,0,440033280,-0.000693559647,0x3e8fc7f8,0.280822515,0x3f800000,1,0x3c7fa770,0.0156038851,0x3c7fa770,0.0156038851,000000,0,0,0000,000000,0,0,000,0x3c7fa770,0.0156038851,0x3c7fa770,0.0156038851,0x00000000,0,0,0
l2,0.0625,0,min-error,metric_min,exp2,0,1,1,0.280822515,0.280819774,0.280819774,0.280822515,2.74181366e-06,57,raw-and-scaled,6,1,fp6_e1m4,fp6_e2m3,4,3,4,47608,57,exp1,586711040,586711040,586711040,146677760,0.280822515,0.280819774,0,440033280,-0.000693559647,0x3e8fc7f8,0.280822515,0x3f800000,1,0xbfffa569,-1.99723542,0xbfffa569,-1.99723542,111111,1,15,1111,111111,3,7,111,0xbd74ad20,-0.0597354174,0xbdfa5690,-0.122235417,0x4c3a5000,48840704,48840704,2.91153336
l2,0.0625,0,min-error,metric_min,exp2,0,1,1,0.280822515,0.280819774,0.280819774,0.280822515,2.74181366e-06,58,raw-and-scaled,6,1,fp6_e1m4,fp6_e2m3,4,3,4,47608,58,exp1,586711040,586711040,586711040,146677760,0.280822515,0.280819774,0,440033280,-0.000693559647,0x3e8fc7f8,0.280822515,0x3f800000,1,0xbaffabee,-0.00195061951,0xbaffabee,-0.00195061951,100000,0,0,0000,100000,0,0,000,0xbaffabee,-0.00195061951,0xbaffabee,-0.00195061951,0x00000000,0,0,0
l2,0.0625,0,min-error,metric_min,exp2,0,1,1,0.280822515,0.280819774,0.280819774,0.280822515,2.74181366e-06,59,raw-and-scaled,6,1,fp6_e1m4,fp6_e2m3,4,3,4,47608,59,exp1,586711040,586711040,586711040,146677760,0.280822515,0.280819774,0,440033280,-0.000693559647,0x3e8fc7f8,0.280822515,0x3f800000,1,0xbdff847e,-0.124764428,0xbdff847e,-0.124764428,100001,0,1,0001,100011,0,3,011,0xbd7f08fc,-0.0622644275,0xbcfe11f8,-0.0310144275,0xcb3f0000,-12517376,-3129344,-0.746230841
l2,0.0625,0,min-error,metric_min,exp2,0,1,1,0.280822515,0.280819774,0.280819774,0.280822515,2.74181366e-06,60,raw-and-scaled,6,1,fp6_e1m4,fp6_e2m3,4,3,4,47608,60,exp1,586711040,586711040,586711040,146677760,0.280822515,0.280819774,0,440033280,-0.000693559647,0x3e8fc7f8,0.280822515,0x3f800000,1,0x3b7fa452,0.00390078546,0x3b7fa452,0.00390078546,000000,0,0,0000,000000,0,0,000,0x3b7fa452,0.00390078546,0x3b7fa452,0.00390078546,0x00000000,0,0,0
l2,0.0625,0,min-error,metric_min,exp2,0,1,1,0.280822515,0.280819774,0.280819774,0.280822515,2.74181366e-06,61,raw-and-scaled,6,1,fp6_e1m4,fp6_e2m3,4,3,4,47608,61,exp1,586711040,586711040,586711040,146677760,0.280822515,0.280819774,0,440033280,-0.000693559647,0x3e8fc7f8,0.280822515,0x3f800000,1,0x3bffa194,0.00780124404,0x3bffa194,0.00780124404,000000,0,0,0000,000000,0,0,000,0x3bffa194,0.00780124404,0x3bffa194,0.00780124404,0x00000000,0,0,0
l2,0.0625,0,min-error,metric_min,exp2,0,1,1,0.280822515,0.280819774,0.280819774,0.280822515,2.74181366e-06,62,raw-and-scaled,6,1,fp6_e1m4,fp6_e2m3,4,3,4,47608,62,exp1,586711040,586711040,586711040,146677760,0.280822515,0.280819774,0,440033280,-0.000693559647,0x3e8fc7f8,0.280822515,0x3f800000,1,0x3f7fabba,0.998714089,0x3f7fabba,0.998714089,001111,0,15,1111,010111,2,7,111,0x3d7abba0,0.0612140894,0x3d7abba0,0.0612140894,0x00000000,0,0,0
l2,0.0625,0,min-error,metric_min,exp2,0,1,1,0.280822515,0.280819774,0.280819774,0.280822515,2.74181366e-06,63,raw-and-scaled,6,1,fp6_e1m4,fp6_e2m3,4,3,4,47608,63,exp1,586711040,586711040,586711040,146677760,0.280822515,0.280819774,0,440033280,-0.000693559647,0x3e8fc7f8,0.280822515,0x3f800000,1,0xbbffb1bd,-0.00780317048,0xbbffb1bd,-0.00780317048,100000,0,0,0000,100000,0,0,000,0xbbffb1bd,-0.00780317048,0xbbffb1bd,-0.00780317048,0x00000000,0,0,0
l2,0.0625,0,min-error,metric_min,exp2,0,1,1,0.280822515,0.280819774,0.280819774,0.280822515,2.74181366e-06,64,raw-and-scaled,6,1,fp6_e1m4,fp6_e2m3,4,3,4,47608,64,exp1,586711040,586711040,586711040,146677760,0.280822515,0.280819774,0,440033280,-0.000693559647,0x3e8fc7f8,0.280822515,0x3f800000,1,0x3bffa02d,0.00780107686,0x3bffa02d,0.00780107686,000000,0,0,0000,000000,0,0,000,0x3bffa02d,0.00780107686,0x3bffa02d,0.00780107686,0x00000000,0,0,0
l2,0.0625,0,min-error,metric_min,exp2,0,1,1,0.280822515,0.280819774,0.280819774,0.280822515,2.74181366e-06,65,raw-and-scaled,6,1,fp6_e1m4,fp6_e2m3,4,3,4,47608,65,exp1,586711040,586711040,586711040,146677760,0.280822515,0.280819774,0,440033280,-0.000693559647,0x3e8fc7f8,0.280822515,0x3f800000,1,0x3bff8abc,0.00779852085,0x3bff8abc,0.00779852085,000000,0,0,0000,000000,0,0,000,0x3bff8abc,0.00779852085,0x3bff8abc,0.00779852085,0x00000000,0,0,0
l2,0.0625,0,min-error,metric_min,exp2,0,1,1,0.280822515,0.280819774,0.280819774,0.280822515,2.74181366e-06,66,raw-and-scaled,6,1,fp6_e1m4,fp6_e2m3,4,3,4,47608,66,exp1,586711040,586711040,586711040,146677760,0.280822515,0.280819774,0,440033280,-0.000693559647,0x3e8fc7f8,0.280822515,0x3f800000,1,0xbeffaa3a,-0.499345601,0xbeffaa3a,-0.499345601,100111,0,7,0111,101111,1,7,111,0xbd7d51d0,-0.0618456006,0xbcfaa3a0,-0.0305956006,0xcb3d5000,-12406784,-3101696,-0.73952961
l2,0.0625,0,min-error,metric_min,exp2,0,1,1,0.280822515,0.280819774,0.280819774,0.280822515,2.74181366e-06,67,raw-and-scaled,6,1,fp6_e1m4,fp6_e2m3,4,3,4,47608,67,exp1,586711040,586711040,586711040,146677760,0.280822515,0.280819774,0,440033280,-0.000693559647,0x3e8fc7f8,0.280822515,0x3f800000,1,0xbe7fb05b,-0.24969618,0xbe7fb05b,-0.24969618,100011,0,3,0011,100111,0,7,111,0xbd7ec16c,-0.0621961802,0xbcfd82d8,-0.0309461802,0xcb3ec000,-12500992,-3125248,-0.745138884
l2,0.0625,0,min-error,metric_min,exp2,0,1,1,0.280822515,0.280819774,0.280819774,0.280822515,2.74181366e-06,68,raw-and-scaled,6,1,fp6_e1m4,fp6_e2m3,4,3,4,47608,68,exp1,586711040,586711040,586711040,146677760,0.280822515,0.280819774,0,440033280,-0.000693559647,0x3e8fc7f8,0.280822515,0x3f800000,1,0x3bffb009,0.00780296745,0x3bffb009,0.00780296745,000000,0,0,0000,000000,0,0,000,0x3bffb009,0.00780296745,0x3bffb009,0.00780296745,0x00000000,0,0,0
l2,0.0625,0,min-error,metric_min,exp2,0,1,1,0.280822515,0.280819774,0.280819774,0.280822515,2.74181366e-06,69,raw-and-scaled,6,1,fp6_e1m4,fp6_e2m3,4,3,4,47608,69,exp1,586711040,586711040,586711040,146677760,0.280822515,0.280819774,0,440033280,-0.000693559647,0x3e8fc7f8,0.280822515,0x3f800000,1,0xbdffbeeb,-0.124875866,0xbdffbeeb,-0.124875866,100001,0,1,0001,100011,0,3,011,0xbd7f7dd6,-0.0623758659,0xbcfefbac,-0.0311258659,0xcb3f7000,-12546048,-3136512,-0.748013854
l2,0.0625,0,min-error,metric_min,exp2,0,1,1,0.280822515,0.280819774,0.280819774,0.280822515,2.74181366e-06,70,raw-and-scaled,6,1,fp6_e1m4,fp6_e2m3,4,3,4,47608,70,exp1,586711040,586711040,586711040,146677760,0.280822515,0.280819774,0,440033280,-0.000693559647,0x3e8fc7f8,0.280822515,0x3f800000,1,0x3aff846e,0.00194944232,0x3aff846e,0.00194944232,000000,0,0,0000,000000,0,0,000,0x3aff846e,0.00194944232,0x3aff846e,0.00194944232,0x00000000,0,0,0
l2,0.0625,0,min-error,metric_min,exp2,0,1,1,0.280822515,0.280819774,0.280819774,0.280822515,2.74181366e-06,71,raw-and-scaled,6,1,fp6_e1m4,fp6_e2m3,4,3,4,47608,71,exp1,586711040,586711040,586711040,146677760,0.280822515,0.280819774,0,440033280,-0.000693559647,0x3e8fc7f8,0.280822515,0x3f800000,1,0x3effad2c,0.499368072,0x3effad2c,0.499368072,000111,0,7,0111,001111,1,7,111,0x3d7d6960,0.0618680716,0x3cfad2c0,0.0306180716,0xcb3d6000,-12410880,-3102720,-0.739889145
l2,0.0625,0,min-error,metric_min,exp2,0,1,1,0.280822515,0.280819774,0.280819774,0.280822515,2.74181366e-06,72,raw-and-scaled,6,1,fp6_e1m4,fp6_e2m3,4,3,4,47608,72,exp1,586711040,586711040,586711040,146677760,0.280822515,0.280819774,0,440033280,-0.000693559647,0x3e8fc7f8,0.280822515,0x3f800000,1,0xbf7f9a65,-0.998449624,0xbf7f9a65,-0.998449624,101111,0,15,1111,110111,2,7,111,0xbd79a650,-0.0609496236,0xbd79a650,-0.0609496236,0x00000000,0,0,0
l2,0.0625,0,min-error,metric_min,exp2,0,1,1,0.280822515,0.280819774,0.280819774,0.280822515,2.74181366e-06,73,raw-and-scaled,6,1,fp6_e1m4,fp6_e2m3,4,3,4,47608,73,exp1,586711040,586711040,586711040,146677760,0.280822515,0.280819774,0,440033280,-0.000693559647,0x3e8fc7f8,0.280822515,0x3f800000,1,0x3dffb769,0.124861546,0x3dffb769,0.124861546,000001,0,1,0001,000011,0,3,011,0x3d7f6ed2,0.0623615459,0x3cfedda4,0.0311115459,0xcb3f6000,-12541952,-3135488,-0.747784734
l2,0.0625,0,min-error,metric_min,exp2,0,1,1,0.280822515,0.280819774,0.280819774,0.280822515,2.74181366e-06,74,raw-and-scaled,6,1,fp6_e1m4,fp6_e2m3,4,3,4,47608,74,exp1,586711040,586711040,586711040,146677760,0.280822515,0.280819774,0,440033280,-0.000693559647,0x3e8fc7f8,0.280822515,0x3f800000,1,0xbdff8c1e,-0.124778971,0xbdff8c1e,-0.124778971,100001,0,1,0001,100011,0,3,011,0xbd7f183c,-0.0622789711,0xbcfe3078,-0.0310289711,0xcb3f1000,-12521472,-3130368,-0.746463537
l2,0.0625,0,min-error,metric_min,exp2,0,1,1,0.280822515,0.280819774,0.280819774,0.280822515,2.74181366e-06,75,raw-and-scaled,6,1,fp6_e1m4,fp6_e2m3,4,3,4,47608,75,exp1,586711040,586711040,586711040,146677760,0.280822515,0.280819774,0,440033280,-0.000693559647,0x3e8fc7f8,0.280822515,0x3f800000,1,0x3c7f8983,0.0155967502,0x3c7f8983,0.0155967502,000000,0,0,0000,000000,0,0,000,0x3c7f8983,0.0155967502,0x3c7f8983,0.0155967502,0x00000000,0,0,0
l2,0.0625,0,min-error,metric_min,exp2,0,1,1,0.280822515,0.280819774,0.280819774,0.280822515,2.74181366e-06,76,raw-and-scaled,6,1,fp6_e1m4,fp6_e2m3,4,3,4,47608,76,exp1,586711040,586711040,586711040,146677760,0.280822515,0.280819774,0,440033280,-0.000693559647,0x3e8fc7f8,0.280822515,0x3f800000,1,0xbaff963e,-0.00194997317,0xbaff963e,-0.00194997317,100000,0,0,0000,100000,0,0,000,0xbaff963e,-0.00194997317,0xbaff963e,-0.00194997317,0x00000000,0,0,0
l2,0.0625,0,min-error,metric_min,exp2,0,1,1,0.280822515,0.280819774,0.280819774,0.280822515,2.74181366e-06,77,raw-and-scaled,6,1,fp6_e1m4,fp6_e2m3,4,3,4,47608,77,exp1,586711040,586711040,586711040,146677760,0.280822515,0.280819774,0,440033280,-0.000693559647,0x3e8fc7f8,0.280822515,0x3f800000,1,0xbbffb6ad,-0.00780375907,0xbbffb6ad,-0.00780375907,100000,0,0,0000,100000,0,0,000,0xbbffb6ad,-0.00780375907,0xbbffb6ad,-0.00780375907,0x00000000,0,0,0
l2,0.0625,0,min-error,metric_min,exp2,0,1,1,0.280822515,0.280819774,0.280819774,0.280822515,2.74181366e-06,78,raw-and-scaled,6,1,fp6_e1m4,fp6_e2m3,4,3,4,47608,78,exp1,586711040,586711040,586711040,146677760,0.280822515,0.280819774,0,440033280,-0.000693559647,0x3e8fc7f8,0.280822515,0x3f800000,1,0xbfff9942,-1.99686456,0xbfff9942,-1.99686456,111111,1,15,1111,111111,3,7,111,0xbd732840,-0.0593645573,0xbdf99420,-0.121864557,0x4c399000,48644096,48644096,2.89966583
l2,0.0625,0,min-error,metric_min,exp2,0,1,1,0.280822515,0.280819774,0.280819774,0.280822515,2.74181366e-06,79,raw-and-scaled,6,1,fp6_e1m4,fp6_e2m3,4,3,4,47608,79,exp1,586711040,586711040,586711040,146677760,0.280822515,0.280819774,0,440033280,-0.000693559647,0x3e8fc7f8,0.280822515,0x3f800000,1,0xbc7f8877,-0.0155965006,0xbc7f8877,-0.0155965006,100000,0,0,0000,100000,0,0,000,0xbc7f8877,-0.0155965006,0xbc7f8877,-0.0155965006,0x00000000,0,0,0
l2,0.0625,0,min-error,metric_min,exp2,0,1,1,0.280822515,0.280819774,0.280819774,0.280822515,2.74181366e-06,80,raw-and-scaled,6,1,fp6_e1m4,fp6_e2m3,4,3,4,47608,80,exp1,586711040,586711040,586711040,146677760,0.280822515,0.280819774,0,440033280,-0.000693559647,0x3e8fc7f8,0.280822515,0x3f800000,1,0xbc7faf66,-0.0156057831,0xbc7faf66,-0.0156057831,100000,0,0,0000,100000,0,0,000,0xbc7faf66,-0.0156057831,0xbc7faf66,-0.0156057831,0x00000000,0,0,0
l2,0.0625,0,min-error,metric_min,exp2,0,1,1,0.280822515,0.280819774,0.280819774,0.280822515,2.74181366e-06,81,raw-and-scaled,6,1,fp6_e1m4,fp6_e2m3,4,3,4,47608,81,exp1,586711040,586711040,586711040,146677760,0.280822515,0.280819774,0,440033280,-0.000693559647,0x3e8fc7f8,0.280822515,0x3f800000,1,0xbaffaac7,-0.00195058517,0xbaffaac7,-0.00195058517,100000,0,0,0000,100000,0,0,000,0xbaffaac7,-0.00195058517,0xbaffaac7,-0.00195058517,0x00000000,0,0,0
l2,0.0625,0,min-error,metric_min,exp2,0,1,1,0.280822515,0.280819774,0.280819774,0.280822515,2.74181366e-06,82,raw-and-scaled,6,1,fp6_e1m4,fp6_e2m3,4,3,4,47608,82,exp1,586711040,586711040,586711040,146677760,0.280822515,0.280819774,0,440033280,-0.000693559647,0x3e8fc7f8,0.280822515,0x3f800000,1,0xbaff899f,-0.00194959703,0xbaff899f,-0.00194959703,100000,0,0,0000,100000,0,0,000,0xbaff899f,-0.00194959703,0xbaff899f,-0.00194959703,0x00000000,0,0,0
l2,0.0625,0,min-error,metric_min,exp2,0,1,1,0.280822515,0.280819774,0.280819774,0.280822515,2.74181366e-06,83,raw-and-scaled,6,1,fp6_e1m4,fp6_e2m3,4,3,4,47608,83,exp1,586711040,586711040,586711040,146677760,0.280822515,0.280819774,0,440033280,-0.000693559647,0x3e8fc7f8,0.280822515,0x3f800000,1,0x3f7fbc34,0.998965502,0x3f7fbc34,0.998965502,001111,0,15,1111,010111,2,7,111,0x3d7bc340,0.0614655018,0x3d7bc340,0.0614655018,0x00000000,0,0,0
l2,0.0625,0,min-error,metric_min,exp2,0,1,1,0.280822515,0.280819774,0.280819774,0.280822515,2.74181366e-06,84,raw-and-scaled,6,1,fp6_e1m4,fp6_e2m3,4,3,4,47608,84,exp1,586711040,586711040,586711040,146677760,0.280822515,0.280819774,0,440033280,-0.000693559647,0x3e8fc7f8,0.280822515,0x3f800000,1,0x3d7f9da6,0.0624062046,0x3d7f9da6,0.0624062046,000000,0,0,0000,000001,0,1,001,0x3d7f9da6,0.0624062046,0x3cff3b4c,0.0311562046,0xcb3f9000,-12554240,-3138560,-0.748499274
l2,0.0625,0,min-error,metric_min,exp2,0,1,1,0.280822515,0.280819774,0.280819774,0.280822515,2.74181366e-06,85,raw-and-scaled,6,1,fp6_e1m4,fp6_e2m3,4,3,4,47608,85,exp1,586711040,586711040,586711040,146677760,0.280822515,0.280819774,0,440033280,-0.000693559647,0x3e8fc7f8,0.280822515,0x3f800000,1,0x3fffb226,1.99762416,0x3fffb226,1.99762416,011111,1,15,1111,011111,3,7,111,0x3d7644c0,0.0601241589,0x3dfb2260,0.122624159,0x4c3b2000,49053696,49053696,2.92397308
l2,0.0625,0,min-error,metric_min,exp2,0,1,1,0.280822515,0.280819774,0.280819774,0.280822515,2.74181366e-06,86,raw-and-scaled,6,1,fp6_e1m4,fp6_e2m3,4,3,4,47608,86,exp1,586711040,586711040,586711040,146677760,0.280822515,0.280819774,0,440033280,-0.000693559647,0x3e8fc7f8,0.280822515,0x3f800000,1,0x3d7f8880,0.0623860359,0x3d7f8880,0.0623860359,000000,0,0,0000,000001,0,1,001,0x3d7f8880,0.0623860359,0x3cff1100,0.0311360359,0xcb3f8000,-12550144,-3137536,-0.748176575
l2,0.0625,0,min-error,metric_min,exp2,0,1,1,0.280822515,0.280819774,0.280819774,0.280822515,2.74181366e-06,87,raw-and-scaled,6,1,fp6_e1m4,fp6_e2m3,4,3,4,47608,87,exp1,586711040,586711040,586711040,146677760,0.280822515,0.280819774,0,440033280,-0.000693559647,0x3e8fc7f8,0.280822515,0x3f800000,1,0x3f7fa7d5,0.998654664,0x3f7fa7d5,0.998654664,001111,0,15,1111,010111,2,7,111,0x3d7a7d50,0.0611546636,0x3d7a7d50,0.0611546636,0x00000000,0,0,0
l2,0.0625,0,min-error,metric_min,exp2,0,1,1,0.280822515,0.280819774,0.280819774,0.280822515,2.74181366e-06,88,raw-and-scaled,6,1,fp6_e1m4,fp6_e2m3,4,3,4,47608,88,exp1,586711040,586711040,586711040,146677760,0.280822515,0.280819774,0,440033280,-0.000693559647,0x3e8fc7f8,0.280822515,0x3f800000,1,0xbcffb949,-0.0312162805,0xbcffb949,-0.0312162805,100000,0,0,0000,100000,0,0,000,0xbcffb949,-0.0312162805,0xbcffb949,-0.0312162805,0x00000000,0,0,0
l2,0.0625,0,min-error,metric_min,exp2,0,1,1,0.280822515,0.280819774,0.280819774,0.280822515,2.74181366e-06,89,raw-and-scaled,6,1,fp6_e1m4,fp6_e2m3,4,3,4,47608,89,exp1,586711040,586711040,586711040,146677760,0.280822515,0.280819774,0,440033280,-0.000693559647,0x3e8fc7f8,0.280822515,0x3f800000,1,0xbeff8a6d,-0.49910298,0xbeff8a6d,-0.49910298,100111,0,7,0111,101111,1,7,111,0xbd7c5368,-0.0616029799,0xbcf8a6d0,-0.0303529799,0xcb3c5000,-12341248,-3085312,-0.735647678
l2,0.0625,0,min-error,metric_min,exp2,0,1,1,0.280822515,0.280819774,0.280819774,0.280822515,2.74181366e-06,90,raw-and-scaled,6,1,fp6_e1m4,fp6_e2m3,4,3,4,47608,90,exp1,586711040,586711040,586711040,146677760,0.280822515,0.280819774,0,440033280,-0.000693559647,0x3e8fc7f8,0.280822515,0x3f800000,1,0x3bff9acd,0.00780043611,0x3bff9acd,0.00780043611,000000,0,0,0000,000000,0,0,000,0x3bff9acd,0.00780043611,0x3bff9acd,0.00780043611,0x00000000,0,0,0
l2,0.0625,0,min-error,metric_min,exp2,0,1,1,0.280822515,0.280819774,0.280819774,0.280822515,2.74181366e-06,91,raw-and-scaled,6,1,fp6_e1m4,fp6_e2m3,4,3,4,47608,91,exp1,586711040,586711040,586711040,146677760,0.280822515,0.280819774,0,440033280,-0.000693559647,0x3e8fc7f8,0.280822515,0x3f800000,1,0xbfffbe31,-1.99799168,0xbfffbe31,-1.99799168,111111,1,15,1111,111111,3,7,111,0xbd77c620,-0.0604916811,0xbdfbe310,-0.122991681,0x4c3be000,49250304,49250304,2.9357338
l2,0.0625,0,min-error,metric_min,exp2,0,1,1,0.280822515,0.280819774,0.280819774,0.280822515,2.74181366e-06,92,raw-and-scaled,6,1,fp6_e1m4,fp6_e2m3,4,3,4,47608,92,exp1,586711040,586711040,586711040,146677760,0.280822515,0.280819774,0,440033280,-0.000693559647,0x3e8fc7f8,0.280822515,0x3f800000,1,0x3c7facef,0.0156051954,0x3c7facef,0.0156051954,000000,0,0,0000,000000,0,0,000,0x3c7facef,0.0156051954,0x3c7facef,0.0156051954,0x00000000,0,0,0
l2,0.0625,0,min-error,metric_min,exp2,0,1,1,0.280822515,0.280819774,0.280819774,0.280822515,2.74181366e-06,93,raw-and-scaled,6,1,fp6_e1m4,fp6_e2m3,4,3,4,47608,93,exp1,586711040,586711040,586711040,146677760,0.280822515,0.280819774,0,440033280,-0.000693559647,0x3e8fc7f8,0.280822515,0x3f800000,1,0xbe7fa1bb,-0.24964039,0xbe7fa1bb,-0.24964039,100011,0,3,0011,100111,0,7,111,0xbd7e86ec,-0.0621403903,0xbcfd0dd8,-0.0308903903,0xcb3e8000,-12484608,-3121152,-0.744246244
l2,0.0625,0,min-error,metric_min,exp2,0,1,1,0.280822515,0.280819774,0.280819774,0.280822515,2.74181366e-06,94,raw-and-scaled,6,1,fp6_e1m4,fp6_e2m3,4,3,4,47608,94,exp1,586711040,586711040,586711040,146677760,0.280822515,0.280819774,0,440033280,-0.000693559647,0x3e8fc7f8,0.280822515,0x3f800000,1,0xbdffa90f,-0.124834172,0xbdffa90f,-0.124834172,100001,0,1,0001,100011,0,3,011,0xbd7f521e,-0.0623341724,0xbcfea43c,-0.0310841724,0xcb3f5000,-12537856,-3134464,-0.747346759
l2,0.0625,0,min-error,metric_min,exp2,0,1,1,0.280822515,0.280819774,0.280819774,0.280822515,2.74181366e-06,95,raw-and-scaled,6,1,fp6_e1m4,fp6_e2m3,4,3,4,47608,95,exp1,586711040,586711040,586711040,146677760,0.280822515,0.280819774,0,440033280,-0.000693559647,0x3e8fc7f8,0.280822515,0x3f800000,1,0xbb7fb3a2,-0.00390169816,0xbb7fb3a2,-0.00390169816,100000,0,0,0000,100000,0,0,000,0xbb7fb3a2,-0.00390169816,0xbb7fb3a2,-0.00390169816,0x00000000,0,0,0
l2,0.0625,0,min-error,metric_min,exp2,0,1,1,0.280822515,0.280819774,0.280819774,0.280822515,2.74181366e-06,96,raw-and-scaled,6,1,fp6_e1m4,fp6_e2m3,4,3,4,47608,96,exp1,586711040,586711040,586711040,146677760,0.280822515,0.280819774,0,440033280,-0.000693559647,0x3e8fc7f8,0.280822515,0x3f800000,1,0xbaffbb1f,-0.00195107225,0xbaffbb1f,-0.00195107225,100000,0,0,0000,100000,0,0,000,0xbaffbb1f,-0.00195107225,0xbaffbb1f,-0.00195107225,0x00000000,0,0,0
l2,0.0625,0,min-error,metric_min,exp2,0,1,1,0.280822515,0.280819774,0.280819774,0.280822515,2.74181366e-06,97,raw-and-scaled,6,1,fp6_e1m4,fp6_e2m3,4,3,4,47608,97,exp1,586711040,586711040,586711040,146677760,0.280822515,0.280819774,0,440033280,-0.000693559647,0x3e8fc7f8,0.280822515,0x3f800000,1,0xbe7f8691,-0.249536768,0xbe7f8691,-0.249536768,100011,0,3,0011,100111,0,7,111,0xbd7e1a44,-0.0620367676,0xbcfc3488,-0.0307867676,0xcb3e1000,-12455936,-3113984,-0.742588282
l2,0.0625,0,min-error,metric_min,exp2,0,1,1,0.280822515,0.280819774,0.280819774,0.280822515,2.74181366e-06,98,raw-and-scaled,6,1,fp6_e1m4,fp6_e2m3,4,3,4,47608,98,exp1,586711040,586711040,586711040,146677760,0.280822515,0.280819774,0,440033280,-0.000693559647,0x3e8fc7f8,0.280822515,0x3f800000,1,0xbeffbacf,-0.499472111,0xbeffbacf,-0.499472111,100111,0,7,0111,101111,1,7,111,0xbd7dd678,-0.0619721115,0xbcfbacf0,-0.0307221115,0xcb3dd000,-12439552,-3109888,-0.741553783
l2,0.0625,0,min-error,metric_min,exp2,0,1,1,0.280822515,0.280819774,0.280819774,0.280822515,2.74181366e-06,99,raw-and-scaled,6,1,fp6_e1m4,fp6_e2m3,4,3,4,47608,99,exp1,586711040,586711040,586711040,146677760,0.280822515,0.280819774,0,440033280,-0.000693559647,0x3e8fc7f8,0.280822515,0x3f800000,1,0xbfff8d82,-1.99650598,0xbfff8d82,-1.99650598,111111,1,15,1111,111111,3,7,111,0xbd71b040,-0.0590059757,0xbdf8d820,-0.121505976,0x4c38d000,48447488,48447488,2.88819122
l2,0.0625,0,min-error,metric_min,exp2,0,1,1,0.280822515,0.280819774,0.280819774,0.280822515,2.74181366e-06,100,raw-and-scaled,6,1,fp6_e1m4,fp6_e2m3,4,3,4,47608,100,exp1,586711040,586711040,586711040,146677760,0.280822515,0.280819774,0,440033280,-0.000693559647,0x3e8fc7f8,0.280822515,0x3f800000,1,0x3affaa7e,0.00195057667,0x3affaa7e,0.00195057667,000000,0,0,0000,000000,0,0,000,0x3affaa7e,0.00195057667,0x3affaa7e,0.00195057667,0x00000000,0,0,0
l2,0.0625,0,min-error,metric_min,exp2,0,1,1,0.280822515,0.280819774,0.280819774,0.280822515,2.74181366e-06,101,raw-and-scaled,6,1,fp6_e1m4,fp6_e2m3,4,3,4,47608,101,exp1,586711040,586711040,586711040,146677760,0.280822515,0.280819774,0,440033280,-0.000693559647,0x3e8fc7f8,0.280822515,0x3f800000,1,0xbaff9112,-0.00194981904,0xbaff9112,-0.00194981904,100000,0,0,0000,100000,0,0,000,0xbaff9112,-0.00194981904,0xbaff9112,-0.00194981904,0x00000000,0,0,0
l2,0.0625,0,min-error,metric_min,exp2,0,1,1,0.280822515,0.280819774,0.280819774,0.280822515,2.74181366e-06,102,raw-and-scaled,6,1,fp6_e1m4,fp6_e2m3,4,3,4,47608,102,exp1,586711040,586711040,586711040,146677760,0.280822515,0.280819774,0,440033280,-0.000693559647,0x3e8fc7f8,0.280822515,0x3f800000,1,0x3dffba30,0.124866843,0x3dffba30,0.124866843,000001,0,1,0001,000011,0,3,011,0x3d7f7460,0.0623668432,0x3cfee8c0,0.0311168432,0xcb3f7000,-12546048,-3136512,-0.747869492
l2,0.0625,0,min-error,metric_min,exp2,0,1,1,0.280822515,0.280819774,0.280819774,0.280822515,2.74181366e-06,103,raw-and-scaled,6,1,fp6_e1m4,fp6_e2m3,4,3,4,47608,103,exp1,586711040,586711040,586711040,146677760,0.280822515,0.280819774,0,440033280,-0.000693559647,0x3e8fc7f8,0.280822515,0x3f800000,1,0x3e7fa5f9,0.249656573,0x3e7fa5f9,0.249656573,000011,0,3,0011,000111,0,7,111,0x3d7e97e4,0.0621565729,0x3cfd2fc8,0.0309065729,0xcb3e9000,-12488704,-3122176,-0.744505167
l2,0.0625,0,min-error,metric_min,exp2,0,1,1,0.280822515,0.280819774,0.280819774,0.280822515,2.74181366e-06,104,raw-and-scaled,6,1,fp6_e1m4,fp6_e2m3,4,3,4,47608,104,exp1,586711040,586711040,586711040,146677760,0.280822515,0.280819774,0,440033280,-0.000693559647,0x3e8fc7f8,0.280822515,0x3f800000,1,0xbf7fad0e,-0.998734355,0xbf7fad0e,-0.998734355,101111,0,15,1111,110111,2,7,111,0xbd7ad0e0,-0.061234355,0xbd7ad0e0,-0.061234355,0x00000000,0,0,0
l2,0.0625,0,min-error,metric_min,exp2,0,1,1,0.280822515,0.280819774,0.280819774,0.280822515,2.74181366e-06,105,raw-and-scaled,6,1,fp6_e1m4,fp6_e2m3,4,3,4,47608,105,exp1,586711040,586711040,586711040,146677760,0.280822515,0.280819774,0,440033280,-0.000693559647,0x3e8fc7f8,0.280822515,0x3f800000,1,0x3fff9b32,1.99692369,0x3fff9b32,1.99692369,011111,1,15,1111,011111,3,7,111,0x3d736640,0.0594236851,0x3df9b320,0.121923685,0x4c39b000,48676864,48676864,2.90155792
l2,0.0625,0,min-error,metric_min,exp2,0,1,1,0.280822515,0.280819774,0.280819774,0.280822515,2.74181366e-06,106,raw-and-scaled,6,1,fp6_e1m4,fp6_e2m3,4,3,4,47608,106,exp1,586711040,586711040,586711040,146677760,0.280822515,0.280819774,0,440033280,-0.000693559647,0x3e8fc7f8,0.280822515,0x3f800000,1,0x3c7f814d,0.0155947926,0x3c7f814d,0.0155947926,000000,0,0,0000,000000,0,0,000,0x3c7f814d,0.0155947926,0x3c7f814d,0.0155947926,0x00000000,0,0,0
l2,0.0625,0,min-error,metric_min,exp2,0,1,1,0.280822515,0.280819774,0.280819774,0.280822515,2.74181366e-06,107,raw-and-scaled,6,1,fp6_e1m4,fp6_e2m3,4,3,4,47608,107,exp1,586711040,586711040,586711040,146677760,0.280822515,0.280819774,0,440033280,-0.000693559647,0x3e8fc7f8,0.280822515,0x3f800000,1,0x3f7f8829,0.998171389,0x3f7f8829,0.998171389,001111,0,15,1111,010111,2,7,111,0x3d788290,0.0606713891,0x3d788290,0.0606713891,0x00000000,0,0,0
l2,0.0625,0,min-error,metric_min,exp2,0,1,1,0.280822515,0.280819774,0.280819774,0.280822515,2.74181366e-06,108,raw-and-scaled,6,1,fp6_e1m4,fp6_e2m3,4,3,4,47608,108,exp1,586711040,586711040,586711040,146677760,0.280822515,0.280819774,0,440033280,-0.000693559647,0x3e8fc7f8,0.280822515,0x3f800000,1,0x3dff895d,0.124773718,0x3dff895d,0.124773718,000001,0,1,0001,000011,0,3,011,0x3d7f12ba,0.0622737184,0x3cfe2574,0.0310237184,0xcb3f1000,-12521472,-3130368,-0.746379495
l2,0.0625,0,min-error,metric_min,exp2,0,1,1,0.280822515,0.280819774,0.280819774,0.280822515,2.74181366e-06,109,raw-and-scaled,6,1,fp6_e1m4,fp6_e2m3,4,3,4,47608,109,exp1,586711040,586711040,586711040,146677760,0.280822515,0.280819774,0,440033280,-0.000693559647,0x3e8fc7f8,0.280822515,0x3f800000,1,0xbb7fb789,-0.00390193076,0xbb7fb789,-0.00390193076,100000,0,0,0000,100000,0,0,000,0xbb7fb789,-0.00390193076,0xbb7fb789,-0.00390193076,0x00000000,0,0,0
l2,0.0625,0,min-error,metric_min,exp2,0,1,1,0.280822515,0.280819774,0.280819774,0.280822515,2.74181366e-06,110,raw-and-scaled,6,1,fp6_e1m4,fp6_e2m3,4,3,4,47608,110,exp1,586711040,586711040,586711040,146677760,0.280822515,0.280819774,0,440033280,-0.000693559647,0x3e8fc7f8,0.280822515,0x3f800000,1,0xbbffbd0d,-0.00780451903,0xbbffbd0d,-0.00780451903,100000,0,0,0000,100000,0,0,000,0xbbffbd0d,-0.00780451903,0xbbffbd0d,-0.00780451903,0x00000000,0,0,0
l2,0.0625,0,min-error,metric_min,exp2,0,1,1,0.280822515,0.280819774,0.280819774,0.280822515,2.74181366e-06,111,raw-and-scaled,6,1,fp6_e1m4,fp6_e2m3,4,3,4,47608,111,exp1,586711040,586711040,586711040,146677760,0.280822515,0.280819774,0,440033280,-0.000693559647,0x3e8fc7f8,0.280822515,0x3f800000,1,0x3e7fbedf,0.249751553,0x3e7fbedf,0.249751553,000011,0,3,0011,000111,0,7,111,0x3d7efb7c,0.0622515529,0x3cfdf6f8,0.0310015529,0xcb3ef000,-12513280,-3128320,-0.746024847
l2,0.0625,0,min-error,metric_min,exp2,0,1,1,0.280822515,0.280819774,0.280819774,0.280822515,2.74181366e-06,112,raw-and-scaled,6,1,fp6_e1m4,fp6_e2m3,4,3,4,47608,112,exp1,586711040,586711040,586711040,146677760,0.280822515,0.280819774,0,440033280,-0.000693559647,0x3e8fc7f8,0.280822515,0x3f800000,1,0x3e7fa304,0.249645293,0x3e7fa304,0.249645293,000011,0,3,0011,000111,0,7,111,0x3d7e8c10,0.0621452928,0x3cfd1820,0.0308952928,0xcb3e8000,-12484608,-3121152,-0.744324684
l2,0.0625,0,min-error,metric_min,exp2,0,1,1,0.280822515,0.280819774,0.280819774,0.280822515,2.74181366e-06,113,raw-and-scaled,6,1,fp6_e1m4,fp6_e2m3,4,3,4,47608,113,exp1,586711040,586711040,586711040,146677760,0.280822515,0.280819774,0,440033280,-0.000693559647,0x3e8fc7f8,0.280822515,0x3f800000,1,0xbf7f8c73,-0.998236835,0xbf7f8c73,-0.998236835,101111,0,15,1111,110111,2,7,111,0xbd78c730,-0.060736835,0xbd78c730,-0.060736835,0x00000000,0,0,0
l2,0.0625,0,min-error,metric_min,exp2,0,1,1,0.280822515,0.280819774,0.280819774,0.280822515,2.74181366e-06,114,raw-and-scaled,6,1,fp6_e1m4,fp6_e2m3,4,3,4,47608,114,exp1,586711040,586711040,586711040,146677760,0.280822515,0.280819774,0,440033280,-0.000693559647,0x3e8fc7f8,0.280822515,0x3f800000,1,0x3c7f9fb7,0.0156020438,0x3c7f9fb7,0.0156020438,000000,0,0,0000,000000,0,0,000,0x3c7f9fb7,0.0156020438,0x3c7f9fb7,0.0156020438,0x00000000,0,0,0
l2,0.0625,0,min-error,metric_min,exp2,0,1,1,0.280822515,0.280819774,0.280819774,0.280822515,2.74181366e-06,115,raw-and-scaled,6,1,fp6_e1m4,fp6_e2m3,4,3,4,47608,115,exp1,586711040,586711040,586711040,146677760,0.280822515,0.280819774,0,440033280,-0.000693559647,0x3e8fc7f8,0.280822515,0x3f800000,1,0x3b7faa10,0.00390112773,0x3b7faa10,0.00390112773,000000,0,0,0000,000000,0,0,000,0x3b7faa10,0.00390112773,0x3b7faa10,0.00390112773,0x00000000,0,0,0
l2,0.0625,0,min-error,metric_min,exp2,0,1,1,0.280822515,0.280819774,0.280819774,0.280822515,2.74181366e-06,116,raw-and-scaled,6,1,fp6_e1m4,fp6_e2m3,4,3,4,47608,116,exp1,586711040,586711040,586711040,146677760,0.280822515,0.280819774,0,440033280,-0.000693559647,0x3e8fc7f8,0.280822515,0x3f800000,1,0x3e7faac6,0.249674886,0x3e7faac6,0.249674886,000011,0,3,0011,000111,0,7,111,0x3d7eab18,0.0621748865,0x3cfd5630,0.0309248865,0xcb3ea000,-12492800,-3123200,-0.744798183
l2,0.0625,0,min-error,metric_min,exp2,0,1,1,0.280822515,0.280819774,0.280819774,0.280822515,2.74181366e-06,117,raw-and-scaled,6,1,fp6_e1m4,fp6_e2m3,4,3,4,47608,117,exp1,586711040,586711040,586711040,146677760,0.280822515,0.280819774,0,440033280,-0.000693559647,0x3e8fc7f8,0.280822515,0x3f800000,1,0xbb7f963e,-0.00389994634,0xbb7f963e,-0.00389994634,100000,0,0,0000,100000,0,0,000,0xbb7f963e,-0.00389994634,0xbb7f963e,-0.00389994634,0x00000000,0,0,0
l2,0.0625,0,min-error,metric_min,exp2,0,1,1,0.280822515,0.280819774,0.280819774,0.280822515,2.74181366e-06,118,raw-and-scaled,6,1,fp6_e1m4,fp6_e2m3,4,3,4,47608,118,exp1,586711040,586711040,586711040,146677760,0.280822515,0.280819774,0,440033280,-0.000693559647,0x3e8fc7f8,0.280822515,0x3f800000,1,0x3e7fb1af,0.249701247,0x3e7fb1af,0.249701247,000011,0,3,0011,000111,0,7,111,0x3d7ec6bc,0.0622012466,0x3cfd8d78,0.0309512466,0xcb3ec000,-12500992,-3125248,-0.745219946
l2,0.0625,0,min-error,metric_min,exp2,0,1,1,0.280822515,0.280819774,0.280819774,0.280822515,2.74181366e-06,119,raw-and-scaled,6,1,fp6_e1m4,fp6_e2m3,4,3,4,47608,119,exp1,586711040,586711040,586711040,146677760,0.280822515,0.280819774,0,440033280,-0.000693559647,0x3e8fc7f8,0.280822515,0x3f800000,1,0x3d7fafb2,0.0624234155,0x3d7fafb2,0.0624234155,000000,0,0,0000,000001,0,1,001,0x3d7fafb2,0.0624234155,0x3cff5f64,0.0311734155,0xcb3fa000,-12558336,-3139584,-0.748774648
l2,0.0625,0,min-error,metric_min,exp2,0,1,1,0.280822515,0.280819774,0.280819774,0.280822515,2.74181366e-06,120,raw-and-scaled,6,1,fp6_e1m4,fp6_e2m3,4,3,4,47608,120,exp1,586711040,586711040,586711040,146677760,0.280822515,0.280819774,0,440033280,-0.000693559647,0x3e8fc7f8,0.280822515,0x3f800000,1,0x3d7fad45,0.0624211021,0x3d7fad45,0.0624211021,000000,0,0,0000,000001,0,1,001,0x3d7fad45,0.0624211021,0x3cff5a8a,0.0311711021,0xcb3fa000,-12558336,-3139584,-0.748737633
l2,0.0625,0,min-error,metric_min,exp2,0,1,1,0.280822515,0.280819774,0.280819774,0.280822515,2.74181366e-06,121,raw-and-scaled,6,1,fp6_e1m4,fp6_e2m3,4,3,4,47608,121,exp1,586711040,586711040,586711040,146677760,0.280822515,0.280819774,0,440033280,-0.000693559647,0x3e8fc7f8,0.280822515,0x3f800000,1,0x3b7f9b3a,0.00390024344,0x3b7f9b3a,0.00390024344,000000,0,0,0000,000000,0,0,000,0x3b7f9b3a,0.00390024344,0x3b7f9b3a,0.00390024344,0x00000000,0,0,0
l2,0.0625,0,min-error,metric_min,exp2,0,1,1,0.280822515,0.280819774,0.280819774,0.280822515,2.74181366e-06,122,raw-and-scaled,6,1,fp6_e1m4,fp6_e2m3,4,3,4,47608,122,exp1,586711040,586711040,586711040,146677760,0.280822515,0.280819774,0,440033280,-0.000693559647,0x3e8fc7f8,0.280822515,0x3f800000,1,0xbc7f9cc2,-0.0156013388,0xbc7f9cc2,-0.0156013388,100000,0,0,0000,100000,0,0,000,0xbc7f9cc2,-0.0156013388,0xbc7f9cc2,-0.0156013388,0x00000000,0,0,0
l2,0.0625,0,min-error,metric_min,exp2,0,1,1,0.280822515,0.280819774,0.280819774,0.280822515,2.74181366e-06,123,raw-and-scaled,6,1,fp6_e1m4,fp6_e2m3,4,3,4,47608,123,exp1,586711040,586711040,586711040,146677760,0.280822515,0.280819774,0,440033280,-0.000693559647,0x3e8fc7f8,0.280822515,0x3f800000,1,0xbeffb964,-0.499461293,0xbeffb964,-0.499461293,100111,0,7,0111,101111,1,7,111,0xbd7dcb20,-0.0619612932,0xbcfb9640,-0.0307112932,0xcb3dc000,-12435456,-3108864,-0.741380692
l2,0.0625,0,min-error,metric_min,exp2,0,1,1,0.280822515,0.280819774,0.280819774,0.280822515,2.74181366e-06,124,raw-and-scaled,6,1,fp6_e1m4,fp6_e2m3,4,3,4,47608,124,exp1,586711040,586711040,586711040,146677760,0.280822515,0.280819774,0,440033280,-0.000693559647,0x3e8fc7f8,0.280822515,0x3f800000,1,0xbe7f871f,-0.249538884,0xbe7f871f,-0.249538884,100011,0,3,0011,100111,0,7,111,0xbd7e1c7c,-0.0620388836,0xbcfc38f8,-0.0307888836,0xcb3e1000,-12455936,-3113984,-0.742622137
l2,0.0625,0,min-error,metric_min,exp2,0,1,1,0.280822515,0.280819774,0.280819774,0.280822515,2.74181366e-06,125,raw-and-scaled,6,1,fp6_e1m4,fp6_e2m3,4,3,4,47608,125,exp1,586711040,586711040,586711040,146677760,0.280822515,0.280819774,0,440033280,-0.000693559647,0x3e8fc7f8,0.280822515,0x3f800000,1,0xbaffb543,-0.00195089763,0xbaffb543,-0.00195089763,100000,0,0,0000,100000,0,0,000,0xbaffb543,-0.00195089763,0xbaffb543,-0.00195089763,0x00000000,0,0,0
l2,0.0625,0,min-error,metric_min,exp2,0,1,1,0.280822515,0.280819774,0.280819774,0.280822515,2.74181366e-06,126,raw-and-scaled,6,1,fp6_e1m4,fp6_e2m3,4,3,4,47608,126,exp1,586711040,586711040,586711040,146677760,0.280822515,0.280819774,0,440033280,-0.000693559647,0x3e8fc7f8,0.280822515,0x3f800000,1,0xbcff97a0,-0.0312002301,0xbcff97a0,-0.0312002301,100000,0,0,0000,100000,0,0,000,0xbcff97a0,-0.0312002301,0xbcff97a0,-0.0312002301,0x00000000,0,0,0
l2,0.0625,0,min-error,metric_min,exp2,0,1,1,0.280822515,0.280819774,0.280819774,0.280822515,2.74181366e-06,127,raw-and-scaled,6,1,fp6_e1m4,fp6_e2m3,4,3,4,47608,127,exp1,586711040,586711040,586711040,146677760,0.280822515,0.280819774,0,440033280,-0.000693559647,0x3e8fc7f8,0.280822515,0x3f800000,1,0x3fffb9d4,1.99785852,0x3fffb9d4,1.99785852,011111,1,15,1111,011111,3,7,111,0x3d773a80,0.0603585243,0x3dfb9d40,0.122858524,0x4c3b9000,49168384,49168384,2.93147278
l2,0.0625,0,min-error,metric_min,exp1,0,1,1,0.268965453,0.268965751,0.268965453,0.268965751,2.98023224e-07,0,raw-and-scaled,6,1,fp6_e1m4,fp6_e2m3,4,3,4,86260,0,exp2,537575424,537591808,537591808,134397952,0.268965453,0.268965751,-16384,403177472,6.91413879e-05,0x3e89b5e1,0.268965751,0x3f800000,1,0xbb7fa6e6,-0.00390093913,0xbb7fa6e6,-0.00390093913,100000,0,0,0000,100000,0,0,000,0xbb7fa6e6,-0.00390093913,0xbb7fa6e6,-0.00390093913,0x00000000,0,0,0
l2,0.0625,0,min-error,metric_min,exp1,0,1,1,0.268965453,0.268965751,0.268965453,0.268965751,2.98023224e-07,1,raw-and-scaled,6,1,fp6_e1m4,fp6_e2m3,4,3,4,86260,1,exp2,537575424,537591808,537591808,134397952,0.268965453,0.268965751,-16384,403177472,6.91413879e-05,0x3e89b5e1,0.268965751,0x3f800000,1,0xbdffa33b,-0.124823056,0xbdffa33b,-0.124823056,100001,0,1,0001,100011,0,3,011,0xbd7f4676,-0.0623230562,0xbcfe8cec,-0.0310730562,0xcb3f4000,-12533760,-3133440,-0.747168899
l2,0.0625,0,min-error,metric_min,exp1,0,1,1,0.268965453,0.268965751,0.268965453,0.268965751,2.98023224e-07,2,raw-and-scaled,6,1,fp6_e1m4,fp6_e2m3,4,3,4,86260,2,exp2,537575424,537591808,537591808,134397952,0.268965453,0.268965751,-16384,403177472,6.91413879e-05,0x3e89b5e1,0.268965751,0x3f800000,1,0xbd7f88e9,-0.0623864271,0xbd7f88e9,-0.0623864271,100000,0,0,0000,100001,0,1,001,0xbd7f88e9,-0.0623864271,0xbcff11d2,-0.0311364271,0xcb3f8000,-12550144,-3137536,-0.748182774
l2,0.0625,0,min-error,metric_min,exp1,0,1,1,0.268965453,0.268965751,0.268965453,0.268965751,2.98023224e-07,3,raw-and-scaled,6,1,fp6_e1m4,fp6_e2m3,4,3,4,86260,3,exp2,537575424,537591808,537591808,134397952,0.268965453,0.268965751,-16384,403177472,6.91413879e-05,0x3e89b5e1,0.268965751,0x3f800000,1,0x3effa94e,0.499338567,0x3effa94e,0.499338567,000111,0,7,0111,001111,1,7,111,0x3d7d4a70,0.0618385673,0x3cfa94e0,0.0305885673,0xcb3d4000,-12402688,-3100672,-0.739417076
l2,0.0625,0,min-error,metric_min,exp1,0,1,1,0.268965453,0.268965751,0.268965453,0.268965751,2.98023224e-07,4,raw-and-scaled,6,1,fp6_e1m4,fp6_e2m3,4,3,4,86260,4,exp2,537575424,537591808,537591808,134397952,0.268965453,0.268965751,-16384,403177472,6.91413879e-05,0x3e89b5e1,0.268965751,0x3f800000,1,0x3aff8804,0.00194954919,0x3aff8804,0.00194954919,000000,0,0,0000,000000,0,0,000,0x3aff8804,0.00194954919,0x3aff8804,0.00194954919,0x00000000,0,0,0
l2,0.0625,0,min-error,metric_min,exp1,0,1,1,0.268965453,0.268965751,0.268965453,0.268965751,2.98023224e-07,5,raw-and-scaled,6,1,fp6_e1m4,fp6_e2m3,4,3,4,86260,5,exp2,537575424,537591808,537591808,134397952,0.268965453,0.268965751,-16384,403177472,6.91413879e-05,0x3e89b5e1,0.268965751,0x3f800000,1,0xbfffa9b7,-1.99736679,0xbfffa9b7,-1.99736679,111111,1,15,1111,111111,3,7,111,0xbd7536e0,-0.059866786,0xbdfa9b70,-0.122366786,0x4c3a9000,48906240,48906240,2.91573715
l2,0.0625,0,min-error,metric_min,exp1,0,1,1,0.268965453,0.268965751,0.268965453,0.268965751,2.98023224e-07,6,raw-and-scaled,6,1,fp6_e1m4,fp6_e2m3,4,3,4,86260,6,exp2,537575424,537591808,537591808,134397952,0.268965453,0.268965751,-16384,403177472,6.91413879e-05,0x3e89b5e1,0.268965751,0x3f800000,1,0x3e7fba49,0.249734059,0x3e7fba49,0.249734059,000011,0,3,0011,000111,0,7,111,0x3d7ee924,0.062234059,0x3cfdd248,0.030984059,0xcb3ee000,-12509184,-3127296,-0.745744944
l2,0.0625,0,min-error,metric_min,exp1,0,1,1,0.268965453,0.268965751,0.268965453,0.268965751,2.98023224e-07,7,raw-and-scaled,6,1,fp6_e1m4,fp6_e2m3,4,3,4,86260,7,exp2,537575424,537591808,537591808,134397952,0.268965453,0.268965751,-16384,403177472,6.91413879e-05,0x3e89b5e1,0.268965751,0x3f800000,1,0xbdff8ce4,-0.124780446,0xbdff8ce4,-0.124780446,100001,0,1,0001,100011,0,3,011,0xbd7f19c8,-0.0622804463,0xbcfe3390,-0.0310304463,0xcb3f1000,-12521472,-3130368,-0.746487141
l2,0.0625,0,min-error,metric_min,exp1,0,1,1,0.268965453,0.268965751,0.268965453,0.268965751,2.98023224e-07,8,raw-and-scaled,6,1,fp6_e1m4,fp6_e2m3,4,3,4,86260,8,exp2,537575424,537591808,537591808,134397952,0.268965453,0.268965751,-16384,403177472,6.91413879e-05,0x3e89b5e1,0.268965751,0x3f800000,1,0x3b7f9cb7,0.00390033214,0x3b7f9cb7,0.00390033214,000000,0,0,0000,000000,0,0,000,0x3b7f9cb7,0.00390033214,0x3b7f9cb7,0.00390033214,0x00000000,0,0,0
l2,0.0625,0,min-error,metric_min,exp1,0,1,1,0.268965453,0.268965751,0.268965453,0.268965751,2.98023224e-07,9,raw-and-scaled,6,1,fp6_e1m4,fp6_e2m3,4,3,4,86260,9,exp2,537575424,537591808,537591808,134397952,0.268965453,0.268965751,-16384,403177472,6.91413879e-05,0x3e89b5e1,0.268965751,0x3f800000,1,0xbc7f8060,-0.0155945718,0xbc7f8060,-0.0155945718,100000,0,0,0000,100000,0,0,000,0xbc7f8060,-0.0155945718,0xbc7f8060,-0.0155945718,0x00000000,0,0,0
l2,0.0625,0,min-error,metric_min,exp1,0,1,1,0.268965453,0.268965751,0.268965453,0.268965751,2.98023224e-07,10,raw-and-scaled,6,1,fp6_e1m4,fp6_e2m3,4,3,4,86260,10,exp2,537575424,537591808,537591808,134397952,0.268965453,0.268965751,-16384,403177472,6.91413879e-05,0x3e89b5e1,0.268965751,0x3f800000,1,0xbb7fa748,-0.00390096195,0xbb7fa748,-0.00390096195,100000,0,0,0000,100000,0,0,000,0xbb7fa748,-0.00390096195,0xbb7fa748,-0.00390096195,0x00000000,0,0,0
l2,0.0625,0,min-error,metric_min,exp1,0,1,1,0.268965453,0.268965751,0.268965453,0.268965751,2.98023224e-07,11,raw-and-scaled,6,1,fp6_e1m4,fp6_e2m3,4,3,4,86260,11,exp2,537575424,537591808,537591808,134397952,0.268965453,0.268965751,-16384,403177472,6.91413879e-05,0x3e89b5e1,0.268965751,0x3f800000,1,0xbd7f816f,-0.0623792969,0xbd7f816f,-0.0623792969,100000,0,0,0000,100001,0,1,001,0xbd7f816f,-0.0623792969,0xbcff02de,-0.0311292969,0xcb3f8000,-12550144,-3137536,-0.74806881
l2,0.0625,0,min-error,metric_min,exp1,0,1,1,0.268965453,0.268965751,0.268965453,0.268965751,2.98023224e-07,12,raw-and-scaled,6,1,fp6_e1m4,fp6_e2m3,4,3,4,86260,12,exp2,537575424,537591808,537591808,134397952,0.268965453,0.268965751,-16384,403177472,6.91413879e-05,0x3e89b5e1,0.268965751,0x3f800000,1,0xbd7fa386,-0.0624118075,0xbd7fa386,-0.0624118075,100000,0,0,0000,100001,0,1,001,0xbd7fa386,-0.0624118075,0xbcff470c,-0.0311618075,0xcb3fa000,-12558336,-3139584,-0.74858892
l2,0.0625,0,min-error,metric_min,exp1,0,1,1,0.268965453,0.268965751,0.268965453,0.268965751,2.98023224e-07,13,raw-and-scaled,6,1,fp6_e1m4,fp6_e2m3,4,3,4,86260,13,exp2,537575424,537591808,537591808,134397952,0.268965453,0.268965751,-16384,403177472,6.91413879e-05,0x3e89b5e1,0.268965751,0x3f800000,1,0x3bffa3f1,0.00780152576,0x3bffa3f1,0.00780152576,000000,0,0,0000,000000,0,0,000,0x3bffa3f1,0.00780152576,0x3bffa3f1,0.00780152576,0x00000000,0,0,0
l2,0.0625,0,min-error,metric_min,exp1,0,1,1,0.268965453,0.268965751,0.268965453,0.268965751,2.98023224e-07,14,raw-and-scaled,6,1,fp6_e1m4,fp6_e2m3,4,3,4,86260,14,exp2,537575424,537591808,537591808,134397952,0.268965453,0.268965751,-16384,403177472,6.91413879e-05,0x3e89b5e1,0.268965751,0x3f800000,1,0xbdff971d,-0.124799944,0xbdff971d,-0.124799944,100001,0,1,0001,100011,0,3,011,0xbd7f2e3a,-0.0622999445,0xbcfe5c74,-0.0310499445,0xcb3f2000,-12525568,-3131392,-0.746799111
l2,0.0625,0,min-error,metric_min,exp1,0,1,1,0.268965453,0.268965751,0.268965453,0.268965751,2.98023224e-07,15,raw-and-scaled,6,1,fp6_e1m4,fp6_e2m3,4,3,4,86260,15,exp2,537575424,537591808,537591808,134397952,0.268965453,0.268965751,-16384,403177472,6.91413879e-05,0x3e89b5e1,0.268965751,0x3f800000,1,0x3d7f9777,0.0624003075,0x3d7f9777,0.0624003075,000000,0,0,0000,000001,0,1,001,0x3d7f9777,0.0624003075,0x3cff2eee,0.0311503075,0xcb3f9000,-12554240,-3138560,-0.74840492
l2,0.0625,0,min-error,metric_min,exp1,0,1,1,0.268965453,0.268965751,0.268965453,0.268965751,2.98023224e-07,16,raw-and-scaled,6,1,fp6_e1m4,fp6_e2m3,4,3,4,86260,16,exp2,537575424,537591808,537591808,134397952,0.268965453,0.268965751,-16384,403177472,6.91413879e-05,0x3e89b5e1,0.268965751,0x3f800000,1,0xbb7f9e0c,-0.00390041154,0xbb7f9e0c,-0.00390041154,100000,0,0,0000,100000,0,0,000,0xbb7f9e0c,-0.00390041154,0xbb7f9e0c,-0.00390041154,0x00000000,0,0,0
l2,0.0625,0,min-error,metric_min,exp1,0,1,1,0.268965453,0.268965751,0.268965453,0.268965751,2.98023224e-07,17,raw-and-scaled,6,1,fp6_e1m4,fp6_e2m3,4,3,4,86260,17,exp2,537575424,537591808,537591808,134397952,0.268965453,0.268965751,-16384,403177472,6.91413879e-05,0x3e89b5e1,0.268965751,0x3f800000,1,0x3bff9ebb,0.00780090457,0x3bff9ebb,0.00780090457,000000,0,0,0000,000000,0,0,000,0x3bff9ebb,0.00780090457,0x3bff9ebb,0.00780090457,0x00000000,0,0,0
l2,0.0625,0,min-error,metric_min,exp1,0,1,1,0.268965453,0.268965751,0.268965453,0.268965751,2.98023224e-07,18,raw-and-scaled,6,1,fp6_e1m4,fp6_e2m3,4,3,4,86260,18,exp2,537575424,537591808,537591808,134397952,0.268965453,0.268965751,-16384,403177472,6.91413879e-05,0x3e89b5e1,0.268965751,0x3f800000,1,0x3f7fb8be,0.998912692,0x3f7fb8be,0.998912692,001111,0,15,1111,010111,2,7,111,0x3d7b8be0,0.0614126921,0x3d7b8be0,0.0614126921,0x00000000,0,0,0
l2,0.0625,0,min-error,metric_min,exp1,0,1,1,0.268965453,0.268965751,0.268965453,0.268965751,2.98023224e-07,19,raw-and-scaled,6,1,fp6_e1m4,fp6_e2m3,4,3,4,86260,19,exp2,537575424,537591808,537591808,134397952,0.268965453,0.268965751,-16384,403177472,6.91413879e-05,0x3e89b5e1,0.268965751,0x3f800000,1,0x3f7fb129,0.998796999,0x3f7fb129,0.998796999,001111,0,15,1111,010111,2,7,111,0x3d7b1290,0.0612969995,0x3d7b1290,0.0612969995,0x00000000,0,0,0
l2,0.0625,0,min-error,metric_min,exp1,0,1,1,0.268965453,0.268965751,0.268965453,0.268965751,2.98023224e-07,20,raw-and-scaled,6,1,fp6_e1m4,fp6_e2m3,4,3,4,86260,20,exp2,537575424,537591808,537591808,134397952,0.268965453,0.268965751,-16384,403177472,6.91413879e-05,0x3e89b5e1,0.268965751,0x3f800000,1,0xbfff9843,-1.99683416,0xbfff9843,-1.99683416,111111,1,15,1111,111111,3,7,111,0xbd730860,-0.0593341589,0xbdf98430,-0.121834159,0x4c398000,48627712,48627712,2.89869308
l2,0.0625,0,min-error,metric_min,exp1,0,1,1,0.268965453,0.268965751,0.268965453,0.268965751,2.98023224e-07,21,raw-and-scaled,6,1,fp6_e1m4,fp6_e2m3,4,3,4,86260,21,exp2,537575424,537591808,537591808,134397952,0.268965453,0.268965751,-16384,403177472,6.91413879e-05,0x3e89b5e1,0.268965751,0x3f800000,1,0x3affaa9d,0.00195058028,0x3affaa9d,0.00195058028,000000,0,0,0000,000000,0,0,000,0x3affaa9d,0.00195058028,0x3affaa9d,0.00195058028,0x00000000,0,0,0
l2,0.0625,0,min-error,metric_min,exp1,0,1,1,0.268965453,0.268965751,0.268965453,0.268965751,2.98023224e-07,22,raw-and-scaled,6,1,fp6_e1m4,fp6_e2m3,4,3,4,86260,22,exp2,537575424,537591808,537591808,134397952,0.268965453,0.268965751,-16384,403177472,6.91413879e-05,0x3e89b5e1,0.268965751,0x3f800000,1,0xbc7fa23b,-0.0156026436,0xbc7fa23b,-0.0156026436,100000,0,0,0000,100000,0,0,000,0xbc7fa23b,-0.0156026436,0xbc7fa23b,-0.0156026436,0x00000000,0,0,0
l2,0.0625,0,min-error,metric_min,exp1,0,1,1,0.268965453,0.268965751,0.268965453,0.268965751,2.98023224e-07,23,raw-and-scaled,6,1,fp6_e1m4,fp6_e2m3,4,3,4,86260,23,exp2,537575424,537591808,537591808,134397952,0.268965453,0.268965751,-16384,403177472,6.91413879e-05,0x3e89b5e1,0.268965751,0x3f800000,1,0x3fff90a1,1.99660122,0x3fff90a1,1.99660122,011111,1,15,1111,011111,3,7,111,0x3d721420,0.0591012239,0x3df90a10,0.121601224,0x4c390000,48496640,48496640,2.89123917
l2,0.0625,0,min-error,metric_min,exp1,0,1,1,0.268965453,0.268965751,0.268965453,0.268965751,2.98023224e-07,24,raw-and-scaled,6,1,fp6_e1m4,fp6_e2m3,4,3,4,86260,24,exp2,537575424,537591808,537591808,134397952,0.268965453,0.268965751,-16384,403177472,6.91413879e-05,0x3e89b5e1,0.268965751,0x3f800000,1,0x3cff8c2f,0.0311947744,0x3cff8c2f,0.0311947744,000000,0,0,0000,000000,0,0,000,0x3cff8c2f,0.0311947744,0x3cff8c2f,0.0311947744,0x00000000,0,0,0
l2,0.0625,0,min-error,metric_min,exp1,0,1,1,0.268965453,0.268965751,0.268965453,0.268965751,2.98023224e-07,25,raw-and-scaled,6,1,fp6_e1m4,fp6_e2m3,4,3,4,86260,25,exp2,537575424,537591808,537591808,134397952,0.268965453,0.268965751,-16384,403177472,6.91413879e-05,0x3e89b5e1,0.268965751,0x3f800000,1,0xbf7fa947,-0.998676717,0xbf7fa947,-0.998676717,101111,0,15,1111,110111,2,7,111,0xbd7a9470,-0.0611767173,0xbd7a9470,-0.0611767173,0x00000000,0,0,0
l2,0.0625,0,min-error,metric_min,exp1,0,1,1,0.268965453,0.268965751,0.268965453,0.268965751,2.98023224e-07,26,raw-and-scaled,6,1,fp6_e1m4,fp6_e2m3,4,3,4,86260,26,exp2,537575424,537591808,537591808,134397952,0.268965453,0.268965751,-16384,403177472,6.91413879e-05,0x3e89b5e1,0.268965751,0x3f800000,1,0x3cffa3ae,0.0312059782,0x3cffa3ae,0.0312059782,000000,0,0,0000,000000,0,0,000,0x3cffa3ae,0.0312059782,0x3cffa3ae,0.0312059782,0x00000000,0,0,0
l2,0.0625,0,min-error,metric_min,exp1,0,1,1,0.268965453,0.268965751,0.268965453,0.268965751,2.98023224e-07,27,raw-and-scaled,6,1,fp6_e1m4,fp6_e2m3,4,3,4,86260,27,exp2,537575424,537591808,537591808,134397952,0.268965453,0.268965751,-16384,403177472,6.91413879e-05,0x3e89b5e1,0.268965751,0x3f800000,1,0xbb7fa061,-0.00390055054,0xbb7fa061,-0.00390055054,100000,0,0,0000,100000,0,0,000,0xbb7fa061,-0.00390055054,0xbb7fa061,-0.00390055054,0x00000000,0,0,0
l2,0.0625,0,min-error,metric_min,exp1,0,1,1,0.268965453,0.268965751,0.268965453,0.268965751,2.98023224e-07,28,raw-and-scaled,6,1,fp6_e1m4,fp6_e2m3,4,3,4,86260,28,exp2,537575424,537591808,537591808,134397952,0.268965453,0.268965751,-16384,403177472,6.91413879e-05,0x3e89b5e1,0.268965751,0x3f800000,1,0x3cff9180,0.0311973095,0x3cff9180,0.0311973095,000000,0,0,0000,000000,0,0,000,0x3cff9180,0.0311973095,0x3cff9180,0.0311973095,0x00000000,0,0,0
l2,0.0625,0,min-error,metric_min,exp1,0,1,1,0.268965453,0.268965751,0.268965453,0.268965751,2.98023224e-07,29,raw-and-scaled,6,1,fp6_e1m4,fp6_e2m3,4,3,4,86260,29,exp2,537575424,537591808,537591808,134397952,0.268965453,0.268965751,-16384,403177472,6.91413879e-05,0x3e89b5e1,0.268965751,0x3f800000,1,0x3cff9e88,0.0312035233,0x3cff9e88,0.0312035233,000000,0,0,0000,000000,0,0,000,0x3cff9e88,0.0312035233,0x3cff9e88,0.0312035233,0x00000000,0,0,0
l2,0.0625,0,min-error,metric_min,exp1,0,1,1,0.268965453,0.268965751,0.268965453,0.268965751,2.98023224e-07,30,raw-and-scaled,6,1,fp6_e1m4,fp6_e2m3,4,3,4,86260,30,exp2,537575424,537591808,537591808,134397952,0.268965453,0.268965751,-16384,403177472,6.91413879e-05,0x3e89b5e1,0.268965751,0x3f800000,1,0xbb7fb887,-0.0039019899,0xbb7fb887,-0.0039019899,100000,0,0,0000,100000,0,0,000,0xbb7fb887,-0.0039019899,0xbb7fb887,-0.0039019899,0x00000000,0,0,0
l2,0.0625,0,min-error,metric_min,exp1,0,1,1,0.268965453,0.268965751,0.268965453,0.268965751,2.98023224e-07,31,raw-and-scaled,6,1,fp6_e1m4,fp6_e2m3,4,3,4,86260,31,exp2,537575424,537591808,537591808,134397952,0.268965453,0.268965751,-16384,403177472,6.91413879e-05,0x3e89b5e1,0.268965751,0x3f800000,1,0xbfffa582,-1.9972384,0xbfffa582,-1.9972384,111111,1,15,1111,111111,3,7,111,0xbd74b040,-0.0597383976,0xbdfa5820,-0.122238398,0x4c3a5000,48840704,48840704,2.91162872
l2,0.0625,0,min-error,metric_min,exp1,0,1,1,0.268965453,0.268965751,0.268965453,0.268965751,2.98023224e-07,32,raw-and-scaled,6,1,fp6_e1m4,fp6_e2m3,4,3,4,86260,32,exp2,537575424,537591808,537591808,134397952,0.268965453,0.268965751,-16384,403177472,6.91413879e-05,0x3e89b5e1,0.268965751,0x3f800000,1,0x3b7fa3cf,0.00390075496,0x3b7fa3cf,0.00390075496,000000,0,0,0000,000000,0,0,000,0x3b7fa3cf,0.00390075496,0x3b7fa3cf,0.00390075496,0x00000000,0,0,0
l2,0.0625,0,min-error,metric_min,exp1,0,1,1,0.268965453,0.268965751,0.268965453,0.268965751,2.98023224e-07,33,raw-and-scaled,6,1,fp6_e1m4,fp6_e2m3,4,3,4,86260,33,exp2,537575424,537591808,537591808,134397952,0.268965453,0.268965751,-16384,403177472,6.91413879e-05,0x3e89b5e1,0.268965751,0x3f800000,1,0xbbff885d,-0.00779823819,0xbbff885d,-0.00779823819,100000,0,0,0000,100000,0,0,000,0xbbff885d,-0.00779823819,0xbbff885d,-0.00779823819,0x00000000,0,0,0
l2,0.0625,0,min-error,metric_min,exp1,0,1,1,0.268965453,0.268965751,0.268965453,0.268965751,2.98023224e-07,34,raw-and-scaled,6,1,fp6_e1m4,fp6_e2m3,4,3,4,86260,34,exp2,537575424,537591808,537591808,134397952,0.268965453,0.268965751,-16384,403177472,6.91413879e-05,0x3e89b5e1,0.268965751,0x3f800000,1,0x3f7f8b7f,0.998222291,0x3f7f8b7f,0.998222291,001111,0,15,1111,010111,2,7,111,0x3d78b7f0,0.0607222915,0x3d78b7f0,0.0607222915,0x00000000,0,0,0
l2,0.0625,0,min-error,metric_min,exp1,0,1,1,0.268965453,0.268965751,0.268965453,0.268965751,2.98023224e-07,35,raw-and-scaled,6,1,fp6_e1m4,fp6_e2m3,4,3,4,86260,35,exp2,537575424,537591808,537591808,134397952,0.268965453,0.268965751,-16384,403177472,6.91413879e-05,0x3e89b5e1,0.268965751,0x3f800000,1,0xbdff9330,-0.124792457,0xbdff9330,-0.124792457,100001,0,1,0001,100011,0,3,011,0xbd7f2660,-0.0622924566,0xbcfe4cc0,-0.0310424566,0xcb3f2000,-12525568,-3131392,-0.746679306
l2,0.0625,0,min-error,metric_min,exp1,0,1,1,0.268965453,0.268965751,0.268965453,0.268965751,2.98023224e-07,36,raw-and-scaled,6,1,fp6_e1m4,fp6_e2m3,4,3,4,86260,36,exp2,537575424,537591808,537591808,134397952,0.268965453,0.268965751,-16384,403177472,6.91413879e-05,0x3e89b5e1,0.268965751,0x3f800000,1,0xbfffbdaa,-1.99797559,0xbfffbdaa,-1.99797559,111111,1,15,1111,111111,3,7,111,0xbd77b540,-0.0604755878,0xbdfbdaa0,-0.122975588,0x4c3bd000,49233920,49233920,2.93521881
l2,0.0625,0,min-error,metric_min,exp1,0,1,1,0.268965453,0.268965751,0.268965453,0.268965751,2.98023224e-07,37,raw-and-scaled,6,1,fp6_e1m4,fp6_e2m3,4,3,4,86260,37,exp2,537575424,537591808,537591808,134397952,0.268965453,0.268965751,-16384,403177472,6.91413879e-05,0x3e89b5e1,0.268965751,0x3f800000,1,0x3c7fae62,0.0156055409,0x3c7fae62,0.0156055409,000000,0,0,0000,000000,0,0,000,0x3c7fae62,0.0156055409,0x3c7fae62,0.0156055409,0x00000000,0,0,0
l2,0.0625,0,min-error,metric_min,exp1,0,1,1,0.268965453,0.268965751,0.268965453,0.268965751,2.98023224e-07,38,raw-and-scaled,6,1,fp6_e1m4,fp6_e2m3,4,3,4,86260,38,exp2,537575424,537591808,537591808,134397952,0.268965453,0.268965751,-16384,403177472,6.91413879e-05,0x3e89b5e1,0.268965751,0x3f800000,1,0xbb7fa907,-0.00390106603,0xbb7fa907,-0.00390106603,100000,0,0,0000,100000,0,0,000,0xbb7fa907,-0.00390106603,0xbb7fa907,-0.00390106603,0x00000000,0,0,0
l2,0.0625,0,min-error,metric_min,exp1,0,1,1,0.268965453,0.268965751,0.268965453,0.268965751,2.98023224e-07,39,raw-and-scaled,6,1,fp6_e1m4,fp6_e2m3,4,3,4,86260,39,exp2,537575424,537591808,537591808,134397952,0.268965453,0.268965751,-16384,403177472,6.91413879e-05,0x3e89b5e1,0.268965751,0x3f800000,1,0xbf7f9e30,-0.9985075,0xbf7f9e30,-0.9985075,101111,0,15,1111,110111,2,7,111,0xbd79e300,-0.0610074997,0xbd79e300,-0.0610074997,0x00000000,0,0,0
l2,0.0625,0,min-error,metric_min,exp1,0,1,1,0.268965453,0.268965751,0.268965453,0.268965751,2.98023224e-07,40,raw-and-scaled,6,1,fp6_e1m4,fp6_e2m3,4,3,4,86260,40,exp2,537575424,537591808,537591808,134397952,0.268965453,0.268965751,-16384,403177472,6.91413879e-05,0x3e89b5e1,0.268965751,0x3f800000,1,0x3dffacdc,0.124841422,0x3dffacdc,0.124841422,000001,0,1,0001,000011,0,3,011,0x3d7f59b8,0.0623414218,0x3cfeb370,0.0310914218,0xcb3f5000,-12537856,-3134464,-0.747462749
l2,0.0625,0,min-error,metric_min,exp1,0,1,1,0.268965453,0.268965751,0.268965453,0.268965751,2.98023224e-07,41,raw-and-scaled,6,1,fp6_e1m4,fp6_e2m3,4,3,4,86260,41,exp2,537575424,537591808,537591808,134397952,0.268965453,0.268965751,-16384,403177472,6.91413879e-05,0x3e89b5e1,0.268965751,0x3f800000,1,0xbdffbd2c,-0.124872535,0xbdffbd2c,-0.124872535,100001,0,1,0001,100011,0,3,011,0xbd7f7a58,-0.0623725355,0xbcfef4b0,-0.0311225355,0xcb3f7000,-12546048,-3136512,-0.747960567
l2,0.0625,0,min-error,metric_min,exp1,0,1,1,0.268965453,0.268965751,0.268965453,0.268965751,2.98023224e-07,42,raw-and-scaled,6,1,fp6_e1m4,fp6_e2m3,4,3,4,86260,42,exp2,537575424,537591808,537591808,134397952,0.268965453,0.268965751,-16384,403177472,6.91413879e-05,0x3e89b5e1,0.268965751,0x3f800000,1,0x3c7f9b65,0.0156010138,0x3c7f9b65,0.0156010138,000000,0,0,0000,000000,0,0,000,0x3c7f9b65,0.0156010138,0x3c7f9b65,0.0156010138,0x00000000,0,0,0
l2,0.0625,0,min-error,metric_min,exp1,0,1,1,0.268965453,0.268965751,0.268965453,0.268965751,2.98023224e-07,43,raw-and-scaled,6,1,fp6_e1m4,fp6_e2m3,4,3,4,86260,43,exp2,537575424,537591808,537591808,134397952,0.268965453,0.268965751,-16384,403177472,6.91413879e-05,0x3e89b5e1,0.268965751,0x3f800000,1,0xbbff9cb8,-0.00780066475,0xbbff9cb8,-0.00780066475,100000,0,0,0000,100000,0,0,000,0xbbff9cb8,-0.00780066475,0xbbff9cb8,-0.00780066475,0x00000000,0,0,0
l2,0.0625,0,min-error,metric_min,exp1,0,1,1,0.268965453,0.268965751,0.268965453,0.268965751,2.98023224e-07,44,raw-and-scaled,6,1,fp6_e1m4,fp6_e2m3,4,3,4,86260,44,exp2,537575424,537591808,537591808,134397952,0.268965453,0.268965751,-16384,403177472,6.91413879e-05,0x3e89b5e1,0.268965751,0x3f800000,1,0xbeffbd57,-0.499491423,0xbeffbd57,-0.499491423,100111,0,7,0111,101111,1,7,111,0xbd7deab8,-0.0619914234,0xbcfbd570,-0.0307414234,0xcb3de000,-12443648,-3110912,-0.741862774
l2,0.0625,0,min-error,metric_min,exp1,0,1,1,0.268965453,0.268965751,0.268965453,0.268965751,2.98023224e-07,45,raw-and-scaled,6,1,fp6_e1m4,fp6_e2m3,4,3,4,86260,45,exp2,537575424,537591808,537591808,134397952,0.268965453,0.268965751,-16384,403177472,6.91413879e-05,0x3e89b5e1,0.268965751,0x3f800000,1,0x3eff8a99,0.499104291,0x3eff8a99,0.499104291,000111,0,7,0111,001111,1,7,111,0x3d7c54c8,0.0616042912,0x3cf8a990,0.0303542912,0xcb3c5000,-12341248,-3085312,-0.735668659
l2,0.0625,0,min-error,metric_min,exp1,0,1,1,0.268965453,0.268965751,0.268965453,0.268965751,2.98023224e-07,46,raw-and-scaled,6,1,fp6_e1m4,fp6_e2m3,4,3,4,86260,46,exp2,537575424,537591808,537591808,134397952,0.268965453,0.268965751,-16384,403177472,6.91413879e-05,0x3e89b5e1,0.268965751,0x3f800000,1,0xbf7fa6f6,-0.998641372,0xbf7fa6f6,-0.998641372,101111,0,15,1111,110111,2,7,111,0xbd7a6f60,-0.0611413717,0xbd7a6f60,-0.0611413717,0x00000000,0,0,0
l2,0.0625,0,min-error,metric_min,exp1,0,1,1,0.268965453,0.268965751,0.268965453,0.268965751,2.98023224e-07,47,raw-and-scaled,6,1,fp6_e1m4,fp6_e2m3,4,3,4,86260,47,exp2,537575424,537591808,537591808,134397952,0.268965453,0.268965751,-16384,403177472,6.91413879e-05,0x3e89b5e1,0.268965751,0x3f800000,1,0x3bff83be,0.00779768731,0x3bff83be,0.00779768731,000000,0,0,0000,000000,0,0,000,0x3bff83be,0.00779768731,0x3bff83be,0.00779768731,0x00000000,0,0,0
l2,0.0625,0,min-error,metric_min,exp1,0,1,1,0.268965453,0.268965751,0.268965453,0.268965751,2.98023224e-07,48,raw-and-scaled,6,1,fp6_e1m4,fp6_e2m3,4,3,4,86260,48,exp2,537575424,537591808,537591808,134397952,0.268965453,0.268965751,-16384,403177472,6.91413879e-05,0x3e89b5e1,0.268965751,0x3f800000,1,0x3effa92c,0.499337554,0x3effa92c,0.499337554,000111,0,7,0111,001111,1,7,111,0x3d7d4960,0.061837554,0x3cfa92c0,0.030587554,0xcb3d4000,-12402688,-3100672,-0.739400864
l2,0.0625,0,min-error,metric_min,exp1,0,1,1,0.268965453,0.268965751,0.268965453,0.268965751,2.98023224e-07,49,raw-and-scaled,6,1,fp6_e1m4,fp6_e2m3,4,3,4,86260,49,exp2,537575424,537591808,537591808,134397952,0.268965453,0.268965751,-16384,403177472,6.91413879e-05,0x3e89b5e1,0.268965751,0x3f800000,1,0x3c7fb159,0.0156062478,0x3c7fb159,0.0156062478,000000,0,0,0000,000000,0,0,000,0x3c7fb159,0.0156062478,0x3c7fb159,0.0156062478,0x00000000,0,0,0
l2,0.0625,0,min-error,metric_min,exp1,0,1,1,0.268965453,0.268965751,0.268965453,0.268965751,2.98023224e-07,50,raw-and-scaled,6,1,fp6_e1m4,fp6_e2m3,4,3,4,86260,50,exp2,537575424,537591808,537591808,134397952,0.268965453,0.268965751,-16384,403177472,6.91413879e-05,0x3e89b5e1,0.268965751,0x3f800000,1,0x3b7fb94d,0.003902036,0x3b7fb94d,0.003902036,000000,0,0,0000,000000,0,0,000,0x3b7fb94d,0.003902036,0x3b7fb94d,0.003902036,0x00000000,0,0,0
l2,0.0625,0,min-error,metric_min,exp1,0,1,1,0.268965453,0.268965751,0.268965453,0.268965751,2.98023224e-07,51,raw-and-scaled,6,1,fp6_e1m4,fp6_e2m3,4,3,4,86260,51,exp2,537575424,537591808,537591808,134397952,0.268965453,0.268965751,-16384,403177472,6.91413879e-05,0x3e89b5e1,0.268965751,0x3f800000,1,0x3c7f88a8,0.0155965462,0x3c7f88a8,0.0155965462,000000,0,0,0000,000000,0,0,000,0x3c7f88a8,0.0155965462,0x3c7f88a8,0.0155965462,0x00000000,0,0,0
l2,0.0625,0,min-error,metric_min,exp1,0,1,1,0.268965453,0.268965751,0.268965453,0.268965751,2.98023224e-07,52,raw-and-scaled,6,1,fp6_e1m4,fp6_e2m3,4,3,4,86260,52,exp2,537575424,537591808,537591808,134397952,0.268965453,0.268965751,-16384,403177472,6.91413879e-05,0x3e89b5e1,0.268965751,0x3f800000,1,0x3d7faee6,0.0624226555,0x3d7faee6,0.0624226555,000000,0,0,0000,000001,0,1,001,0x3d7faee6,0.0624226555,0x3cff5dcc,0.0311726555,0xcb3fa000,-12558336,-3139584,-0.748762488
l2,0.0625,0,min-error,metric_min,exp1,0,1,1,0.268965453,0.268965751,0.268965453,0.268965751,2.98023224e-07,53,raw-and-scaled,6,1,fp6_e1m4,fp6_e2m3,4,3,4,86260,53,exp2,537575424,537591808,537591808,134397952,0.268965453,0.268965751,-16384,403177472,6.91413879e-05,0x3e89b5e1,0.268965751,0x3f800000,1,0x3effa8ae,0.499333799,0x3effa8ae,0.499333799,000111,0,7,0111,001111,1,7,111,0x3d7d4570,0.0618337989,0x3cfa8ae0,0.0305837989,0xcb3d4000,-12402688,-3100672,-0.739340782
l2,0.0625,0,min-error,metric_min,exp1,0,1,1,0.268965453,0.268965751,0.268965453,0.268965751,2.98023224e-07,54,raw-and-scaled,6,1,fp6_e1m4,fp6_e2m3,4,3,4,86260,54,exp2,537575424,537591808,537591808,134397952,0.268965453,0.268965751,-16384,403177472,6.91413879e-05,0x3e89b5e1,0.268965751,0x3f800000,1,0xbb7fba3e,-0.00390209211,0xbb7fba3e,-0.00390209211,100000,0,0,0000,100000,0,0,000,0xbb7fba3e,-0.00390209211,0xbb7fba3e,-0.00390209211,0x00000000,0,0,0
l2,0.0625,0,min-error,metric_min,exp1,0,1,1,0.268965453,0.268965751,0.268965453,0.268965751,2.98023224e-07,55,raw-and-scaled,6,1,fp6_e1m4,fp6_e2m3,4,3,4,86260,55,exp2,537575424,537591808,537591808,134397952,0.268965453,0.268965751,-16384,403177472,6.91413879e-05,0x3e89b5e1,0.268965751,0x3f800000,1,0x3effb30b,0.499412864,0x3effb30b,0.499412864,000111,0,7,0111,001111,1,7,111,0x3d7d9858,0.0619128644,0x3cfb30b0,0.0306628644,0xcb3d9000,-12423168,-3105792,-0.740605831
l2,0.0625,0,min-error,metric_min,exp1,0,1,1,0.268965453,0.268965751,0.268965453,0.268965751,2.98023224e-07,56,raw-and-scaled,6,1,fp6_e1m4,fp6_e2m3,4,3,4,86260,56,exp2,537575424,537591808,537591808,134397952,0.268965453,0.268965751,-16384,403177472,6.91413879e-05,0x3e89b5e1,0.268965751,0x3f800000,1,0xbdffab01,-0.124837883,0xbdffab01,-0.124837883,100001,0,1,0001,100011,0,3,011,0xbd7f5602,-0.0623378828,0xbcfeac04,-0.0310878828,0xcb3f5000,-12537856,-3134464,-0.747406125
l2,0.0625,0,min-error,metric_min,exp1,0,1,1,0.268965453,0.268965751,0.268965453,0.268965751,2.98023224e-07,57,raw-and-scaled,6,1,fp6_e1m4,fp6_e2m3,4,3,4,86260,57,exp2,537575424,537591808,537591808,134397952,0.268965453,0.268965751,-16384,403177472,6.91413879e-05,0x3e89b5e1,0.268965751,0x3f800000,1,0x3c7fa6d4,0.0156037398,0x3c7fa6d4,0.0156037398,000000,0,0,0000,000000,0,0,000,0x3c7fa6d4,0.0156037398,0x3c7fa6d4,0.0156037398,0x00000000,0,0,0
l2,0.0625,0,min-error,metric_min,exp1,0,1,1,0.268965453,0.268965751,0.268965453,0.268965751,2.98023224e-07,58,raw-and-scaled,6,1,fp6_e1m4,fp6_e2m3,4,3,4,86260,58,exp2,537575424,537591808,537591808,134397952,0.268965453,0.268965751,-16384,403177472,6.91413879e-05,0x3e89b5e1,0.268965751,0x3f800000,1,0xbe7fbb14,-0.249737084,0xbe7fbb14,-0.249737084,100011,0,3,0011,100111,0,7,111,0xbd7eec50,-0.0622370839,0xbcfdd8a0,-0.0309870839,0xcb3ee000,-12509184,-3127296,-0.745793343
l2,0.0625,0,min-error,metric_min,exp1,0,1,1,0.268965453,0.268965751,0.268965453,0.268965751,2.98023224e-07,59,raw-and-scaled,6,1,fp6_e1m4,fp6_e2m3,4,3,4,86260,59,exp2,537575424,537591808,537591808,134397952,0.268965453,0.268965751,-16384,403177472,6.91413879e-05,0x3e89b5e1,0.268965751,0x3f800000,1,0xbcffbafe,-0.0312170945,0xbcffbafe,-0.0312170945,100000,0,0,0000,100000,0,0,000,0xbcffbafe,-0.0312170945,0xbcffbafe,-0.0312170945,0x00000000,0,0,0
l2,0.0625,0,min-error,metric_min,exp1,0,1,1,0.268965453,0.268965751,0.268965453,0.268965751,2.98023224e-07,60,raw-and-scaled,6,1,fp6_e1m4,fp6_e2m3,4,3,4,86260,60,exp2,537575424,537591808,537591808,134397952,0.268965453,0.268965751,-16384,403177472,6.91413879e-05,0x3e89b5e1,0.268965751,0x3f800000,1,0xbeffb316,-0.499413192,0xbeffb316,-0.499413192,100111,0,7,0111,101111,1,7,111,0xbd7d98b0,-0.0619131923,0xbcfb3160,-0.0306631923,0xcb3d9000,-12423168,-3105792,-0.740611076
l2,0.0625,0,min-error,metric_min,exp1,0,1,1,0.268965453,0.268965751,0.268965453,0.268965751,2.98023224e-07,61,raw-and-scaled,6,1,fp6_e1m4,fp6_e2m3,4,3,4,86260,61,exp2,537575424,537591808,537591808,134397952,0.268965453,0.268965751,-16384,403177472,6.91413879e-05,0x3e89b5e1,0.268965751,0x3f800000,1,0x3cffa96e,0.0312087201,0x3cffa96e,0.0312087201,000000,0,0,0000,000000,0,0,000,0x3cffa96e,0.0312087201,0x3cffa96e,0.0312087201,0x00000000,0,0,0
l2,0.0625,0,min-error,metric_min,exp1,0,1,1,0.268965453,0.268965751,0.268965453,0.268965751,2.98023224e-07,62,raw-and-scaled,6,1,fp6_e1m4,fp6_e2m3,4,3,4,86260,62,exp2,537575424,537591808,537591808,134397952,0.268965453,0.268965751,-16384,403177472,6.91413879e-05,0x3e89b5e1,0.268965751,0x3f800000,1,0xbe7fb5b4,-0.24971658,0xbe7fb5b4,-0.24971658,100011,0,3,0011,100111,0,7,111,0xbd7ed6d0,-0.0622165799,0xbcfdada0,-0.0309665799,0xcb3ed000,-12505088,-3126272,-0.745465279
l2,0.0625,0,min-error,metric_min,exp1,0,1,1,0.268965453,0.268965751,0.268965453,0.268965751,2.98023224e-07,63,raw-and-scaled,6,1,fp6_e1m4,fp6_e2m3,4,3,4,86260,63,exp2,537575424,537591808,537591808,134397952,0.268965453,0.268965751,-16384,403177472,6.91413879e-05,0x3e89b5e1,0.268965751,0x3f800000,1,0xbdffba0e,-0.12486659,0xbdffba0e,-0.12486659,100001,0,1,0001,100011,0,3,011,0xbd7f741c,-0.0623665899,0xbcfee838,-0.0311165899,0xcb3f7000,-12546048,-3136512,-0.747865438
l2,0.0625,0,min-error,metric_min,exp1,0,1,1,0.268965453,0.268965751,0.268965453,0.268965751,2.98023224e-07,64,raw-and-scaled,6,1,fp6_e1m4,fp6_e2m3,4,3,4,86260,64,exp2,537575424,537591808,537591808,134397952,0.268965453,0.268965751,-16384,403177472,6.91413879e-05,0x3e89b5e1,0.268965751,0x3f800000,1,0xbd7fb229,-0.0624257661,0xbd7fb229,-0.0624257661,100000,0,0,0000,100001,0,1,001,0xbd7fb229,-0.0624257661,0xbcff6452,-0.0311757661,0xcb3fb000,-12562432,-3140608,-0.748812258
l2,0.0625,0,min-error,metric_min,exp1,0,1,1,0.268965453,0.268965751,0.268965453,0.268965751,2.98023224e-07,65,raw-and-scaled,6,1,fp6_e1m4,fp6_e2m3,4,3,4,86260,65,exp2,537575424,537591808,537591808,134397952,0.268965453,0.268965751,-16384,403177472,6.91413879e-05,0x3e89b5e1,0.268965751,0x3f800000,1,0x3b7fafcb,0.00390146929,0x3b7fafcb,0.00390146929,000000,0,0,0000,000000,0,0,000,0x3b7fafcb,0.00390146929,0x3b7fafcb,0.00390146929,0x00000000,0,0,0
l2,0.0625,0,min-error,metric_min,exp1,0,1,1,0.268965453,0.268965751,0.268965453,0.268965751,2.98023224e-07,66,raw-and-scaled,6,1,fp6_e1m4,fp6_e2m3,4,3,4,86260,66,exp2,537575424,537591808,537591808,134397952,0.268965453,0.268965751,-16384,403177472,6.91413879e-05,0x3e89b5e1,0.268965751,0x3f800000,1,0x3aff9959,0.00195006572,0x3aff9959,0.00195006572,000000,0,0,0000,000000,0,0,000,0x3aff9959,0.00195006572,0x3aff9959,0.00195006572,0x00000000,0,0,0
l2,0.0625,0,min-error,metric_min,exp1,0,1,1,0.268965453,0.268965751,0.268965453,0.268965751,2.98023224e-07,67,raw-and-scaled,6,1,fp6_e1m4,fp6_e2m3,4,3,4,86260,67,exp2,537575424,537591808,537591808,134397952,0.268965453,0.268965751,-16384,403177472,6.91413879e-05,0x3e89b5e1,0.268965751,0x3f800000,1,0x3dffa9b2,0.124835387,0x3dffa9b2,0.124835387,000001,0,1,0001,000011,0,3,011,0x3d7f5364,0.0623353869,0x3cfea6c8,0.0310853869,0xcb3f5000,-12537856,-3134464,-0.74736619
l2,0.0625,0,min-error,metric_min,exp1,0,1,1,0.268965453,0.268965751,0.268965453,0.268965751,2.98023224e-07,68,raw-and-scaled,6,1,fp6_e1m4,fp6_e2m3,4,3,4,86260,68,exp2,537575424,537591808,537591808,134397952,0.268965453,0.268965751,-16384,403177472,6.91413879e-05,0x3e89b5e1,0.268965751,0x3f800000,1,0xbbff9126,-0.00779928546,0xbbff9126,-0.00779928546,100000,0,0,0000,100000,0,0,000,0xbbff9126,-0.00779928546,0xbbff9126,-0.00779928546,0x00000000,0,0,0
l2,0.0625,0,min-error,metric_min,exp1,0,1,1,0.268965453,0.268965751,0.268965453,0.268965751,2.98023224e-07,69,raw-and-scaled,6,1,fp6_e1m4,fp6_e2m3,4,3,4,86260,69,exp2,537575424,537591808,537591808,134397952,0.268965453,0.268965751,-16384,403177472,6.91413879e-05,0x3e89b5e1,0.268965751,0x3f800000,1,0x3d7f918e,0.0623946711,0x3d7f918e,0.0623946711,000000,0,0,0000,000001,0,1,001,0x3d7f918e,0.0623946711,0x3cff231c,0.0311446711,0xcb3f9000,-12554240,-3138560,-0.748314738
l2,0.0625,0,min-error,metric_min,exp1,0,1,1,0.268965453,0.268965751,0.268965453,0.268965751,2.98023224e-07,70,raw-and-scaled,6,1,fp6_e1m4,fp6_e2m3,4,3,4,86260,70,exp2,537575424,537591808,537591808,134397952,0.268965453,0.268965751,-16384,403177472,6.91413879e-05,0x3e89b5e1,0.268965751,0x3f800000,1,0x3fff82ba,1.99617696,0x3fff82ba,1.99617696,011111,1,15,1111,011111,3,7,111,0x3d705740,0.0586769581,0x3df82ba0,0.121176958,0x4c382000,48267264,48267264,2.87766266
l2,0.0625,0,min-error,metric_min,exp1,0,1,1,0.268965453,0.268965751,0.268965453,0.268965751,2.98023224e-07,71,raw-and-scaled,6,1,fp6_e1m4,fp6_e2m3,4,3,4,86260,71,exp2,537575424,537591808,537591808,134397952,0.268965453,0.268965751,-16384,403177472,6.91413879e-05,0x3e89b5e1,0.268965751,0x3f800000,1,0xbbffaafa,-0.00780236442,0xbbffaafa,-0.00780236442,100000,0,0,0000,100000,0,0,000,0xbbffaafa,-0.00780236442,0xbbffaafa,-0.00780236442,0x00000000,0,0,0
l2,0.0625,0,min-error,metric_min,exp1,0,1,1,0.268965453,0.268965751,0.268965453,0.268965751,2.98023224e-07,72,raw-and-scaled,6,1,fp6_e1m4,fp6_e2m3,4,3,4,86260,72,exp2,537575424,537591808,537591808,134397952,0.268965453,0.268965751,-16384,403177472,6.91413879e-05,0x3e89b5e1,0.268965751,0x3f800000,1,0xbbff95cb,-0.00779983914,0xbbff95cb,-0.00779983914,100000,0,0,0000,100000,0,0,000,0xbbff95cb,-0.00779983914,0xbbff95cb,-0.00779983914,0x00000000,0,0,0
l2,0.0625,0,min-error,metric_min,exp1,0,1,1,0.268965453,0.268965751,0.268965453,0.268965751,2.98023224e-07,73,raw-and-scaled,6,1,fp6_e1m4,fp6_e2m3,4,3,4,86260,73,exp2,537575424,537591808,537591808,134397952,0.268965453,0.268965751,-16384,403177472,6.91413879e-05,0x3e89b5e1,0.268965751,0x3f800000,1,0x3dff9dbc,0.124812573,0x3dff9dbc,0.124812573,000001,0,1,0001,000011,0,3,011,0x3d7f3b78,0.0623125732,0x3cfe76f0,0.0310625732,0xcb3f3000,-12529664,-3132416,-0.747001171
l2,0.0625,0,min-error,metric_min,exp1,0,1,1,0.268965453,0.268965751,0.268965453,0.268965751,2.98023224e-07,74,raw-and-scaled,6,1,fp6_e1m4,fp6_e2m3,4,3,4,86260,74,exp2,537575424,537591808,537591808,134397952,0.268965453,0.268965751,-16384,403177472,6.91413879e-05,0x3e89b5e1,0.268965751,0x3f800000,1,0xbaffa88b,-0.00195051858,0xbaffa88b,-0.00195051858,100000,0,0,0000,100000,0,0,000,0xbaffa88b,-0.00195051858,0xbaffa88b,-0.00195051858,0x00000000,0,0,0
l2,0.0625,0,min-error,metric_min,exp1,0,1,1,0.268965453,0.268965751,0.268965453,0.268965751,2.98023224e-07,75,raw-and-scaled,6,1,fp6_e1m4,fp6_e2m3,4,3,4,86260,75,exp2,537575424,537591808,537591808,134397952,0.268965453,0.268965751,-16384,403177472,6.91413879e-05,0x3e89b5e1,0.268965751,0x3f800000,1,0xbdff986c,-0.12480244,0xbdff986c,-0.12480244,100001,0,1,0001,100011,0,3,011,0xbd7f30d8,-0.0623024404,0xbcfe61b0,-0.0310524404,0xcb3f3000,-12529664,-3132416,-0.746839046
l2,0.0625,0,min-error,metric_min,exp1,0,1,1,0.268965453,0.268965751,0.268965453,0.268965751,2.98023224e-07,76,raw-and-scaled,6,1,fp6_e1m4,fp6_e2m3,4,3,4,86260,76,exp2,537575424,537591808,537591808,134397952,0.268965453,0.268965751,-16384,403177472,6.91413879e-05,0x3e89b5e1,0.268965751,0x3f800000,1,0x3d7fa889,0.062416587,0x3d7fa889,0.062416587,000000,0,0,0000,000001,0,1,001,0x3d7fa889,0.062416587,0x3cff5112,0.031166587,0xcb3fa000,-12558336,-3139584,-0.748665392
l2,0.0625,0,min-error,metric_min,exp1,0,1,1,0.268965453,0.268965751,0.268965453,0.268965751,2.98023224e-07,77,raw-and-scaled,6,1,fp6_e1m4,fp6_e2m3,4,3,4,86260,77,exp2,537575424,537591808,537591808,134397952,0.268965453,0.268965751,-16384,403177472,6.91413879e-05,0x3e89b5e1,0.268965751,0x3f800000,1,0x3c7fa75a,0.0156038646,0x3c7fa75a,0.0156038646,000000,0,0,0000,000000,0,0,000,0x3c7fa75a,0.0156038646,0x3c7fa75a,0.0156038646,0x00000000,0,0,0
l2,0.0625,0,min-error,metric_min,exp1,0,1,1,0.268965453,0.268965751,0.268965453,0.268965751,2.98023224e-07,78,raw-and-scaled,6,1,fp6_e1m4,fp6_e2m3,4,3,4,86260,78,exp2,537575424,537591808,537591808,134397952,0.268965453,0.268965751,-16384,403177472,6.91413879e-05,0x3e89b5e1,0.268965751,0x3f800000,1,0x3b7f98f2,0.00390010746,0x3b7f98f2,0.00390010746,000000,0,0,0000,000000,0,0,000,0x3b7f98f2,0.00390010746,0x3b7f98f2,0.00390010746,0x00000000,0,0,0
l2,0.0625,0,min-error,metric_min,exp1,0,1,1,0.268965453,0.268965751,0.268965453,0.268965751,2.98023224e-07,79,raw-and-scaled,6,1,fp6_e1m4,fp6_e2m3,4,3,4,86260,79,exp2,537575424,537591808,537591808,134397952,0.268965453,0.268965751,-16384,403177472,6.91413879e-05,0x3e89b5e1,0.268965751,0x3f800000,1,0x3bffa941,0.00780215906,0x3bffa941,0.00780215906,000000,0,0,0000,000000,0,0,000,0x3bffa941,0.00780215906,0x3bffa941,0.00780215906,0x00000000,0,0,0
l2,0.0625,0,min-error,metric_min,exp1,0,1,1,0.268965453,0.268965751,0.268965453,0.268965751,2.98023224e-07,80,raw-and-scaled,6,1,fp6_e1m4,fp6_e2m3,4,3,4,86260,80,exp2,537575424,537591808,537591808,134397952,0.268965453,0.268965751,-16384,403177472,6.91413879e-05,0x3e89b5e1,0.268965751,0x3f800000,1,0xbb7fb57c,-0.00390180852,0xbb7fb57c,-0.00390180852,100000,0,0,0000,100000,0,0,000,0xbb7fb57c,-0.00390180852,0xbb7fb57c,-0.00390180852,0x00000000,0,0,0
l2,0.0625,0,min-error,metric_min,exp1,0,1,1,0.268965453,0.268965751,0.268965453,0.268965751,2.98023224e-07,81,raw-and-scaled,6,1,fp6_e1m4,fp6_e2m3,4,3,4,86260,81,exp2,537575424,537591808,537591808,134397952,0.268965453,0.268965751,-16384,403177472,6.91413879e-05,0x3e89b5e1,0.268965751,0x3f800000,1,0x3fffa57c,1.99723768,0x3fffa57c,1.99723768,011111,1,15,1111,011111,3,7,111,0x3d74af80,0.0597376823,0x3dfa57c0,0.122237682,0x4c3a5000,48840704,48840704,2.91160583
l2,0.0625,0,min-error,metric_min,exp1,0,1,1,0.268965453,0.268965751,0.268965453,0.268965751,2.98023224e-07,82,raw-and-scaled,6,1,fp6_e1m4,fp6_e2m3,4,3,4,86260,82,exp2,537575424,537591808,537591808,134397952,0.268965453,0.268965751,-16384,403177472,6.91413879e-05,0x3e89b5e1,0.268965751,0x3f800000,1,0xbf7fb83f,-0.998905122,0xbf7fb83f,-0.998905122,101111,0,15,1111,110111,2,7,111,0xbd7b83f0,-0.0614051223,0xbd7b83f0,-0.0614051223,0x00000000,0,0,0
l2,0.0625,0,min-error,metric_min,exp1,0,1,1,0.268965453,0.268965751,0.268965453,0.268965751,2.98023224e-07,83,raw-and-scaled,6,1,fp6_e1m4,fp6_e2m3,4,3,4,86260,83,exp2,537575424,537591808,537591808,134397952,0.268965453,0.268965751,-16384,403177472,6.91413879e-05,0x3e89b5e1,0.268965751,0x3f800000,1,0x3d7fba3a,0.0624334589,0x3d7fba3a,0.0624334589,000000,0,0,0000,000001,0,1,001,0x3d7fba3a,0.0624334589,0x3cff7474,0.0311834589,0xcb3fb000,-12562432,-3140608,-0.748935342
l2,0.0625,0,min-error,metric_min,exp1,0,1,1,0.268965453,0.268965751,0.268965453,0.268965751,2.98023224e-07,84,raw-and-scaled,6,1,fp6_e1m4,fp6_e2m3,4,3,4,86260,84,exp2,537575424,537591808,537591808,134397952,0.268965453,0.268965751,-16384,403177472,6.91413879e-05,0x3e89b5e1,0.268965751,0x3f800000,1,0x3e7f8fbc,0.249571741,0x3e7f8fbc,0.249571741,000011,0,3,0011,000111,0,7,111,0x3d7e3ef0,0.0620717406,0x3cfc7de0,0.0308217406,0xcb3e3000,-12464128,-3116032,-0.74314785
l2,0.0625,0,min-error,metric_min,exp1,0,1,1,0.268965453,0.268965751,0.268965453,0.268965751,2.98023224e-07,85,raw-and-scaled,6,1,fp6_e1m4,fp6_e2m3,4,3,4,86260,85,exp2,537575424,537591808,537591808,134397952,0.268965453,0.268965751,-16384,403177472,6.91413879e-05,0x3e89b5e1,0.268965751,0x3f800000,1,0x3dff8676,0.124768183,0x3dff8676,0.124768183,000001,0,1,0001,000011,0,3,011,0x3d7f0cec,0.0622681826,0x3cfe19d8,0.0310181826,0xcb3f0000,-12517376,-3129344,-0.746290922
l2,0.0625,0,min-error,metric_min,exp1,0,1,1,0.268965453,0.268965751,0.268965453,0.268965751,2.98023224e-07,86,raw-and-scaled,6,1,fp6_e1m4,fp6_e2m3,4,3,4,86260,86,exp2,537575424,537591808,537591808,134397952,0.268965453,0.268965751,-16384,403177472,6.91413879e-05,0x3e89b5e1,0.268965751,0x3f800000,1,0xbb7fb1fd,-0.00390160014,0xbb7fb1fd,-0.00390160014,100000,0,0,0000,100000,0,0,000,0xbb7fb1fd,-0.00390160014,0xbb7fb1fd,-0.00390160014,0x00000000,0,0,0
l2,0.0625,0,min-error,metric_min,exp1,0,1,1,0.268965453,0.268965751,0.268965453,0.268965751,2.98023224e-07,87,raw-and-scaled,6,1,fp6_e1m4,fp6_e2m3,4,3,4,86260,87,exp2,537575424,537591808,537591808,134397952,0.268965453,0.268965751,-16384,403177472,6.91413879e-05,0x3e89b5e1,0.268965751,0x3f800000,1,0x3bff9100,0.00779926777,0x3bff9100,0.00779926777,000000,0,0,0000,000000,0,0,000,0x3bff9100,0.00779926777,0x3bff9100,0.00779926777,0x00000000,0,0,0
l2,0.0625,0,min-error,metric_min,exp1,0,1,1,0.268965453,0.268965751,0.268965453,0.268965751,2.98023224e-07,88,raw-and-scaled,6,1,fp6_e1m4,fp6_e2m3,4,3,4,86260,88,exp2,537575424,537591808,537591808,134397952,0.268965453,0.268965751,-16384,403177472,6.91413879e-05,0x3e89b5e1,0.268965751,0x3f800000,1,0x3f7f93b1,0.998347342,0x3f7f93b1,0.998347342,001111,0,15,1111,010111,2,7,111,0x3d793b10,0.060847342,0x3d793b10,0.060847342,0x00000000,0,0,0
l2,0.0625,0,min-error,metric_min,exp1,0,1,1,0.268965453,0.268965751,0.268965453,0.268965751,2.98023224e-07,89,raw-and-scaled,6,1,fp6_e1m4,fp6_e2m3,4,3,4,86260,89,exp2,537575424,537591808,537591808,134397952,0.268965453,0.268965751,-16384,403177472,6.91413879e-05,0x3e89b5e1,0.268965751,0x3f800000,1,0xbe7f8dd1,-0.249564424,0xbe7f8dd1,-0.249564424,100011,0,3,0011,100111,0,7,111,0xbd7e3744,-0.0620644242,0xbcfc6e88,-0.0308144242,0xcb3e3000,-12464128,-3116032,-0.743030787
l2,0.0625,0,min-error,metric_min,exp1,0,1,1,0.268965453,0.268965751,0.268965453,0.268965751,2.98023224e-07,90,raw-and-scaled,6,1,fp6_e1m4,fp6_e2m3,4,3,4,86260,90,exp2,537575424,537591808,537591808,134397952,0.268965453,0.268965751,-16384,403177472,6.91413879e-05,0x3e89b5e1,0.268965751,0x3f800000,1,0x3bffad2c,0.00780262612,0x3bffad2c,0.00780262612,000000,0,0,0000,000000,0,0,000,0x3bffad2c,0.00780262612,0x3bffad2c,0.00780262612,0x00000000,0,0,0
l2,0.0625,0,min-error,metric_min,exp1,0,1,1,0.268965453,0.268965751,0.268965453,0.268965751,2.98023224e-07,91,raw-and-scaled,6,1,fp6_e1m4,fp6_e2m3,4,3,4,86260,91,exp2,537575424,537591808,537591808,134397952,0.268965453,0.268965751,-16384,403177472,6.91413879e-05,0x3e89b5e1,0.268965751,0x3f800000,1,0x3bff97ed,0.00780009339,0x3bff97ed,0.00780009339,000000,0,0,0000,000000,0,0,000,0x3bff97ed,0.00780009339,0x3bff97ed,0.00780009339,0x00000000,0,0,0
l2,0.0625,0,min-error,metric_min,exp1,0,1,1,0.268965453,0.268965751,0.268965453,0.268965751,2.98023224e-07,92,raw-and-scaled,6,1,fp6_e1m4,fp6_e2m3,4,3,4,86260,92,exp2,537575424,537591808,537591808,134397952,0.268965453,0.268965751,-16384,403177472,6.91413879e-05,0x3e89b5e1,0.268965751,0x3f800000,1,0xbbff9284,-0.00779944845,0xbbff9284,-0.00779944845,100000,0,0,0000,100000,0,0,000,0xbbff9284,-0.00779944845,0xbbff9284,-0.00779944845,0x00000000,0,0,0
l2,0.0625,0,min-error,metric_min,exp1,0,1,1,0.268965453,0.268965751,0.268965453,0.268965751,2.98023224e-07,93,raw-and-scaled,6,1,fp6_e1m4,fp6_e2m3,4,3,4,86260,93,exp2,537575424,537591808,537591808,134397952,0.268965453,0.268965751,-16384,403177472,6.91413879e-05,0x3e89b5e1,0.268965751,0x3f800000,1,0x3effb9c7,0.499464244,0x3effb9c7,0.499464244,000111,0,7,0111,001111,1,7,111,0x3d7dce38,0.0619642437,0x3cfb9c70,0.0307142437,0xcb3dc000,-12435456,-3108864,-0.741427898
l2,0.0625,0,min-error,metric_min,exp1,0,1,1,0.268965453,0.268965751,0.268965453,0.268965751,2.98023224e-07,94,raw-and-scaled,6,1,fp6_e1m4,fp6_e2m3,4,3,4,86260,94,exp2,537575424,537591808,537591808,134397952,0.268965453,0.268965751,-16384,403177472,6.91413879e-05,0x3e89b5e1,0.268965751,0x3f800000,1,0x3fffbacf,1.99788845,0x3fffbacf,1.99788845,011111,1,15,1111,011111,3,7,111,0x3d7759e0,0.0603884459,0x3dfbacf0,0.122888446,0x4c3ba000,49184768,49184768,2.93243027
l2,0.0625,0,min-error,metric_min,exp1,0,1,1,0.268965453,0.268965751,0.268965453,0.268965751,2.98023224e-07,95,raw-and-scaled,6,1,fp6_e1m4,fp6_e2m3,4,3,4,86260,95,exp2,537575424,537591808,537591808,134397952,0.268965453,0.268965751,-16384,403177472,6.91413879e-05,0x3e89b5e1,0.268965751,0x3f800000,1,0xbf7fa365,-0.998586953,0xbf7fa365,-0.998586953,101111,0,15,1111,110111,2,7,111,0xbd7a3650,-0.0610869527,0xbd7a3650,-0.0610869527,0x00000000,0,0,0
l2,0.0625,0,min-error,metric_min,exp1,0,1,1,0.268965453,0.268965751,0.268965453,0.268965751,2.98023224e-07,96,raw-and-scaled,6,1,fp6_e1m4,fp6_e2m3,4,3,4,86260,96,exp2,537575424,537591808,537591808,134397952,0.268965453,0.268965751,-16384,403177472,6.91413879e-05,0x3e89b5e1,0.268965751,0x3f800000,1,0x3aff8454,0.00194943929,0x3aff8454,0.00194943929,000000,0,0,0000,000000,0,0,000,0x3aff8454,0.00194943929,0x3aff8454,0.00194943929,0x00000000,0,0,0
l2,0.0625,0,min-error,metric_min,exp1,0,1,1,0.268965453,0.268965751,0.268965453,0.268965751,2.98023224e-07,97,raw-and-scaled,6,1,fp6_e1m4,fp6_e2m3,4,3,4,86260,97,exp2,537575424,537591808,537591808,134397952,0.268965453,0.268965751,-16384,403177472,6.91413879e-05,0x3e89b5e1,0.268965751,0x3f800000,1,0xbaffb380,-0.00195084512,0xbaffb380,-0.00195084512,100000,0,0,0000,100000,0,0,000,0xbaffb380,-0.00195084512,0xbaffb380,-0.00195084512,0x00000000,0,0,0
l2,0.0625,0,min-error,metric_min,exp1,0,1,1,0.268965453,0.268965751,0.268965453,0.268965751,2.98023224e-07,98,raw-and-scaled,6,1,fp6_e1m4,fp6_e2m3,4,3,4,86260,98,exp2,537575424,537591808,537591808,134397952,0.268965453,0.268965751,-16384,403177472,6.91413879e-05,0x3e89b5e1,0.268965751,0x3f800000,1,0xbf7fb295,-0.998818696,0xbf7fb295,-0.998818696,101111,0,15,1111,110111,2,7,111,0xbd7b2950,-0.0613186955,0xbd7b2950,-0.0613186955,0x00000000,0,0,0
l2,0.0625,0,min-error,metric_min,exp1,0,1,1,0.268965453,0.268965751,0.268965453,0.268965751,2.98023224e-07,99,raw-and-scaled,6,1,fp6_e1m4,fp6_e2m3,4,3,4,86260,99,exp2,537575424,537591808,537591808,134397952,0.268965453,0.268965751,-16384,403177472,6.91413879e-05,0x3e89b5e1,0.268965751,0x3f800000,1,0x3cff92ca,0.0311979242,0x3cff92ca,0.0311979242,000000,0,0,0000,000000,0,0,000,0x3cff92ca,0.0311979242,0x3cff92ca,0.0311979242,0x00000000,0,0,0
l2,0.0625,0,min-error,metric_min,exp1,0,1,1,0.268965453,0.268965751,0.268965453,0.268965751,2.98023224e-07,100,raw-and-scaled,6,1,fp6_e1m4,fp6_e2m3,4,3,4,86260,100,exp2,537575424,537591808,537591808,134397952,0.268965453,0.268965751,-16384,403177472,6.91413879e-05,0x3e89b5e1,0.268965751,0x3f800000,1,0xbaff9194,-0.00194983417,0xbaff9194,-0.00194983417,100000,0,0,0000,100000,0,0,000,0xbaff9194,-0.00194983417,0xbaff9194,-0.00194983417,0x00000000,0,0,0
l2,0.0625,0,min-error,metric_min,exp1,0,1,1,0.268965453,0.268965751,0.268965453,0.268965751,2.98023224e-07,101,raw-and-scaled,6,1,fp6_e1m4,fp6_e2m3,4,3,4,86260,101,exp2,537575424,537591808,537591808,134397952,0.268965453,0.268965751,-16384,403177472,6.91413879e-05,0x3e89b5e1,0.268965751,0x3f800000,1,0xbeffbdbc,-0.499494433,0xbeffbdbc,-0.499494433,100111,0,7,0111,101111,1,7,111,0xbd7dede0,-0.0619944334,0xbcfbdbc0,-0.0307444334,0xcb3de000,-12443648,-3110912,-0.741910934
l2,0.0625,0,min-error,metric_min,exp1,0,1,1,0.268965453,0.268965751,0.268965453,0.268965751,2.98023224e-07,102,raw-and-scaled,6,1,fp6_e1m4,fp6_e2m3,4,3,4,86260,102,exp2,537575424,537591808,537591808,134397952,0.268965453,0.268965751,-16384,403177472,6.91413879e-05,0x3e89b5e1,0.268965751,0x3f800000,1,0xbfffa120,-1.99710464,0xbfffa120,-1.99710464,111111,1,15,1111,111111,3,7,111,0xbd742400,-0.0596046448,0xbdfa1200,-0.122104645,0x4c3a1000,48775168,48775168,2.90734863
l2,0.0625,0,min-error,metric_min,exp1,0,1,1,0.268965453,0.268965751,0.268965453,0.268965751,2.98023224e-07,103,raw-and-scaled,6,1,fp6_e1m4,fp6_e2m3,4,3,4,86260,103,exp2,537575424,537591808,537591808,134397952,0.268965453,0.268965751,-16384,403177472,6.91413879e-05,0x3e89b5e1,0.268965751,0x3f800000,1,0x3fffbdbf,1.99797809,0x3fffbdbf,1.99797809,011111,1,15,1111,011111,3,7,111,0x3d77b7e0,0.0604780912,0x3dfbdbf0,0.122978091,0x4c3bd000,49233920,49233920,2.93529892
l2,0.0625,0,min-error,metric_min,exp1,0,1,1,0.268965453,0.268965751,0.268965453,0.268965751,2.98023224e-07,104,raw-and-scaled,6,1,fp6_e1m4,fp6_e2m3,4,3,4,86260,104,exp2,537575424,537591808,537591808,134397952,0.268965453,0.268965751,-16384,403177472,6.91413879e-05,0x3e89b5e1,0.268965751,0x3f800000,1,0xbf7f8525,-0.998125374,0xbf7f8525,-0.998125374,101111,0,15,1111,110111,2,7,111,0xbd785250,-0.0606253743,0xbd785250,-0.0606253743,0x00000000,0,0,0
l2,0.0625,0,min-error,metric_min,exp1,0,1,1,0.268965453,0.268965751,0.268965453,0.268965751,2.98023224e-07,105,raw-and-scaled,6,1,fp6_e1m4,fp6_e2m3,4,3,4,86260,105,exp2,537575424,537591808,537591808,134397952,0.268965453,0.268965751,-16384,403177472,6.91413879e-05,0x3e89b5e1,0.268965751,0x3f800000,1,0xbcffac8e,-0.0312102102,0xbcffac8e,-0.0312102102,100000,0,0,0000,100000,0,0,000,0xbcffac8e,-0.0312102102,0xbcffac8e,-0.0312102102,0x00000000,0,0,0
l2,0.0625,0,min-error,metric_min,exp1,0,1,1,0.268965453,0.268965751,0.268965453,0.268965751,2.98023224e-07,106,raw-and-scaled,6,1,fp6_e1m4,fp6_e2m3,4,3,4,86260,106,exp2,537575424,537591808,537591808,134397952,0.268965453,0.268965751,-16384,403177472,6.91413879e-05,0x3e89b5e1,0.268965751,0x3f800000,1,0xbbff9b41,-0.00780049013,0xbbff9b41,-0.00780049013,100000,0,0,0000,100000,0,0,000,0xbbff9b41,-0.00780049013,0xbbff9b41,-0.00780049013,0x00000000,0,0,0
l2,0.0625,0,min-error,metric_min,exp1,0,1,1,0.268965453,0.268965751,0.268965453,0.268965751,2.98023224e-07,107,raw-and-scaled,6,1,fp6_e1m4,fp6_e2m3,4,3,4,86260,107,exp2,537575424,537591808,537591808,134397952,0.268965453,0.268965751,-16384,403177472,6.91413879e-05,0x3e89b5e1,0.268965751,0x3f800000,1,0xbeffa22f,-0.499284238,0xbeffa22f,-0.499284238,100111,0,7,0111,101111,1,7,111,0xbd7d1178,-0.0617842376,0xbcfa22f0,-0.0305342376,0xcb3d1000,-12390400,-3097600,-0.738547802
l2,0.0625,0,min-error,metric_min,exp1,0,1,1,0.268965453,0.268965751,0.268965453,0.268965751,2.98023224e-07,108,raw-and-scaled,6,1,fp6_e1m4,fp6_e2m3,4,3,4,86260,108,exp2,537575424,537591808,537591808,134397952,0.268965453,0.268965751,-16384,403177472,6.91413879e-05,0x3e89b5e1,0.268965751,0x3f800000,1,0x3effae62,0.49937731,0x3effae62,0.49937731,000111,0,7,0111,001111,1,7,111,0x3d7d7310,0.0618773103,0x3cfae620,0.0306273103,0xcb3d7000,-12414976,-3103744,-0.740036964
l2,0.0625,0,min-error,metric_min,exp1,0,1,1,0.268965453,0.268965751,0.268965453,0.268965751,2.98023224e-07,109,raw-and-scaled,6,1,fp6_e1m4,fp6_e2m3,4,3,4,86260,109,exp2,537575424,537591808,537591808,134397952,0.268965453,0.268965751,-16384,403177472,6.91413879e-05,0x3e89b5e1,0.268965751,0x3f800000,1,0x3aff863c,0.0019494961,0x3aff863c,0.0019494961,000000,0,0,0000,000000,0,0,000,0x3aff863c,0.0019494961,0x3aff863c,0.0019494961,0x00000000,0,0,0
l2,0.0625,0,min-error,metric_min,exp1,0,1,1,0.268965453,0.268965751,0.268965453,0.268965751,2.98023224e-07,110,raw-and-scaled,6,1,fp6_e1m4,fp6_e2m3,4,3,4,86260,110,exp2,537575424,537591808,537591808,134397952,0.268965453,0.268965751,-16384,403177472,6.91413879e-05,0x3e89b5e1,0.268965751,0x3f800000,1,0x3affa646,0.00195045094,0x3affa646,0.00195045094,000000,0,0,0000,000000,0,0,000,0x3affa646,0.00195045094,0x3affa646,0.00195045094,0x00000000,0,0,0
l2,0.0625,0,min-error,metric_min,exp1,0,1,1,0.268965453,0.268965751,0.268965453,0.268965751,2.98023224e-07,111,raw-and-scaled,6,1,fp6_e1m4,fp6_e2m3,4,3,4,86260,111,exp2,537575424,537591808,537591808,134397952,0.268965453,0.268965751,-16384,403177472,6.91413879e-05,0x3e89b5e1,0.268965751,0x3f800000,1,0x3affacf3,0.00195064989,0x3affacf3,0.00195064989,000000,0,0,0000,000000,0,0,000,0x3affacf3,0.00195064989,0x3affacf3,0.00195064989,0x00000000,0,0,0
l2,0.0625,0,min-error,metric_min,exp1,0,1,1,0.268965453,0.268965751,0.268965453,0.268965751,2.98023224e-07,112,raw-and-scaled,6,1,fp6_e1m4,fp6_e2m3,4,3,4,86260,112,exp2,537575424,537591808,537591808,134397952,0.268965453,0.268965751,-16384,403177472,6.91413879e-05,0x3e89b5e1,0.268965751,0x3f800000,1,0x3bffa9ea,0.00780223776,0x3bffa9ea,0.00780223776,000000,0,0,0000,000000,0,0,000,0x3bffa9ea,0.00780223776,0x3bffa9ea,0.00780223776,0x00000000,0,0,0
l2,0.0625,0,min-error,metric_min,exp1,0,1,1,0.268965453,0.268965751,0.268965453,0.268965751,2.98023224e-07,113,raw-and-scaled,6,1,fp6_e1m4,fp6_e2m3,4,3,4,86260,113,exp2,537575424,537591808,537591808,134397952,0.268965453,0.268965751,-16384,403177472,6.91413879e-05,0x3e89b5e1,0.268965751,0x3f800000,1,0xbdff9182,-0.124789253,0xbdff9182,-0.124789253,100001,0,1,0001,100011,0,3,011,0xbd7f2304,-0.0622892529,0xbcfe4608,-0.0310392529,0xcb3f2000,-12525568,-3131392,-0.746628046
l2,0.0625,0,min-error,metric_min,exp1,0,1,1,0.268965453,0.268965751,0.268965453,0.268965751,2.98023224e-07,114,raw-and-scaled,6,1,fp6_e1m4,fp6_e2m3,4,3,4,86260,114,exp2,537575424,537591808,537591808,134397952,0.268965453,0.268965751,-16384,403177472,6.91413879e-05,0x3e89b5e1,0.268965751,0x3f800000,1,0x3dff809d,0.124757029,0x3dff809d,0.124757029,000001,0,1,0001,000011,0,3,011,0x3d7f013a,0.0622570291,0x3cfe0274,0.0310070291,0xcb3f0000,-12517376,-3129344,-0.746112466
l2,0.0625,0,min-error,metric_min,exp1,0,1,1,0.268965453,0.268965751,0.268965453,0.268965751,2.98023224e-07,115,raw-and-scaled,6,1,fp6_e1m4,fp6_e2m3,4,3,4,86260,115,exp2,537575424,537591808,537591808,134397952,0.268965453,0.268965751,-16384,403177472,6.91413879e-05,0x3e89b5e1,0.268965751,0x3f800000,1,0x3aff8035,0.00194931647,0x3aff8035,0.00194931647,000000,0,0,0000,000000,0,0,000,0x3aff8035,0.00194931647,0x3aff8035,0.00194931647,0x00000000,0,0,0
l2,0.0625,0,min-error,metric_min,exp1,0,1,1,0.268965453,0.268965751,0.268965453,0.268965751,2.98023224e-07,116,raw-and-scaled,6,1,fp6_e1m4,fp6_e2m3,4,3,4,86260,116,exp2,537575424,537591808,537591808,134397952,0.268965453,0.268965751,-16384,403177472,6.91413879e-05,0x3e89b5e1,0.268965751,0x3f800000,1,0x3d7fa88d,0.0624166019,0x3d7fa88d,0.0624166019,000000,0,0,0000,000001,0,1,001,0x3d7fa88d,0.0624166019,0x3cff511a,0.0311666019,0xcb3fa000,-12558336,-3139584,-0.748665631
l2,0.0625,0,min-error,metric_min,exp1,0,1,1,0.268965453,0.268965751,0.268965453,0.268965751,2.98023224e-07,117,raw-and-scaled,6,1,fp6_e1m4,fp6_e2m3,4,3,4,86260,117,exp2,537575424,537591808,537591808,134397952,0.268965453,0.268965751,-16384,403177472,6.91413879e-05,0x3e89b5e1,0.268965751,0x3f800000,1,0xbb7fb0da,-0.00390153239,0xbb7fb0da,-0.00390153239,100000,0,0,0000,100000,0,0,000,0xbb7fb0da,-0.00390153239,0xbb7fb0da,-0.00390153239,0x00000000,0,0,0
l2,0.0625,0,min-error,metric_min,exp1,0,1,1,0.268965453,0.268965751,0.268965453,0.268965751,2.98023224e-07,118,raw-and-scaled,6,1,fp6_e1m4,fp6_e2m3,4,3,4,86260,118,exp2,537575424,537591808,537591808,134397952,0.268965453,0.268965751,-16384,403177472,6.91413879e-05,0x3e89b5e1,0.268965751,0x3f800000,1,0xbf7f8b81,-0.998222411,0xbf7f8b81,-0.998222411,101111,0,15,1111,110111,2,7,111,0xbd78b810,-0.0607224107,0xbd78b810,-0.0607224107,0x00000000,0,0,0
l2,0.0625,0,min-error,metric_min,exp1,0,1,1,0.268965453,0.268965751,0.268965453,0.268965751,2.98023224e-07,119,raw-and-scaled,6,1,fp6_e1m4,fp6_e2m3,4,3,4,86260,119,exp2,537575424,537591808,537591808,134397952,0.268965453,0.268965751,-16384,403177472,6.91413879e-05,0x3e89b5e1,0.268965751,0x3f800000,1,0xbf7f9107,-0.998306692,0xbf7f9107,-0.998306692,101111,0,15,1111,110111,2,7,111,0xbd791070,-0.0608066916,0xbd791070,-0.0608066916,0x00000000,0,0,0
l2,0.0625,0,min-error,metric_min,exp1,0,1,1,0.268965453,0.268965751,0.268965453,0.268965751,2.98023224e-07,120,raw-and-scaled,6,1,fp6_e1m4,fp6_e2m3,4,3,4,86260,120,exp2,537575424,537591808,537591808,134397952,0.268965453,0.268965751,-16384,403177472,6.91413879e-05,0x3e89b5e1,0.268965751,0x3f800000,1,0xbbff939c,-0.00779957883,0xbbff939c,-0.00779957883,100000,0,0,0000,100000,0,0,000,0xbbff939c,-0.00779957883,0xbbff939c,-0.00779957883,0x00000000,0,0,0
l2,0.0625,0,min-error,metric_min,exp1,0,1,1,0.268965453,0.268965751,0.268965453,0.268965751,2.98023224e-07,121,raw-and-scaled,6,1,fp6_e1m4,fp6_e2m3,4,3,4,86260,121,exp2,537575424,537591808,537591808,134397952,0.268965453,0.268965751,-16384,403177472,6.91413879e-05,0x3e89b5e1,0.268965751,0x3f800000,1,0xbfffb9c1,-1.99785626,0xbfffb9c1,-1.99785626,111111,1,15,1111,111111,3,7,111,0xbd773820,-0.0603562593,0xbdfb9c10,-0.122856259,0x4c3b9000,49168384,49168384,2.9314003
l2,0.0625,0,min-error,metric_min,exp1,0,1,1,0.268965453,0.268965751,0.268965453,0.268965751,2.98023224e-07,122,raw-and-scaled,6,1,fp6_e1m4,fp6_e2m3,4,3,4,86260,122,exp2,537575424,537591808,537591808,134397952,0.268965453,0.268965751,-16384,403177472,6.91413879e-05,0x3e89b5e1,0.268965751,0x3f800000,1,0xbf7f8b21,-0.998216689,0xbf7f8b21,-0.998216689,101111,0,15,1111,110111,2,7,111,0xbd78b210,-0.0607166886,0xbd78b210,-0.0607166886,0x00000000,0,0,0
l2,0.0625,0,min-error,metric_min,exp1,0,1,1,0.268965453,0.268965751,0.268965453,0.268965751,2.98023224e-07,123,raw-and-scaled,6,1,fp6_e1m4,fp6_e2m3,4,3,4,86260,123,exp2,537575424,537591808,537591808,134397952,0.268965453,0.268965751,-16384,403177472,6.91413879e-05,0x3e89b5e1,0.268965751,0x3f800000,1,0xbbffa714,-0.00780189969,0xbbffa714,-0.00780189969,100000,0,0,0000,100000,0,0,000,0xbbffa714,-0.00780189969,0xbbffa714,-0.00780189969,0x00000000,0,0,0
l2,0.0625,0,min-error,metric_min,exp1,0,1,1,0.268965453,0.268965751,0.268965453,0.268965751,2.98023224e-07,124,raw-and-scaled,6,1,fp6_e1m4,fp6_e2m3,4,3,4,86260,124,exp2,537575424,537591808,537591808,134397952,0.268965453,0.268965751,-16384,403177472,6.91413879e-05,0x3e89b5e1,0.268965751,0x3f800000,1,0x3dff9699,0.124798961,0x3dff9699,0.124798961,000001,0,1,0001,000011,0,3,011,0x3d7f2d32,0.062298961,0x3cfe5a64,0.031048961,0xcb3f2000,-12525568,-3131392,-0.746783376
l2,0.0625,0,min-error,metric_min,exp1,0,1,1,0.268965453,0.268965751,0.268965453,0.268965751,2.98023224e-07,125,raw-and-scaled,6,1,fp6_e1m4,fp6_e2m3,4,3,4,86260,125,exp2,537575424,537591808,537591808,134397952,0.268965453,0.268965751,-16384,403177472,6.91413879e-05,0x3e89b5e1,0.268965751,0x3f800000,1,0xbbffb654,-0.00780371763,0xbbffb654,-0.00780371763,100000,0,0,0000,100000,0,0,000,0xbbffb654,-0.00780371763,0xbbffb654,-0.00780371763,0x00000000,0,0,0
l2,0.0625,0,min-error,metric_min,exp1,0,1,1,0.268965453,0.268965751,0.268965453,0.268965751,2.98023224e-07,126,raw-and-scaled,6,1,fp6_e1m4,fp6_e2m3,4,3,4,86260,126,exp2,537575424,537591808,537591808,134397952,0.268965453,0.268965751,-16384,403177472,6.91413879e-05,0x3e89b5e1,0.268965751,0x3f800000,1,0xbd7fbfcc,-0.0624387711,0xbd7fbfcc,-0.0624387711,100000,0,0,0000,100001,0,1,001,0xbd7fbfcc,-0.0624387711,0xbcff7f98,-0.0311887711,0xcb3fb000,-12562432,-3140608,-0.749020338
l2,0.0625,0,min-error,metric_min,exp1,0,1,1,0.268965453,0.268965751,0.268965453,0.268965751,2.98023224e-07,127,raw-and-scaled,6,1,fp6_e1m4,fp6_e2m3,4,3,4,86260,127,exp2,537575424,537591808,537591808,134397952,0.268965453,0.268965751,-16384,403177472,6.91413879e-05,0x3e89b5e1,0.268965751,0x3f800000,1,0xbdff9ac3,-0.124806903,0xbdff9ac3,-0.124806903,100001,0,1,0001,100011,0,3,011,0xbd7f3586,-0.0623069033,0xbcfe6b0c,-0.0310569033,0xcb3f3000,-12529664,-3132416,-0.746910453
l2,0.0625,0,min-error,metric_min,exp2,0,1,1,0.0938576236,0.0938569307,0.0938569307,0.0938576236,6.92903996e-07,0,raw-and-scaled,6,1,fp6_e1m4,fp6_e2m3,4,3,4,91730,0,exp1,224559104,224526336,224526336,56131584,0.0938576236,0.0938569307,32768,168427520,-0.000179290771,0x3dc0386d,0.0938576236,0x3f800000,1,0xba808080,-0.000980392098,0xba808080,-0.000980392098,100000,0,0,0000,100000,0,0,000,0xba808080,-0.000980392098,0xba808080,-0.000980392098,0x00000000,0,0,0
l2,0.0625,0,min-error,metric_min,exp2,0,1,1,0.0938576236,0.0938569307,0.0938569307,0.0938576236,6.92903996e-07,1,raw-and-scaled,6,1,fp6_e1m4,fp6_e2m3,4,3,4,91730,1,exp1,224559104,224526336,224526336,56131584,0.0938576236,0.0938569307,32768,168427520,-0.000179290771,0x3dc0386d,0.0938576236,0x3f800000,1,0xbf17f800,-0.59362793,0xbf17f800,-0.59362793,101001,0,9,1001,110001,2,1,001,0xbcff0000,-0.0311279297,0xbcff0000,-0.0311279297,0x00000000,0,0,0
l2,0.0625,0,min-error,metric_min,exp2,0,1,1,0.0938576236,0.0938569307,0.0938569307,0.0938576236,6.92903996e-07,2,raw-and-scaled,6,1,fp6_e1m4,fp6_e2m3,4,3,4,91730,2,exp1,224559104,224526336,224526336,56131584,0.0938576236,0.0938569307,32768,168427520,-0.000179290771,0x3dc0386d,0.0938576236,0x3f800000,1,0x3b813fc0,0.00394436717,0x3b813fc0,0.00394436717,000000,0,0,0000,000000,0,0,000,0x3b813fc0,0.00394436717,0x3b813fc0,0.00394436717,0x00000000,0,0,0
l2,0.0625,0,min-error,metric_min,exp2,0,1,1,0.0938576236,0.0938569307,0.0938569307,0.0938576236,6.92903996e-07,3,raw-and-scaled,6,1,fp6_e1m4,fp6_e2m3,4,3,4,91730,3,exp1,224559104,224526336,224526336,56131584,0.0938576236,0.0938569307,32768,168427520,-0.000179290771,0x3dc0386d,0.0938576236,0x3f800000,1,0x3c8e0200,0.017334938,0x3c8e0200,0.017334938,000000,0,0,0000,000000,0,0,000,0x3c8e0200,0.017334938,0x3c8e0200,0.017334938,0x00000000,0,0,0
l2,0.0625,0,min-error,metric_min,exp2,0,1,1,0.0938576236,0.0938569307,0.0938569307,0.0938576236,6.92903996e-07,4,raw-and-scaled,6,1,fp6_e1m4,fp6_e2m3,4,3,4,91730,4,exp1,224559104,224526336,224526336,56131584,0.0938576236,0.0938569307,32768,168427520,-0.000179290771,0x3dc0386d,0.0938576236,0x3f800000,1,0x3b890100,0.00418102741,0x3b890100,0.00418102741,000000,0,0,0000,000000,0,0,000,0x3b890100,0.00418102741,0x3b890100,0.00418102741,0x00000000,0,0,0
l2,0.0625,0,min-error,metric_min,exp2,0,1,1,0.0938576236,0.0938569307,0.0938569307,0.0938576236,6.92903996e-07,5,raw-and-scaled,6,1,fp6_e1m4,fp6_e2m3,4,3,4,91730,5,exp1,224559104,224526336,224526336,56131584,0.0938576236,0.0938569307,32768,168427520,-0.000179290771,0x3dc0386d,0.0938576236,0x3f800000,1,0x3eabfc00,0.335906982,0x3eabfc00,0.335906982,000101,0,5,0101,001010,1,2,010,0x3cbfc000,0.0234069824,0x3cbfc000,0.0234069824,0x00000000,0,0,0
l2,0.0625,0,min-error,metric_min,exp2,0,1,1,0.0938576236,0.0938569307,0.0938569307,0.0938576236,6.92903996e-07,6,raw-and-scaled,6,1,fp6_e1m4,fp6_e2m3,4,3,4,91730,6,exp1,224559104,224526336,224526336,56131584,0.0938576236,0.0938569307,32768,168427520,-0.000179290771,0x3dc0386d,0.0938576236,0x3f800000,1,0xbd8d0100,-0.0688495636,0xbd8d0100,-0.0688495636,100001,0,1,0001,100010,0,2,010,0xbbd01000,-0.0063495636,0xbbd01000,-0.0063495636,0x00000000,0,0,0
l2,0.0625,0,min-error,metric_min,exp2,0,1,1,0.0938576236,0.0938569307,0.0938569307,0.0938576236,6.92903996e-07,7,raw-and-scaled,6,1,fp6_e1m4,fp6_e2m3,4,3,4,91730,7,exp1,224559104,224526336,224526336,56131584,0.0938576236,0.0938569307,32768,168427520,-0.000179290771,0x3dc0386d,0.0938576236,0x3f800000,1,0x3b0eff00,0.00218194723,0x3b0eff00,0.00218194723,000000,0,0,0000,000000,0,0,000,0x3b0eff00,0.00218194723,0x3b0eff00,0.00218194723,0x00000000,0,0,0
l2,0.0625,0,min-error,metric_min,exp2,0,1,1,0.0938576236,0.0938569307,0.0938569307,0.0938576236,6.92903996e-07,8,raw-and-scaled,6,1,fp6_e1m4,fp6_e2m3,4,3,4,91730,8,exp1,224559104,224526336,224526336,56131584,0.0938576236,0.0938569307,32768,168427520,-0.000179290771,0x3dc0386d,0.0938576236,0x3f800000,1,0xbf910100,-1.13284302,0xbf910100,-1.13284302,110010,1,2,0010,111001,3,1,001,0xbc008000,-0.00784301758,0xbc008000,-0.00784301758,0x00000000,0,0,0
l2,0.0625,0,min-error,metric_min,exp2,0,1,1,0.0938576236,0.0938569307,0.0938569307,0.0938576236,6.92903996e-07,9,raw-and-scaled,6,1,fp6_e1m4,fp6_e2m3,4,3,4,91730,9,exp1,224559104,224526336,224526336,56131584,0.0938576236,0.0938569307,32768,168427520,-0.000179290771,0x3dc0386d,0.0938576236,0x3f800000,1,0x3ba60200,0.00506615639,0x3ba60200,0.00506615639,000000,0,0,0000,000000,0,0,000,0x3ba60200,0.00506615639,0x3ba60200,0.00506615639,0x00000000,0,0,0
l2,0.0625,0,min-error,metric_min,exp2,0,1,1,0.0938576236,0.0938569307,0.0938569307,0.0938576236,6.92903996e-07,10,raw-and-scaled,6,1,fp6_e1m4,fp6_e2m3,4,3,4,91730,10,exp1,224559104,224526336,224526336,56131584,0.0938576236,0.0938569307,32768,168427520,-0.000179290771,0x3dc0386d,0.0938576236,0x3f800000,1,0x3d0a7f80,0.0338129997,0x3d0a7f80,0.0338129997,000000,0,0,0000,000001,0,1,001,0x3d0a7f80,0.0338129997,0x3b27f800,0.00256299973,0xca94e000,-4878336,-1219584,-0.291007996
l2,0.0625,0,min-error,metric_min,exp2,0,1,1,0.0938576236,0.0938569307,0.0938569307,0.0938576236,6.92903996e-07,11,raw-and-scaled,6,1,fp6_e1m4,fp6_e2m3,4,3,4,91730,11,exp1,224559104,224526336,224526336,56131584,0.0938576236,0.0938569307,32768,168427520,-0.000179290771,0x3dc0386d,0.0938576236,0x3f800000,1,0x3cb7f800,0.0224571228,0x3cb7f800,0.0224571228,000000,0,0,0000,000000,0,0,000,0x3cb7f800,0.0224571228,0x3cb7f800,0.0224571228,0x00000000,0,0,0
l2,0.0625,0,min-error,metric_min,exp2,0,1,1,0.0938576236,0.0938569307,0.0938569307,0.0938576236,6.92903996e-07,12,raw-and-scaled,6,1,fp6_e1m4,fp6_e2m3,4,3,4,91730,12,exp1,224559104,224526336,224526336,56131584,0.0938576236,0.0938569307,32768,168427520,-0.000179290771,0x3dc0386d,0.0938576236,0x3f800000,1,0xbe063fc0,-0.131102562,0xbe063fc0,-0.131102562,100010,0,2,0010,100100,0,4,100,0xbbc7f800,-0.00610256195,0xbbc7f800,-0.00610256195,0x00000000,0,0,0
l2,0.0625,0,min-error,metric_min,exp2,0,1,1,0.0938576236,0.0938569307,0.0938569307,0.0938576236,6.92903996e-07,13,raw-and-scaled,6,1,fp6_e1m4,fp6_e2m3,4,3,4,91730,13,exp1,224559104,224526336,224526336,56131584,0.0938576236,0.0938569307,32768,168427520,-0.000179290771,0x3dc0386d,0.0938576236,0x3f800000,1,0x3ab60200,0.00138860941,0x3ab60200,0.00138860941,000000,0,0,0000,000000,0,0,000,0x3ab60200,0.00138860941,0x3ab60200,0.00138860941,0x00000000,0,0,0
l2,0.0625,0,min-error,metric_min,exp2,0,1,1,0.0938576236,0.0938569307,0.0938569307,0.0938576236,6.92903996e-07,14,raw-and-scaled,6,1,fp6_e1m4,fp6_e2m3,4,3,4,91730,14,exp1,224559104,224526336,224526336,56131584,0.0938576236,0.0938569307,32768,168427520,-0.000179290771,0x3dc0386d,0.0938576236,0x3f800000,1,0x3d3a0200,0.0454120636,0x3d3a0200,0.0454120636,000000,0,0,0000,000001,0,1,001,0x3d3a0200,0.0454120636,0x3c680800,0.0141620636,0xcaf40000,-7995392,-1998848,-0.476593018
l2,0.0625,0,min-error,metric_min,exp2,0,1,1,0.0938576236,0.0938569307,0.0938569307,0.0938576236,6.92903996e-07,15,raw-and-scaled,6,1,fp6_e1m4,fp6_e2m3,4,3,4,91730,15,exp1,224559104,224526336,224526336,56131584,0.0938576236,0.0938569307,32768,168427520,-0.000179290771,0x3dc0386d,0.0938576236,0x3f800000,1,0xba9f0100,-0.00121310353,0xba9f0100,-0.00121310353,100000,0,0,0000,100000,0,0,000,0xba9f0100,-0.00121310353,0xba9f0100,-0.00121310353,0x00000000,0,0,0
l2,0.0625,0,min-error,metric_min,exp2,0,1,1,0.0938576236,0.0938569307,0.0938569307,0.0938576236,6.92903996e-07,16,raw-and-scaled,6,1,fp6_e1m4,fp6_e2m3,4,3,4,91730,16,exp1,224559104,224526336,224526336,56131584,0.0938576236,0.0938569307,32768,168427520,-0.000179290771,0x3dc0386d,0.0938576236,0x3f800000,1,0x3f420200,0.757843018,0x3f420200,0.757843018,001100,0,12,1100,010100,2,4,100,0x3c008000,0.00784301758,0x3c008000,0.00784301758,0x00000000,0,0,0
l2,0.0625,0,min-error,metric_min,exp2,0,1,1,0.0938576236,0.0938569307,0.0938569307,0.0938576236,6.92903996e-07,17,raw-and-scaled,6,1,fp6_e1m4,fp6_e2m3,4,3,4,91730,17,exp1,224559104,224526336,224526336,56131584,0.0938576236,0.0938569307,32768,168427520,-0.000179290771,0x3dc0386d,0.0938576236,0x3f800000,1,0x3e460200,0.193367004,0x3e460200,0.193367004,000011,0,3,0011,000110,0,6,110,0x3bc04000,0.00586700439,0x3bc04000,0.00586700439,0x00000000,0,0,0
l2,0.0625,0,min-error,metric_min,exp2,0,1,1,0.0938576236,0.0938569307,0.0938569307,0.0938576236,6.92903996e-07,18,raw-and-scaled,6,1,fp6_e1m4,fp6_e2m3,4,3,4,91730,18,exp1,224559104,224526336,224526336,56131584,0.0938576236,0.0938569307,32768,168427520,-0.000179290771,0x3dc0386d,0.0938576236,0x3f800000,1,0x3e27f800,0.164031982,0x3e27f800,0.164031982,000010,0,2,0010,000101,0,5,101,0x3d1fe000,0.0390319824,0x3bff0000,0.00778198242,0xcabfc000,-6283264,-1570816,-0.374511719
l2,0.0625,0,min-error,metric_min,exp2,0,1,1,0.0938576236,0.0938569307,0.0938569307,0.0938576236,6.92903996e-07,19,raw-and-scaled,6,1,fp6_e1m4,fp6_e2m3,4,3,4,91730,19,exp1,224559104,224526336,224526336,56131584,0.0938576236,0.0938569307,32768,168427520,-0.000179290771,0x3dc0386d,0.0938576236,0x3f800000,1,0xbb4e0200,-0.00314342976,0xbb4e0200,-0.00314342976,100000,0,0,0000,100000,0,0,000,0xbb4e0200,-0.00314342976,0xbb4e0200,-0.00314342976,0x00000000,0,0,0
l2,0.0625,0,min-error,metric_min,exp2,0,1,1,0.0938576236,0.0938569307,0.0938569307,0.0938576236,6.92903996e-07,20,raw-and-scaled,6,1,fp6_e1m4,fp6_e2m3,4,3,4,91730,20,exp1,224559104,224526336,224526336,56131584,0.0938576236,0.0938569307,32768,168427520,-0.000179290771,0x3dc0386d,0.0938576236,0x3f800000,1,0xbb28ff00,-0.00257867575,0xbb28ff00,-0.00257867575,100000,0,0,0000,100000,0,0,000,0xbb28ff00,-0.00257867575,0xbb28ff00,-0.00257867575,0x00000000,0,0,0
l2,0.0625,0,min-error,metric_min,exp2,0,1,1,0.0938576236,0.0938569307,0.0938569307,0.0938576236,6.92903996e-07,21,raw-and-scaled,6,1,fp6_e1m4,fp6_e2m3,4,3,4,91730,21,exp1,224559104,224526336,224526336,56131584,0.0938576236,0.0938569307,32768,168427520,-0.000179290771,0x3dc0386d,0.0938576236,0x3f800000,1,0x3dabfc00,0.0839767456,0x3dabfc00,0.0839767456,000001,0,1,0001,000010,0,2,010,0x3caff000,0.0214767456,0x3caff000,0.0214767456,0x00000000,0,0,0
l2,0.0625,0,min-error,metric_min,exp2,0,1,1,0.0938576236,0.0938569307,0.0938569307,0.0938576236,6.92903996e-07,22,raw-and-scaled,6,1,fp6_e1m4,fp6_e2m3,4,3,4,91730,22,exp1,224559104,224526336,224526336,56131584,0.0938576236,0.0938569307,32768,168427520,-0.000179290771,0x3dc0386d,0.0938576236,0x3f800000,1,0xbbd9fe00,-0.00665259361,0xbbd9fe00,-0.00665259361,100000,0,0,0000,100000,0,0,000,0xbbd9fe00,-0.00665259361,0xbbd9fe00,-0.00665259361,0x00000000,0,0,0
l2,0.0625,0,min-error,metric_min,exp2,0,1,1,0.0938576236,0.0938569307,0.0938569307,0.0938576236,6.92903996e-07,23,raw-and-scaled,6,1,fp6_e1m4,fp6_e2m3,4,3,4,91730,23,exp1,224559104,224526336,224526336,56131584,0.0938576236,0.0938569307,32768,168427520,-0.000179290771,0x3dc0386d,0.0938576236,0x3f800000,1,0xbc3c0400,-0.011475563,0xbc3c0400,-0.011475563,100000,0,0,0000,100000,0,0,000,0xbc3c0400,-0.011475563,0xbc3c0400,-0.011475563,0x00000000,0,0,0
l2,0.0625,0,min-error,metric_min,exp2,0,1,1,0.0938576236,0.0938569307,0.0938569307,0.0938576236,6.92903996e-07,24,raw-and-scaled,6,1,fp6_e1m4,fp6_e2m3,4,3,4,91730,24,exp1,224559104,224526336,224526336,56131584,0.0938576236,0.0938569307,32768,168427520,-0.000179290771,0x3dc0386d,0.0938576236,0x3f800000,1,0xba987f80,-0.00116346776,0xba987f80,-0.00116346776,100000,0,0,0000,100000,0,0,000,0xba987f80,-0.00116346776,0xba987f80,-0.00116346776,0x00000000,0,0,0
l2,0.0625,0,min-error,metric_min,exp2,0,1,1,0.0938576236,0.0938569307,0.0938569307,0.0938576236,6.92903996e-07,25,raw-and-scaled,6,1,fp6_e1m4,fp6_e2m3,4,3,4,91730,25,exp1,224559104,224526336,224526336,56131584,0.0938576236,0.0938569307,32768,168427520,-0.000179290771,0x3dc0386d,0.0938576236,0x3f800000,1,0x3ee5fe00,0.449203491,0x3ee5fe00,0.449203491,000111,0,7,0111,001110,1,6,110,0x3c3fc000,0.0117034912,0x3c3fc000,0.0117034912,0x00000000,0,0,0
l2,0.0625,0,min-error,metric_min,exp2,0,1,1,0.0938576236,0.0938569307,0.0938569307,0.0938576236,6.92903996e-07,26,raw-and-scaled,6,1,fp6_e1m4,fp6_e2m3,4,3,4,91730,26,exp1,224559104,224526336,224526336,56131584,0.0938576236,0.0938569307,32768,168427520,-0.000179290771,0x3dc0386d,0.0938576236,0x3f800000,1,0xbb6a0200,-0.00357067585,0xbb6a0200,-0.00357067585,100000,0,0,0000,100000,0,0,000,0xbb6a0200,-0.00357067585,0xbb6a0200,-0.00357067585,0x00000000,0,0,0
l2,0.0625,0,min-error,metric_min,exp2,0,1,1,0.0938576236,0.0938569307,0.0938569307,0.0938576236,6.92903996e-07,27,raw-and-scaled,6,1,fp6_e1m4,fp6_e2m3,4,3,4,91730,27,exp1,224559104,224526336,224526336,56131584,0.0938576236,0.0938569307,32768,168427520,-0.000179290771,0x3dc0386d,0.0938576236,0x3f800000,1,0xbb6dfe00,-0.00363147259,0xbb6dfe00,-0.00363147259,100000,0,0,0000,100000,0,0,000,0xbb6dfe00,-0.00363147259,0xbb6dfe00,-0.00363147259,0x00000000,0,0,0
l2,0.0625,0,min-error,metric_min,exp2,0,1,1,0.0938576236,0.0938569307,0.0938569307,0.0938576236,6.92903996e-07,28,raw-and-scaled,6,1,fp6_e1m4,fp6_e2m3,4,3,4,91730,28,exp1,224559104,224526336,224526336,56131584,0.0938576236,0.0938569307,32768,168427520,-0.000179290771,0x3dc0386d,0.0938576236,0x3f800000,1,0xbb71fe00,-0.00369250774,0xbb71fe00,-0.00369250774,100000,0,0,0000,100000,0,0,000,0xbb71fe00,-0.00369250774,0xbb71fe00,-0.00369250774,0x00000000,0,0,0
l2,0.0625,0,min-error,metric_min,exp2,0,1,1,0.0938576236,0.0938569307,0.0938569307,0.0938576236,6.92903996e-07,29,raw-and-scaled,6,1,fp6_e1m4,fp6_e2m3,4,3,4,91730,29,exp1,224559104,224526336,224526336,56131584,0.0938576236,0.0938569307,32768,168427520,-0.000179290771,0x3dc0386d,0.0938576236,0x3f800000,1,0xbef60200,-0.480484009,0xbef60200,-0.480484009,100111,0,7,0111,101111,1,7,111,0xbd301000,-0.0429840088,0xbc404000,-0.0117340088,0xcae02000,-7344128,-1836032,-0.437744141
l2,0.0625,0,min-error,metric_min,exp2,0,1,1,0.0938576236,0.0938569307,0.0938569307,0.0938576236,6.92903996e-07,30,raw-and-scaled,6,1,fp6_e1m4,fp6_e2m3,4,3,4,91730,30,exp1,224559104,224526336,224526336,56131584,0.0938576236,0.0938569307,32768,168427520,-0.000179290771,0x3dc0386d,0.0938576236,0x3f800000,1,0x3f1e8080,0.619148254,0x3f1e8080,0.619148254,001001,0,9,1001,010001,2,1,001,0x3d680800,0.0566482544,0x3d680800,0.0566482544,0x00000000,0,0,0
l2,0.0625,0,min-error,metric_min,exp2,0,1,1,0.0938576236,0.0938569307,0.0938569307,0.0938576236,6.92903996e-07,31,raw-and-scaled,6,1,fp6_e1m4,fp6_e2m3,4,3,4,91730,31,exp1,224559104,224526336,224526336,56131584,0.0938576236,0.0938569307,32768,168427520,-0.000179290771,0x3dc0386d,0.0938576236,0x3f800000,1,0x3cfbfc00,0.0307598114,0x3cfbfc00,0.0307598114,000000,0,0,0000,000000,0,0,000,0x3cfbfc00,0.0307598114,0x3cfbfc00,0.0307598114,0x00000000,0,0,0
l2,0.0625,0,min-error,metric_min,exp2,0,1,1,0.0938576236,0.0938569307,0.0938569307,0.0938576236,6.92903996e-07,32,raw-and-scaled,6,1,fp6_e1m4,fp6_e2m3,4,3,4,91730,32,exp1,224559104,224526336,224526336,56131584,0.0938576236,0.0938569307,32768,168427520,-0.000179290771,0x3dc0386d,0.0938576236,0x3f800000,1,0x3a903fc0,0.00110053271,0x3a903fc0,0.00110053271,000000,0,0,0000,000000,0,0,000,0x3a903fc0,0.00110053271,0x3a903fc0,0.00110053271,0x00000000,0,0,0
l2,0.0625,0,min-error,metric_min,exp2,0,1,1,0.0938576236,0.0938569307,0.0938569307,0.0938576236,6.92903996e-07,33,raw-and-scaled,6,1,fp6_e1m4,fp6_e2m3,4,3,4,91730,33,exp1,224559104,224526336,224526336,56131584,0.0938576236,0.0938569307,32768,168427520,-0.000179290771,0x3dc0386d,0.0938576236,0x3f800000,1,0xbda17f80,-0.0788564682,0xbda17f80,-0.0788564682,100001,0,1,0001,100010,0,2,010,0xbc85fe00,-0.0163564682,0xbc85fe00,-0.0163564682,0x00000000,0,0,0
l2,0.0625,0,min-error,metric_min,exp2,0,1,1,0.0938576236,0.0938569307,0.0938569307,0.0938576236,6.92903996e-07,34,raw-and-scaled,6,1,fp6_e1m4,fp6_e2m3,4,3,4,91730,34,exp1,224559104,224526336,224526336,56131584,0.0938576236,0.0938569307,32768,168427520,-0.000179290771,0x3dc0386d,0.0938576236,0x3f800000,1,0xbc140400,-0.0090341568,0xbc140400,-0.0090341568,100000,0,0,0000,100000,0,0,000,0xbc140400,-0.0090341568,0xbc140400,-0.0090341568,0x00000000,0,0,0
l2,0.0625,0,min-error,metric_min,exp2,0,1,1,0.0938576236,0.0938569307,0.0938569307,0.0938576236,6.92903996e-07,35,raw-and-scaled,6,1,fp6_e1m4,fp6_e2m3,4,3,4,91730,35,exp1,224559104,224526336,224526336,56131584,0.0938576236,0.0938569307,32768,168427520,-0.000179290771,0x3dc0386d,0.0938576236,0x3f800000,1,0xbf91c040,-1.1386795,0xbf91c040,-1.1386795,110010,1,2,0010,111001,3,1,001,0xbc602000,-0.0136795044,0xbc602000,-0.0136795044,0x00000000,0,0,0
l2,0.0625,0,min-error,metric_min,exp2,0,1,1,0.0938576236,0.0938569307,0.0938569307,0.0938576236,6.92903996e-07,36,raw-and-scaled,6,1,fp6_e1m4,fp6_e2m3,4,3,4,91730,36,exp1,224559104,224526336,224526336,56131584,0.0938576236,0.0938569307,32768,168427520,-0.000179290771,0x3dc0386d,0.0938576236,0x3f800000,1,0xbd923fc0,-0.071410656,0xbd923fc0,-0.071410656,100001,0,1,0001,100010,0,2,010,0xbc11fe00,-0.00891065598,0xbc11fe00,-0.00891065598,0x00000000,0,0,0
l2,0.0625,0,min-error,metric_min,exp2,0,1,1,0.0938576236,0.0938569307,0.0938569307,0.0938576236,6.92903996e-07,37,raw-and-scaled,6,1,fp6_e1m4,fp6_e2m3,4,3,4,91730,37,exp1,224559104,224526336,224526336,56131584,0.0938576236,0.0938569307,32768,168427520,-0.000179290771,0x3dc0386d,0.0938576236,0x3f800000,1,0x3e580800,0.210968018,0x3e580800,0.210968018,000011,0,3,0011,000110,0,6,110,0x3cc04000,0.0234680176,0x3cc04000,0.0234680176,0x00000000,0,0,0
l2,0.0625,0,min-error,metric_min,exp2,0,1,1,0.0938576236,0.0938569307,0.0938569307,0.0938576236,6.92903996e-07,38,raw-and-scaled,6,1,fp6_e1m4,fp6_e2m3,4,3,4,91730,38,exp1,224559104,224526336,224526336,56131584,0.0938576236,0.0938569307,32768,168427520,-0.000179290771,0x3dc0386d,0.0938576236,0x3f800000,1,0x3cccff00,0.0250239372,0x3cccff00,0.0250239372,000000,0,0,0000,000000,0,0,000,0x3cccff00,0.0250239372,0x3cccff00,0.0250239372,0x00000000,0,0,0
l2,0.0625,0,min-error,metric_min,exp2,0,1,1,0.0938576236,0.0938569307,0.0938569307,0.0938576236,6.92903996e-07,39,raw-and-scaled,6,1,fp6_e1m4,fp6_e2m3,4,3,4,91730,39,exp1,224559104,224526336,224526336,56131584,0.0938576236,0.0938569307,32768,168427520,-0.000179290771,0x3dc0386d,0.0938576236,0x3f800000,1,0xbe93c040,-0.288576126,0xbe93c040,-0.288576126,100100,0,4,0100,101001,1,1,001,0xbd1e0200,-0.0385761261,0xbbf01000,-0.0073261261,0xcabc0000,-6160384,-1540096,-0.367218018
l2,0.0625,0,min-error,metric_min,exp2,0,1,1,0.0938576236,0.0938569307,0.0938569307,0.0938576236,6.92903996e-07,40,raw-and-scaled,6,1,fp6_e1m4,fp6_e2m3,4,3,4,91730,40,exp1,224559104,224526336,224526336,56131584,0.0938576236,0.0938569307,32768,168427520,-0.000179290771,0x3dc0386d,0.0938576236,0x3f800000,1,0x3e144040,0.144776344,0x3e144040,0.144776344,000010,0,2,0010,000100,0,4,100,0x3ca20200,0.0197763443,0x3ca20200,0.0197763443,0x00000000,0,0,0
l2,0.0625,0,min-error,metric_min,exp2,0,1,1,0.0938576236,0.0938569307,0.0938569307,0.0938576236,6.92903996e-07,41,raw-and-scaled,6,1,fp6_e1m4,fp6_e2m3,4,3,4,91730,41,exp1,224559104,224526336,224526336,56131584,0.0938576236,0.0938569307,32768,168427520,-0.000179290771,0x3dc0386d,0.0938576236,0x3f800000,1,0x3b260200,0.00253307819,0x3b260200,0.00253307819,000000,0,0,0000,000000,0,0,000,0x3b260200,0.00253307819,0x3b260200,0.00253307819,0x00000000,0,0,0
l2,0.0625,0,min-error,metric_min,exp2,0,1,1,0.0938576236,0.0938569307,0.0938569307,0.0938576236,6.92903996e-07,42,raw-and-scaled,6,1,fp6_e1m4,fp6_e2m3,4,3,4,91730,42,exp1,224559104,224526336,224526336,56131584,0.0938576236,0.0938569307,32768,168427520,-0.000179290771,0x3dc0386d,0.0938576236,0x3f800000,1,0xbb27f800,-0.00256299973,0xbb27f800,-0.00256299973,100000,0,0,0000,100000,0,0,000,0xbb27f800,-0.00256299973,0xbb27f800,-0.00256299973,0x00000000,0,0,0
l2,0.0625,0,min-error,metric_min,exp2,0,1,1,0.0938576236,0.0938569307,0.0938569307,0.0938576236,6.92903996e-07,43,raw-and-scaled,6,1,fp6_e1m4,fp6_e2m3,4,3,4,91730,43,exp1,224559104,224526336,224526336,56131584,0.0938576236,0.0938569307,32768,168427520,-0.000179290771,0x3dc0386d,0.0938576236,0x3f800000,1,0xbad70100,-0.00164034963,0xbad70100,-0.00164034963,100000,0,0,0000,100000,0,0,000,0xbad70100,-0.00164034963,0xbad70100,-0.00164034963,0x00000000,0,0,0
l2,0.0625,0,min-error,metric_min,exp2,0,1,1,0.0938576236,0.0938569307,0.0938569307,0.0938576236,6.92903996e-07,44,raw-and-scaled,6,1,fp6_e1m4,fp6_e2m3,4,3,4,91730,44,exp1,224559104,224526336,224526336,56131584,0.0938576236,0.0938569307,32768,168427520,-0.000179290771,0x3dc0386d,0.0938576236,0x3f800000,1,0xbde40400,-0.111335754,0xbde40400,-0.111335754,100001,0,1,0001,100011,0,3,011,0xbd480800,-0.0488357544,0xbc901000,-0.0175857544,0xcb080000,-8912896,-2228224,-0.53137207
l2,0.0625,0,min-error,metric_min,exp2,0,1,1,0.0938576236,0.0938569307,0.0938569307,0.0938576236,6.92903996e-07,45,raw-and-scaled,6,1,fp6_e1m4,fp6_e2m3,4,3,4,91730,45,exp1,224559104,224526336,224526336,56131584,0.0938576236,0.0938569307,32768,168427520,-0.000179290771,0x3dc0386d,0.0938576236,0x3f800000,1,0xbe6c0400,-0.230484009,0xbe6c0400,-0.230484009,100011,0,3,0011,100111,0,7,111,0xbd301000,-0.0429840088,0xbc404000,-0.0117340088,0xcae02000,-7344128,-1836032,-0.437744141
l2,0.0625,0,min-error,metric_min,exp2,0,1,1,0.0938576236,0.0938569307,0.0938569307,0.0938576236,6.92903996e-07,46,raw-and-scaled,6,1,fp6_e1m4,fp6_e2m3,4,3,4,91730,46,exp1,224559104,224526336,224526336,56131584,0.0938576236,0.0938569307,32768,168427520,-0.000179290771,0x3dc0386d,0.0938576236,0x3f800000,1,0x3d3a0200,0.0454120636,0x3d3a0200,0.0454120636,000000,0,0,0000,000001,0,1,001,0x3d3a0200,0.0454120636,0x3c680800,0.0141620636,0xcaf40000,-7995392,-1998848,-0.476593018
l2,0.0625,0,min-error,metric_min,exp2,0,1,1,0.0938576236,0.0938569307,0.0938569307,0.0938576236,6.92903996e-07,47,raw-and-scaled,6,1,fp6_e1m4,fp6_e2m3,4,3,4,91730,47,exp1,224559104,224526336,224526336,56131584,0.0938576236,0.0938569307,32768,168427520,-0.000179290771,0x3dc0386d,0.0938576236,0x3f800000,1,0xbc2f7f80,-0.0107115507,0xbc2f7f80,-0.0107115507,100000,0,0,0000,100000,0,0,000,0xbc2f7f80,-0.0107115507,0xbc2f7f80,-0.0107115507,0x00000000,0,0,0
l2,0.0625,0,min-error,metric_min,exp2,0,1,1,0.0938576236,0.0938569307,0.0938569307,0.0938576236,6.92903996e-07,48,raw-and-scaled,6,1,fp6_e1m4,fp6_e2m3,4,3,4,91730,48,exp1,224559104,224526336,224526336,56131584,0.0938576236,0.0938569307,32768,168427520,-0.000179290771,0x3dc0386d,0.0938576236,0x3f800000,1,0xbb183fc0,-0.00232313573,0xbb183fc0,-0.00232313573,100000,0,0,0000,100000,0,0,000,0xbb183fc0,-0.00232313573,0xbb183fc0,-0.00232313573,0x00000000,0,0,0
l2,0.0625,0,min-error,metric_min,exp2,0,1,1,0.0938576236,0.0938569307,0.0938569307,0.0938576236,6.92903996e-07,49,raw-and-scaled,6,1,fp6_e1m4,fp6_e2m3,4,3,4,91730,49,exp1,224559104,224526336,224526336,56131584,0.0938576236,0.0938569307,32768,168427520,-0.000179290771,0x3dc0386d,0.0938576236,0x3f800000,1,0xbf8c0400,-1.09387207,0xbf8c0400,-1.09387207,110001,1,1,0001,111000,3,0,000,0xbd008000,-0.0313720703,0xbdc04000,-0.0938720703,0x4c004000,33619968,33619968,2.00390625
l2,0.0625,0,min-error,metric_min,exp2,0,1,1,0.0938576236,0.0938569307,0.0938569307,0.0938576236,6.92903996e-07,50,raw-and-scaled,6,1,fp6_e1m4,fp6_e2m3,4,3,4,91730,50,exp1,224559104,224526336,224526336,56131584,0.0938576236,0.0938569307,32768,168427520,-0.000179290771,0x3dc0386d,0.0938576236,0x3f800000,1,0xbf994040,-1.19727325,0xbf994040,-1.19727325,110011,1,3,0011,111001,3,1,001,0xbc202000,-0.00977325439,0xbd940400,-0.0722732544,0x4ba80000,22020096,22020096,1.31274414
l2,0.0625,0,min-error,metric_min,exp2,0,1,1,0.0938576236,0.0938569307,0.0938569307,0.0938576236,6.92903996e-07,51,raw-and-scaled,6,1,fp6_e1m4,fp6_e2m3,4,3,4,91730,51,exp1,224559104,224526336,224526336,56131584,0.0938576236,0.0938569307,32768,168427520,-0.000179290771,0x3dc0386d,0.0938576236,0x3f800000,1,0x3c66ff00,0.0140988827,0x3c66ff00,0.0140988827,000000,0,0,0000,000000,0,0,000,0x3c66ff00,0.0140988827,0x3c66ff00,0.0140988827,0x00000000,0,0,0
l2,0.0625,0,min-error,metric_min,exp2,0,1,1,0.0938576236,0.0938569307,0.0938569307,0.0938576236,6.92903996e-07,52,raw-and-scaled,6,1,fp6_e1m4,fp6_e2m3,4,3,4,91730,52,exp1,224559104,224526336,224526336,56131584,0.0938576236,0.0938569307,32768,168427520,-0.000179290771,0x3dc0386d,0.0938576236,0x3f800000,1,0xbad1fe00,-0.00160211325,0xbad1fe00,-0.00160211325,100000,0,0,0000,100000,0,0,000,0xbad1fe00,-0.00160211325,0xbad1fe00,-0.00160211325,0x00000000,0,0,0
l2,0.0625,0,min-error,metric_min,exp2,0,1,1,0.0938576236,0.0938569307,0.0938569307,0.0938576236,6.92903996e-07,53,raw-and-scaled,6,1,fp6_e1m4,fp6_e2m3,4,3,4,91730,53,exp1,224559104,224526336,224526336,56131584,0.0938576236,0.0938569307,32768,168427520,-0.000179290771,0x3dc0386d,0.0938576236,0x3f800000,1,0x3e6aff00,0.229488373,0x3e6aff00,0.229488373,000011,0,3,0011,000111,0,7,111,0x3d2bfc00,0.0419883728,0x3c2ff000,0.0107383728,0xcad7e000,-7073792,-1768448,-0.421813965
l2,0.0625,0,min-error,metric_min,exp2,0,1,1,0.0938576236,0.0938569307,0.0938569307,0.0938576236,6.92903996e-07,54,raw-and-scaled,6,1,fp6_e1m4,fp6_e2m3,4,3,4,91730,54,exp1,224559104,224526336,224526336,56131584,0.0938576236,0.0938569307,32768,168427520,-0.000179290771,0x3dc0386d,0.0938576236,0x3f800000,1,0xbae80800,-0.00177025795,0xbae80800,-0.00177025795,100000,0,0,0000,100000,0,0,000,0xbae80800,-0.00177025795,0xbae80800,-0.00177025795,0x00000000,0,0,0
l2,0.0625,0,min-error,metric_min,exp2,0,1,1,0.0938576236,0.0938569307,0.0938569307,0.0938576236,6.92903996e-07,55,raw-and-scaled,6,1,fp6_e1m4,fp6_e2m3,4,3,4,91730,55,exp1,224559104,224526336,224526336,56131584,0.0938576236,0.0938569307,32768,168427520,-0.000179290771,0x3dc0386d,0.0938576236,0x3f800000,1,0x3ebbfc00,0.367156982,0x3ebbfc00,0.367156982,000101,0,5,0101,001011,1,3,011,0x3d5fe000,0.0546569824,0x3cbfc000,0.0234069824,0xcb1fe000,-10477568,-2619392,-0.624511719
l2,0.0625,0,min-error,metric_min,exp2,0,1,1,0.0938576236,0.0938569307,0.0938569307,0.0938576236,6.92903996e-07,56,raw-and-scaled,6,1,fp6_e1m4,fp6_e2m3,4,3,4,91730,56,exp1,224559104,224526336,224526336,56131584,0.0938576236,0.0938569307,32768,168427520,-0.000179290771,0x3dc0386d,0.0938576236,0x3f800000,1,0x3f387f80,0.720695496,0x3f387f80,0.720695496,001011,0,11,1011,010011,2,3,011,0x3d07f800,0.0331954956,0x3d07f800,0.0331954956,0x00000000,0,0,0
l2,0.0625,0,min-error,metric_min,exp2,0,1,1,0.0938576236,0.0938569307,0.0938569307,0.0938576236,6.92903996e-07,57,raw-and-scaled,6,1,fp6_e1m4,fp6_e2m3,4,3,4,91730,57,exp1,224559104,224526336,224526336,56131584,0.0938576236,0.0938569307,32768,168427520,-0.000179290771,0x3dc0386d,0.0938576236,0x3f800000,1,0xbb4c0400,-0.00311303139,0xbb4c0400,-0.00311303139,100000,0,0,0000,100000,0,0,000,0xbb4c0400,-0.00311303139,0xbb4c0400,-0.00311303139,0x00000000,0,0,0
l2,0.0625,0,min-error,metric_min,exp2,0,1,1,0.0938576236,0.0938569307,0.0938569307,0.0938576236,6.92903996e-07,58,raw-and-scaled,6,1,fp6_e1m4,fp6_e2m3,4,3,4,91730,58,exp1,224559104,224526336,224526336,56131584,0.0938576236,0.0938569307,32768,168427520,-0.000179290771,0x3dc0386d,0.0938576236,0x3f800000,1,0x3f9d3fc0,1.228508,0x3f9d3fc0,1.228508,010011,1,3,0011,011001,3,1,001,0x3d27f800,0.0410079956,0x3dd3fc00,0.103507996,0x4c13f000,38780928,38780928,2.31225586
l2,0.0625,0,min-error,metric_min,exp2,0,1,1,0.0938576236,0.0938569307,0.0938569307,0.0938576236,6.92903996e-07,59,raw-and-scaled,6,1,fp6_e1m4,fp6_e2m3,4,3,4,91730,59,exp1,224559104,224526336,224526336,56131584,0.0938576236,0.0938569307,32768,168427520,-0.000179290771,0x3dc0386d,0.0938576236,0x3f800000,1,0x3e3b7f80,0.183103561,0x3e3b7f80,0.183103561,000010,0,2,0010,000101,0,5,101,0x3d6dfe00,0.0581035614,0x3cdbfc00,0.0268535614,0xcb2df000,-11399168,-2849792,-0.679656982
l2,0.0625,0,min-error,metric_min,exp2,0,1,1,0.0938576236,0.0938569307,0.0938569307,0.0938576236,6.92903996e-07,60,raw-and-scaled,6,1,fp6_e1m4,fp6_e2m3,4,3,4,91730,60,exp1,224559104,224526336,224526336,56131584,0.0938576236,0.0938569307,32768,168427520,-0.000179290771,0x3dc0386d,0.0938576236,0x3f800000,1,0xbdbc7f80,-0.092040062,0xbdbc7f80,-0.092040062,100001,0,1,0001,100010,0,2,010,0xbcf1fe00,-0.029540062,0xbcf1fe00,-0.029540062,0x00000000,0,0,0
l2,0.0625,0,min-error,metric_min,exp2,0,1,1,0.0938576236,0.0938569307,0.0938569307,0.0938576236,6.92903996e-07,61,raw-and-scaled,6,1,fp6_e1m4,fp6_e2m3,4,3,4,91730,61,exp1,224559104,224526336,224526336,56131584,0.0938576236,0.0938569307,32768,168427520,-0.000179290771,0x3dc0386d,0.0938576236,0x3f800000,1,0x3e580800,0.210968018,0x3e580800,0.210968018,000011,0,3,0011,000110,0,6,110,0x3cc04000,0.0234680176,0x3cc04000,0.0234680176,0x00000000,0,0,0
l2,0.0625,0,min-error,metric_min,exp2,0,1,1,0.0938576236,0.0938569307,0.0938569307,0.0938576236,6.92903996e-07,62,raw-and-scaled,6,1,fp6_e1m4,fp6_e2m3,4,3,4,91730,62,exp1,224559104,224526336,224526336,56131584,0.0938576236,0.0938569307,32768,168427520,-0.000179290771,0x3dc0386d,0.0938576236,0x3f800000,1,0xbe67f800,-0.226531982,0xbe67f800,-0.226531982,100011,0,3,0011,100111,0,7,111,0xbd1fe000,-0.0390319824,0xbbff0000,-0.00778198242,0xcabfc000,-6283264,-1570816,-0.374511719
l2,0.0625,0,min-error,metric_min,exp2,0,1,1,0.0938576236,0.0938569307,0.0938569307,0.0938576236,6.92903996e-07,63,raw-and-scaled,6,1,fp6_e1m4,fp6_e2m3,4,3,4,91730,63,exp1,224559104,224526336,224526336,56131584,0.0938576236,0.0938569307,32768,168427520,-0.000179290771,0x3dc0386d,0.0938576236,0x3f800000,1,0x3e7bfc00,0.246078491,0x3e7bfc00,0.246078491,000011,0,3,0011,000111,0,7,111,0x3d6ff000,0.0585784912,0x3cdfe000,0.0273284912,0xcb2ff000,-11530240,-2882560,-0.687255859
l2,0.0625,0,min-error,metric_min,exp2,0,1,1,0.0938576236,0.0938569307,0.0938569307,0.0938576236,6.92903996e-07,64,raw-and-scaled,6,1,fp6_e1m4,fp6_e2m3,4,3,4,91730,64,exp1,224559104,224526336,224526336,56131584,0.0938576236,0.0938569307,32768,168427520,-0.000179290771,0x3dc0386d,0.0938576236,0x3f800000,1,0xbc820200,-0.0158700943,0xbc820200,-0.0158700943,100000,0,0,0000,100000,0,0,000,0xbc820200,-0.0158700943,0xbc820200,-0.0158700943,0x00000000,0,0,0
l2,0.0625,0,min-error,metric_min,exp2,0,1,1,0.0938576236,0.0938569307,0.0938569307,0.0938576236,6.92903996e-07,65,raw-and-scaled,6,1,fp6_e1m4,fp6_e2m3,4,3,4,91730,65,exp1,224559104,224526336,224526336,56131584,0.0938576236,0.0938569307,32768,168427520,-0.000179290771,0x3dc0386d,0.0938576236,0x3f800000,1,0x3e20bfc0,0.156981468,0x3e20bfc0,0.156981468,000010,0,2,0010,000101,0,5,101,0x3d02ff00,0.0319814682,0x3a3fc000,0.000731468201,0xca85e000,-4386816,-1096704,-0.261703491
l2,0.0625,0,min-error,metric_min,exp2,0,1,1,0.0938576236,0.0938569307,0.0938569307,0.0938576236,6.92903996e-07,66,raw-and-scaled,6,1,fp6_e1m4,fp6_e2m3,4,3,4,91730,66,exp1,224559104,224526336,224526336,56131584,0.0938576236,0.0938569307,32768,168427520,-0.000179290771,0x3dc0386d,0.0938576236,0x3f800000,1,0x3fa13fc0,1.259758,0x3fa13fc0,1.259758,010100,1,4,0100,011010,3,2,010,0x3c1fe000,0.00975799561,0x3c1fe000,0.00975799561,0x00000000,0,0,0
l2,0.0625,0,min-error,metric_min,exp2,0,1,1,0.0938576236,0.0938569307,0.0938569307,0.0938576236,6.92903996e-07,67,raw-and-scaled,6,1,fp6_e1m4,fp6_e2m3,4,3,4,91730,67,exp1,224559104,224526336,224526336,56131584,0.0938576236,0.0938569307,32768,168427520,-0.000179290771,0x3dc0386d,0.0938576236,0x3f800000,1,0x3f438080,0.763679504,0x3f438080,0.763679504,001100,0,12,1100,010100,2,4,100,0x3c602000,0.0136795044,0x3c602000,0.0136795044,0x00000000,0,0,0
l2,0.0625,0,min-error,metric_min,exp2,0,1,1,0.0938576236,0.0938569307,0.0938569307,0.0938576236,6.92903996e-07,68,raw-and-scaled,6,1,fp6_e1m4,fp6_e2m3,4,3,4,91730,68,exp1,224559104,224526336,224526336,56131584,0.0938576236,0.0938569307,32768,168427520,-0.000179290771,0x3dc0386d,0.0938576236,0x3f800000,1,0x3ea40400,0.320343018,0x3ea40400,0.320343018,000101,0,5,0101,001010,1,2,010,0x3c008000,0.00784301758,0x3c008000,0.00784301758,0x00000000,0,0,0
l2,0.0625,0,min-error,metric_min,exp2,0,1,1,0.0938576236,0.0938569307,0.0938569307,0.0938576236,6.92903996e-07,69,raw-and-scaled,6,1,fp6_e1m4,fp6_e2m3,4,3,4,91730,69,exp1,224559104,224526336,224526336,56131584,0.0938576236,0.0938569307,32768,168427520,-0.000179290771,0x3dc0386d,0.0938576236,0x3f800000,1,0x3f57f800,0.84362793,0x3f57f800,0.84362793,001101,0,13,1101,010101,2,5,101,0x3cff0000,0.0311279297,0x3cff0000,0.0311279297,0x00000000,0,0,0
l2,0.0625,0,min-error,metric_min,exp2,0,1,1,0.0938576236,0.0938569307,0.0938569307,0.0938576236,6.92903996e-07,70,raw-and-scaled,6,1,fp6_e1m4,fp6_e2m3,4,3,4,91730,70,exp1,224559104,224526336,224526336,56131584,0.0938576236,0.0938569307,32768,168427520,-0.000179290771,0x3dc0386d,0.0938576236,0x3f800000,1,0x3a9a0200,0.00117498636,0x3a9a0200,0.00117498636,000000,0,0,0000,000000,0,0,000,0x3a9a0200,0.00117498636,0x3a9a0200,0.00117498636,0x00000000,0,0,0
l2,0.0625,0,min-error,metric_min,exp2,0,1,1,0.0938576236,0.0938569307,0.0938569307,0.0938576236,6.92903996e-07,71,raw-and-scaled,6,1,fp6_e1m4,fp6_e2m3,4,3,4,91730,71,exp1,224559104,224526336,224526336,56131584,0.0938576236,0.0938569307,32768,168427520,-0.000179290771,0x3dc0386d,0.0938576236,0x3f800000,1,0x3c23c040,0.00999456644,0x3c23c040,0.00999456644,000000,0,0,0000,000000,0,0,000,0x3c23c040,0.00999456644,0x3c23c040,0.00999456644,0x00000000,0,0,0
l2,0.0625,0,min-error,metric_min,exp2,0,1,1,0.0938576236,0.0938569307,0.0938569307,0.0938576236,6.92903996e-07,72,raw-and-scaled,6,1,fp6_e1m4,fp6_e2m3,4,3,4,91730,72,exp1,224559104,224526336,224526336,56131584,0.0938576236,0.0938569307,32768,168427520,-0.000179290771,0x3dc0386d,0.0938576236,0x3f800000,1,0xbf07f800,-0.53112793,0xbf07f800,-0.53112793,101000,0,8,1000,110000,2,0,000,0xbcff0000,-0.0311279297,0xbcff0000,-0.0311279297,0x00000000,0,0,0
l2,0.0625,0,min-error,metric_min,exp2,0,1,1,0.0938576236,0.0938569307,0.0938569307,0.0938576236,6.92903996e-07,73,raw-and-scaled,6,1,fp6_e1m4,fp6_e2m3,4,3,4,91730,73,exp1,224559104,224526336,224526336,56131584,0.0938576236,0.0938569307,32768,168427520,-0.000179290771,0x3dc0386d,0.0938576236,0x3f800000,1,0xbac98080,-0.0015373379,0xbac98080,-0.0015373379,100000,0,0,0000,100000,0,0,000,0xbac98080,-0.0015373379,0xbac98080,-0.0015373379,0x00000000,0,0,0
l2,0.0625,0,min-error,metric_min,exp2,0,1,1,0.0938576236,0.0938569307,0.0938569307,0.0938576236,6.92903996e-07,74,raw-and-scaled,6,1,fp6_e1m4,fp6_e2m3,4,3,4,91730,74,exp1,224559104,224526336,224526336,56131584,0.0938576236,0.0938569307,32768,168427520,-0.000179290771,0x3dc0386d,0.0938576236,0x3f800000,1,0x3ba9fe00,0.00518774986,0x3ba9fe00,0.00518774986,000000,0,0,0000,000000,0,0,000,0x3ba9fe00,0.00518774986,0x3ba9fe00,0.00518774986,0x00000000,0,0,0
l2,0.0625,0,min-error,metric_min,exp2,0,1,1,0.0938576236,0.0938569307,0.0938569307,0.0938576236,6.92903996e-07,75,raw-and-scaled,6,1,fp6_e1m4,fp6_e2m3,4,3,4,91730,75,exp1,224559104,224526336,224526336,56131584,0.0938576236,0.0938569307,32768,168427520,-0.000179290771,0x3dc0386d,0.0938576236,0x3f800000,1,0xbfa5bfc0,-1.29491425,0xbfa5bfc0,-1.29491425,110100,1,4,0100,111010,3,2,010,0xbd37f800,-0.0449142456,0xbd37f800,-0.0449142456,0x00000000,0,0,0
l2,0.0625,0,min-error,metric_min,exp2,0,1,1,0.0938576236,0.0938569307,0.0938569307,0.0938576236,6.92903996e-07,76,raw-and-scaled,6,1,fp6_e1m4,fp6_e2m3,4,3,4,91730,76,exp1,224559104,224526336,224526336,56131584,0.0938576236,0.0938569307,32768,168427520,-0.000179290771,0x3dc0386d,0.0938576236,0x3f800000,1,0x3acc8080,0.00156022608,0x3acc8080,0.00156022608,000000,0,0,0000,000000,0,0,000,0x3acc8080,0.00156022608,0x3acc8080,0.00156022608,0x00000000,0,0,0
l2,0.0625,0,min-error,metric_min,exp2,0,1,1,0.0938576236,0.0938569307,0.0938569307,0.0938576236,6.92903996e-07,77,raw-and-scaled,6,1,fp6_e1m4,fp6_e2m3,4,3,4,91730,77,exp1,224559104,224526336,224526336,56131584,0.0938576236,0.0938569307,32768,168427520,-0.000179290771,0x3dc0386d,0.0938576236,0x3f800000,1,0xbd9b0100,-0.0756855011,0xbd9b0100,-0.0756855011,100001,0,1,0001,100010,0,2,010,0xbc580800,-0.0131855011,0xbc580800,-0.0131855011,0x00000000,0,0,0
l2,0.0625,0,min-error,metric_min,exp2,0,1,1,0.0938576236,0.0938569307,0.0938569307,0.0938576236,6.92903996e-07,78,raw-and-scaled,6,1,fp6_e1m4,fp6_e2m3,4,3,4,91730,78,exp1,224559104,224526336,224526336,56131584,0.0938576236,0.0938569307,32768,168427520,-0.000179290771,0x3dc0386d,0.0938576236,0x3f800000,1,0x3dce7f80,0.100829124,0x3dce7f80,0.100829124,000001,0,1,0001,000011,0,3,011,0x3d1cff00,0.0383291245,0x3be7f800,0.00707912445,0xcab9e000,-6090752,-1522688,-0.363265991
l2,0.0625,0,min-error,metric_min,exp2,0,1,1,0.0938576236,0.0938569307,0.0938569307,0.0938576236,6.92903996e-07,79,raw-and-scaled,6,1,fp6_e1m4,fp6_e2m3,4,3,4,91730,79,exp1,224559104,224526336,224526336,56131584,0.0938576236,0.0938569307,32768,168427520,-0.000179290771,0x3dc0386d,0.0938576236,0x3f800000,1,0x3ff80800,1.93774414,0x3ff80800,1.93774414,011111,1,15,1111,011111,3,7,111,0x39800000,0.000244140625,0x3d808000,0.0627441406,0x4b810000,16908288,16908288,1.0078125
l2,0.0625,0,min-error,metric_min,exp2,0,1,1,0.0938576236,0.0938569307,0.0938569307,0.0938576236,6.92903996e-07,80,raw-and-scaled,6,1,fp6_e1m4,fp6_e2m3,4,3,4,91730,80,exp1,224559104,224526336,224526336,56131584,0.0938576236,0.0938569307,32768,168427520,-0.000179290771,0x3dc0386d,0.0938576236,0x3f800000,1,0x3f03fc00,0.515563965,0x3f03fc00,0.515563965,001000,0,8,1000,010000,2,0,000,0x3c7f0000,0.0155639648,0x3c7f0000,0.0155639648,0x00000000,0,0,0
l2,0.0625,0,min-error,metric_min,exp2,0,1,1,0.0938576236,0.0938569307,0.0938569307,0.0938576236,6.92903996e-07,81,raw-and-scaled,6,1,fp6_e1m4,fp6_e2m3,4,3,4,91730,81,exp1,224559104,224526336,224526336,56131584,0.0938576236,0.0938569307,32768,168427520,-0.000179290771,0x3dc0386d,0.0938576236,0x3f800000,1,0x3ec60200,0.386734009,0x3ec60200,0.386734009,000110,0,6,0110,001100,1,4,100,0x3c404000,0.0117340088,0x3c404000,0.0117340088,0x00000000,0,0,0
l2,0.0625,0,min-error,metric_min,exp2,0,1,1,0.0938576236,0.0938569307,0.0938569307,0.0938576236,6.92903996e-07,82,raw-and-scaled,6,1,fp6_e1m4,fp6_e2m3,4,3,4,91730,82,exp1,224559104,224526336,224526336,56131584,0.0938576236,0.0938569307,32768,168427520,-0.000179290771,0x3dc0386d,0.0938576236,0x3f800000,1,0x3ca80800,0.0205116272,0x3ca80800,0.0205116272,000000,0,0,0000,000000,0,0,000,0x3ca80800,0.0205116272,0x3ca80800,0.0205116272,0x00000000,0,0,0
l2,0.0625,0,min-error,metric_min,exp2,0,1,1,0.0938576236,0.0938569307,0.0938569307,0.0938576236,6.92903996e-07,83,raw-and-scaled,6,1,fp6_e1m4,fp6_e2m3,4,3,4,91730,83,exp1,224559104,224526336,224526336,56131584,0.0938576236,0.0938569307,32768,168427520,-0.000179290771,0x3dc0386d,0.0938576236,0x3f800000,1,0xbc4e0200,-0.012573719,0xbc4e0200,-0.012573719,100000,0,0,0000,100000,0,0,000,0xbc4e0200,-0.012573719,0xbc4e0200,-0.012573719,0x00000000,0,0,0
l2,0.0625,0,min-error,metric_min,exp2,0,1,1,0.0938576236,0.0938569307,0.0938569307,0.0938576236,6.92903996e-07,84,raw-and-scaled,6,1,fp6_e1m4,fp6_e2m3,4,3,4,91730,84,exp1,224559104,224526336,224526336,56131584,0.0938576236,0.0938569307,32768,168427520,-0.000179290771,0x3dc0386d,0.0938576236,0x3f800000,1,0xbaaa4040,-0.00129891187,0xbaaa4040,-0.00129891187,100000,0,0,0000,100000,0,0,000,0xbaaa4040,-0.00129891187,0xbaaa4040,-0.00129891187,0x00000000,0,0,0
l2,0.0625,0,min-error,metric_min,exp2,0,1,1,0.0938576236,0.0938569307,0.0938569307,0.0938576236,6.92903996e-07,85,raw-and-scaled,6,1,fp6_e1m4,fp6_e2m3,4,3,4,91730,85,exp1,224559104,224526336,224526336,56131584,0.0938576236,0.0938569307,32768,168427520,-0.000179290771,0x3dc0386d,0.0938576236,0x3f800000,1,0xbc2aff00,-0.0104367733,0xbc2aff00,-0.0104367733,100000,0,0,0000,100000,0,0,000,0xbc2aff00,-0.0104367733,0xbc2aff00,-0.0104367733,0x00000000,0,0,0
l2,0.0625,0,min-error,metric_min,exp2,0,1,1,0.0938576236,0.0938569307,0.0938569307,0.0938576236,6.92903996e-07,86,raw-and-scaled,6,1,fp6_e1m4,fp6_e2m3,4,3,4,91730,86,exp1,224559104,224526336,224526336,56131584,0.0938576236,0.0938569307,32768,168427520,-0.000179290771,0x3dc0386d,0.0938576236,0x3f800000,1,0xbc5a0200,-0.0133061409,0xbc5a0200,-0.0133061409,100000,0,0,0000,100000,0,0,000,0xbc5a0200,-0.0133061409,0xbc5a0200,-0.0133061409,0x00000000,0,0,0
l2,0.0625,0,min-error,metric_min,exp2,0,1,1,0.0938576236,0.0938569307,0.0938569307,0.0938576236,6.92903996e-07,87,raw-and-scaled,6,1,fp6_e1m4,fp6_e2m3,4,3,4,91730,87,exp1,224559104,224526336,224526336,56131584,0.0938576236,0.0938569307,32768,168427520,-0.000179290771,0x3dc0386d,0.0938576236,0x3f800000,1,0xbdd78080,-0.105225563,0xbdd78080,-0.105225563,100001,0,1,0001,100011,0,3,011,0xbd2f0100,-0.042725563,0xbc3c0400,-0.011475563,0xcade0000,-7274496,-1818624,-0.433609009
l2,0.0625,0,min-error,metric_min,exp2,0,1,1,0.0938576236,0.0938569307,0.0938569307,0.0938576236,6.92903996e-07,88,raw-and-scaled,6,1,fp6_e1m4,fp6_e2m3,4,3,4,91730,88,exp1,224559104,224526336,224526336,56131584,0.0938576236,0.0938569307,32768,168427520,-0.000179290771,0x3dc0386d,0.0938576236,0x3f800000,1,0x3e07f800,0.132781982,0x3e07f800,0.132781982,000010,0,2,0010,000100,0,4,100,0x3bff0000,0.00778198242,0x3bff0000,0.00778198242,0x00000000,0,0,0
l2,0.0625,0,min-error,metric_min,exp2,0,1,1,0.0938576236,0.0938569307,0.0938569307,0.0938576236,6.92903996e-07,89,raw-and-scaled,6,1,fp6_e1m4,fp6_e2m3,4,3,4,91730,89,exp1,224559104,224526336,224526336,56131584,0.0938576236,0.0938569307,32768,168427520,-0.000179290771,0x3dc0386d,0.0938576236,0x3f800000,1,0xbbb30100,-0.00546276569,0xbbb30100,-0.00546276569,100000,0,0,0000,100000,0,0,000,0xbbb30100,-0.00546276569,0xbbb30100,-0.00546276569,0x00000000,0,0,0
l2,0.0625,0,min-error,metric_min,exp2,0,1,1,0.0938576236,0.0938569307,0.0938569307,0.0938576236,6.92903996e-07,90,raw-and-scaled,6,1,fp6_e1m4,fp6_e2m3,4,3,4,91730,90,exp1,224559104,224526336,224526336,56131584,0.0938576236,0.0938569307,32768,168427520,-0.000179290771,0x3dc0386d,0.0938576236,0x3f800000,1,0xbda80800,-0.0820465088,0xbda80800,-0.0820465088,100001,0,1,0001,100010,0,2,010,0xbca02000,-0.0195465088,0xbca02000,-0.0195465088,0x00000000,0,0,0
l2,0.0625,0,min-error,metric_min,exp2,0,1,1,0.0938576236,0.0938569307,0.0938569307,0.0938576236,6.92903996e-07,91,raw-and-scaled,6,1,fp6_e1m4,fp6_e2m3,4,3,4,91730,91,exp1,224559104,224526336,224526336,56131584,0.0938576236,0.0938569307,32768,168427520,-0.000179290771,0x3dc0386d,0.0938576236,0x3f800000,1,0xbd5b7f80,-0.0535883904,0xbd5b7f80,-0.0535883904,100000,0,0,0000,100001,0,1,001,0xbd5b7f80,-0.0535883904,0xbcb6ff00,-0.0223383904,0xcb1b7000,-10186752,-2546688,-0.607414246
l2,0.0625,0,min-error,metric_min,exp2,0,1,1,0.0938576236,0.0938569307,0.0938569307,0.0938576236,6.92903996e-07,92,raw-and-scaled,6,1,fp6_e1m4,fp6_e2m3,4,3,4,91730,92,exp1,224559104,224526336,224526336,56131584,0.0938576236,0.0938569307,32768,168427520,-0.000179290771,0x3dc0386d,0.0938576236,0x3f800000,1,0x3aae3fc0,0.00132941455,0x3aae3fc0,0.00132941455,000000,0,0,0000,000000,0,0,000,0x3aae3fc0,0.00132941455,0x3aae3fc0,0.00132941455,0x00000000,0,0,0
l2,0.0625,0,min-error,metric_min,exp2,0,1,1,0.0938576236,0.0938569307,0.0938569307,0.0938576236,6.92903996e-07,93,raw-and-scaled,6,1,fp6_e1m4,fp6_e2m3,4,3,4,91730,93,exp1,224559104,224526336,224526336,56131584,0.0938576236,0.0938569307,32768,168427520,-0.000179290771,0x3dc0386d,0.0938576236,0x3f800000,1,0x3d75fe00,0.0600566864,0x3d75fe00,0.0600566864,000000,0,0,0000,000001,0,1,001,0x3d75fe00,0.0600566864,0x3cebfc00,0.0288066864,0xcb35f000,-11923456,-2980864,-0.710906982
l2,0.0625,0,min-error,metric_min,exp2,0,1,1,0.0938576236,0.0938569307,0.0938569307,0.0938576236,6.92903996e-07,94,raw-and-scaled,6,1,fp6_e1m4,fp6_e2m3,4,3,4,91730,94,exp1,224559104,224526336,224526336,56131584,0.0938576236,0.0938569307,32768,168427520,-0.000179290771,0x3dc0386d,0.0938576236,0x3f800000,1,0xbe2f3fc0,-0.171141624,0xbe2f3fc0,-0.171141624,100010,0,2,0010,100101,0,5,101,0xbd3cff00,-0.0461416245,0xbc73fc00,-0.0148916245,0xcaf9e000,-8187904,-2046976,-0.488265991
l2,0.0625,0,min-error,metric_min,exp2,0,1,1,0.0938576236,0.0938569307,0.0938569307,0.0938576236,6.92903996e-07,95,raw-and-scaled,6,1,fp6_e1m4,fp6_e2m3,4,3,4,91730,95,exp1,224559104,224526336,224526336,56131584,0.0938576236,0.0938569307,32768,168427520,-0.000179290771,0x3dc0386d,0.0938576236,0x3f800000,1,0x3c2fbfc0,0.0107268691,0x3c2fbfc0,0.0107268691,000000,0,0,0000,000000,0,0,000,0x3c2fbfc0,0.0107268691,0x3c2fbfc0,0.0107268691,0x00000000,0,0,0
l2,0.0625,0,min-error,metric_min,exp2,0,1,1,0.0938576236,0.0938569307,0.0938569307,0.0938576236,6.92903996e-07,96,raw-and-scaled,6,1,fp6_e1m4,fp6_e2m3,4,3,4,91730,96,exp1,224559104,224526336,224526336,56131584,0.0938576236,0.0938569307,32768,168427520,-0.000179290771,0x3dc0386d,0.0938576236,0x3f800000,1,0xbf410100,-0.753921509,0xbf410100,-0.753921509,101100,0,12,1100,110100,2,4,100,0xbb808000,-0.00392150879,0xbb808000,-0.00392150879,0x00000000,0,0,0
l2,0.0625,0,min-error,metric_min,exp2,0,1,1,0.0938576236,0.0938569307,0.0938569307,0.0938576236,6.92903996e-07,97,raw-and-scaled,6,1,fp6_e1m4,fp6_e2m3,4,3,4,91730,97,exp1,224559104,224526336,224526336,56131584,0.0938576236,0.0938569307,32768,168427520,-0.000179290771,0x3dc0386d,0.0938576236,0x3f800000,1,0x3d0c0400,0.0341835022,0x3d0c0400,0.0341835022,000000,0,0,0000,000001,0,1,001,0x3d0c0400,0.0341835022,0x3b404000,0.0029335022,0xca980000,-4980736,-1245184,-0.296936035
l2,0.0625,0,min-error,metric_min,exp2,0,1,1,0.0938576236,0.0938569307,0.0938569307,0.0938576236,6.92903996e-07,98,raw-and-scaled,6,1,fp6_e1m4,fp6_e2m3,4,3,4,91730,98,exp1,224559104,224526336,224526336,56131584,0.0938576236,0.0938569307,32768,168427520,-0.000179290771,0x3dc0386d,0.0938576236,0x3f800000,1,0xbe27f800,-0.164031982,0xbe27f800,-0.164031982,100010,0,2,0010,100101,0,5,101,0xbd1fe000,-0.0390319824,0xbbff0000,-0.00778198242,0xcabfc000,-6283264,-1570816,-0.374511719
l2,0.0625,0,min-error,metric_min,exp2,0,1,1,0.0938576236,0.0938569307,0.0938569307,0.0938576236,6.92903996e-07,99,raw-and-scaled,6,1,fp6_e1m4,fp6_e2m3,4,3,4,91730,99,exp1,224559104,224526336,224526336,56131584,0.0938576236,0.0938569307,32768,168427520,-0.000179290771,0x3dc0386d,0.0938576236,0x3f800000,1,0x3bb1bfc0,0.00542446971,0x3bb1bfc0,0.00542446971,000000,0,0,0000,000000,0,0,000,0x3bb1bfc0,0.00542446971,0x3bb1bfc0,0.00542446971,0x00000000,0,0,0
l2,0.0625,0,min-error,metric_min,exp2,0,1,1,0.0938576236,0.0938569307,0.0938569307,0.0938576236,6.92903996e-07,100,raw-and-scaled,6,1,fp6_e1m4,fp6_e2m3,4,3,4,91730,100,exp1,224559104,224526336,224526336,56131584,0.0938576236,0.0938569307,32768,168427520,-0.000179290771,0x3dc0386d,0.0938576236,0x3f800000,1,0x3fa40400,1.28137207,0x3fa40400,1.28137207,010100,1,4,0100,011010,3,2,010,0x3d008000,0.0313720703,0x3d008000,0.0313720703,0x00000000,0,0,0
l2,0.0625,0,min-error,metric_min,exp2,0,1,1,0.0938576236,0.0938569307,0.0938569307,0.0938576236,6.92903996e-07,101,raw-and-scaled,6,1,fp6_e1m4,fp6_e2m3,4,3,4,91730,101,exp1,224559104,224526336,224526336,56131584,0.0938576236,0.0938569307,32768,168427520,-0.000179290771,0x3dc0386d,0.0938576236,0x3f800000,1,0x3dcaff00,0.0991191864,0x3dcaff00,0.0991191864,000001,0,1,0001,000011,0,3,011,0x3d15fe00,0.0366191864,0x3baff000,0.0053691864,0xcaabe000,-5632000,-1408000,-0.335906982
l2,0.0625,0,min-error,metric_min,exp2,0,1,1,0.0938576236,0.0938569307,0.0938569307,0.0938576236,6.92903996e-07,102,raw-and-scaled,6,1,fp6_e1m4,fp6_e2m3,4,3,4,91730,102,exp1,224559104,224526336,224526336,56131584,0.0938576236,0.0938569307,32768,168427520,-0.000179290771,0x3dc0386d,0.0938576236,0x3f800000,1,0x3b19fe00,0.00234973431,0x3b19fe00,0.00234973431,000000,0,0,0000,000000,0,0,000,0x3b19fe00,0.00234973431,0x3b19fe00,0.00234973431,0x00000000,0,0,0
l2,0.0625,0,min-error,metric_min,exp2,0,1,1,0.0938576236,0.0938569307,0.0938569307,0.0938576236,6.92903996e-07,103,raw-and-scaled,6,1,fp6_e1m4,fp6_e2m3,4,3,4,91730,103,exp1,224559104,224526336,224526336,56131584,0.0938576236,0.0938569307,32768,168427520,-0.000179290771,0x3dc0386d,0.0938576236,0x3f800000,1,0xbde78080,-0.113038063,0xbde78080,-0.113038063,100001,0,1,0001,100011,0,3,011,0xbd4f0100,-0.050538063,0xbc9e0200,-0.019288063,0xcb0f0000,-9371648,-2342912,-0.558609009
l2,0.0625,0,min-error,metric_min,exp2,0,1,1,0.0938576236,0.0938569307,0.0938569307,0.0938576236,6.92903996e-07,104,raw-and-scaled,6,1,fp6_e1m4,fp6_e2m3,4,3,4,91730,104,exp1,224559104,224526336,224526336,56131584,0.0938576236,0.0938569307,32768,168427520,-0.000179290771,0x3dc0386d,0.0938576236,0x3f800000,1,0xbda20200,-0.0791053772,0xbda20200,-0.0791053772,100001,0,1,0001,100010,0,2,010,0xbc880800,-0.0166053772,0xbc880800,-0.0166053772,0x00000000,0,0,0
l2,0.0625,0,min-error,metric_min,exp2,0,1,1,0.0938576236,0.0938569307,0.0938569307,0.0938576236,6.92903996e-07,105,raw-and-scaled,6,1,fp6_e1m4,fp6_e2m3,4,3,4,91730,105,exp1,224559104,224526336,224526336,56131584,0.0938576236,0.0938569307,32768,168427520,-0.000179290771,0x3dc0386d,0.0938576236,0x3f800000,1,0xbb34c040,-0.00275804102,0xbb34c040,-0.00275804102,100000,0,0,0000,100000,0,0,000,0xbb34c040,-0.00275804102,0xbb34c040,-0.00275804102,0x00000000,0,0,0
l2,0.0625,0,min-error,metric_min,exp2,0,1,1,0.0938576236,0.0938569307,0.0938569307,0.0938576236,6.92903996e-07,106,raw-and-scaled,6,1,fp6_e1m4,fp6_e2m3,4,3,4,91730,106,exp1,224559104,224526336,224526336,56131584,0.0938576236,0.0938569307,32768,168427520,-0.000179290771,0x3dc0386d,0.0938576236,0x3f800000,1,0x3c353fc0,0.0110625625,0x3c353fc0,0.0110625625,000000,0,0,0000,000000,0,0,000,0x3c353fc0,0.0110625625,0x3c353fc0,0.0110625625,0x00000000,0,0,0
l2,0.0625,0,min-error,metric_min,exp2,0,1,1,0.0938576236,0.0938569307,0.0938569307,0.0938576236,6.92903996e-07,107,raw-and-scaled,6,1,fp6_e1m4,fp6_e2m3,4,3,4,91730,107,exp1,224559104,224526336,224526336,56131584,0.0938576236,0.0938569307,32768,168427520,-0.000179290771,0x3dc0386d,0.0938576236,0x3f800000,1,0x3fdbfc00,1.71862793,0x3fdbfc00,1.71862793,011011,1,11,1011,011101,3,5,101,0x3cff0000,0.0311279297,0x3dbfc000,0.0936279297,0x4bff8000,33488896,33488896,1.99609375
l2,0.0625,0,min-error,metric_min,exp2,0,1,1,0.0938576236,0.0938569307,0.0938569307,0.0938576236,6.92903996e-07,108,raw-and-scaled,6,1,fp6_e1m4,fp6_e2m3,4,3,4,91730,108,exp1,224559104,224526336,224526336,56131584,0.0938576236,0.0938569307,32768,168427520,-0.000179290771,0x3dc0386d,0.0938576236,0x3f800000,1,0xbd363fc0,-0.0444943905,0xbd363fc0,-0.0444943905,100000,0,0,0000,100001,0,1,001,0xbd363fc0,-0.0444943905,0xbc58ff00,-0.0132443905,0xcaec6000,-7745536,-1936384,-0.461910248
l2,0.0625,0,min-error,metric_min,exp2,0,1,1,0.0938576236,0.0938569307,0.0938569307,0.0938576236,6.92903996e-07,109,raw-and-scaled,6,1,fp6_e1m4,fp6_e2m3,4,3,4,91730,109,exp1,224559104,224526336,224526336,56131584,0.0938576236,0.0938569307,32768,168427520,-0.000179290771,0x3dc0386d,0.0938576236,0x3f800000,1,0xbddaff00,-0.106931686,0xbddaff00,-0.106931686,100001,0,1,0001,100011,0,3,011,0xbd35fe00,-0.0444316864,0xbc57f800,-0.0131816864,0xcaebe000,-7729152,-1932288,-0.460906982
l2,0.0625,0,min-error,metric_min,exp2,0,1,1,0.0938576236,0.0938569307,0.0938569307,0.0938576236,6.92903996e-07,110,raw-and-scaled,6,1,fp6_e1m4,fp6_e2m3,4,3,4,91730,110,exp1,224559104,224526336,224526336,56131584,0.0938576236,0.0938569307,32768,168427520,-0.000179290771,0x3dc0386d,0.0938576236,0x3f800000,1,0xbdee7f80,-0.116454124,0xbdee7f80,-0.116454124,100001,0,1,0001,100011,0,3,011,0xbd5cff00,-0.0539541245,0xbcb9fe00,-0.0227041245,0xcb1cf000,-10285056,-2571264,-0.613265991
l2,0.0625,0,min-error,metric_min,exp2,0,1,1,0.0938576236,0.0938569307,0.0938569307,0.0938576236,6.92903996e-07,111,raw-and-scaled,6,1,fp6_e1m4,fp6_e2m3,4,3,4,91730,111,exp1,224559104,224526336,224526336,56131584,0.0938576236,0.0938569307,32768,168427520,-0.000179290771,0x3dc0386d,0.0938576236,0x3f800000,1,0xbdb7c040,-0.0897221565,0xbdb7c040,-0.0897221565,100001,0,1,0001,100010,0,2,010,0xbcdf0100,-0.0272221565,0xbcdf0100,-0.0272221565,0x00000000,0,0,0
l2,0.0625,0,min-error,metric_min,exp2,0,1,1,0.0938576236,0.0938569307,0.0938569307,0.0938576236,6.92903996e-07,112,raw-and-scaled,6,1,fp6_e1m4,fp6_e2m3,4,3,4,91730,112,exp1,224559104,224526336,224526336,56131584,0.0938576236,0.0938569307,32768,168427520,-0.000179290771,0x3dc0386d,0.0938576236,0x3f800000,1,0x3ac20200,0.00148016214,0x3ac20200,0.00148016214,000000,0,0,0000,000000,0,0,000,0x3ac20200,0.00148016214,0x3ac20200,0.00148016214,0x00000000,0,0,0
l2,0.0625,0,min-error,metric_min,exp2,0,1,1,0.0938576236,0.0938569307,0.0938569307,0.0938576236,6.92903996e-07,113,raw-and-scaled,6,1,fp6_e1m4,fp6_e2m3,4,3,4,91730,113,exp1,224559104,224526336,224526336,56131584,0.0938576236,0.0938569307,32768,168427520,-0.000179290771,0x3dc0386d,0.0938576236,0x3f800000,1,0xbf8c0400,-1.09387207,0xbf8c0400,-1.09387207,110001,1,1,0001,111000,3,0,000,0xbd008000,-0.0313720703,0xbdc04000,-0.0938720703,0x4c004000,33619968,33619968,2.00390625
l2,0.0625,0,min-error,metric_min,exp2,0,1,1,0.0938576236,0.0938569307,0.0938569307,0.0938576236,6.92903996e-07,114,raw-and-scaled,6,1,fp6_e1m4,fp6_e2m3,4,3,4,91730,114,exp1,224559104,224526336,224526336,56131584,0.0938576236,0.0938569307,32768,168427520,-0.000179290771,0x3dc0386d,0.0938576236,0x3f800000,1,0xbe394040,-0.180909157,0xbe394040,-0.180909157,100010,0,2,0010,100101,0,5,101,0xbd650100,-0.0559091568,0xbcca0200,-0.0246591568,0xcb250000,-10813440,-2703360,-0.644546509
l2,0.0625,0,min-error,metric_min,exp2,0,1,1,0.0938576236,0.0938569307,0.0938569307,0.0938576236,6.92903996e-07,115,raw-and-scaled,6,1,fp6_e1m4,fp6_e2m3,4,3,4,91730,115,exp1,224559104,224526336,224526336,56131584,0.0938576236,0.0938569307,32768,168427520,-0.000179290771,0x3dc0386d,0.0938576236,0x3f800000,1,0xbc37f800,-0.0112285614,0xbc37f800,-0.0112285614,100000,0,0,0000,100000,0,0,000,0xbc37f800,-0.0112285614,0xbc37f800,-0.0112285614,0x00000000,0,0,0
l2,0.0625,0,min-error,metric_min,exp2,0,1,1,0.0938576236,0.0938569307,0.0938569307,0.0938576236,6.92903996e-07,116,raw-and-scaled,6,1,fp6_e1m4,fp6_e2m3,4,3,4,91730,116,exp1,224559104,224526336,224526336,56131584,0.0938576236,0.0938569307,32768,168427520,-0.000179290771,0x3dc0386d,0.0938576236,0x3f800000,1,0x3fe90100,1.82034302,0x3fe90100,1.82034302,011101,1,13,1101,011110,3,6,110,0x3c008000,0.00784301758,0x3d901000,0.0703430176,0x4ba02000,20987904,20987904,1.25097656
l2,0.0625,0,min-error,metric_min,exp2,0,1,1,0.0938576236,0.0938569307,0.0938569307,0.0938576236,6.92903996e-07,117,raw-and-scaled,6,1,fp6_e1m4,fp6_e2m3,4,3,4,91730,117,exp1,224559104,224526336,224526336,56131584,0.0938576236,0.0938569307,32768,168427520,-0.000179290771,0x3dc0386d,0.0938576236,0x3f800000,1,0x3f757f80,0.958976746,0x3f757f80,0.958976746,001111,0,15,1111,010111,2,7,111,0x3caff000,0.0214767456,0x3caff000,0.0214767456,0x00000000,0,0,0
l2,0.0625,0,min-error,metric_min,exp2,0,1,1,0.0938576236,0.0938569307,0.0938569307,0.0938576236,6.92903996e-07,118,raw-and-scaled,6,1,fp6_e1m4,fp6_e2m3,4,3,4,91730,118,exp1,224559104,224526336,224526336,56131584,0.0938576236,0.0938569307,32768,168427520,-0.000179290771,0x3dc0386d,0.0938576236,0x3f800000,1,0x3c59fe00,0.0133051872,0x3c59fe00,0.0133051872,000000,0,0,0000,000000,0,0,000,0x3c59fe00,0.0133051872,0x3c59fe00,0.0133051872,0x00000000,0,0,0
l2,0.0625,0,min-error,metric_min,exp2,0,1,1,0.0938576236,0.0938569307,0.0938569307,0.0938576236,6.92903996e-07,119,raw-and-scaled,6,1,fp6_e1m4,fp6_e2m3,4,3,4,91730,119,exp1,224559104,224526336,224526336,56131584,0.0938576236,0.0938569307,32768,168427520,-0.000179290771,0x3dc0386d,0.0938576236,0x3f800000,1,0x3b777f80,0.00377652049,0x3b777f80,0.00377652049,000000,0,0,0000,000000,0,0,000,0x3b777f80,0.00377652049,0x3b777f80,0.00377652049,0x00000000,0,0,0
l2,0.0625,0,min-error,metric_min,exp2,0,1,1,0.0938576236,0.0938569307,0.0938569307,0.0938576236,6.92903996e-07,120,raw-and-scaled,6,1,fp6_e1m4,fp6_e2m3,4,3,4,91730,120,exp1,224559104,224526336,224526336,56131584,0.0938576236,0.0938569307,32768,168427520,-0.000179290771,0x3dc0386d,0.0938576236,0x3f800000,1,0x3bf88080,0.00758367777,0x3bf88080,0.00758367777,000000,0,0,0000,000000,0,0,000,0x3bf88080,0.00758367777,0x3bf88080,0.00758367777,0x00000000,0,0,0
l2,0.0625,0,min-error,metric_min,exp2,0,1,1,0.0938576236,0.0938569307,0.0938569307,0.0938576236,6.92903996e-07,121,raw-and-scaled,6,1,fp6_e1m4,fp6_e2m3,4,3,4,91730,121,exp1,224559104,224526336,224526336,56131584,0.0938576236,0.0938569307,32768,168427520,-0.000179290771,0x3dc0386d,0.0938576236,0x3f800000,1,0xbf72ff00,-0.949203491,0xbf72ff00,-0.949203491,101111,0,15,1111,110111,2,7,111,0xbc3fc000,-0.0117034912,0xbc3fc000,-0.0117034912,0x00000000,0,0,0
l2,0.0625,0,min-error,metric_min,exp2,0,1,1,0.0938576236,0.0938569307,0.0938569307,0.0938576236,6.92903996e-07,122,raw-and-scaled,6,1,fp6_e1m4,fp6_e2m3,4,3,4,91730,122,exp1,224559104,224526336,224526336,56131584,0.0938576236,0.0938569307,32768,168427520,-0.000179290771,0x3dc0386d,0.0938576236,0x3f800000,1,0xbba7f800,-0.00512599945,0xbba7f800,-0.00512599945,100000,0,0,0000,100000,0,0,000,0xbba7f800,-0.00512599945,0xbba7f800,-0.00512599945,0x00000000,0,0,0
l2,0.0625,0,min-error,metric_min,exp2,0,1,1,0.0938576236,0.0938569307,0.0938569307,0.0938576236,6.92903996e-07,123,raw-and-scaled,6,1,fp6_e1m4,fp6_e2m3,4,3,4,91730,123,exp1,224559104,224526336,224526336,56131584,0.0938576236,0.0938569307,32768,168427520,-0.000179290771,0x3dc0386d,0.0938576236,0x3f800000,1,0xbbbdbfc0,-0.00579068065,0xbbbdbfc0,-0.00579068065,100000,0,0,0000,100000,0,0,000,0xbbbdbfc0,-0.00579068065,0xbbbdbfc0,-0.00579068065,0x00000000,0,0,0
l2,0.0625,0,min-error,metric_min,exp2,0,1,1,0.0938576236,0.0938569307,0.0938569307,0.0938576236,6.92903996e-07,124,raw-and-scaled,6,1,fp6_e1m4,fp6_e2m3,4,3,4,91730,124,exp1,224559104,224526336,224526336,56131584,0.0938576236,0.0938569307,32768,168427520,-0.000179290771,0x3dc0386d,0.0938576236,0x3f800000,1,0x3f3e4040,0.743167877,0x3f3e4040,0.743167877,001011,0,11,1011,010011,2,3,011,0x3d640400,0.0556678772,0x3d640400,0.0556678772,0x00000000,0,0,0
l2,0.0625,0,min-error,metric_min,exp2,0,1,1,0.0938576236,0.0938569307,0.0938569307,0.0938576236,6.92903996e-07,125,raw-and-scaled,6,1,fp6_e1m4,fp6_e2m3,4,3,4,91730,125,exp1,224559104,224526336,224526336,56131584,0.0938576236,0.0938569307,32768,168427520,-0.000179290771,0x3dc0386d,0.0938576236,0x3f800000,1,0x3e75fe00,0.240226746,0x3e75fe00,0.240226746,000011,0,3,0011,000111,0,7,111,0x3d57f800,0.0527267456,0x3caff000,0.0214767456,0xcb17f000,-9957376,-2489344,-0.59362793
l2,0.0625,0,min-error,metric_min,exp2,0,1,1,0.0938576236,0.0938569307,0.0938569307,0.0938576236,6.92903996e-07,126,raw-and-scaled,6,1,fp6_e1m4,fp6_e2m3,4,3,4,91730,126,exp1,224559104,224526336,224526336,56131584,0.0938576236,0.0938569307,32768,168427520,-0.000179290771,0x3dc0386d,0.0938576236,0x3f800000,1,0xbff9fe00,-1.95306396,0xbff9fe00,-1.95306396,111111,1,15,1111,111111,3,7,111,0xbc7f0000,-0.0155639648,0xbd9fe000,-0.0780639648,0x4bbfc000,25133056,25133056,1.49804688
l2,0.0625,0,min-error,metric_min,exp2,0,1,1,0.0938576236,0.0938569307,0.0938569307,0.0938576236,6.92903996e-07,127,raw-and-scaled,6,1,fp6_e1m4,fp6_e2m3,4,3,4,91730,127,exp1,224559104,224526336,224526336,56131584,0.0938576236,0.0938569307,32768,168427520,-0.000179290771,0x3dc0386d,0.0938576236,0x3f800000,1,0xbf7f0100,-0.996109009,0xbf7f0100,-0.996109009,101111,0,15,1111,110111,2,7,111,0xbd701000,-0.0586090088,0xbd701000,-0.0586090088,0x00000000,0,0,0
l2,0.0625,0,min-error,metric_min,exp2,0,1,1,0.509212732,0.509207487,0.509207487,0.509212732,5.24520874e-06,0,raw-and-scaled,5,1,fp5_e1m3,fp5_e2m2,3,2,4,8528,0,exp1,266272768,266256384,266256384,66564096,0.509212732,0.509207487,16384,199708672,-0.000339508057,0x3f025bc4,0.509212732,0x3f800000,1,0x3f07f800,0.53112793,0x3f07f800,0.53112793,00100,0,4,100,01000,2,0,00,0x3cff0000,0.0311279297,0x3cff0000,0.0311279297,0x00000000,0,0,0
l2,0.0625,0,min-error,metric_min,exp2,0,1,1,0.509212732,0.509207487,0.509207487,0.509212732,5.24520874e-06,1,raw-and-scaled,5,1,fp5_e1m3,fp5_e2m2,3,2,4,8528,1,exp1,266272768,266256384,266256384,66564096,0.509212732,0.509207487,16384,199708672,-0.000339508057,0x3f025bc4,0.509212732,0x3f800000,1,0xbf85fe00,-1.04681396,0xbf85fe00,-1.04681396,11000,1,0,000,11100,3,0,00,0xbd3fc000,-0.0468139648,0xbd3fc000,-0.0468139648,0x00000000,0,0,0
l2,0.0625,0,min-error,metric_min,exp2,0,1,1,0.509212732,0.509207487,0.509207487,0.509212732,5.24520874e-06,2,raw-and-scaled,5,1,fp5_e1m3,fp5_e2m2,3,2,4,8528,2,exp1,266272768,266256384,266256384,66564096,0.509212732,0.509207487,16384,199708672,-0.000339508057,0x3f025bc4,0.509212732,0x3f800000,1,0xbc13fc00,-0.00903224945,0xbc13fc00,-0.00903224945,10000,0,0,000,10000,0,0,00,0xbc13fc00,-0.00903224945,0xbc13fc00,-0.00903224945,0x00000000,0,0,0
l2,0.0625,0,min-error,metric_min,exp2,0,1,1,0.509212732,0.509207487,0.509207487,0.509212732,5.24520874e-06,3,raw-and-scaled,5,1,fp5_e1m3,fp5_e2m2,3,2,4,8528,3,exp1,266272768,266256384,266256384,66564096,0.509212732,0.509207487,16384,199708672,-0.000339508057,0x3f025bc4,0.509212732,0x3f800000,1,0xbf1c0400,-0.609436035,0xbf1c0400,-0.609436035,10100,0,4,100,11000,2,0,00,0xbde02000,-0.109436035,0xbde02000,-0.109436035,0x00000000,0,0,0
l2,0.0625,0,min-error,metric_min,exp2,0,1,1,0.509212732,0.509207487,0.509207487,0.509212732,5.24520874e-06,4,raw-and-scaled,5,1,fp5_e1m3,fp5_e2m2,3,2,4,8528,4,exp1,266272768,266256384,266256384,66564096,0.509212732,0.509207487,16384,199708672,-0.000339508057,0x3f025bc4,0.509212732,0x3f800000,1,0x3f120200,0.570343018,0x3f120200,0.570343018,00100,0,4,100,01000,2,0,00,0x3d901000,0.0703430176,0x3d901000,0.0703430176,0x00000000,0,0,0
l2,0.0625,0,min-error,metric_min,exp2,0,1,1,0.509212732,0.509207487,0.509207487,0.509212732,5.24520874e-06,5,raw-and-scaled,5,1,fp5_e1m3,fp5_e2m2,3,2,4,8528,5,exp1,266272768,266256384,266256384,66564096,0.509212732,0.509207487,16384,199708672,-0.000339508057,0x3f025bc4,0.509212732,0x3f800000,1,0x3c02c040,0.00798040628,0x3c02c040,0.00798040628,00000,0,0,000,00000,0,0,00,0x3c02c040,0.00798040628,0x3c02c040,0.00798040628,0x00000000,0,0,0
l2,0.0625,0,min-error,metric_min,exp2,0,1,1,0.509212732,0.509207487,0.509207487,0.509212732,5.24520874e-06,6,raw-and-scaled,5,1,fp5_e1m3,fp5_e2m2,3,2,4,8528,6,exp1,266272768,266256384,266256384,66564096,0.509212732,0.509207487,16384,199708672,-0.000339508057,0x3f025bc4,0.509212732,0x3f800000,1,0x3f1a0200,0.601593018,0x3f1a0200,0.601593018,00100,0,4,100,01000,2,0,00,0x3dd01000,0.101593018,0x3dd01000,0.101593018,0x00000000,0,0,0
l2,0.0625,0,min-error,metric_min,exp2,0,1,1,0.509212732,0.509207487,0.509207487,0.509212732,5.24520874e-06,7,raw-and-scaled,5,1,fp5_e1m3,fp5_e2m2,3,2,4,8528,7,exp1,266272768,266256384,266256384,66564096,0.509212732,0.509207487,16384,199708672,-0.000339508057,0x3f025bc4,0.509212732,0x3f800000,1,0x3e0f0100,0.139652252,0x3e0f0100,0.139652252,00001,0,1,001,00010,0,2,10,0x3c701000,0.0146522522,0x3c701000,0.0146522522,0x00000000,0,0,0
l2,0.0625,0,min-error,metric_min,exp2,0,1,1,0.509212732,0.509207487,0.509207487,0.509212732,5.24520874e-06,8,raw-and-scaled,5,1,fp5_e1m3,fp5_e2m2,3,2,4,8528,8,exp1,266272768,266256384,266256384,66564096,0.509212732,0.509207487,16384,199708672,-0.000339508057,0x3f025bc4,0.509212732,0x3f800000,1,0x3ea20200,0.316421509,0x3ea20200,0.316421509,00010,0,2,010,00101,1,1,01,0x3d880800,0.0664215088,0x3b808000,0.00392150879,0xca900000,-4718592,-1179648,-0.28137207
l2,0.0625,0,min-error,metric_min,exp2,0,1,1,0.509212732,0.509207487,0.509207487,0.509212732,5.24520874e-06,9,raw-and-scaled,5,1,fp5_e1m3,fp5_e2m2,3,2,4,8528,9,exp1,266272768,266256384,266256384,66564096,0.509212732,0.509207487,16384,199708672,-0.000339508057,0x3f025bc4,0.509212732,0x3f800000,1,0xba980800,-0.00115990639,0xba980800,-0.00115990639,10000,0,0,000,10000,0,0,00,0xba980800,-0.00115990639,0xba980800,-0.00115990639,0x00000000,0,0,0
l2,0.0625,0,min-error,metric_min,exp2,0,1,1,0.509212732,0.509207487,0.509207487,0.509212732,5.24520874e-06,10,raw-and-scaled,5,1,fp5_e1m3,fp5_e2m2,3,2,4,8528,10,exp1,266272768,266256384,266256384,66564096,0.509212732,0.509207487,16384,199708672,-0.000339508057,0x3f025bc4,0.509212732,0x3f800000,1,0xbfa7f800,-1.31225586,0xbfa7f800,-1.31225586,11010,1,2,010,11101,3,1,01,0xbd7f0000,-0.0622558594,0xbd7f0000,-0.0622558594,0x00000000,0,0,0
l2,0.0625,0,min-error,metric_min,exp2,0,1,1,0.509212732,0.509207487,0.509207487,0.509212732,5.24520874e-06,11,raw-and-scaled,5,1,fp5_e1m3,fp5_e2m2,3,2,4,8528,11,exp1,266272768,266256384,266256384,66564096,0.509212732,0.509207487,16384,199708672,-0.000339508057,0x3f025bc4,0.509212732,0x3f800000,1,0xbe2e0200,-0.169929504,0xbe2e0200,-0.169929504,10001,0,1,001,10010,0,2,10,0xbd380800,-0.0449295044,0xbd380800,-0.0449295044,0x00000000,0,0,0
l2,0.0625,0,min-error,metric_min,exp2,0,1,1,0.509212732,0.509207487,0.509207487,0.509212732,5.24520874e-06,12,raw-and-scaled,5,1,fp5_e1m3,fp5_e2m2,3,2,4,8528,12,exp1,266272768,266256384,266256384,66564096,0.509212732,0.509207487,16384,199708672,-0.000339508057,0x3f025bc4,0.509212732,0x3f800000,1,0x3f0c7f80,0.548820496,0x3f0c7f80,0.548820496,00100,0,4,100,01000,2,0,00,0x3d47f800,0.0488204956,0x3d47f800,0.0488204956,0x00000000,0,0,0
l2,0.0625,0,min-error,metric_min,exp2,0,1,1,0.509212732,0.509207487,0.509207487,0.509212732,5.24520874e-06,13,raw-and-scaled,5,1,fp5_e1m3,fp5_e2m2,3,2,4,8528,13,exp1,266272768,266256384,266256384,66564096,0.509212732,0.509207487,16384,199708672,-0.000339508057,0x3f025bc4,0.509212732,0x3f800000,1,0xbb6bfc00,-0.0036008358,0xbb6bfc00,-0.0036008358,10000,0,0,000,10000,0,0,00,0xbb6bfc00,-0.0036008358,0xbb6bfc00,-0.0036008358,0x00000000,0,0,0
l2,0.0625,0,min-error,metric_min,exp2,0,1,1,0.509212732,0.509207487,0.509207487,0.509212732,5.24520874e-06,14,raw-and-scaled,5,1,fp5_e1m3,fp5_e2m2,3,2,4,8528,14,exp1,266272768,266256384,266256384,66564096,0.509212732,0.509207487,16384,199708672,-0.000339508057,0x3f025bc4,0.509212732,0x3f800000,1,0xbd3a0200,-0.0454120636,0xbd3a0200,-0.0454120636,10000,0,0,000,10000,0,0,00,0xbd3a0200,-0.0454120636,0xbd3a0200,-0.0454120636,0x00000000,0,0,0
l2,0.0625,0,min-error,metric_min,exp2,0,1,1,0.509212732,0.509207487,0.509207487,0.509212732,5.24520874e-06,15,raw-and-scaled,5,1,fp5_e1m3,fp5_e2m2,3,2,4,8528,15,exp1,266272768,266256384,266256384,66564096,0.509212732,0.509207487,16384,199708672,-0.000339508057,0x3f025bc4,0.509212732,0x3f800000,1,0xbcfc0400,-0.0307636261,0xbcfc0400,-0.0307636261,10000,0,0,000,10000,0,0,00,0xbcfc0400,-0.0307636261,0xbcfc0400,-0.0307636261,0x00000000,0,0,0
l2,0.0625,0,min-error,metric_min,exp2,0,1,1,0.509212732,0.509207487,0.509207487,0.509212732,5.24520874e-06,16,raw-and-scaled,5,1,fp5_e1m3,fp5_e2m2,3,2,4,8528,16,exp1,266272768,266256384,266256384,66564096,0.509212732,0.509207487,16384,199708672,-0.000339508057,0x3f025bc4,0.509212732,0x3f800000,1,0xbf210100,-0.628921509,0xbf210100,-0.628921509,10101,0,5,101,11001,2,1,01,0xbb808000,-0.00392150879,0xbb808000,-0.00392150879,0x00000000,0,0,0
l2,0.0625,0,min-error,metric_min,exp2,0,1,1,0.509212732,0.509207487,0.509207487,0.509212732,5.24520874e-06,17,raw-and-scaled,5,1,fp5_e1m3,fp5_e2m2,3,2,4,8528,17,exp1,266272768,266256384,266256384,66564096,0.509212732,0.509207487,16384,199708672,-0.000339508057,0x3f025bc4,0.509212732,0x3f800000,1,0x3c917f80,0.0177609921,0x3c917f80,0.0177609921,00000,0,0,000,00000,0,0,00,0x3c917f80,0.0177609921,0x3c917f80,0.0177609921,0x00000000,0,0,0
l2,0.0625,0,min-error,metric_min,exp2,0,1,1,0.509212732,0.509207487,0.509207487,0.509212732,5.24520874e-06,18,raw-and-scaled,5,1,fp5_e1m3,fp5_e2m2,3,2,4,8528,18,exp1,266272768,266256384,266256384,66564096,0.509212732,0.509207487,16384,199708672,-0.000339508057,0x3f025bc4,0.509212732,0x3f800000,1,0x3c93fc00,0.0180644989,0x3c93fc00,0.0180644989,00000,0,0,000,00000,0,0,00,0x3c93fc00,0.0180644989,0x3c93fc00,0.0180644989,0x00000000,0,0,0
l2,0.0625,0,min-error,metric_min,exp2,0,1,1,0.509212732,0.509207487,0.509207487,0.509212732,5.24520874e-06,19,raw-and-scaled,5,1,fp5_e1m3,fp5_e2m2,3,2,4,8528,19,exp1,266272768,266256384,266256384,66564096,0.509212732,0.509207487,16384,199708672,-0.000339508057,0x3f025bc4,0.509212732,0x3f800000,1,0x3b138080,0.00225070119,0x3b138080,0.00225070119,00000,0,0,000,00000,0,0,00,0x3b138080,0.00225070119,0x3b138080,0.00225070119,0x00000000,0,0,0
l2,0.0625,0,min-error,metric_min,exp2,0,1,1,0.509212732,0.509207487,0.509207487,0.509212732,5.24520874e-06,20,raw-and-scaled,5,1,fp5_e1m3,fp5_e2m2,3,2,4,8528,20,exp1,266272768,266256384,266256384,66564096,0.509212732,0.509207487,16384,199708672,-0.000339508057,0x3f025bc4,0.509212732,0x3f800000,1,0x3e947f80,0.290035248,0x3e947f80,0.290035248,00010,0,2,010,00100,1,0,00,0x3d23fc00,0.0400352478,0x3d23fc00,0.0400352478,0x00000000,0,0,0
l2,0.0625,0,min-error,metric_min,exp2,0,1,1,0.509212732,0.509207487,0.509207487,0.509212732,5.24520874e-06,21,raw-and-scaled,5,1,fp5_e1m3,fp5_e2m2,3,2,4,8528,21,exp1,266272768,266256384,266256384,66564096,0.509212732,0.509207487,16384,199708672,-0.000339508057,0x3f025bc4,0.509212732,0x3f800000,1,0x3f8ac040,1.083992,0x3f8ac040,1.083992,01000,1,0,000,01100,3,0,00,0x3dac0400,0.0839920044,0x3dac0400,0.0839920044,0x00000000,0,0,0
l2,0.0625,0,min-error,metric_min,exp2,0,1,1,0.509212732,0.509207487,0.509207487,0.509212732,5.24520874e-06,22,raw-and-scaled,5,1,fp5_e1m3,fp5_e2m2,3,2,4,8528,22,exp1,266272768,266256384,266256384,66564096,0.509212732,0.509207487,16384,199708672,-0.000339508057,0x3f025bc4,0.509212732,0x3f800000,1,0x3cda0200,0.0266122818,0x3cda0200,0.0266122818,00000,0,0,000,00000,0,0,00,0x3cda0200,0.0266122818,0x3cda0200,0.0266122818,0x00000000,0,0,0
l2,0.0625,0,min-error,metric_min,exp2,0,1,1,0.509212732,0.509207487,0.509207487,0.509212732,5.24520874e-06,23,raw-and-scaled,5,1,fp5_e1m3,fp5_e2m2,3,2,4,8528,23,exp1,266272768,266256384,266256384,66564096,0.509212732,0.509207487,16384,199708672,-0.000339508057,0x3f025bc4,0.509212732,0x3f800000,1,0x3ade0200,0.00169378519,0x3ade0200,0.00169378519,00000,0,0,000,00000,0,0,00,0x3ade0200,0.00169378519,0x3ade0200,0.00169378519,0x00000000,0,0,0
l2,0.0625,0,min-error,metric_min,exp2,0,1,1,0.509212732,0.509207487,0.509207487,0.509212732,5.24520874e-06,24,raw-and-scaled,5,1,fp5_e1m3,fp5_e2m2,3,2,4,8528,24,exp1,266272768,266256384,266256384,66564096,0.509212732,0.509207487,16384,199708672,-0.000339508057,0x3f025bc4,0.509212732,0x3f800000,1,0xbee1fe00,-0.441390991,0xbee1fe00,-0.441390991,10011,0,3,011,10111,1,3,11,0xbd87f800,-0.0663909912,0xbb7f0000,-0.00389099121,0xca8fe000,-4714496,-1178624,-0.28112793
l2,0.0625,0,min-error,metric_min,exp2,0,1,1,0.509212732,0.509207487,0.509207487,0.509212732,5.24520874e-06,25,raw-and-scaled,5,1,fp5_e1m3,fp5_e2m2,3,2,4,8528,25,exp1,266272768,266256384,266256384,66564096,0.509212732,0.509207487,16384,199708672,-0.000339508057,0x3f025bc4,0.509212732,0x3f800000,1,0x3d330100,0.0437021255,0x3d330100,0.0437021255,00000,0,0,000,00000,0,0,00,0x3d330100,0.0437021255,0x3d330100,0.0437021255,0x00000000,0,0,0
l2,0.0625,0,min-error,metric_min,exp2,0,1,1,0.509212732,0.509207487,0.509207487,0.509212732,5.24520874e-06,26,raw-and-scaled,5,1,fp5_e1m3,fp5_e2m2,3,2,4,8528,26,exp1,266272768,266256384,266256384,66564096,0.509212732,0.509207487,16384,199708672,-0.000339508057,0x3f025bc4,0.509212732,0x3f800000,1,0xbad40400,-0.00161755085,0xbad40400,-0.00161755085,10000,0,0,000,10000,0,0,00,0xbad40400,-0.00161755085,0xbad40400,-0.00161755085,0x00000000,0,0,0
l2,0.0625,0,min-error,metric_min,exp2,0,1,1,0.509212732,0.509207487,0.509207487,0.509212732,5.24520874e-06,27,raw-and-scaled,5,1,fp5_e1m3,fp5_e2m2,3,2,4,8528,27,exp1,266272768,266256384,266256384,66564096,0.509212732,0.509207487,16384,199708672,-0.000339508057,0x3f025bc4,0.509212732,0x3f800000,1,0xbd1b7f80,-0.0379633904,0xbd1b7f80,-0.0379633904,10000,0,0,000,10000,0,0,00,0xbd1b7f80,-0.0379633904,0xbd1b7f80,-0.0379633904,0x00000000,0,0,0
l2,0.0625,0,min-error,metric_min,exp2,0,1,1,0.509212732,0.509207487,0.509207487,0.509212732,5.24520874e-06,28,raw-and-scaled,5,1,fp5_e1m3,fp5_e2m2,3,2,4,8528,28,exp1,266272768,266256384,266256384,66564096,0.509212732,0.509207487,16384,199708672,-0.000339508057,0x3f025bc4,0.509212732,0x3f800000,1,0x3de3fc00,0.111320496,0x3de3fc00,0.111320496,00000,0,0,000,00001,0,1,01,0x3de3fc00,0.111320496,0x3d47f800,0.0488204956,0xcb23f000,-10743808,-2685952,-0.640563965
l2,0.0625,0,min-error,metric_min,exp2,0,1,1,0.509212732,0.509207487,0.509207487,0.509212732,5.24520874e-06,29,raw-and-scaled,5,1,fp5_e1m3,fp5_e2m2,3,2,4,8528,29,exp1,266272768,266256384,266256384,66564096,0.509212732,0.509207487,16384,199708672,-0.000339508057,0x3f025bc4,0.509212732,0x3f800000,1,0xbd9d7f80,-0.0769033432,0xbd9d7f80,-0.0769033432,10000,0,0,000,10001,0,1,01,0xbd9d7f80,-0.0769033432,0xbc6bfc00,-0.0144033432,0xcabae000,-6123520,-1530880,-0.365226746
l2,0.0625,0,min-error,metric_min,exp2,0,1,1,0.509212732,0.509207487,0.509207487,0.509212732,5.24520874e-06,30,raw-and-scaled,5,1,fp5_e1m3,fp5_e2m2,3,2,4,8528,30,exp1,266272768,266256384,266256384,66564096,0.509212732,0.509207487,16384,199708672,-0.000339508057,0x3f025bc4,0.509212732,0x3f800000,1,0x3afa0200,0.00190740824,0x3afa0200,0.00190740824,00000,0,0,000,00000,0,0,00,0x3afa0200,0.00190740824,0x3afa0200,0.00190740824,0x00000000,0,0,0
l2,0.0625,0,min-error,metric_min,exp2,0,1,1,0.509212732,0.509207487,0.509207487,0.509212732,5.24520874e-06,31,raw-and-scaled,5,1,fp5_e1m3,fp5_e2m2,3,2,4,8528,31,exp1,266272768,266256384,266256384,66564096,0.509212732,0.509207487,16384,199708672,-0.000339508057,0x3f025bc4,0.509212732,0x3f800000,1,0x3df80800,0.121109009,0x3df80800,0.121109009,00000,0,0,000,00001,0,1,01,0x3df80800,0.121109009,0x3d701000,0.0586090088,0xcb380000,-12058624,-3014656,-0.71887207
l2,0.0625,0,min-error,metric_min,exp2,0,1,1,0.509212732,0.509207487,0.509207487,0.509212732,5.24520874e-06,32,raw-and-scaled,5,1,fp5_e1m3,fp5_e2m2,3,2,4,8528,32,exp1,266272768,266256384,266256384,66564096,0.509212732,0.509207487,16384,199708672,-0.000339508057,0x3f025bc4,0.509212732,0x3f800000,1,0x3f40ff00,0.753890991,0x3f40ff00,0.753890991,00110,0,6,110,01010,2,2,10,0x3b7f0000,0.00389099121,0x3b7f0000,0.00389099121,0x00000000,0,0,0
l2,0.0625,0,min-error,metric_min,exp2,0,1,1,0.509212732,0.509207487,0.509207487,0.509212732,5.24520874e-06,33,raw-and-scaled,5,1,fp5_e1m3,fp5_e2m2,3,2,4,8528,33,exp1,266272768,266256384,266256384,66564096,0.509212732,0.509207487,16384,199708672,-0.000339508057,0x3f025bc4,0.509212732,0x3f800000,1,0xbea17f80,-0.315425873,0xbea17f80,-0.315425873,10010,0,2,010,10101,1,1,01,0xbd85fe00,-0.0654258728,0xbb3fc000,-0.0029258728,0xca8be000,-4583424,-1145856,-0.273406982
l2,0.0625,0,min-error,metric_min,exp2,0,1,1,0.509212732,0.509207487,0.509207487,0.509212732,5.24520874e-06,34,raw-and-scaled,5,1,fp5_e1m3,fp5_e2m2,3,2,4,8528,34,exp1,266272768,266256384,266256384,66564096,0.509212732,0.509207487,16384,199708672,-0.000339508057,0x3f025bc4,0.509212732,0x3f800000,1,0x3fa27f80,1.26951599,0x3fa27f80,1.26951599,01010,1,2,010,01101,3,1,01,0x3c9fe000,0.0195159912,0x3c9fe000,0.0195159912,0x00000000,0,0,0
l2,0.0625,0,min-error,metric_min,exp2,0,1,1,0.509212732,0.509207487,0.509207487,0.509212732,5.24520874e-06,35,raw-and-scaled,5,1,fp5_e1m3,fp5_e2m2,3,2,4,8528,35,exp1,266272768,266256384,266256384,66564096,0.509212732,0.509207487,16384,199708672,-0.000339508057,0x3f025bc4,0.509212732,0x3f800000,1,0xbd9c0400,-0.0761795044,0xbd9c0400,-0.0761795044,10000,0,0,000,10001,0,1,01,0xbd9c0400,-0.0761795044,0xbc602000,-0.0136795044,0xcab80000,-6029312,-1507328,-0.359436035
l2,0.0625,0,min-error,metric_min,exp2,0,1,1,0.509212732,0.509207487,0.509207487,0.509212732,5.24520874e-06,36,raw-and-scaled,5,1,fp5_e1m3,fp5_e2m2,3,2,4,8528,36,exp1,266272768,266256384,266256384,66564096,0.509212732,0.509207487,16384,199708672,-0.000339508057,0x3f025bc4,0.509212732,0x3f800000,1,0x3a920200,0.00111395121,0x3a920200,0.00111395121,00000,0,0,000,00000,0,0,00,0x3a920200,0.00111395121,0x3a920200,0.00111395121,0x00000000,0,0,0
l2,0.0625,0,min-error,metric_min,exp2,0,1,1,0.509212732,0.509207487,0.509207487,0.509212732,5.24520874e-06,37,raw-and-scaled,5,1,fp5_e1m3,fp5_e2m2,3,2,4,8528,37,exp1,266272768,266256384,266256384,66564096,0.509212732,0.509207487,16384,199708672,-0.000339508057,0x3f025bc4,0.509212732,0x3f800000,1,0x3c92bfc0,0.0179136992,0x3c92bfc0,0.0179136992,00000,0,0,000,00000,0,0,00,0x3c92bfc0,0.0179136992,0x3c92bfc0,0.0179136992,0x00000000,0,0,0
l2,0.0625,0,min-error,metric_min,exp2,0,1,1,0.509212732,0.509207487,0.509207487,0.509212732,5.24520874e-06,38,raw-and-scaled,5,1,fp5_e1m3,fp5_e2m2,3,2,4,8528,38,exp1,266272768,266256384,266256384,66564096,0.509212732,0.509207487,16384,199708672,-0.000339508057,0x3f025bc4,0.509212732,0x3f800000,1,0xbe934040,-0.287599564,0xbe934040,-0.287599564,10010,0,2,010,10100,1,0,00,0xbd1a0200,-0.0375995636,0xbd1a0200,-0.0375995636,0x00000000,0,0,0
l2,0.0625,0,min-error,metric_min,exp2,0,1,1,0.509212732,0.509207487,0.509207487,0.509212732,5.24520874e-06,39,raw-and-scaled,5,1,fp5_e1m3,fp5_e2m2,3,2,4,8528,39,exp1,266272768,266256384,266256384,66564096,0.509212732,0.509207487,16384,199708672,-0.000339508057,0x3f025bc4,0.509212732,0x3f800000,1,0x3d1e0200,0.0385761261,0x3d1e0200,0.0385761261,00000,0,0,000,00000,0,0,00,0x3d1e0200,0.0385761261,0x3d1e0200,0.0385761261,0x00000000,0,0,0
l2,0.0625,0,min-error,metric_min,exp2,0,1,1,0.509212732,0.509207487,0.509207487,0.509212732,5.24520874e-06,40,raw-and-scaled,5,1,fp5_e1m3,fp5_e2m2,3,2,4,8528,40,exp1,266272768,266256384,266256384,66564096,0.509212732,0.509207487,16384,199708672,-0.000339508057,0x3f025bc4,0.509212732,0x3f800000,1,0xbdc40400,-0.0957107544,0xbdc40400,-0.0957107544,10000,0,0,000,10001,0,1,01,0xbdc40400,-0.0957107544,0xbd080800,-0.0332107544,0xcb040000,-8650752,-2162688,-0.515686035
l2,0.0625,0,min-error,metric_min,exp2,0,1,1,0.509212732,0.509207487,0.509207487,0.509212732,5.24520874e-06,41,raw-and-scaled,5,1,fp5_e1m3,fp5_e2m2,3,2,4,8528,41,exp1,266272768,266256384,266256384,66564096,0.509212732,0.509207487,16384,199708672,-0.000339508057,0x3f025bc4,0.509212732,0x3f800000,1,0xbca60200,-0.0202646255,0xbca60200,-0.0202646255,10000,0,0,000,10000,0,0,00,0xbca60200,-0.0202646255,0xbca60200,-0.0202646255,0x00000000,0,0,0
l2,0.0625,0,min-error,metric_min,exp2,0,1,1,0.509212732,0.509207487,0.509207487,0.509212732,5.24520874e-06,42,raw-and-scaled,5,1,fp5_e1m3,fp5_e2m2,3,2,4,8528,42,exp1,266272768,266256384,266256384,66564096,0.509212732,0.509207487,16384,199708672,-0.000339508057,0x3f025bc4,0.509212732,0x3f800000,1,0xbd280800,-0.0410232544,0xbd280800,-0.0410232544,10000,0,0,000,10000,0,0,00,0xbd280800,-0.0410232544,0xbd280800,-0.0410232544,0x00000000,0,0,0
l2,0.0625,0,min-error,metric_min,exp2,0,1,1,0.509212732,0.509207487,0.509207487,0.509212732,5.24520874e-06,43,raw-and-scaled,5,1,fp5_e1m3,fp5_e2m2,3,2,4,8528,43,exp1,266272768,266256384,266256384,66564096,0.509212732,0.509207487,16384,199708672,-0.000339508057,0x3f025bc4,0.509212732,0x3f800000,1,0x3ddbfc00,0.107414246,0x3ddbfc00,0.107414246,00000,0,0,000,00001,0,1,01,0x3ddbfc00,0.107414246,0x3d37f800,0.0449142456,0xcb1bf000,-10219520,-2554880,-0.609313965
l2,0.0625,0,min-error,metric_min,exp2,0,1,1,0.509212732,0.509207487,0.509207487,0.509212732,5.24520874e-06,44,raw-and-scaled,5,1,fp5_e1m3,fp5_e2m2,3,2,4,8528,44,exp1,266272768,266256384,266256384,66564096,0.509212732,0.509207487,16384,199708672,-0.000339508057,0x3f025bc4,0.509212732,0x3f800000,1,0x3dc7f800,0.0976409912,0x3dc7f800,0.0976409912,00000,0,0,000,00001,0,1,01,0x3dc7f800,0.0976409912,0x3d0ff000,0.0351409912,0xcb07f000,-8908800,-2227200,-0.53112793
l2,0.0625,0,min-error,metric_min,exp2,0,1,1,0.509212732,0.509207487,0.509207487,0.509212732,5.24520874e-06,45,raw-and-scaled,5,1,fp5_e1m3,fp5_e2m2,3,2,4,8528,45,exp1,266272768,266256384,266256384,66564096,0.509212732,0.509207487,16384,199708672,-0.000339508057,0x3f025bc4,0.509212732,0x3f800000,1,0x3bdaff00,0.0066832304,0x3bdaff00,0.0066832304,00000,0,0,000,00000,0,0,00,0x3bdaff00,0.0066832304,0x3bdaff00,0.0066832304,0x00000000,0,0,0
l2,0.0625,0,min-error,metric_min,exp2,0,1,1,0.509212732,0.509207487,0.509207487,0.509212732,5.24520874e-06,46,raw-and-scaled,5,1,fp5_e1m3,fp5_e2m2,3,2,4,8528,46,exp1,266272768,266256384,266256384,66564096,0.509212732,0.509207487,16384,199708672,-0.000339508057,0x3f025bc4,0.509212732,0x3f800000,1,0x3de80800,0.113296509,0x3de80800,0.113296509,00000,0,0,000,00001,0,1,01,0x3de80800,0.113296509,0x3d501000,0.0507965088,0xcb280000,-11010048,-2752512,-0.65637207
l2,0.0625,0,min-error,metric_min,exp2,0,1,1,0.509212732,0.509207487,0.509207487,0.509212732,5.24520874e-06,47,raw-and-scaled,5,1,fp5_e1m3,fp5_e2m2,3,2,4,8528,47,exp1,266272768,266256384,266256384,66564096,0.509212732,0.509207487,16384,199708672,-0.000339508057,0x3f025bc4,0.509212732,0x3f800000,1,0x3daf8080,0.085694313,0x3daf8080,0.085694313,00000,0,0,000,00001,0,1,01,0x3daf8080,0.085694313,0x3cbe0200,0.023194313,0xcadf0000,-7307264,-1826816,-0.435554504
l2,0.0625,0,min-error,metric_min,exp2,0,1,1,0.509212732,0.509207487,0.509207487,0.509212732,5.24520874e-06,48,raw-and-scaled,5,1,fp5_e1m3,fp5_e2m2,3,2,4,8528,48,exp1,266272768,266256384,266256384,66564096,0.509212732,0.509207487,16384,199708672,-0.000339508057,0x3f025bc4,0.509212732,0x3f800000,1,0x3f610100,0.878921509,0x3f610100,0.878921509,00111,0,7,111,01011,2,3,11,0x3b808000,0.00392150879,0x3b808000,0.00392150879,0x00000000,0,0,0
l2,0.0625,0,min-error,metric_min,exp2,0,1,1,0.509212732,0.509207487,0.509207487,0.509212732,5.24520874e-06,49,raw-and-scaled,5,1,fp5_e1m3,fp5_e2m2,3,2,4,8528,49,exp1,266272768,266256384,266256384,66564096,0.509212732,0.509207487,16384,199708672,-0.000339508057,0x3f025bc4,0.509212732,0x3f800000,1,0x3fc5fe00,1.54681396,0x3fc5fe00,1.54681396,01100,1,4,100,01110,3,2,10,0x3d3fc000,0.0468139648,0x3d3fc000,0.0468139648,0x00000000,0,0,0
l2,0.0625,0,min-error,metric_min,exp2,0,1,1,0.509212732,0.509207487,0.509207487,0.509212732,5.24520874e-06,50,raw-and-scaled,5,1,fp5_e1m3,fp5_e2m2,3,2,4,8528,50,exp1,266272768,266256384,266256384,66564096,0.509212732,0.509207487,16384,199708672,-0.000339508057,0x3f025bc4,0.509212732,0x3f800000,1,0x3aca0200,0.0015411973,0x3aca0200,0.0015411973,00000,0,0,000,00000,0,0,00,0x3aca0200,0.0015411973,0x3aca0200,0.0015411973,0x00000000,0,0,0
l2,0.0625,0,min-error,metric_min,exp2,0,1,1,0.509212732,0.509207487,0.509207487,0.509212732,5.24520874e-06,51,raw-and-scaled,5,1,fp5_e1m3,fp5_e2m2,3,2,4,8528,51,exp1,266272768,266256384,266256384,66564096,0.509212732,0.509207487,16384,199708672,-0.000339508057,0x3f025bc4,0.509212732,0x3f800000,1,0x3a99bfc0,0.00117301196,0x3a99bfc0,0.00117301196,00000,0,0,000,00000,0,0,00,0x3a99bfc0,0.00117301196,0x3a99bfc0,0.00117301196,0x00000000,0,0,0
l2,0.0625,0,min-error,metric_min,exp2,0,1,1,0.509212732,0.509207487,0.509207487,0.509212732,5.24520874e-06,52,raw-and-scaled,5,1,fp5_e1m3,fp5_e2m2,3,2,4,8528,52,exp1,266272768,266256384,266256384,66564096,0.509212732,0.509207487,16384,199708672,-0.000339508057,0x3f025bc4,0.509212732,0x3f800000,1,0xbfa40400,-1.28137207,0xbfa40400,-1.28137207,11010,1,2,010,11101,3,1,01,0xbd008000,-0.0313720703,0xbd008000,-0.0313720703,0x00000000,0,0,0
l2,0.0625,0,min-error,metric_min,exp2,0,1,1,0.509212732,0.509207487,0.509207487,0.509212732,5.24520874e-06,53,raw-and-scaled,5,1,fp5_e1m3,fp5_e2m2,3,2,4,8528,53,exp1,266272768,266256384,266256384,66564096,0.509212732,0.509207487,16384,199708672,-0.000339508057,0x3f025bc4,0.509212732,0x3f800000,1,0x3c580800,0.0131855011,0x3c580800,0.0131855011,00000,0,0,000,00000,0,0,00,0x3c580800,0.0131855011,0x3c580800,0.0131855011,0x00000000,0,0,0
l2,0.0625,0,min-error,metric_min,exp2,0,1,1,0.509212732,0.509207487,0.509207487,0.509212732,5.24520874e-06,54,raw-and-scaled,5,1,fp5_e1m3,fp5_e2m2,3,2,4,8528,54,exp1,266272768,266256384,266256384,66564096,0.509212732,0.509207487,16384,199708672,-0.000339508057,0x3f025bc4,0.509212732,0x3f800000,1,0x3fb3fc00,1.40612793,0x3fb3fc00,1.40612793,01011,1,3,011,01101,3,1,01,0x3cff0000,0.0311279297,0x3e1fe000,0.15612793,0x4bbfc000,25133056,25133056,1.49804688
l2,0.0625,0,min-error,metric_min,exp2,0,1,1,0.509212732,0.509207487,0.509207487,0.509212732,5.24520874e-06,55,raw-and-scaled,5,1,fp5_e1m3,fp5_e2m2,3,2,4,8528,55,exp1,266272768,266256384,266256384,66564096,0.509212732,0.509207487,16384,199708672,-0.000339508057,0x3f025bc4,0.509212732,0x3f800000,1,0xbe780800,-0.242218018,0xbe780800,-0.242218018,10001,0,1,001,10011,0,3,11,0xbdf01000,-0.117218018,0xbd602000,-0.0547180176,0xcb301000,-11538432,-2884608,-0.687744141
l2,0.0625,0,min-error,metric_min,exp2,0,1,1,0.509212732,0.509207487,0.509207487,0.509212732,5.24520874e-06,56,raw-and-scaled,5,1,fp5_e1m3,fp5_e2m2,3,2,4,8528,56,exp1,266272768,266256384,266256384,66564096,0.509212732,0.509207487,16384,199708672,-0.000339508057,0x3f025bc4,0.509212732,0x3f800000,1,0x3ef10100,0.470710754,0x3ef10100,0.470710754,00011,0,3,011,00111,1,3,11,0x3dc40400,0.0957107544,0x3d080800,0.0332107544,0xcb040000,-8650752,-2162688,-0.515686035
l2,0.0625,0,min-error,metric_min,exp2,0,1,1,0.509212732,0.509207487,0.509207487,0.509212732,5.24520874e-06,57,raw-and-scaled,5,1,fp5_e1m3,fp5_e2m2,3,2,4,8528,57,exp1,266272768,266256384,266256384,66564096,0.509212732,0.509207487,16384,199708672,-0.000339508057,0x3f025bc4,0.509212732,0x3f800000,1,0xbf398080,-0.724617004,0xbf398080,-0.724617004,10101,0,5,101,11001,2,1,01,0xbdcc0400,-0.0996170044,0xbdcc0400,-0.0996170044,0x00000000,0,0,0
l2,0.0625,0,min-error,metric_min,exp2,0,1,1,0.509212732,0.509207487,0.509207487,0.509212732,5.24520874e-06,58,raw-and-scaled,5,1,fp5_e1m3,fp5_e2m2,3,2,4,8528,58,exp1,266272768,266256384,266256384,66564096,0.509212732,0.509207487,16384,199708672,-0.000339508057,0x3f025bc4,0.509212732,0x3f800000,1,0x3df4ff00,0.119626999,0x3df4ff00,0.119626999,00000,0,0,000,00001,0,1,01,0x3df4ff00,0.119626999,0x3d69fe00,0.0571269989,0xcb34f000,-11857920,-2964480,-0.707015991
l2,0.0625,0,min-error,metric_min,exp2,0,1,1,0.509212732,0.509207487,0.509207487,0.509212732,5.24520874e-06,59,raw-and-scaled,5,1,fp5_e1m3,fp5_e2m2,3,2,4,8528,59,exp1,266272768,266256384,266256384,66564096,0.509212732,0.509207487,16384,199708672,-0.000339508057,0x3f025bc4,0.509212732,0x3f800000,1,0xbf9dbfc0,-1.23241425,0xbf9dbfc0,-1.23241425,11001,1,1,001,11100,3,0,00,0xbddbfc00,-0.107414246,0xbe6dfe00,-0.232414246,0x4c2df000,45596672,45596672,2.71862793
l2,0.0625,0,min-error,metric_min,exp2,0,1,1,0.509212732,0.509207487,0.509207487,0.509212732,5.24520874e-06,60,raw-and-scaled,5,1,fp5_e1m3,fp5_e2m2,3,2,4,8528,60,exp1,266272768,266256384,266256384,66564096,0.509212732,0.509207487,16384,199708672,-0.000339508057,0x3f025bc4,0.509212732,0x3f800000,1,0x3be40400,0.00695848465,0x3be40400,0.00695848465,00000,0,0,000,00000,0,0,00,0x3be40400,0.00695848465,0x3be40400,0.00695848465,0x00000000,0,0,0
l2,0.0625,0,min-error,metric_min,exp2,0,1,1,0.509212732,0.509207487,0.509207487,0.509212732,5.24520874e-06,61,raw-and-scaled,5,1,fp5_e1m3,fp5_e2m2,3,2,4,8528,61,exp1,266272768,266256384,266256384,66564096,0.509212732,0.509207487,16384,199708672,-0.000339508057,0x3f025bc4,0.509212732,0x3f800000,1,0xbdfb0100,-0.122560501,0xbdfb0100,-0.122560501,10000,0,0,000,10001,0,1,01,0xbdfb0100,-0.122560501,0xbd760200,-0.0600605011,0xcb3b0000,-12255232,-3063808,-0.730484009
l2,0.0625,0,min-error,metric_min,exp2,0,1,1,0.509212732,0.509207487,0.509207487,0.509212732,5.24520874e-06,62,raw-and-scaled,5,1,fp5_e1m3,fp5_e2m2,3,2,4,8528,62,exp1,266272768,266256384,266256384,66564096,0.509212732,0.509207487,16384,199708672,-0.000339508057,0x3f025bc4,0.509212732,0x3f800000,1,0xbe7a0200,-0.244148254,0xbe7a0200,-0.244148254,10001,0,1,001,10011,0,3,11,0xbdf40400,-0.119148254,0xbd680800,-0.0566482544,0xcb340000,-11796480,-2949120,-0.703186035
l2,0.0625,0,min-error,metric_min,exp2,0,1,1,0.509212732,0.509207487,0.509207487,0.509212732,5.24520874e-06,63,raw-and-scaled,5,1,fp5_e1m3,fp5_e2m2,3,2,4,8528,63,exp1,266272768,266256384,266256384,66564096,0.509212732,0.509207487,16384,199708672,-0.000339508057,0x3f025bc4,0.509212732,0x3f800000,1,0xbfbf7f80,-1.49607849,0xbfbf7f80,-1.49607849,11011,1,3,011,11101,3,1,01,0xbdf7f800,-0.121078491,0xbe7bfc00,-0.246078491,0x4c3bf000,49266688,49266688,2.93725586
l2,0.0625,0,min-error,metric_min,exp2,0,1,1,0.509212732,0.509207487,0.509207487,0.509212732,5.24520874e-06,64,raw-and-scaled,5,1,fp5_e1m3,fp5_e2m2,3,2,4,8528,64,exp1,266272768,266256384,266256384,66564096,0.509212732,0.509207487,16384,199708672,-0.000339508057,0x3f025bc4,0.509212732,0x3f800000,1,0xbf203fc0,-0.625972748,0xbf203fc0,-0.625972748,10101,0,5,101,11001,2,1,01,0xba7f0000,-0.000972747803,0xba7f0000,-0.000972747803,0x00000000,0,0,0
l2,0.0625,0,min-error,metric_min,exp2,0,1,1,0.509212732,0.509207487,0.509207487,0.509212732,5.24520874e-06,65,raw-and-scaled,5,1,fp5_e1m3,fp5_e2m2,3,2,4,8528,65,exp1,266272768,266256384,266256384,66564096,0.509212732,0.509207487,16384,199708672,-0.000339508057,0x3f025bc4,0.509212732,0x3f800000,1,0xbd20bfc0,-0.0392453671,0xbd20bfc0,-0.0392453671,10000,0,0,000,10000,0,0,00,0xbd20bfc0,-0.0392453671,0xbd20bfc0,-0.0392453671,0x00000000,0,0,0
l2,0.0625,0,min-error,metric_min,exp2,0,1,1,0.509212732,0.509207487,0.509207487,0.509212732,5.24520874e-06,66,raw-and-scaled,5,1,fp5_e1m3,fp5_e2m2,3,2,4,8528,66,exp1,266272768,266256384,266256384,66564096,0.509212732,0.509207487,16384,199708672,-0.000339508057,0x3f025bc4,0.509212732,0x3f800000,1,0xbf8a0200,-1.07818604,0xbf8a0200,-1.07818604,11000,1,0,000,11100,3,0,00,0xbda02000,-0.0781860352,0xbda02000,-0.0781860352,0x00000000,0,0,0
l2,0.0625,0,min-error,metric_min,exp2,0,1,1,0.509212732,0.509207487,0.509207487,0.509212732,5.24520874e-06,67,raw-and-scaled,5,1,fp5_e1m3,fp5_e2m2,3,2,4,8528,67,exp1,266272768,266256384,266256384,66564096,0.509212732,0.509207487,16384,199708672,-0.000339508057,0x3f025bc4,0.509212732,0x3f800000,1,0xbb21c040,-0.00246812403,0xbb21c040,-0.00246812403,10000,0,0,000,10000,0,0,00,0xbb21c040,-0.00246812403,0xbb21c040,-0.00246812403,0x00000000,0,0,0
l2,0.0625,0,min-error,metric_min,exp2,0,1,1,0.509212732,0.509207487,0.509207487,0.509212732,5.24520874e-06,68,raw-and-scaled,5,1,fp5_e1m3,fp5_e2m2,3,2,4,8528,68,exp1,266272768,266256384,266256384,66564096,0.509212732,0.509207487,16384,199708672,-0.000339508057,0x3f025bc4,0.509212732,0x3f800000,1,0x3a890100,0.00104525685,0x3a890100,0.00104525685,00000,0,0,000,00000,0,0,00,0x3a890100,0.00104525685,0x3a890100,0.00104525685,0x00000000,0,0,0
l2,0.0625,0,min-error,metric_min,exp2,0,1,1,0.509212732,0.509207487,0.509207487,0.509212732,5.24520874e-06,69,raw-and-scaled,5,1,fp5_e1m3,fp5_e2m2,3,2,4,8528,69,exp1,266272768,266256384,266256384,66564096,0.509212732,0.509207487,16384,199708672,-0.000339508057,0x3f025bc4,0.509212732,0x3f800000,1,0x3c2c0400,0.0104990005,0x3c2c0400,0.0104990005,00000,0,0,000,00000,0,0,00,0x3c2c0400,0.0104990005,0x3c2c0400,0.0104990005,0x00000000,0,0,0
l2,0.0625,0,min-error,metric_min,exp2,0,1,1,0.509212732,0.509207487,0.509207487,0.509212732,5.24520874e-06,70,raw-and-scaled,5,1,fp5_e1m3,fp5_e2m2,3,2,4,8528,70,exp1,266272768,266256384,266256384,66564096,0.509212732,0.509207487,16384,199708672,-0.000339508057,0x3f025bc4,0.509212732,0x3f800000,1,0xbc233fc0,-0.00996392965,0xbc233fc0,-0.00996392965,10000,0,0,000,10000,0,0,00,0xbc233fc0,-0.00996392965,0xbc233fc0,-0.00996392965,0x00000000,0,0,0
l2,0.0625,0,min-error,metric_min,exp2,0,1,1,0.509212732,0.509207487,0.509207487,0.509212732,5.24520874e-06,71,raw-and-scaled,5,1,fp5_e1m3,fp5_e2m2,3,2,4,8528,71,exp1,266272768,266256384,266256384,66564096,0.509212732,0.509207487,16384,199708672,-0.000339508057,0x3f025bc4,0.509212732,0x3f800000,1,0x3ebc0400,0.367218018,0x3ebc0400,0.367218018,00010,0,2,010,00101,1,1,01,0x3df01000,0.117218018,0x3d602000,0.0547180176,0xcb301000,-11538432,-2884608,-0.687744141
l2,0.0625,0,min-error,metric_min,exp2,0,1,1,0.509212732,0.509207487,0.509207487,0.509212732,5.24520874e-06,72,raw-and-scaled,5,1,fp5_e1m3,fp5_e2m2,3,2,4,8528,72,exp1,266272768,266256384,266256384,66564096,0.509212732,0.509207487,16384,199708672,-0.000339508057,0x3f025bc4,0.509212732,0x3f800000,1,0xbd487f80,-0.0489497185,0xbd487f80,-0.0489497185,10000,0,0,000,10000,0,0,00,0xbd487f80,-0.0489497185,0xbd487f80,-0.0489497185,0x00000000,0,0,0
l2,0.0625,0,min-error,metric_min,exp2,0,1,1,0.509212732,0.509207487,0.509207487,0.509212732,5.24520874e-06,73,raw-and-scaled,5,1,fp5_e1m3,fp5_e2m2,3,2,4,8528,73,exp1,266272768,266256384,266256384,66564096,0.509212732,0.509207487,16384,199708672,-0.000339508057,0x3f025bc4,0.509212732,0x3f800000,1,0xbc25fe00,-0.0101313591,0xbc25fe00,-0.0101313591,10000,0,0,000,10000,0,0,00,0xbc25fe00,-0.0101313591,0xbc25fe00,-0.0101313591,0x00000000,0,0,0
l2,0.0625,0,min-error,metric_min,exp2,0,1,1,0.509212732,0.509207487,0.509207487,0.509212732,5.24520874e-06,74,raw-and-scaled,5,1,fp5_e1m3,fp5_e2m2,3,2,4,8528,74,exp1,266272768,266256384,266256384,66564096,0.509212732,0.509207487,16384,199708672,-0.000339508057,0x3f025bc4,0.509212732,0x3f800000,1,0xbb540400,-0.0032351017,0xbb540400,-0.0032351017,10000,0,0,000,10000,0,0,00,0xbb540400,-0.0032351017,0xbb540400,-0.0032351017,0x00000000,0,0,0
l2,0.0625,0,min-error,metric_min,exp2,0,1,1,0.509212732,0.509207487,0.509207487,0.509212732,5.24520874e-06,75,raw-and-scaled,5,1,fp5_e1m3,fp5_e2m2,3,2,4,8528,75,exp1,266272768,266256384,266256384,66564096,0.509212732,0.509207487,16384,199708672,-0.000339508057,0x3f025bc4,0.509212732,0x3f800000,1,0xbf37f800,-0.71862793,0xbf37f800,-0.71862793,10101,0,5,101,11001,2,1,01,0xbdbfc000,-0.0936279297,0xbdbfc000,-0.0936279297,0x00000000,0,0,0
l2,0.0625,0,min-error,metric_min,exp2,0,1,1,0.509212732,0.509207487,0.509207487,0.509212732,5.24520874e-06,76,raw-and-scaled,5,1,fp5_e1m3,fp5_e2m2,3,2,4,8528,76,exp1,266272768,266256384,266256384,66564096,0.509212732,0.509207487,16384,199708672,-0.000339508057,0x3f025bc4,0.509212732,0x3f800000,1,0x3ac80800,0.00152611732,0x3ac80800,0.00152611732,00000,0,0,000,00000,0,0,00,0x3ac80800,0.00152611732,0x3ac80800,0.00152611732,0x00000000,0,0,0
l2,0.0625,0,min-error,metric_min,exp2,0,1,1,0.509212732,0.509207487,0.509207487,0.509212732,5.24520874e-06,77,raw-and-scaled,5,1,fp5_e1m3,fp5_e2m2,3,2,4,8528,77,exp1,266272768,266256384,266256384,66564096,0.509212732,0.509207487,16384,199708672,-0.000339508057,0x3f025bc4,0.509212732,0x3f800000,1,0xbd6bfc00,-0.0576133728,0xbd6bfc00,-0.0576133728,10000,0,0,000,10000,0,0,00,0xbd6bfc00,-0.0576133728,0xbd6bfc00,-0.0576133728,0x00000000,0,0,0
l2,0.0625,0,min-error,metric_min,exp2,0,1,1,0.509212732,0.509207487,0.509207487,0.509212732,5.24520874e-06,78,raw-and-scaled,5,1,fp5_e1m3,fp5_e2m2,3,2,4,8528,78,exp1,266272768,266256384,266256384,66564096,0.509212732,0.509207487,16384,199708672,-0.000339508057,0x3f025bc4,0.509212732,0x3f800000,1,0xbc73fc00,-0.0148916245,0xbc73fc00,-0.0148916245,10000,0,0,000,10000,0,0,00,0xbc73fc00,-0.0148916245,0xbc73fc00,-0.0148916245,0x00000000,0,0,0
l2,0.0625,0,min-error,metric_min,exp2,0,1,1,0.509212732,0.509207487,0.509207487,0.509212732,5.24520874e-06,79,raw-and-scaled,5,1,fp5_e1m3,fp5_e2m2,3,2,4,8528,79,exp1,266272768,266256384,266256384,66564096,0.509212732,0.509207487,16384,199708672,-0.000339508057,0x3f025bc4,0.509212732,0x3f800000,1,0xbfcf8080,-1.62110901,0xbfcf8080,-1.62110901,11100,1,4,100,11110,3,2,10,0xbdf80800,-0.121109009,0xbdf80800,-0.121109009,0x00000000,0,0,0
l2,0.0625,0,min-error,metric_min,exp2,0,1,1,0.509212732,0.509207487,0.509207487,0.509212732,5.24520874e-06,80,raw-and-scaled,5,1,fp5_e1m3,fp5_e2m2,3,2,4,8528,80,exp1,266272768,266256384,266256384,66564096,0.509212732,0.509207487,16384,199708672,-0.000339508057,0x3f025bc4,0.509212732,0x3f800000,1,0x3e210100,0.157230377,0x3e210100,0.157230377,00001,0,1,001,00010,0,2,10,0x3d040400,0.0322303772,0x3d040400,0.0322303772,0x00000000,0,0,0
l2,0.0625,0,min-error,metric_min,exp2,0,1,1,0.509212732,0.509207487,0.509207487,0.509212732,5.24520874e-06,81,raw-and-scaled,5,1,fp5_e1m3,fp5_e2m2,3,2,4,8528,81,exp1,266272768,266256384,266256384,66564096,0.509212732,0.509207487,16384,199708672,-0.000339508057,0x3f025bc4,0.509212732,0x3f800000,1,0x3d17f800,0.0371017456,0x3d17f800,0.0371017456,00000,0,0,000,00000,0,0,00,0x3d17f800,0.0371017456,0x3d17f800,0.0371017456,0x00000000,0,0,0
l2,0.0625,0,min-error,metric_min,exp2,0,1,1,0.509212732,0.509207487,0.509207487,0.509212732,5.24520874e-06,82,raw-and-scaled,5,1,fp5_e1m3,fp5_e2m2,3,2,4,8528,82,exp1,266272768,266256384,266256384,66564096,0.509212732,0.509207487,16384,199708672,-0.000339508057,0x3f025bc4,0.509212732,0x3f800000,1,0xbea80800,-0.328186035,0xbea80800,-0.328186035,10010,0,2,010,10101,1,1,01,0xbda02000,-0.0781860352,0xbc808000,-0.0156860352,0xcac04000,-6299648,-1574912,-0.375488281
l2,0.0625,0,min-error,metric_min,exp2,0,1,1,0.509212732,0.509207487,0.509207487,0.509212732,5.24520874e-06,83,raw-and-scaled,5,1,fp5_e1m3,fp5_e2m2,3,2,4,8528,83,exp1,266272768,266256384,266256384,66564096,0.509212732,0.509207487,16384,199708672,-0.000339508057,0x3f025bc4,0.509212732,0x3f800000,1,0xbcb80800,-0.0224647522,0xbcb80800,-0.0224647522,10000,0,0,000,10000,0,0,00,0xbcb80800,-0.0224647522,0xbcb80800,-0.0224647522,0x00000000,0,0,0
l2,0.0625,0,min-error,metric_min,exp2,0,1,1,0.509212732,0.509207487,0.509207487,0.509212732,5.24520874e-06,84,raw-and-scaled,5,1,fp5_e1m3,fp5_e2m2,3,2,4,8528,84,exp1,266272768,266256384,266256384,66564096,0.509212732,0.509207487,16384,199708672,-0.000339508057,0x3f025bc4,0.509212732,0x3f800000,1,0xbac80800,-0.00152611732,0xbac80800,-0.00152611732,10000,0,0,000,10000,0,0,00,0xbac80800,-0.00152611732,0xbac80800,-0.00152611732,0x00000000,0,0,0
l2,0.0625,0,min-error,metric_min,exp2,0,1,1,0.509212732,0.509207487,0.509207487,0.509212732,5.24520874e-06,85,raw-and-scaled,5,1,fp5_e1m3,fp5_e2m2,3,2,4,8528,85,exp1,266272768,266256384,266256384,66564096,0.509212732,0.509207487,16384,199708672,-0.000339508057,0x3f025bc4,0.509212732,0x3f800000,1,0xbfaac040,-1.333992,0xbfaac040,-1.333992,11010,1,2,010,11101,3,1,01,0xbdac0400,-0.0839920044,0xbdac0400,-0.0839920044,0x00000000,0,0,0
l2,0.0625,0,min-error,metric_min,exp2,0,1,1,0.509212732,0.509207487,0.509207487,0.509212732,5.24520874e-06,86,raw-and-scaled,5,1,fp5_e1m3,fp5_e2m2,3,2,4,8528,86,exp1,266272768,266256384,266256384,66564096,0.509212732,0.509207487,16384,199708672,-0.000339508057,0x3f025bc4,0.509212732,0x3f800000,1,0x3ce80800,0.0283241272,0x3ce80800,0.0283241272,00000,0,0,000,00000,0,0,00,0x3ce80800,0.0283241272,0x3ce80800,0.0283241272,0x00000000,0,0,0
l2,0.0625,0,min-error,metric_min,exp2,0,1,1,0.509212732,0.509207487,0.509207487,0.509212732,5.24520874e-06,87,raw-and-scaled,5,1,fp5_e1m3,fp5_e2m2,3,2,4,8528,87,exp1,266272768,266256384,266256384,66564096,0.509212732,0.509207487,16384,199708672,-0.000339508057,0x3f025bc4,0.509212732,0x3f800000,1,0x3c577f80,0.013152957,0x3c577f80,0.013152957,00000,0,0,000,00000,0,0,00,0x3c577f80,0.013152957,0x3c577f80,0.013152957,0x00000000,0,0,0
l2,0.0625,0,min-error,metric_min,exp2,0,1,1,0.509212732,0.509207487,0.509207487,0.509212732,5.24520874e-06,88,raw-and-scaled,5,1,fp5_e1m3,fp5_e2m2,3,2,4,8528,88,exp1,266272768,266256384,266256384,66564096,0.509212732,0.509207487,16384,199708672,-0.000339508057,0x3f025bc4,0.509212732,0x3f800000,1,0x3dc3fc00,0.0956954956,0x3dc3fc00,0.0956954956,00000,0,0,000,00001,0,1,01,0x3dc3fc00,0.0956954956,0x3d07f800,0.0331954956,0xcb03f000,-8646656,-2161664,-0.515563965
l2,0.0625,0,min-error,metric_min,exp2,0,1,1,0.509212732,0.509207487,0.509207487,0.509212732,5.24520874e-06,89,raw-and-scaled,5,1,fp5_e1m3,fp5_e2m2,3,2,4,8528,89,exp1,266272768,266256384,266256384,66564096,0.509212732,0.509207487,16384,199708672,-0.000339508057,0x3f025bc4,0.509212732,0x3f800000,1,0x3ad97f80,0.00165937841,0x3ad97f80,0.00165937841,00000,0,0,000,00000,0,0,00,0x3ad97f80,0.00165937841,0x3ad97f80,0.00165937841,0x00000000,0,0,0
l2,0.0625,0,min-error,metric_min,exp2,0,1,1,0.509212732,0.509207487,0.509207487,0.509212732,5.24520874e-06,90,raw-and-scaled,5,1,fp5_e1m3,fp5_e2m2,3,2,4,8528,90,exp1,266272768,266256384,266256384,66564096,0.509212732,0.509207487,16384,199708672,-0.000339508057,0x3f025bc4,0.509212732,0x3f800000,1,0x3b6a0200,0.00357067585,0x3b6a0200,0.00357067585,00000,0,0,000,00000,0,0,00,0x3b6a0200,0.00357067585,0x3b6a0200,0.00357067585,0x00000000,0,0,0
l2,0.0625,0,min-error,metric_min,exp2,0,1,1,0.509212732,0.509207487,0.509207487,0.509212732,5.24520874e-06,91,raw-and-scaled,5,1,fp5_e1m3,fp5_e2m2,3,2,4,8528,91,exp1,266272768,266256384,266256384,66564096,0.509212732,0.509207487,16384,199708672,-0.000339508057,0x3f025bc4,0.509212732,0x3f800000,1,0x3e6e0200,0.232429504,0x3e6e0200,0.232429504,00001,0,1,001,00011,0,3,11,0x3ddc0400,0.107429504,0x3d380800,0.0449295044,0xcb1c0000,-10223616,-2555904,-0.609436035
l2,0.0625,0,min-error,metric_min,exp2,0,1,1,0.509212732,0.509207487,0.509207487,0.509212732,5.24520874e-06,92,raw-and-scaled,5,1,fp5_e1m3,fp5_e2m2,3,2,4,8528,92,exp1,266272768,266256384,266256384,66564096,0.509212732,0.509207487,16384,199708672,-0.000339508057,0x3f025bc4,0.509212732,0x3f800000,1,0x3dae4040,0.0850834846,0x3dae4040,0.0850834846,00000,0,0,000,00001,0,1,01,0x3dae4040,0.0850834846,0x3cb90100,0.0225834846,0xcadc8000,-7225344,-1806336,-0.430667877
l2,0.0625,0,min-error,metric_min,exp2,0,1,1,0.509212732,0.509207487,0.509207487,0.509212732,5.24520874e-06,93,raw-and-scaled,5,1,fp5_e1m3,fp5_e2m2,3,2,4,8528,93,exp1,266272768,266256384,266256384,66564096,0.509212732,0.509207487,16384,199708672,-0.000339508057,0x3f025bc4,0.509212732,0x3f800000,1,0x3fdd8080,1.73048401,0x3fdd8080,1.73048401,01101,1,5,101,01110,3,2,10,0x3dd80800,0.105484009,0x3e6c0400,0.230484009,0x4c2c0000,45088768,45088768,2.68774414
l2,0.0625,0,min-error,metric_min,exp2,0,1,1,0.509212732,0.509207487,0.509207487,0.509212732,5.24520874e-06,94,raw-and-scaled,5,1,fp5_e1m3,fp5_e2m2,3,2,4,8528,94,exp1,266272768,266256384,266256384,66564096,0.509212732,0.509207487,16384,199708672,-0.000339508057,0x3f025bc4,0.509212732,0x3f800000,1,0x3cbcff00,0.0230708122,0x3cbcff00,0.0230708122,00000,0,0,000,00000,0,0,00,0x3cbcff00,0.0230708122,0x3cbcff00,0.0230708122,0x00000000,0,0,0
l2,0.0625,0,min-error,metric_min,exp2,0,1,1,0.509212732,0.509207487,0.509207487,0.509212732,5.24520874e-06,95,raw-and-scaled,5,1,fp5_e1m3,fp5_e2m2,3,2,4,8528,95,exp1,266272768,266256384,266256384,66564096,0.509212732,0.509207487,16384,199708672,-0.000339508057,0x3f025bc4,0.509212732,0x3f800000,1,0xbc3eff00,-0.0116574764,0xbc3eff00,-0.0116574764,10000,0,0,000,10000,0,0,00,0xbc3eff00,-0.0116574764,0xbc3eff00,-0.0116574764,0x00000000,0,0,0
l2,0.0625,0,min-error,metric_min,exp2,0,1,1,0.509212732,0.509207487,0.509207487,0.509212732,5.24520874e-06,96,raw-and-scaled,5,1,fp5_e1m3,fp5_e2m2,3,2,4,8528,96,exp1,266272768,266256384,266256384,66564096,0.509212732,0.509207487,16384,199708672,-0.000339508057,0x3f025bc4,0.509212732,0x3f800000,1,0xbce08080,-0.0274050236,0xbce08080,-0.0274050236,10000,0,0,000,10000,0,0,00,0xbce08080,-0.0274050236,0xbce08080,-0.0274050236,0x00000000,0,0,0
l2,0.0625,0,min-error,metric_min,exp2,0,1,1,0.509212732,0.509207487,0.509207487,0.509212732,5.24520874e-06,97,raw-and-scaled,5,1,fp5_e1m3,fp5_e2m2,3,2,4,8528,97,exp1,266272768,266256384,266256384,66564096,0.509212732,0.509207487,16384,199708672,-0.000339508057,0x3f025bc4,0.509212732,0x3f800000,1,0xbf97f800,-1.18725586,0xbf97f800,-1.18725586,11001,1,1,001,11100,3,0,00,0xbd7f0000,-0.0622558594,0xbe3fc000,-0.187255859,0x4bff8000,33488896,33488896,1.99609375
l2,0.0625,0,min-error,metric_min,exp2,0,1,1,0.509212732,0.509207487,0.509207487,0.509212732,5.24520874e-06,98,raw-and-scaled,5,1,fp5_e1m3,fp5_e2m2,3,2,4,8528,98,exp1,266272768,266256384,266256384,66564096,0.509212732,0.509207487,16384,199708672,-0.000339508057,0x3f025bc4,0.509212732,0x3f800000,1,0x3ae27f80,0.00172804296,0x3ae27f80,0.00172804296,00000,0,0,000,00000,0,0,00,0x3ae27f80,0.00172804296,0x3ae27f80,0.00172804296,0x00000000,0,0,0
l2,0.0625,0,min-error,metric_min,exp2,0,1,1,0.509212732,0.509207487,0.509207487,0.509212732,5.24520874e-06,99,raw-and-scaled,5,1,fp5_e1m3,fp5_e2m2,3,2,4,8528,99,exp1,266272768,266256384,266256384,66564096,0.509212732,0.509207487,16384,199708672,-0.000339508057,0x3f025bc4,0.509212732,0x3f800000,1,0x3c637f80,0.0138853788,0x3c637f80,0.0138853788,00000,0,0,000,00000,0,0,00,0x3c637f80,0.0138853788,0x3c637f80,0.0138853788,0x00000000,0,0,0
l2,0.0625,0,min-error,metric_min,exp2,0,1,1,0.509212732,0.509207487,0.509207487,0.509212732,5.24520874e-06,100,raw-and-scaled,5,1,fp5_e1m3,fp5_e2m2,3,2,4,8528,100,exp1,266272768,266256384,266256384,66564096,0.509212732,0.509207487,16384,199708672,-0.000339508057,0x3f025bc4,0.509212732,0x3f800000,1,0xbee47f80,-0.446285248,0xbee47f80,-0.446285248,10011,0,3,011,10111,1,3,11,0xbd91fe00,-0.0712852478,0xbc0ff000,-0.0087852478,0xcaa3e000,-5369856,-1342464,-0.320281982
l2,0.0625,0,min-error,metric_min,exp2,0,1,1,0.509212732,0.509207487,0.509207487,0.509212732,5.24520874e-06,101,raw-and-scaled,5,1,fp5_e1m3,fp5_e2m2,3,2,4,8528,101,exp1,266272768,266256384,266256384,66564096,0.509212732,0.509207487,16384,199708672,-0.000339508057,0x3f025bc4,0.509212732,0x3f800000,1,0x3dcaff00,0.0991191864,0x3dcaff00,0.0991191864,00000,0,0,000,00001,0,1,01,0x3dcaff00,0.0991191864,0x3d15fe00,0.0366191864,0xcb0af000,-9105408,-2276352,-0.542953491
l2,0.0625,0,min-error,metric_min,exp2,0,1,1,0.509212732,0.509207487,0.509207487,0.509212732,5.24520874e-06,102,raw-and-scaled,5,1,fp5_e1m3,fp5_e2m2,3,2,4,8528,102,exp1,266272768,266256384,266256384,66564096,0.509212732,0.509207487,16384,199708672,-0.000339508057,0x3f025bc4,0.509212732,0x3f800000,1,0x3d99fe00,0.0751914978,0x3d99fe00,0.0751914978,00000,0,0,000,00001,0,1,01,0x3d99fe00,0.0751914978,0x3c4ff000,0.0126914978,0xcab3e000,-5894144,-1473536,-0.351531982
l2,0.0625,0,min-error,metric_min,exp2,0,1,1,0.509212732,0.509207487,0.509207487,0.509212732,5.24520874e-06,103,raw-and-scaled,5,1,fp5_e1m3,fp5_e2m2,3,2,4,8528,103,exp1,266272768,266256384,266256384,66564096,0.509212732,0.509207487,16384,199708672,-0.000339508057,0x3f025bc4,0.509212732,0x3f800000,1,0x3e9dfe00,0.308578491,0x3e9dfe00,0.308578491,00010,0,2,010,00100,1,0,00,0x3d6ff000,0.0585784912,0x3d6ff000,0.0585784912,0x00000000,0,0,0
l2,0.0625,0,min-error,metric_min,exp2,0,1,1,0.509212732,0.509207487,0.509207487,0.509212732,5.24520874e-06,104,raw-and-scaled,5,1,fp5_e1m3,fp5_e2m2,3,2,4,8528,104,exp1,266272768,266256384,266256384,66564096,0.509212732,0.509207487,16384,199708672,-0.000339508057,0x3f025bc4,0.509212732,0x3f800000,1,0xbc510100,-0.0127565861,0xbc510100,-0.0127565861,10000,0,0,000,10000,0,0,00,0xbc510100,-0.0127565861,0xbc510100,-0.0127565861,0x00000000,0,0,0
l2,0.0625,0,min-error,metric_min,exp2,0,1,1,0.509212732,0.509207487,0.509207487,0.509212732,5.24520874e-06,105,raw-and-scaled,5,1,fp5_e1m3,fp5_e2m2,3,2,4,8528,105,exp1,266272768,266256384,266256384,66564096,0.509212732,0.509207487,16384,199708672,-0.000339508057,0x3f025bc4,0.509212732,0x3f800000,1,0x3e697f80,0.228025436,0x3e697f80,0.228025436,00001,0,1,001,00011,0,3,11,0x3dd2ff00,0.103025436,0x3d25fe00,0.0405254364,0xcb12f000,-9629696,-2407424,-0.574203491
l2,0.0625,0,min-error,metric_min,exp2,0,1,1,0.509212732,0.509207487,0.509207487,0.509212732,5.24520874e-06,106,raw-and-scaled,5,1,fp5_e1m3,fp5_e2m2,3,2,4,8528,106,exp1,266272768,266256384,266256384,66564096,0.509212732,0.509207487,16384,199708672,-0.000339508057,0x3f025bc4,0.509212732,0x3f800000,1,0x3f54ff00,0.832015991,0x3f54ff00,0.832015991,00110,0,6,110,01010,2,2,10,0x3da7f800,0.0820159912,0x3da7f800,0.0820159912,0x00000000,0,0,0
l2,0.0625,0,min-error,metric_min,exp2,0,1,1,0.509212732,0.509207487,0.509207487,0.509212732,5.24520874e-06,107,raw-and-scaled,5,1,fp5_e1m3,fp5_e2m2,3,2,4,8528,107,exp1,266272768,266256384,266256384,66564096,0.509212732,0.509207487,16384,199708672,-0.000339508057,0x3f025bc4,0.509212732,0x3f800000,1,0x3ddbfc00,0.107414246,0x3ddbfc00,0.107414246,00000,0,0,000,00001,0,1,01,0x3ddbfc00,0.107414246,0x3d37f800,0.0449142456,0xcb1bf000,-10219520,-2554880,-0.609313965
l2,0.0625,0,min-error,metric_min,exp2,0,1,1,0.509212732,0.509207487,0.509207487,0.509212732,5.24520874e-06,108,raw-and-scaled,5,1,fp5_e1m3,fp5_e2m2,3,2,4,8528,108,exp1,266272768,266256384,266256384,66564096,0.509212732,0.509207487,16384,199708672,-0.000339508057,0x3f025bc4,0.509212732,0x3f800000,1,0xbd364040,-0.0444948673,0xbd364040,-0.0444948673,10000,0,0,000,10000,0,0,00,0xbd364040,-0.0444948673,0xbd364040,-0.0444948673,0x00000000,0,0,0
l2,0.0625,0,min-error,metric_min,exp2,0,1,1,0.509212732,0.509207487,0.509207487,0.509212732,5.24520874e-06,109,raw-and-scaled,5,1,fp5_e1m3,fp5_e2m2,3,2,4,8528,109,exp1,266272768,266256384,266256384,66564096,0.509212732,0.509207487,16384,199708672,-0.000339508057,0x3f025bc4,0.509212732,0x3f800000,1,0xbe580800,-0.210968018,0xbe580800,-0.210968018,10001,0,1,001,10011,0,3,11,0xbdb01000,-0.0859680176,0xbcc04000,-0.0234680176,0xcae02000,-7344128,-1836032,-0.437744141
l2,0.0625,0,min-error,metric_min,exp2,0,1,1,0.509212732,0.509207487,0.509207487,0.509212732,5.24520874e-06,110,raw-and-scaled,5,1,fp5_e1m3,fp5_e2m2,3,2,4,8528,110,exp1,266272768,266256384,266256384,66564096,0.509212732,0.509207487,16384,199708672,-0.000339508057,0x3f025bc4,0.509212732,0x3f800000,1,0xbaee8080,-0.0018196255,0xbaee8080,-0.0018196255,10000,0,0,000,10000,0,0,00,0xbaee8080,-0.0018196255,0xbaee8080,-0.0018196255,0x00000000,0,0,0
l2,0.0625,0,min-error,metric_min,exp2,0,1,1,0.509212732,0.509207487,0.509207487,0.509212732,5.24520874e-06,111,raw-and-scaled,5,1,fp5_e1m3,fp5_e2m2,3,2,4,8528,111,exp1,266272768,266256384,266256384,66564096,0.509212732,0.509207487,16384,199708672,-0.000339508057,0x3f025bc4,0.509212732,0x3f800000,1,0x3d3e0200,0.0463886261,0x3d3e0200,0.0463886261,00000,0,0,000,00000,0,0,00,0x3d3e0200,0.0463886261,0x3d3e0200,0.0463886261,0x00000000,0,0,0
l2,0.0625,0,min-error,metric_min,exp2,0,1,1,0.509212732,0.509207487,0.509207487,0.509212732,5.24520874e-06,112,raw-and-scaled,5,1,fp5_e1m3,fp5_e2m2,3,2,4,8528,112,exp1,266272768,266256384,266256384,66564096,0.509212732,0.509207487,16384,199708672,-0.000339508057,0x3f025bc4,0.509212732,0x3f800000,1,0x3fb84040,1.43946075,0x3fb84040,1.43946075,01011,1,3,011,01101,3,1,01,0x3d840400,0.0644607544,0x3e420200,0.189460754,0x4c020000,34078720,34078720,2.03137207
l2,0.0625,0,min-error,metric_min,exp2,0,1,1,0.509212732,0.509207487,0.509207487,0.509212732,5.24520874e-06,113,raw-and-scaled,5,1,fp5_e1m3,fp5_e2m2,3,2,4,8528,113,exp1,266272768,266256384,266256384,66564096,0.509212732,0.509207487,16384,199708672,-0.000339508057,0x3f025bc4,0.509212732,0x3f800000,1,0x3bf18080,0.00737005472,0x3bf18080,0.00737005472,00000,0,0,000,00000,0,0,00,0x3bf18080,0.00737005472,0x3bf18080,0.00737005472,0x00000000,0,0,0
l2,0.0625,0,min-error,metric_min,exp2,0,1,1,0.509212732,0.509207487,0.509207487,0.509212732,5.24520874e-06,114,raw-and-scaled,5,1,fp5_e1m3,fp5_e2m2,3,2,4,8528,114,exp1,266272768,266256384,266256384,66564096,0.509212732,0.509207487,16384,199708672,-0.000339508057,0x3f025bc4,0.509212732,0x3f800000,1,0x3bb94040,0.00565341115,0x3bb94040,0.00565341115,00000,0,0,000,00000,0,0,00,0x3bb94040,0.00565341115,0x3bb94040,0.00565341115,0x00000000,0,0,0
l2,0.0625,0,min-error,metric_min,exp2,0,1,1,0.509212732,0.509207487,0.509207487,0.509212732,5.24520874e-06,115,raw-and-scaled,5,1,fp5_e1m3,fp5_e2m2,3,2,4,8528,115,exp1,266272768,266256384,266256384,66564096,0.509212732,0.509207487,16384,199708672,-0.000339508057,0x3f025bc4,0.509212732,0x3f800000,1,0xbc1bfc00,-0.0095205307,0xbc1bfc00,-0.0095205307,10000,0,0,000,10000,0,0,00,0xbc1bfc00,-0.0095205307,0xbc1bfc00,-0.0095205307,0x00000000,0,0,0
l2,0.0625,0,min-error,metric_min,exp2,0,1,1,0.509212732,0.509207487,0.509207487,0.509212732,5.24520874e-06,116,raw-and-scaled,5,1,fp5_e1m3,fp5_e2m2,3,2,4,8528,116,exp1,266272768,266256384,266256384,66564096,0.509212732,0.509207487,16384,199708672,-0.000339508057,0x3f025bc4,0.509212732,0x3f800000,1,0x3aa3fc00,0.00125110149,0x3aa3fc00,0.00125110149,00000,0,0,000,00000,0,0,00,0x3aa3fc00,0.00125110149,0x3aa3fc00,0.00125110149,0x00000000,0,0,0
l2,0.0625,0,min-error,metric_min,exp2,0,1,1,0.509212732,0.509207487,0.509207487,0.509212732,5.24520874e-06,117,raw-and-scaled,5,1,fp5_e1m3,fp5_e2m2,3,2,4,8528,117,exp1,266272768,266256384,266256384,66564096,0.509212732,0.509207487,16384,199708672,-0.000339508057,0x3f025bc4,0.509212732,0x3f800000,1,0xbcd7f800,-0.0263633728,0xbcd7f800,-0.0263633728,10000,0,0,000,10000,0,0,00,0xbcd7f800,-0.0263633728,0xbcd7f800,-0.0263633728,0x00000000,0,0,0
l2,0.0625,0,min-error,metric_min,exp2,0,1,1,0.509212732,0.509207487,0.509207487,0.509212732,5.24520874e-06,118,raw-and-scaled,5,1,fp5_e1m3,fp5_e2m2,3,2,4,8528,118,exp1,266272768,266256384,266256384,66564096,0.509212732,0.509207487,16384,199708672,-0.000339508057,0x3f025bc4,0.509212732,0x3f800000,1,0x3d340400,0.0439491272,0x3d340400,0.0439491272,00000,0,0,000,00000,0,0,00,0x3d340400,0.0439491272,0x3d340400,0.0439491272,0x00000000,0,0,0
l2,0.0625,0,min-error,metric_min,exp2,0,1,1,0.509212732,0.509207487,0.509207487,0.509212732,5.24520874e-06,119,raw-and-scaled,5,1,fp5_e1m3,fp5_e2m2,3,2,4,8528,119,exp1,266272768,266256384,266256384,66564096,0.509212732,0.509207487,16384,199708672,-0.000339508057,0x3f025bc4,0.509212732,0x3f800000,1,0xbd3bbfc0,-0.0458371639,0xbd3bbfc0,-0.0458371639,10000,0,0,000,10000,0,0,00,0xbd3bbfc0,-0.0458371639,0xbd3bbfc0,-0.0458371639,0x00000000,0,0,0
l2,0.0625,0,min-error,metric_min,exp2,0,1,1,0.509212732,0.509207487,0.509207487,0.509212732,5.24520874e-06,120,raw-and-scaled,5,1,fp5_e1m3,fp5_e2m2,3,2,4,8528,120,exp1,266272768,266256384,266256384,66564096,0.509212732,0.509207487,16384,199708672,-0.000339508057,0x3f025bc4,0.509212732,0x3f800000,1,0x3a87f800,0.00103735924,0x3a87f800,0.00103735924,00000,0,0,000,00000,0,0,00,0x3a87f800,0.00103735924,0x3a87f800,0.00103735924,0x00000000,0,0,0
l2,0.0625,0,min-error,metric_min,exp2,0,1,1,0.509212732,0.509207487,0.509207487,0.509212732,5.24520874e-06,121,raw-and-scaled,5,1,fp5_e1m3,fp5_e2m2,3,2,4,8528,121,exp1,266272768,266256384,266256384,66564096,0.509212732,0.509207487,16384,199708672,-0.000339508057,0x3f025bc4,0.509212732,0x3f800000,1,0xbdf30100,-0.118654251,0xbdf30100,-0.118654251,10000,0,0,000,10001,0,1,01,0xbdf30100,-0.118654251,0xbd660200,-0.0561542511,0xcb330000,-11730944,-2932736,-0.699234009
l2,0.0625,0,min-error,metric_min,exp2,0,1,1,0.509212732,0.509207487,0.509207487,0.509212732,5.24520874e-06,122,raw-and-scaled,5,1,fp5_e1m3,fp5_e2m2,3,2,4,8528,122,exp1,266272768,266256384,266256384,66564096,0.509212732,0.509207487,16384,199708672,-0.000339508057,0x3f025bc4,0.509212732,0x3f800000,1,0xbebd4040,-0.369630814,0xbebd4040,-0.369630814,10010,0,2,010,10101,1,1,01,0xbdf50100,-0.119630814,0xbd6a0200,-0.0571308136,0xcb350000,-11862016,-2965504,-0.707046509
l2,0.0625,0,min-error,metric_min,exp2,0,1,1,0.509212732,0.509207487,0.509207487,0.509212732,5.24520874e-06,123,raw-and-scaled,5,1,fp5_e1m3,fp5_e2m2,3,2,4,8528,123,exp1,266272768,266256384,266256384,66564096,0.509212732,0.509207487,16384,199708672,-0.000339508057,0x3f025bc4,0.509212732,0x3f800000,1,0x3cedfe00,0.0290517807,0x3cedfe00,0.0290517807,00000,0,0,000,00000,0,0,00,0x3cedfe00,0.0290517807,0x3cedfe00,0.0290517807,0x00000000,0,0,0
l2,0.0625,0,min-error,metric_min,exp2,0,1,1,0.509212732,0.509207487,0.509207487,0.509212732,5.24520874e-06,124,raw-and-scaled,5,1,fp5_e1m3,fp5_e2m2,3,2,4,8528,124,exp1,266272768,266256384,266256384,66564096,0.509212732,0.509207487,16384,199708672,-0.000339508057,0x3f025bc4,0.509212732,0x3f800000,1,0xbd3e3fc0,-0.0464475155,0xbd3e3fc0,-0.0464475155,10000,0,0,000,10000,0,0,00,0xbd3e3fc0,-0.0464475155,0xbd3e3fc0,-0.0464475155,0x00000000,0,0,0
l2,0.0625,0,min-error,metric_min,exp2,0,1,1,0.509212732,0.509207487,0.509207487,0.509212732,5.24520874e-06,125,raw-and-scaled,5,1,fp5_e1m3,fp5_e2m2,3,2,4,8528,125,exp1,266272768,266256384,266256384,66564096,0.509212732,0.509207487,16384,199708672,-0.000339508057,0x3f025bc4,0.509212732,0x3f800000,1,0xbfd80800,-1.68774414,0xbfd80800,-1.68774414,11101,1,5,101,11110,3,2,10,0xbd808000,-0.0627441406,0xbe404000,-0.187744141,0x4c004000,33619968,33619968,2.00390625
l2,0.0625,0,min-error,metric_min,exp2,0,1,1,0.509212732,0.509207487,0.509207487,0.509212732,5.24520874e-06,126,raw-and-scaled,5,1,fp5_e1m3,fp5_e2m2,3,2,4,8528,126,exp1,266272768,266256384,266256384,66564096,0.509212732,0.509207487,16384,199708672,-0.000339508057,0x3f025bc4,0.509212732,0x3f800000,1,0x3f3f3fc0,0.747066498,0x3f3f3fc0,0.747066498,00101,0,5,101,01001,2,1,01,0x3df9fe00,0.122066498,0x3df9fe00,0.122066498,0x00000000,0,0,0
l2,0.0625,0,min-error,metric_min,exp2,0,1,1,0.509212732,0.509207487,0.509207487,0.509212732,5.24520874e-06,127,raw-and-scaled,5,1,fp5_e1m3,fp5_e2m2,3,2,4,8528,127,exp1,266272768,266256384,266256384,66564096,0.509212732,0.509207487,16384,199708672,-0.000339508057,0x3f025bc4,0.509212732,0x3f800000,1,0xbd3fc040,-0.0468142033,0xbd3fc040,-0.0468142033,10000,0,0,000,10000,0,0,00,0xbd3fc040,-0.0468142033,0xbd3fc040,-0.0468142033,0x00000000,0,0,0
l2,0.0625,0,min-error,metric_min,exp2,0,1,1,0.39377895,0.393777698,0.393777698,0.39377895,1.25169754e-06,0,raw-and-scaled,5,1,fp5_e1m3,fp5_e2m2,3,2,4,18500,0,exp1,180256768,180252672,180252672,45063168,0.39377895,0.393777698,4096,135193600,-8.01086426e-05,0x3ec99d65,0.39377895,0x3f800000,1,0x3f80ff00,1.00778198,0x3f80ff00,1.00778198,01000,1,0,000,01100,3,0,00,0x3bff0000,0.00778198242,0x3bff0000,0.00778198242,0x00000000,0,0,0
l2,0.0625,0,min-error,metric_min,exp2,0,1,1,0.39377895,0.393777698,0.393777698,0.39377895,1.25169754e-06,1,raw-and-scaled,5,1,fp5_e1m3,fp5_e2m2,3,2,4,18500,1,exp1,180256768,180252672,180252672,45063168,0.39377895,0.393777698,4096,135193600,-8.01086426e-05,0x3ec99d65,0.39377895,0x3f800000,1,0xbd17f800,-0.0371017456,0xbd17f800,-0.0371017456,10000,0,0,000,10000,0,0,00,0xbd17f800,-0.0371017456,0xbd17f800,-0.0371017456,0x00000000,0,0,0
l2,0.0625,0,min-error,metric_min,exp2,0,1,1,0.39377895,0.393777698,0.393777698,0.39377895,1.25169754e-06,2,raw-and-scaled,5,1,fp5_e1m3,fp5_e2m2,3,2,4,18500,2,exp1,180256768,180252672,180252672,45063168,0.39377895,0.393777698,4096,135193600,-8.01086426e-05,0x3ec99d65,0.39377895,0x3f800000,1,0x3e89fe00,0.269515991,0x3e89fe00,0.269515991,00010,0,2,010,00100,1,0,00,0x3c9fe000,0.0195159912,0x3c9fe000,0.0195159912,0x00000000,0,0,0
l2,0.0625,0,min-error,metric_min,exp2,0,1,1,0.39377895,0.393777698,0.393777698,0.39377895,1.25169754e-06,3,raw-and-scaled,5,1,fp5_e1m3,fp5_e2m2,3,2,4,18500,3,exp1,180256768,180252672,180252672,45063168,0.39377895,0.393777698,4096,135193600,-8.01086426e-05,0x3ec99d65,0.39377895,0x3f800000,1,0xba86ff00,-0.00102993846,0xba86ff00,-0.00102993846,10000,0,0,000,10000,0,0,00,0xba86ff00,-0.00102993846,0xba86ff00,-0.00102993846,0x00000000,0,0,0
l2,0.0625,0,min-error,metric_min,exp2,0,1,1,0.39377895,0.393777698,0.393777698,0.39377895,1.25169754e-06,4,raw-and-scaled,5,1,fp5_e1m3,fp5_e2m2,3,2,4,18500,4,exp1,180256768,180252672,180252672,45063168,0.39377895,0.393777698,4096,135193600,-8.01086426e-05,0x3ec99d65,0.39377895,0x3f800000,1,0xba847f80,-0.00101087987,0xba847f80,-0.00101087987,10000,0,0,000,10000,0,0,00,0xba847f80,-0.00101087987,0xba847f80,-0.00101087987,0x00000000,0,0,0
l2,0.0625,0,min-error,metric_min,exp2,0,1,1,0.39377895,0.393777698,0.393777698,0.39377895,1.25169754e-06,5,raw-and-scaled,5,1,fp5_e1m3,fp5_e2m2,3,2,4,18500,5,exp1,180256768,180252672,180252672,45063168,0.39377895,0.393777698,4096,135193600,-8.01086426e-05,0x3ec99d65,0.39377895,0x3f800000,1,0x3d0b0100,0.0339365005,0x3d0b0100,0.0339365005,00000,0,0,000,00000,0,0,00,0x3d0b0100,0.0339365005,0x3d0b0100,0.0339365005,0x00000000,0,0,0
l2,0.0625,0,min-error,metric_min,exp2,0,1,1,0.39377895,0.393777698,0.393777698,0.39377895,1.25169754e-06,6,raw-and-scaled,5,1,fp5_e1m3,fp5_e2m2,3,2,4,18500,6,exp1,180256768,180252672,180252672,45063168,0.39377895,0.393777698,4096,135193600,-8.01086426e-05,0x3ec99d65,0.39377895,0x3f800000,1,0xbc067f80,-0.00820910931,0xbc067f80,-0.00820910931,10000,0,0,000,10000,0,0,00,0xbc067f80,-0.00820910931,0xbc067f80,-0.00820910931,0x00000000,0,0,0
l2,0.0625,0,min-error,metric_min,exp2,0,1,1,0.39377895,0.393777698,0.393777698,0.39377895,1.25169754e-06,7,raw-and-scaled,5,1,fp5_e1m3,fp5_e2m2,3,2,4,18500,7,exp1,180256768,180252672,180252672,45063168,0.39377895,0.393777698,4096,135193600,-8.01086426e-05,0x3ec99d65,0.39377895,0x3f800000,1,0xbef7f800,-0.484313965,0xbef7f800,-0.484313965,10011,0,3,011,10111,1,3,11,0xbddfe000,-0.109313965,0xbd3fc000,-0.0468139648,0xcb1fe000,-10477568,-2619392,-0.624511719
l2,0.0625,0,min-error,metric_min,exp2,0,1,1,0.39377895,0.393777698,0.393777698,0.39377895,1.25169754e-06,8,raw-and-scaled,5,1,fp5_e1m3,fp5_e2m2,3,2,4,18500,8,exp1,180256768,180252672,180252672,45063168,0.39377895,0.393777698,4096,135193600,-8.01086426e-05,0x3ec99d65,0.39377895,0x3f800000,1,0xbd87f800,-0.0663909912,0xbd87f800,-0.0663909912,10000,0,0,000,10001,0,1,01,0xbd87f800,-0.0663909912,0xbb7f0000,-0.00389099121,0xca8fe000,-4714496,-1178624,-0.28112793
l2,0.0625,0,min-error,metric_min,exp2,0,1,1,0.39377895,0.393777698,0.393777698,0.39377895,1.25169754e-06,9,raw-and-scaled,5,1,fp5_e1m3,fp5_e2m2,3,2,4,18500,9,exp1,180256768,180252672,180252672,45063168,0.39377895,0.393777698,4096,135193600,-8.01086426e-05,0x3ec99d65,0.39377895,0x3f800000,1,0xbf898080,-1.07423401,0xbf898080,-1.07423401,11000,1,0,000,11100,3,0,00,0xbd980800,-0.0742340088,0xbd980800,-0.0742340088,0x00000000,0,0,0
l2,0.0625,0,min-error,metric_min,exp2,0,1,1,0.39377895,0.393777698,0.393777698,0.39377895,1.25169754e-06,10,raw-and-scaled,5,1,fp5_e1m3,fp5_e2m2,3,2,4,18500,10,exp1,180256768,180252672,180252672,45063168,0.39377895,0.393777698,4096,135193600,-8.01086426e-05,0x3ec99d65,0.39377895,0x3f800000,1,0xbc854040,-0.0162659883,0xbc854040,-0.0162659883,10000,0,0,000,10000,0,0,00,0xbc854040,-0.0162659883,0xbc854040,-0.0162659883,0x00000000,0,0,0
l2,0.0625,0,min-error,metric_min,exp2,0,1,1,0.39377895,0.393777698,0.393777698,0.39377895,1.25169754e-06,11,raw-and-scaled,5,1,fp5_e1m3,fp5_e2m2,3,2,4,18500,11,exp1,180256768,180252672,180252672,45063168,0.39377895,0.393777698,4096,135193600,-8.01086426e-05,0x3ec99d65,0.39377895,0x3f800000,1,0x3d85c040,0.065308094,0x3d85c040,0.065308094,00000,0,0,000,00001,0,1,01,0x3d85c040,0.065308094,0x3b380800,0.00280809402,0xca8b8000,-4571136,-1142784,-0.272464752
l2,0.0625,0,min-error,metric_min,exp2,0,1,1,0.39377895,0.393777698,0.393777698,0.39377895,1.25169754e-06,12,raw-and-scaled,5,1,fp5_e1m3,fp5_e2m2,3,2,4,18500,12,exp1,180256768,180252672,180252672,45063168,0.39377895,0.393777698,4096,135193600,-8.01086426e-05,0x3ec99d65,0.39377895,0x3f800000,1,0x3b640400,0.00347924232,0x3b640400,0.00347924232,00000,0,0,000,00000,0,0,00,0x3b640400,0.00347924232,0x3b640400,0.00347924232,0x00000000,0,0,0
l2,0.0625,0,min-error,metric_min,exp2,0,1,1,0.39377895,0.393777698,0.393777698,0.39377895,1.25169754e-06,13,raw-and-scaled,5,1,fp5_e1m3,fp5_e2m2,3,2,4,18500,13,exp1,180256768,180252672,180252672,45063168,0.39377895,0.393777698,4096,135193600,-8.01086426e-05,0x3ec99d65,0.39377895,0x3f800000,1,0xba8d7f80,-0.00107954443,0xba8d7f80,-0.00107954443,10000,0,0,000,10000,0,0,00,0xba8d7f80,-0.00107954443,0xba8d7f80,-0.00107954443,0x00000000,0,0,0
l2,0.0625,0,min-error,metric_min,exp2,0,1,1,0.39377895,0.393777698,0.393777698,0.39377895,1.25169754e-06,14,raw-and-scaled,5,1,fp5_e1m3,fp5_e2m2,3,2,4,18500,14,exp1,180256768,180252672,180252672,45063168,0.39377895,0.393777698,4096,135193600,-8.01086426e-05,0x3ec99d65,0.39377895,0x3f800000,1,0x3e9cff00,0.306632996,0x3e9cff00,0.306632996,00010,0,2,010,00100,1,0,00,0x3d67f800,0.0566329956,0x3d67f800,0.0566329956,0x00000000,0,0,0
l2,0.0625,0,min-error,metric_min,exp2,0,1,1,0.39377895,0.393777698,0.393777698,0.39377895,1.25169754e-06,15,raw-and-scaled,5,1,fp5_e1m3,fp5_e2m2,3,2,4,18500,15,exp1,180256768,180252672,180252672,45063168,0.39377895,0.393777698,4096,135193600,-8.01086426e-05,0x3ec99d65,0.39377895,0x3f800000,1,0x3efc0400,0.492218018,0x3efc0400,0.492218018,00011,0,3,011,00111,1,3,11,0x3df01000,0.117218018,0x3d602000,0.0547180176,0xcb301000,-11538432,-2884608,-0.687744141
l2,0.0625,0,min-error,metric_min,exp2,0,1,1,0.39377895,0.393777698,0.393777698,0.39377895,1.25169754e-06,16,raw-and-scaled,5,1,fp5_e1m3,fp5_e2m2,3,2,4,18500,16,exp1,180256768,180252672,180252672,45063168,0.39377895,0.393777698,4096,135193600,-8.01086426e-05,0x3ec99d65,0.39377895,0x3f800000,1,0x3fc1fe00,1.51556396,0x3fc1fe00,1.51556396,01100,1,4,100,01110,3,2,10,0x3c7f0000,0.0155639648,0x3c7f0000,0.0155639648,0x00000000,0,0,0
l2,0.0625,0,min-error,metric_min,exp2,0,1,1,0.39377895,0.393777698,0.393777698,0.39377895,1.25169754e-06,17,raw-and-scaled,5,1,fp5_e1m3,fp5_e2m2,3,2,4,18500,17,exp1,180256768,180252672,180252672,45063168,0.39377895,0.393777698,4096,135193600,-8.01086426e-05,0x3ec99d65,0.39377895,0x3f800000,1,0x3f118080,0.568367004,0x3f118080,0.568367004,00100,0,4,100,01000,2,0,00,0x3d8c0400,0.0683670044,0x3d8c0400,0.0683670044,0x00000000,0,0,0
l2,0.0625,0,min-error,metric_min,exp2,0,1,1,0.39377895,0.393777698,0.393777698,0.39377895,1.25169754e-06,18,raw-and-scaled,5,1,fp5_e1m3,fp5_e2m2,3,2,4,18500,18,exp1,180256768,180252672,180252672,45063168,0.39377895,0.393777698,4096,135193600,-8.01086426e-05,0x3ec99d65,0.39377895,0x3f800000,1,0x3aa4ff00,0.0012588203,0x3aa4ff00,0.0012588203,00000,0,0,000,00000,0,0,00,0x3aa4ff00,0.0012588203,0x3aa4ff00,0.0012588203,0x00000000,0,0,0
l2,0.0625,0,min-error,metric_min,exp2,0,1,1,0.39377895,0.393777698,0.393777698,0.39377895,1.25169754e-06,19,raw-and-scaled,5,1,fp5_e1m3,fp5_e2m2,3,2,4,18500,19,exp1,180256768,180252672,180252672,45063168,0.39377895,0.393777698,4096,135193600,-8.01086426e-05,0x3ec99d65,0.39377895,0x3f800000,1,0x3f380800,0.71887207,0x3f380800,0.71887207,00101,0,5,101,01001,2,1,01,0x3dc04000,0.0938720703,0x3dc04000,0.0938720703,0x00000000,0,0,0
l2,0.0625,0,min-error,metric_min,exp2,0,1,1,0.39377895,0.393777698,0.393777698,0.39377895,1.25169754e-06,20,raw-and-scaled,5,1,fp5_e1m3,fp5_e2m2,3,2,4,18500,20,exp1,180256768,180252672,180252672,45063168,0.39377895,0.393777698,4096,135193600,-8.01086426e-05,0x3ec99d65,0.39377895,0x3f800000,1,0xbd0a4040,-0.0337526798,0xbd0a4040,-0.0337526798,10000,0,0,000,10000,0,0,00,0xbd0a4040,-0.0337526798,0xbd0a4040,-0.0337526798,0x00000000,0,0,0
l2,0.0625,0,min-error,metric_min,exp2,0,1,1,0.39377895,0.393777698,0.393777698,0.39377895,1.25169754e-06,21,raw-and-scaled,5,1,fp5_e1m3,fp5_e2m2,3,2,4,18500,21,exp1,180256768,180252672,180252672,45063168,0.39377895,0.393777698,4096,135193600,-8.01086426e-05,0x3ec99d65,0.39377895,0x3f800000,1,0x3babfc00,0.0052485466,0x3babfc00,0.0052485466,00000,0,0,000,00000,0,0,00,0x3babfc00,0.0052485466,0x3babfc00,0.0052485466,0x00000000,0,0,0
l2,0.0625,0,min-error,metric_min,exp2,0,1,1,0.39377895,0.393777698,0.393777698,0.39377895,1.25169754e-06,22,raw-and-scaled,5,1,fp5_e1m3,fp5_e2m2,3,2,4,18500,22,exp1,180256768,180252672,180252672,45063168,0.39377895,0.393777698,4096,135193600,-8.01086426e-05,0x3ec99d65,0.39377895,0x3f800000,1,0xbfd9fe00,-1.70306396,0xbfd9fe00,-1.70306396,11101,1,5,101,11110,3,2,10,0xbd9fe000,-0.0780639648,0xbe4ff000,-0.203063965,0x4c0ff000,37732352,37732352,2.24902344
l2,0.0625,0,min-error,metric_min,exp2,0,1,1,0.39377895,0.393777698,0.393777698,0.39377895,1.25169754e-06,23,raw-and-scaled,5,1,fp5_e1m3,fp5_e2m2,3,2,4,18500,23,exp1,180256768,180252672,180252672,45063168,0.39377895,0.393777698,4096,135193600,-8.01086426e-05,0x3ec99d65,0.39377895,0x3f800000,1,0x3abbfc00,0.00143420696,0x3abbfc00,0.00143420696,00000,0,0,000,00000,0,0,00,0x3abbfc00,0.00143420696,0x3abbfc00,0.00143420696,0x00000000,0,0,0
l2,0.0625,0,min-error,metric_min,exp2,0,1,1,0.39377895,0.393777698,0.393777698,0.39377895,1.25169754e-06,24,raw-and-scaled,5,1,fp5_e1m3,fp5_e2m2,3,2,4,18500,24,exp1,180256768,180252672,180252672,45063168,0.39377895,0.393777698,4096,135193600,-8.01086426e-05,0x3ec99d65,0.39377895,0x3f800000,1,0xbf8c4040,-1.09571075,0xbf8c4040,-1.09571075,11000,1,0,000,11100,3,0,00,0xbdc40400,-0.0957107544,0xbdc40400,-0.0957107544,0x00000000,0,0,0
l2,0.0625,0,min-error,metric_min,exp2,0,1,1,0.39377895,0.393777698,0.393777698,0.39377895,1.25169754e-06,25,raw-and-scaled,5,1,fp5_e1m3,fp5_e2m2,3,2,4,18500,25,exp1,180256768,180252672,180252672,45063168,0.39377895,0.393777698,4096,135193600,-8.01086426e-05,0x3ec99d65,0.39377895,0x3f800000,1,0x3e0cc040,0.137452126,0x3e0cc040,0.137452126,00001,0,1,001,00010,0,2,10,0x3c4c0400,0.0124521255,0x3c4c0400,0.0124521255,0x00000000,0,0,0
l2,0.0625,0,min-error,metric_min,exp2,0,1,1,0.39377895,0.393777698,0.393777698,0.39377895,1.25169754e-06,26,raw-and-scaled,5,1,fp5_e1m3,fp5_e2m2,3,2,4,18500,26,exp1,180256768,180252672,180252672,45063168,0.39377895,0.393777698,4096,135193600,-8.01086426e-05,0x3ec99d65,0.39377895,0x3f800000,1,0x3eb4ff00,0.353507996,0x3eb4ff00,0.353507996,00010,0,2,010,00101,1,1,01,0x3dd3fc00,0.103507996,0x3d27f800,0.0410079956,0xcb13f000,-9695232,-2423808,-0.578063965
l2,0.0625,0,min-error,metric_min,exp2,0,1,1,0.39377895,0.393777698,0.393777698,0.39377895,1.25169754e-06,27,raw-and-scaled,5,1,fp5_e1m3,fp5_e2m2,3,2,4,18500,27,exp1,180256768,180252672,180252672,45063168,0.39377895,0.393777698,4096,135193600,-8.01086426e-05,0x3ec99d65,0.39377895,0x3f800000,1,0x3aedfe00,0.00181573629,0x3aedfe00,0.00181573629,00000,0,0,000,00000,0,0,00,0x3aedfe00,0.00181573629,0x3aedfe00,0.00181573629,0x00000000,0,0,0
l2,0.0625,0,min-error,metric_min,exp2,0,1,1,0.39377895,0.393777698,0.393777698,0.39377895,1.25169754e-06,28,raw-and-scaled,5,1,fp5_e1m3,fp5_e2m2,3,2,4,18500,28,exp1,180256768,180252672,180252672,45063168,0.39377895,0.393777698,4096,135193600,-8.01086426e-05,0x3ec99d65,0.39377895,0x3f800000,1,0xbbf20200,-0.00738549232,0xbbf20200,-0.00738549232,10000,0,0,000,10000,0,0,00,0xbbf20200,-0.00738549232,0xbbf20200,-0.00738549232,0x00000000,0,0,0
l2,0.0625,0,min-error,metric_min,exp2,0,1,1,0.39377895,0.393777698,0.393777698,0.39377895,1.25169754e-06,29,raw-and-scaled,5,1,fp5_e1m3,fp5_e2m2,3,2,4,18500,29,exp1,180256768,180252672,180252672,45063168,0.39377895,0.393777698,4096,135193600,-8.01086426e-05,0x3ec99d65,0.39377895,0x3f800000,1,0xba8ec040,-0.00108910352,0xba8ec040,-0.00108910352,10000,0,0,000,10000,0,0,00,0xba8ec040,-0.00108910352,0xba8ec040,-0.00108910352,0x00000000,0,0,0
l2,0.0625,0,min-error,metric_min,exp2,0,1,1,0.39377895,0.393777698,0.393777698,0.39377895,1.25169754e-06,30,raw-and-scaled,5,1,fp5_e1m3,fp5_e2m2,3,2,4,18500,30,exp1,180256768,180252672,180252672,45063168,0.39377895,0.393777698,4096,135193600,-8.01086426e-05,0x3ec99d65,0.39377895,0x3f800000,1,0xbfe80800,-1.81274414,0xbfe80800,-1.81274414,11110,1,6,110,11111,3,3,11,0xbd808000,-0.0627441406,0xbd808000,-0.0627441406,0x00000000,0,0,0
l2,0.0625,0,min-error,metric_min,exp2,0,1,1,0.39377895,0.393777698,0.393777698,0.39377895,1.25169754e-06,31,raw-and-scaled,5,1,fp5_e1m3,fp5_e2m2,3,2,4,18500,31,exp1,180256768,180252672,180252672,45063168,0.39377895,0.393777698,4096,135193600,-8.01086426e-05,0x3ec99d65,0.39377895,0x3f800000,1,0x3af7f800,0.00189185143,0x3af7f800,0.00189185143,00000,0,0,000,00000,0,0,00,0x3af7f800,0.00189185143,0x3af7f800,0.00189185143,0x00000000,0,0,0
l2,0.0625,0,min-error,metric_min,exp2,0,1,1,0.39377895,0.393777698,0.393777698,0.39377895,1.25169754e-06,32,raw-and-scaled,5,1,fp5_e1m3,fp5_e2m2,3,2,4,18500,32,exp1,180256768,180252672,180252672,45063168,0.39377895,0.393777698,4096,135193600,-8.01086426e-05,0x3ec99d65,0.39377895,0x3f800000,1,0x3e904040,0.281740189,0x3e904040,0.281740189,00010,0,2,010,00100,1,0,00,0x3d020200,0.0317401886,0x3d020200,0.0317401886,0x00000000,0,0,0
l2,0.0625,0,min-error,metric_min,exp2,0,1,1,0.39377895,0.393777698,0.393777698,0.39377895,1.25169754e-06,33,raw-and-scaled,5,1,fp5_e1m3,fp5_e2m2,3,2,4,18500,33,exp1,180256768,180252672,180252672,45063168,0.39377895,0.393777698,4096,135193600,-8.01086426e-05,0x3ec99d65,0.39377895,0x3f800000,1,0x3b218080,0.00246432424,0x3b218080,0.00246432424,00000,0,0,000,00000,0,0,00,0x3b218080,0.00246432424,0x3b218080,0.00246432424,0x00000000,0,0,0
l2,0.0625,0,min-error,metric_min,exp2,0,1,1,0.39377895,0.393777698,0.393777698,0.39377895,1.25169754e-06,34,raw-and-scaled,5,1,fp5_e1m3,fp5_e2m2,3,2,4,18500,34,exp1,180256768,180252672,180252672,45063168,0.39377895,0.393777698,4096,135193600,-8.01086426e-05,0x3ec99d65,0.39377895,0x3f800000,1,0xbf93fc00,-1.15612793,0xbf93fc00,-1.15612793,11001,1,1,001,11100,3,0,00,0xbcff0000,-0.0311279297,0xbe1fe000,-0.15612793,0x4bbfc000,25133056,25133056,1.49804688
l2,0.0625,0,min-error,metric_min,exp2,0,1,1,0.39377895,0.393777698,0.393777698,0.39377895,1.25169754e-06,35,raw-and-scaled,5,1,fp5_e1m3,fp5_e2m2,3,2,4,18500,35,exp1,180256768,180252672,180252672,45063168,0.39377895,0.393777698,4096,135193600,-8.01086426e-05,0x3ec99d65,0.39377895,0x3f800000,1,0xbd238080,-0.039917469,0xbd238080,-0.039917469,10000,0,0,000,10000,0,0,00,0xbd238080,-0.039917469,0xbd238080,-0.039917469,0x00000000,0,0,0
l2,0.0625,0,min-error,metric_min,exp2,0,1,1,0.39377895,0.393777698,0.393777698,0.39377895,1.25169754e-06,36,raw-and-scaled,5,1,fp5_e1m3,fp5_e2m2,3,2,4,18500,36,exp1,180256768,180252672,180252672,45063168,0.39377895,0.393777698,4096,135193600,-8.01086426e-05,0x3ec99d65,0.39377895,0x3f800000,1,0xbea3fc00,-0.320281982,0xbea3fc00,-0.320281982,10010,0,2,010,10101,1,1,01,0xbd8ff000,-0.0702819824,0xbbff0000,-0.00778198242,0xca9fe000,-5238784,-1309696,-0.312255859
l2,0.0625,0,min-error,metric_min,exp2,0,1,1,0.39377895,0.393777698,0.393777698,0.39377895,1.25169754e-06,37,raw-and-scaled,5,1,fp5_e1m3,fp5_e2m2,3,2,4,18500,37,exp1,180256768,180252672,180252672,45063168,0.39377895,0.393777698,4096,135193600,-8.01086426e-05,0x3ec99d65,0.39377895,0x3f800000,1,0x3eac0400,0.335968018,0x3eac0400,0.335968018,00010,0,2,010,00101,1,1,01,0x3db01000,0.0859680176,0x3cc04000,0.0234680176,0xcae02000,-7344128,-1836032,-0.437744141
l2,0.0625,0,min-error,metric_min,exp2,0,1,1,0.39377895,0.393777698,0.393777698,0.39377895,1.25169754e-06,38,raw-and-scaled,5,1,fp5_e1m3,fp5_e2m2,3,2,4,18500,38,exp1,180256768,180252672,180252672,45063168,0.39377895,0.393777698,4096,135193600,-8.01086426e-05,0x3ec99d65,0.39377895,0x3f800000,1,0x3d33fc00,0.0439414978,0x3d33fc00,0.0439414978,00000,0,0,000,00000,0,0,00,0x3d33fc00,0.0439414978,0x3d33fc00,0.0439414978,0x00000000,0,0,0
l2,0.0625,0,min-error,metric_min,exp2,0,1,1,0.39377895,0.393777698,0.393777698,0.39377895,1.25169754e-06,39,raw-and-scaled,5,1,fp5_e1m3,fp5_e2m2,3,2,4,18500,39,exp1,180256768,180252672,180252672,45063168,0.39377895,0.393777698,4096,135193600,-8.01086426e-05,0x3ec99d65,0.39377895,0x3f800000,1,0x3ccf0100,0.0252690315,0x3ccf0100,0.0252690315,00000,0,0,000,00000,0,0,00,0x3ccf0100,0.0252690315,0x3ccf0100,0.0252690315,0x00000000,0,0,0
l2,0.0625,0,min-error,metric_min,exp2,0,1,1,0.39377895,0.393777698,0.393777698,0.39377895,1.25169754e-06,40,raw-and-scaled,5,1,fp5_e1m3,fp5_e2m2,3,2,4,18500,40,exp1,180256768,180252672,180252672,45063168,0.39377895,0.393777698,4096,135193600,-8.01086426e-05,0x3ec99d65,0.39377895,0x3f800000,1,0xba944040,-0.00113106519,0xba944040,-0.00113106519,10000,0,0,000,10000,0,0,00,0xba944040,-0.00113106519,0xba944040,-0.00113106519,0x00000000,0,0,0
l2,0.0625,0,min-error,metric_min,exp2,0,1,1,0.39377895,0.393777698,0.393777698,0.39377895,1.25169754e-06,41,raw-and-scaled,5,1,fp5_e1m3,fp5_e2m2,3,2,4,18500,41,exp1,180256768,180252672,180252672,45063168,0.39377895,0.393777698,4096,135193600,-8.01086426e-05,0x3ec99d65,0.39377895,0x3f800000,1,0x3a94bfc0,0.00113486499,0x3a94bfc0,0.00113486499,00000,0,0,000,00000,0,0,00,0x3a94bfc0,0.00113486499,0x3a94bfc0,0.00113486499,0x00000000,0,0,0
l2,0.0625,0,min-error,metric_min,exp2,0,1,1,0.39377895,0.393777698,0.393777698,0.39377895,1.25169754e-06,42,raw-and-scaled,5,1,fp5_e1m3,fp5_e2m2,3,2,4,18500,42,exp1,180256768,180252672,180252672,45063168,0.39377895,0.393777698,4096,135193600,-8.01086426e-05,0x3ec99d65,0.39377895,0x3f800000,1,0xbaaa8080,-0.00130082667,0xbaaa8080,-0.00130082667,10000,0,0,000,10000,0,0,00,0xbaaa8080,-0.00130082667,0xbaaa8080,-0.00130082667,0x00000000,0,0,0
l2,0.0625,0,min-error,metric_min,exp2,0,1,1,0.39377895,0.393777698,0.393777698,0.39377895,1.25169754e-06,43,raw-and-scaled,5,1,fp5_e1m3,fp5_e2m2,3,2,4,18500,43,exp1,180256768,180252672,180252672,45063168,0.39377895,0.393777698,4096,135193600,-8.01086426e-05,0x3ec99d65,0.39377895,0x3f800000,1,0x3e95bfc0,0.292478561,0x3e95bfc0,0.292478561,00010,0,2,010,00100,1,0,00,0x3d2dfe00,0.0424785614,0x3d2dfe00,0.0424785614,0x00000000,0,0,0
l2,0.0625,0,min-error,metric_min,exp2,0,1,1,0.39377895,0.393777698,0.393777698,0.39377895,1.25169754e-06,44,raw-and-scaled,5,1,fp5_e1m3,fp5_e2m2,3,2,4,18500,44,exp1,180256768,180252672,180252672,45063168,0.39377895,0.393777698,4096,135193600,-8.01086426e-05,0x3ec99d65,0.39377895,0x3f800000,1,0xbbac7f80,-0.00526422262,0xbbac7f80,-0.00526422262,10000,0,0,000,10000,0,0,00,0xbbac7f80,-0.00526422262,0xbbac7f80,-0.00526422262,0x00000000,0,0,0
l2,0.0625,0,min-error,metric_min,exp2,0,1,1,0.39377895,0.393777698,0.393777698,0.39377895,1.25169754e-06,45,raw-and-scaled,5,1,fp5_e1m3,fp5_e2m2,3,2,4,18500,45,exp1,180256768,180252672,180252672,45063168,0.39377895,0.393777698,4096,135193600,-8.01086426e-05,0x3ec99d65,0.39377895,0x3f800000,1,0xbb16bfc0,-0.00230024755,0xbb16bfc0,-0.00230024755,10000,0,0,000,10000,0,0,00,0xbb16bfc0,-0.00230024755,0xbb16bfc0,-0.00230024755,0x00000000,0,0,0
l2,0.0625,0,min-error,metric_min,exp2,0,1,1,0.39377895,0.393777698,0.393777698,0.39377895,1.25169754e-06,46,raw-and-scaled,5,1,fp5_e1m3,fp5_e2m2,3,2,4,18500,46,exp1,180256768,180252672,180252672,45063168,0.39377895,0.393777698,4096,135193600,-8.01086426e-05,0x3ec99d65,0.39377895,0x3f800000,1,0xbcae8080,-0.0213015079,0xbcae8080,-0.0213015079,10000,0,0,000,10000,0,0,00,0xbcae8080,-0.0213015079,0xbcae8080,-0.0213015079,0x00000000,0,0,0
l2,0.0625,0,min-error,metric_min,exp2,0,1,1,0.39377895,0.393777698,0.393777698,0.39377895,1.25169754e-06,47,raw-and-scaled,5,1,fp5_e1m3,fp5_e2m2,3,2,4,18500,47,exp1,180256768,180252672,180252672,45063168,0.39377895,0.393777698,4096,135193600,-8.01086426e-05,0x3ec99d65,0.39377895,0x3f800000,1,0xbe780800,-0.242218018,0xbe780800,-0.242218018,10001,0,1,001,10011,0,3,11,0xbdf01000,-0.117218018,0xbd602000,-0.0547180176,0xcb301000,-11538432,-2884608,-0.687744141
l2,0.0625,0,min-error,metric_min,exp2,0,1,1,0.39377895,0.393777698,0.393777698,0.39377895,1.25169754e-06,48,raw-and-scaled,5,1,fp5_e1m3,fp5_e2m2,3,2,4,18500,48,exp1,180256768,180252672,180252672,45063168,0.39377895,0.393777698,4096,135193600,-8.01086426e-05,0x3ec99d65,0.39377895,0x3f800000,1,0xbab07f80,-0.00134657323,0xbab07f80,-0.00134657323,10000,0,0,000,10000,0,0,00,0xbab07f80,-0.00134657323,0xbab07f80,-0.00134657323,0x00000000,0,0,0
l2,0.0625,0,min-error,metric_min,exp2,0,1,1,0.39377895,0.393777698,0.393777698,0.39377895,1.25169754e-06,49,raw-and-scaled,5,1,fp5_e1m3,fp5_e2m2,3,2,4,18500,49,exp1,180256768,180252672,180252672,45063168,0.39377895,0.393777698,4096,135193600,-8.01086426e-05,0x3ec99d65,0.39377895,0x3f800000,1,0x3a98c040,0.00116539747,0x3a98c040,0.00116539747,00000,0,0,000,00000,0,0,00,0x3a98c040,0.00116539747,0x3a98c040,0.00116539747,0x00000000,0,0,0
l2,0.0625,0,min-error,metric_min,exp2,0,1,1,0.39377895,0.393777698,0.393777698,0.39377895,1.25169754e-06,50,raw-and-scaled,5,1,fp5_e1m3,fp5_e2m2,3,2,4,18500,50,exp1,180256768,180252672,180252672,45063168,0.39377895,0.393777698,4096,135193600,-8.01086426e-05,0x3ec99d65,0.39377895,0x3f800000,1,0x3f327f80,0.697257996,0x3f327f80,0.697257996,00101,0,5,101,01001,2,1,01,0x3d93fc00,0.0722579956,0x3d93fc00,0.0722579956,0x00000000,0,0,0
l2,0.0625,0,min-error,metric_min,exp2,0,1,1,0.39377895,0.393777698,0.393777698,0.39377895,1.25169754e-06,51,raw-and-scaled,5,1,fp5_e1m3,fp5_e2m2,3,2,4,18500,51,exp1,180256768,180252672,180252672,45063168,0.39377895,0.393777698,4096,135193600,-8.01086426e-05,0x3ec99d65,0.39377895,0x3f800000,1,0x3c66ff00,0.0140988827,0x3c66ff00,0.0140988827,00000,0,0,000,00000,0,0,00,0x3c66ff00,0.0140988827,0x3c66ff00,0.0140988827,0x00000000,0,0,0
l2,0.0625,0,min-error,metric_min,exp2,0,1,1,0.39377895,0.393777698,0.393777698,0.39377895,1.25169754e-06,52,raw-and-scaled,5,1,fp5_e1m3,fp5_e2m2,3,2,4,18500,52,exp1,180256768,180252672,180252672,45063168,0.39377895,0.393777698,4096,135193600,-8.01086426e-05,0x3ec99d65,0.39377895,0x3f800000,1,0xbf1a4040,-0.602542877,0xbf1a4040,-0.602542877,10100,0,4,100,11000,2,0,00,0xbdd20200,-0.102542877,0xbdd20200,-0.102542877,0x00000000,0,0,0
l2,0.0625,0,min-error,metric_min,exp2,0,1,1,0.39377895,0.393777698,0.393777698,0.39377895,1.25169754e-06,53,raw-and-scaled,5,1,fp5_e1m3,fp5_e2m2,3,2,4,18500,53,exp1,180256768,180252672,180252672,45063168,0.39377895,0.393777698,4096,135193600,-8.01086426e-05,0x3ec99d65,0.39377895,0x3f800000,1,0x3e57f800,0.210906982,0x3e57f800,0.210906982,00001,0,1,001,00011,0,3,11,0x3daff000,0.0859069824,0x3cbfc000,0.0234069824,0xcadfe000,-7335936,-1833984,-0.437255859
l2,0.0625,0,min-error,metric_min,exp2,0,1,1,0.39377895,0.393777698,0.393777698,0.39377895,1.25169754e-06,54,raw-and-scaled,5,1,fp5_e1m3,fp5_e2m2,3,2,4,18500,54,exp1,180256768,180252672,180252672,45063168,0.39377895,0.393777698,4096,135193600,-8.01086426e-05,0x3ec99d65,0.39377895,0x3f800000,1,0x3d33fc00,0.0439414978,0x3d33fc00,0.0439414978,00000,0,0,000,00000,0,0,00,0x3d33fc00,0.0439414978,0x3d33fc00,0.0439414978,0x00000000,0,0,0
l2,0.0625,0,min-error,metric_min,exp2,0,1,1,0.39377895,0.393777698,0.393777698,0.39377895,1.25169754e-06,55,raw-and-scaled,5,1,fp5_e1m3,fp5_e2m2,3,2,4,18500,55,exp1,180256768,180252672,180252672,45063168,0.39377895,0.393777698,4096,135193600,-8.01086426e-05,0x3ec99d65,0.39377895,0x3f800000,1,0x3e780800,0.242218018,0x3e780800,0.242218018,00001,0,1,001,00011,0,3,11,0x3df01000,0.117218018,0x3d602000,0.0547180176,0xcb301000,-11538432,-2884608,-0.687744141
l2,0.0625,0,min-error,metric_min,exp2,0,1,1,0.39377895,0.393777698,0.393777698,0.39377895,1.25169754e-06,56,raw-and-scaled,5,1,fp5_e1m3,fp5_e2m2,3,2,4,18500,56,exp1,180256768,180252672,180252672,45063168,0.39377895,0.393777698,4096,135193600,-8.01086426e-05,0x3ec99d65,0.39377895,0x3f800000,1,0x3de20200,0.110355377,0x3de20200,0.110355377,00000,0,0,000,00001,0,1,01,0x3de20200,0.110355377,0x3d440400,0.0478553772,0xcb220000,-10616832,-2654208,-0.632843018
l2,0.0625,0,min-error,metric_min,exp2,0,1,1,0.39377895,0.393777698,0.393777698,0.39377895,1.25169754e-06,57,raw-and-scaled,5,1,fp5_e1m3,fp5_e2m2,3,2,4,18500,57,exp1,180256768,180252672,180252672,45063168,0.39377895,0.393777698,4096,135193600,-8.01086426e-05,0x3ec99d65,0.39377895,0x3f800000,1,0xbd4bfc00,-0.0498008728,0xbd4bfc00,-0.0498008728,10000,0,0,000,10000,0,0,00,0xbd4bfc00,-0.0498008728,0xbd4bfc00,-0.0498008728,0x00000000,0,0,0
l2,0.0625,0,min-error,metric_min,exp2,0,1,1,0.39377895,0.393777698,0.393777698,0.39377895,1.25169754e-06,58,raw-and-scaled,5,1,fp5_e1m3,fp5_e2m2,3,2,4,18500,58,exp1,180256768,180252672,180252672,45063168,0.39377895,0.393777698,4096,135193600,-8.01086426e-05,0x3ec99d65,0.39377895,0x3f800000,1,0x3f9d4040,1.22852325,0x3f9d4040,1.22852325,01001,1,1,001,01100,3,0,00,0x3dd40400,0.103523254,0x3e6a0200,0.228523254,0x4c2a0000,44564480,44564480,2.65637207
l2,0.0625,0,min-error,metric_min,exp2,0,1,1,0.39377895,0.393777698,0.393777698,0.39377895,1.25169754e-06,59,raw-and-scaled,5,1,fp5_e1m3,fp5_e2m2,3,2,4,18500,59,exp1,180256768,180252672,180252672,45063168,0.39377895,0.393777698,4096,135193600,-8.01086426e-05,0x3ec99d65,0.39377895,0x3f800000,1,0x3cdc0400,0.0268573761,0x3cdc0400,0.0268573761,00000,0,0,000,00000,0,0,00,0x3cdc0400,0.0268573761,0x3cdc0400,0.0268573761,0x00000000,0,0,0
l2,0.0625,0,min-error,metric_min,exp2,0,1,1,0.39377895,0.393777698,0.393777698,0.39377895,1.25169754e-06,60,raw-and-scaled,5,1,fp5_e1m3,fp5_e2m2,3,2,4,18500,60,exp1,180256768,180252672,180252672,45063168,0.39377895,0.393777698,4096,135193600,-8.01086426e-05,0x3ec99d65,0.39377895,0x3f800000,1,0xbc790100,-0.0151979923,0xbc790100,-0.0151979923,10000,0,0,000,10000,0,0,00,0xbc790100,-0.0151979923,0xbc790100,-0.0151979923,0x00000000,0,0,0
l2,0.0625,0,min-error,metric_min,exp2,0,1,1,0.39377895,0.393777698,0.393777698,0.39377895,1.25169754e-06,61,raw-and-scaled,5,1,fp5_e1m3,fp5_e2m2,3,2,4,18500,61,exp1,180256768,180252672,180252672,45063168,0.39377895,0.393777698,4096,135193600,-8.01086426e-05,0x3ec99d65,0.39377895,0x3f800000,1,0x3e580800,0.210968018,0x3e580800,0.210968018,00001,0,1,001,00011,0,3,11,0x3db01000,0.0859680176,0x3cc04000,0.0234680176,0xcae02000,-7344128,-1836032,-0.437744141
l2,0.0625,0,min-error,metric_min,exp2,0,1,1,0.39377895,0.393777698,0.393777698,0.39377895,1.25169754e-06,62,raw-and-scaled,5,1,fp5_e1m3,fp5_e2m2,3,2,4,18500,62,exp1,180256768,180252672,180252672,45063168,0.39377895,0.393777698,4096,135193600,-8.01086426e-05,0x3ec99d65,0.39377895,0x3f800000,1,0x3e7d0100,0.247074127,0x3e7d0100,0.247074127,00001,0,1,001,00011,0,3,11,0x3dfa0200,0.122074127,0x3d740400,0.0595741272,0xcb3a0000,-12189696,-3047424,-0.726593018
l2,0.0625,0,min-error,metric_min,exp2,0,1,1,0.39377895,0.393777698,0.393777698,0.39377895,1.25169754e-06,63,raw-and-scaled,5,1,fp5_e1m3,fp5_e2m2,3,2,4,18500,63,exp1,180256768,180252672,180252672,45063168,0.39377895,0.393777698,4096,135193600,-8.01086426e-05,0x3ec99d65,0.39377895,0x3f800000,1,0xbb3f7f80,-0.0029220283,0xbb3f7f80,-0.0029220283,10000,0,0,000,10000,0,0,00,0xbb3f7f80,-0.0029220283,0xbb3f7f80,-0.0029220283,0x00000000,0,0,0
l2,0.0625,0,min-error,metric_min,exp2,0,1,1,0.39377895,0.393777698,0.393777698,0.39377895,1.25169754e-06,64,raw-and-scaled,5,1,fp5_e1m3,fp5_e2m2,3,2,4,18500,64,exp1,180256768,180252672,180252672,45063168,0.39377895,0.393777698,4096,135193600,-8.01086426e-05,0x3ec99d65,0.39377895,0x3f800000,1,0xbf87f800,-1.06225586,0xbf87f800,-1.06225586,11000,1,0,000,11100,3,0,00,0xbd7f0000,-0.0622558594,0xbd7f0000,-0.0622558594,0x00000000,0,0,0
l2,0.0625,0,min-error,metric_min,exp2,0,1,1,0.39377895,0.393777698,0.393777698,0.39377895,1.25169754e-06,65,raw-and-scaled,5,1,fp5_e1m3,fp5_e2m2,3,2,4,18500,65,exp1,180256768,180252672,180252672,45063168,0.39377895,0.393777698,4096,135193600,-8.01086426e-05,0x3ec99d65,0.39377895,0x3f800000,1,0xbd980800,-0.0742340088,0xbd980800,-0.0742340088,10000,0,0,000,10001,0,1,01,0xbd980800,-0.0742340088,0xbc404000,-0.0117340088,0xcab00000,-5767168,-1441792,-0.34387207
l2,0.0625,0,min-error,metric_min,exp2,0,1,1,0.39377895,0.393777698,0.393777698,0.39377895,1.25169754e-06,66,raw-and-scaled,5,1,fp5_e1m3,fp5_e2m2,3,2,4,18500,66,exp1,180256768,180252672,180252672,45063168,0.39377895,0.393777698,4096,135193600,-8.01086426e-05,0x3ec99d65,0.39377895,0x3f800000,1,0xbf04ff00,-0.519515991,0xbf04ff00,-0.519515991,10100,0,4,100,11000,2,0,00,0xbc9fe000,-0.0195159912,0xbc9fe000,-0.0195159912,0x00000000,0,0,0
l2,0.0625,0,min-error,metric_min,exp2,0,1,1,0.39377895,0.393777698,0.393777698,0.39377895,1.25169754e-06,67,raw-and-scaled,5,1,fp5_e1m3,fp5_e2m2,3,2,4,18500,67,exp1,180256768,180252672,180252672,45063168,0.39377895,0.393777698,4096,135193600,-8.01086426e-05,0x3ec99d65,0.39377895,0x3f800000,1,0xbd070100,-0.032959938,0xbd070100,-0.032959938,10000,0,0,000,10000,0,0,00,0xbd070100,-0.032959938,0xbd070100,-0.032959938,0x00000000,0,0,0
l2,0.0625,0,min-error,metric_min,exp2,0,1,1,0.39377895,0.393777698,0.393777698,0.39377895,1.25169754e-06,68,raw-and-scaled,5,1,fp5_e1m3,fp5_e2m2,3,2,4,18500,68,exp1,180256768,180252672,180252672,45063168,0.39377895,0.393777698,4096,135193600,-8.01086426e-05,0x3ec99d65,0.39377895,0x3f800000,1,0x3e890100,0.267585754,0x3e890100,0.267585754,00010,0,2,010,00100,1,0,00,0x3c901000,0.0175857544,0x3c901000,0.0175857544,0x00000000,0,0,0
l2,0.0625,0,min-error,metric_min,exp2,0,1,1,0.39377895,0.393777698,0.393777698,0.39377895,1.25169754e-06,69,raw-and-scaled,5,1,fp5_e1m3,fp5_e2m2,3,2,4,18500,69,exp1,180256768,180252672,180252672,45063168,0.39377895,0.393777698,4096,135193600,-8.01086426e-05,0x3ec99d65,0.39377895,0x3f800000,1,0x3d57f800,0.0527267456,0x3d57f800,0.0527267456,00000,0,0,000,00000,0,0,00,0x3d57f800,0.0527267456,0x3d57f800,0.0527267456,0x00000000,0,0,0
l2,0.0625,0,min-error,metric_min,exp2,0,1,1,0.39377895,0.393777698,0.393777698,0.39377895,1.25169754e-06,70,raw-and-scaled,5,1,fp5_e1m3,fp5_e2m2,3,2,4,18500,70,exp1,180256768,180252672,180252672,45063168,0.39377895,0.393777698,4096,135193600,-8.01086426e-05,0x3ec99d65,0.39377895,0x3f800000,1,0x3ac68080,0.00151444972,0x3ac68080,0.00151444972,00000,0,0,000,00000,0,0,00,0x3ac68080,0.00151444972,0x3ac68080,0.00151444972,0x00000000,0,0,0
l2,0.0625,0,min-error,metric_min,exp2,0,1,1,0.39377895,0.393777698,0.393777698,0.39377895,1.25169754e-06,71,raw-and-scaled,5,1,fp5_e1m3,fp5_e2m2,3,2,4,18500,71,exp1,180256768,180252672,180252672,45063168,0.39377895,0.393777698,4096,135193600,-8.01086426e-05,0x3ec99d65,0.39377895,0x3f800000,1,0x3df80800,0.121109009,0x3df80800,0.121109009,00000,0,0,000,00001,0,1,01,0x3df80800,0.121109009,0x3d701000,0.0586090088,0xcb380000,-12058624,-3014656,-0.71887207
l2,0.0625,0,min-error,metric_min,exp2,0,1,1,0.39377895,0.393777698,0.393777698,0.39377895,1.25169754e-06,72,raw-and-scaled,5,1,fp5_e1m3,fp5_e2m2,3,2,4,18500,72,exp1,180256768,180252672,180252672,45063168,0.39377895,0.393777698,4096,135193600,-8.01086426e-05,0x3ec99d65,0.39377895,0x3f800000,1,0x3e243fc0,0.160399437,0x3e243fc0,0.160399437,00001,0,1,001,00010,0,2,10,0x3d10ff00,0.035399437,0x3d10ff00,0.035399437,0x00000000,0,0,0
l2,0.0625,0,min-error,metric_min,exp2,0,1,1,0.39377895,0.393777698,0.393777698,0.39377895,1.25169754e-06,73,raw-and-scaled,5,1,fp5_e1m3,fp5_e2m2,3,2,4,18500,73,exp1,180256768,180252672,180252672,45063168,0.39377895,0.393777698,4096,135193600,-8.01086426e-05,0x3ec99d65,0.39377895,0x3f800000,1,0xbdcc0400,-0.0996170044,0xbdcc0400,-0.0996170044,10000,0,0,000,10001,0,1,01,0xbdcc0400,-0.0996170044,0xbd180800,-0.0371170044,0xcb0c0000,-9175040,-2293760,-0.546936035
l2,0.0625,0,min-error,metric_min,exp2,0,1,1,0.39377895,0.393777698,0.393777698,0.39377895,1.25169754e-06,74,raw-and-scaled,5,1,fp5_e1m3,fp5_e2m2,3,2,4,18500,74,exp1,180256768,180252672,180252672,45063168,0.39377895,0.393777698,4096,135193600,-8.01086426e-05,0x3ec99d65,0.39377895,0x3f800000,1,0x3c254040,0.0100861192,0x3c254040,0.0100861192,00000,0,0,000,00000,0,0,00,0x3c254040,0.0100861192,0x3c254040,0.0100861192,0x00000000,0,0,0
l2,0.0625,0,min-error,metric_min,exp2,0,1,1,0.39377895,0.393777698,0.393777698,0.39377895,1.25169754e-06,75,raw-and-scaled,5,1,fp5_e1m3,fp5_e2m2,3,2,4,18500,75,exp1,180256768,180252672,180252672,45063168,0.39377895,0.393777698,4096,135193600,-8.01086426e-05,0x3ec99d65,0.39377895,0x3f800000,1,0xbc96ff00,-0.0184321404,0xbc96ff00,-0.0184321404,10000,0,0,000,10000,0,0,00,0xbc96ff00,-0.0184321404,0xbc96ff00,-0.0184321404,0x00000000,0,0,0
l2,0.0625,0,min-error,metric_min,exp2,0,1,1,0.39377895,0.393777698,0.393777698,0.39377895,1.25169754e-06,76,raw-and-scaled,5,1,fp5_e1m3,fp5_e2m2,3,2,4,18500,76,exp1,180256768,180252672,180252672,45063168,0.39377895,0.393777698,4096,135193600,-8.01086426e-05,0x3ec99d65,0.39377895,0x3f800000,1,0x3f31fe00,0.695281982,0x3f31fe00,0.695281982,00101,0,5,101,01001,2,1,01,0x3d8ff000,0.0702819824,0x3d8ff000,0.0702819824,0x00000000,0,0,0
l2,0.0625,0,min-error,metric_min,exp2,0,1,1,0.39377895,0.393777698,0.393777698,0.39377895,1.25169754e-06,77,raw-and-scaled,5,1,fp5_e1m3,fp5_e2m2,3,2,4,18500,77,exp1,180256768,180252672,180252672,45063168,0.39377895,0.393777698,4096,135193600,-8.01086426e-05,0x3ec99d65,0.39377895,0x3f800000,1,0xbc580800,-0.0131855011,0xbc580800,-0.0131855011,10000,0,0,000,10000,0,0,00,0xbc580800,-0.0131855011,0xbc580800,-0.0131855011,0x00000000,0,0,0
l2,0.0625,0,min-error,metric_min,exp2,0,1,1,0.39377895,0.393777698,0.393777698,0.39377895,1.25169754e-06,78,raw-and-scaled,5,1,fp5_e1m3,fp5_e2m2,3,2,4,18500,78,exp1,180256768,180252672,180252672,45063168,0.39377895,0.393777698,4096,135193600,-8.01086426e-05,0x3ec99d65,0.39377895,0x3f800000,1,0xbe9d0100,-0.306648254,0xbe9d0100,-0.306648254,10010,0,2,010,10100,1,0,00,0xbd680800,-0.0566482544,0xbd680800,-0.0566482544,0x00000000,0,0,0
l2,0.0625,0,min-error,metric_min,exp2,0,1,1,0.39377895,0.393777698,0.393777698,0.39377895,1.25169754e-06,79,raw-and-scaled,5,1,fp5_e1m3,fp5_e2m2,3,2,4,18500,79,exp1,180256768,180252672,180252672,45063168,0.39377895,0.393777698,4096,135193600,-8.01086426e-05,0x3ec99d65,0.39377895,0x3f800000,1,0x3abdfe00,0.00144952536,0x3abdfe00,0.00144952536,00000,0,0,000,00000,0,0,00,0x3abdfe00,0.00144952536,0x3abdfe00,0.00144952536,0x00000000,0,0,0
l2,0.0625,0,min-error,metric_min,exp2,0,1,1,0.39377895,0.393777698,0.393777698,0.39377895,1.25169754e-06,80,raw-and-scaled,5,1,fp5_e1m3,fp5_e2m2,3,2,4,18500,80,exp1,180256768,180252672,180252672,45063168,0.39377895,0.393777698,4096,135193600,-8.01086426e-05,0x3ec99d65,0.39377895,0x3f800000,1,0xbc508080,-0.0127259493,0xbc508080,-0.0127259493,10000,0,0,000,10000,0,0,00,0xbc508080,-0.0127259493,0xbc508080,-0.0127259493,0x00000000,0,0,0
l2,0.0625,0,min-error,metric_min,exp2,0,1,1,0.39377895,0.393777698,0.393777698,0.39377895,1.25169754e-06,81,raw-and-scaled,5,1,fp5_e1m3,fp5_e2m2,3,2,4,18500,81,exp1,180256768,180252672,180252672,45063168,0.39377895,0.393777698,4096,135193600,-8.01086426e-05,0x3ec99d65,0.39377895,0x3f800000,1,0x3ed17f80,0.409175873,0x3ed17f80,0.409175873,00011,0,3,011,00110,1,2,10,0x3d0bfc00,0.0341758728,0x3d0bfc00,0.0341758728,0x00000000,0,0,0
l2,0.0625,0,min-error,metric_min,exp2,0,1,1,0.39377895,0.393777698,0.393777698,0.39377895,1.25169754e-06,82,raw-and-scaled,5,1,fp5_e1m3,fp5_e2m2,3,2,4,18500,82,exp1,180256768,180252672,180252672,45063168,0.39377895,0.393777698,4096,135193600,-8.01086426e-05,0x3ec99d65,0.39377895,0x3f800000,1,0x3ed28080,0.411136627,0x3ed28080,0.411136627,00011,0,3,011,00110,1,2,10,0x3d140400,0.0361366272,0x3d140400,0.0361366272,0x00000000,0,0,0
l2,0.0625,0,min-error,metric_min,exp2,0,1,1,0.39377895,0.393777698,0.393777698,0.39377895,1.25169754e-06,83,raw-and-scaled,5,1,fp5_e1m3,fp5_e2m2,3,2,4,18500,83,exp1,180256768,180252672,180252672,45063168,0.39377895,0.393777698,4096,135193600,-8.01086426e-05,0x3ec99d65,0.39377895,0x3f800000,1,0x3f380800,0.71887207,0x3f380800,0.71887207,00101,0,5,101,01001,2,1,01,0x3dc04000,0.0938720703,0x3dc04000,0.0938720703,0x00000000,0,0,0
l2,0.0625,0,min-error,metric_min,exp2,0,1,1,0.39377895,0.393777698,0.393777698,0.39377895,1.25169754e-06,84,raw-and-scaled,5,1,fp5_e1m3,fp5_e2m2,3,2,4,18500,84,exp1,180256768,180252672,180252672,45063168,0.39377895,0.393777698,4096,135193600,-8.01086426e-05,0x3ec99d65,0.39377895,0x3f800000,1,0x3b240400,0.00250267982,0x3b240400,0.00250267982,00000,0,0,000,00000,0,0,00,0x3b240400,0.00250267982,0x3b240400,0.00250267982,0x00000000,0,0,0
l2,0.0625,0,min-error,metric_min,exp2,0,1,1,0.39377895,0.393777698,0.393777698,0.39377895,1.25169754e-06,85,raw-and-scaled,5,1,fp5_e1m3,fp5_e2m2,3,2,4,18500,85,exp1,180256768,180252672,180252672,45063168,0.39377895,0.393777698,4096,135193600,-8.01086426e-05,0x3ec99d65,0.39377895,0x3f800000,1,0xbc557f80,-0.0130308867,0xbc557f80,-0.0130308867,10000,0,0,000,10000,0,0,00,0xbc557f80,-0.0130308867,0xbc557f80,-0.0130308867,0x00000000,0,0,0
l2,0.0625,0,min-error,metric_min,exp2,0,1,1,0.39377895,0.393777698,0.393777698,0.39377895,1.25169754e-06,86,raw-and-scaled,5,1,fp5_e1m3,fp5_e2m2,3,2,4,18500,86,exp1,180256768,180252672,180252672,45063168,0.39377895,0.393777698,4096,135193600,-8.01086426e-05,0x3ec99d65,0.39377895,0x3f800000,1,0xbbb40400,-0.0054936409,0xbbb40400,-0.0054936409,10000,0,0,000,10000,0,0,00,0xbbb40400,-0.0054936409,0xbbb40400,-0.0054936409,0x00000000,0,0,0
l2,0.0625,0,min-error,metric_min,exp2,0,1,1,0.39377895,0.393777698,0.393777698,0.39377895,1.25169754e-06,87,raw-and-scaled,5,1,fp5_e1m3,fp5_e2m2,3,2,4,18500,87,exp1,180256768,180252672,180252672,45063168,0.39377895,0.393777698,4096,135193600,-8.01086426e-05,0x3ec99d65,0.39377895,0x3f800000,1,0xbe3bfc00,-0.183578491,0xbe3bfc00,-0.183578491,10001,0,1,001,10010,0,2,10,0xbd6ff000,-0.0585784912,0xbd6ff000,-0.0585784912,0x00000000,0,0,0
l2,0.0625,0,min-error,metric_min,exp2,0,1,1,0.39377895,0.393777698,0.393777698,0.39377895,1.25169754e-06,88,raw-and-scaled,5,1,fp5_e1m3,fp5_e2m2,3,2,4,18500,88,exp1,180256768,180252672,180252672,45063168,0.39377895,0.393777698,4096,135193600,-8.01086426e-05,0x3ec99d65,0.39377895,0x3f800000,1,0xbe880800,-0.265686035,0xbe880800,-0.265686035,10010,0,2,010,10100,1,0,00,0xbc808000,-0.0156860352,0xbc808000,-0.0156860352,0x00000000,0,0,0
l2,0.0625,0,min-error,metric_min,exp2,0,1,1,0.39377895,0.393777698,0.393777698,0.39377895,1.25169754e-06,89,raw-and-scaled,5,1,fp5_e1m3,fp5_e2m2,3,2,4,18500,89,exp1,180256768,180252672,180252672,45063168,0.39377895,0.393777698,4096,135193600,-8.01086426e-05,0x3ec99d65,0.39377895,0x3f800000,1,0xbd2cbfc0,-0.0421750546,0xbd2cbfc0,-0.0421750546,10000,0,0,000,10000,0,0,00,0xbd2cbfc0,-0.0421750546,0xbd2cbfc0,-0.0421750546,0x00000000,0,0,0
l2,0.0625,0,min-error,metric_min,exp2,0,1,1,0.39377895,0.393777698,0.393777698,0.39377895,1.25169754e-06,90,raw-and-scaled,5,1,fp5_e1m3,fp5_e2m2,3,2,4,18500,90,exp1,180256768,180252672,180252672,45063168,0.39377895,0.393777698,4096,135193600,-8.01086426e-05,0x3ec99d65,0.39377895,0x3f800000,1,0xbd5a8080,-0.0533452034,0xbd5a8080,-0.0533452034,10000,0,0,000,10000,0,0,00,0xbd5a8080,-0.0533452034,0xbd5a8080,-0.0533452034,0x00000000,0,0,0
l2,0.0625,0,min-error,metric_min,exp2,0,1,1,0.39377895,0.393777698,0.393777698,0.39377895,1.25169754e-06,91,raw-and-scaled,5,1,fp5_e1m3,fp5_e2m2,3,2,4,18500,91,exp1,180256768,180252672,180252672,45063168,0.39377895,0.393777698,4096,135193600,-8.01086426e-05,0x3ec99d65,0.39377895,0x3f800000,1,0x3aadbfc0,0.00132559985,0x3aadbfc0,0.00132559985,00000,0,0,000,00000,0,0,00,0x3aadbfc0,0.00132559985,0x3aadbfc0,0.00132559985,0x00000000,0,0,0
l2,0.0625,0,min-error,metric_min,exp2,0,1,1,0.39377895,0.393777698,0.393777698,0.39377895,1.25169754e-06,92,raw-and-scaled,5,1,fp5_e1m3,fp5_e2m2,3,2,4,18500,92,exp1,180256768,180252672,180252672,45063168,0.39377895,0.393777698,4096,135193600,-8.01086426e-05,0x3ec99d65,0.39377895,0x3f800000,1,0x3fae3fc0,1.3613205,0x3fae3fc0,1.3613205,01010,1,2,010,01101,3,1,01,0x3de3fc00,0.111320496,0x3de3fc00,0.111320496,0x00000000,0,0,0
l2,0.0625,0,min-error,metric_min,exp2,0,1,1,0.39377895,0.393777698,0.393777698,0.39377895,1.25169754e-06,93,raw-and-scaled,5,1,fp5_e1m3,fp5_e2m2,3,2,4,18500,93,exp1,180256768,180252672,180252672,45063168,0.39377895,0.393777698,4096,135193600,-8.01086426e-05,0x3ec99d65,0.39377895,0x3f800000,1,0xbcdd7f80,-0.0270383358,0xbcdd7f80,-0.0270383358,10000,0,0,000,10000,0,0,00,0xbcdd7f80,-0.0270383358,0xbcdd7f80,-0.0270383358,0x00000000,0,0,0
l2,0.0625,0,min-error,metric_min,exp2,0,1,1,0.39377895,0.393777698,0.393777698,0.39377895,1.25169754e-06,94,raw-and-scaled,5,1,fp5_e1m3,fp5_e2m2,3,2,4,18500,94,exp1,180256768,180252672,180252672,45063168,0.39377895,0.393777698,4096,135193600,-8.01086426e-05,0x3ec99d65,0.39377895,0x3f800000,1,0x3d740400,0.0595741272,0x3d740400,0.0595741272,00000,0,0,000,00000,0,0,00,0x3d740400,0.0595741272,0x3d740400,0.0595741272,0x00000000,0,0,0
l2,0.0625,0,min-error,metric_min,exp2,0,1,1,0.39377895,0.393777698,0.393777698,0.39377895,1.25169754e-06,95,raw-and-scaled,5,1,fp5_e1m3,fp5_e2m2,3,2,4,18500,95,exp1,180256768,180252672,180252672,45063168,0.39377895,0.393777698,4096,135193600,-8.01086426e-05,0x3ec99d65,0.39377895,0x3f800000,1,0x3c2fc040,0.0107269883,0x3c2fc040,0.0107269883,00000,0,0,000,00000,0,0,00,0x3c2fc040,0.0107269883,0x3c2fc040,0.0107269883,0x00000000,0,0,0
l2,0.0625,0,min-error,metric_min,exp2,0,1,1,0.39377895,0.393777698,0.393777698,0.39377895,1.25169754e-06,96,raw-and-scaled,5,1,fp5_e1m3,fp5_e2m2,3,2,4,18500,96,exp1,180256768,180252672,180252672,45063168,0.39377895,0.393777698,4096,135193600,-8.01086426e-05,0x3ec99d65,0.39377895,0x3f800000,1,0x3b040400,0.00201439857,0x3b040400,0.00201439857,00000,0,0,000,00000,0,0,00,0x3b040400,0.00201439857,0x3b040400,0.00201439857,0x00000000,0,0,0
l2,0.0625,0,min-error,metric_min,exp2,0,1,1,0.39377895,0.393777698,0.393777698,0.39377895,1.25169754e-06,97,raw-and-scaled,5,1,fp5_e1m3,fp5_e2m2,3,2,4,18500,97,exp1,180256768,180252672,180252672,45063168,0.39377895,0.393777698,4096,135193600,-8.01086426e-05,0x3ec99d65,0.39377895,0x3f800000,1,0xbd060200,-0.0327167511,0xbd060200,-0.0327167511,10000,0,0,000,10000,0,0,00,0xbd060200,-0.0327167511,0xbd060200,-0.0327167511,0x00000000,0,0,0
l2,0.0625,0,min-error,metric_min,exp2,0,1,1,0.39377895,0.393777698,0.393777698,0.39377895,1.25169754e-06,98,raw-and-scaled,5,1,fp5_e1m3,fp5_e2m2,3,2,4,18500,98,exp1,180256768,180252672,180252672,45063168,0.39377895,0.393777698,4096,135193600,-8.01086426e-05,0x3ec99d65,0.39377895,0x3f800000,1,0x3be28080,0.00691229105,0x3be28080,0.00691229105,00000,0,0,000,00000,0,0,00,0x3be28080,0.00691229105,0x3be28080,0.00691229105,0x00000000,0,0,0
l2,0.0625,0,min-error,metric_min,exp2,0,1,1,0.39377895,0.393777698,0.393777698,0.39377895,1.25169754e-06,99,raw-and-scaled,5,1,fp5_e1m3,fp5_e2m2,3,2,4,18500,99,exp1,180256768,180252672,180252672,45063168,0.39377895,0.393777698,4096,135193600,-8.01086426e-05,0x3ec99d65,0.39377895,0x3f800000,1,0x3fe38080,1.77735901,0x3fe38080,1.77735901,01110,1,6,110,01111,3,3,11,0x3ce02000,0.0273590088,0x3ce02000,0.0273590088,0x00000000,0,0,0
l2,0.0625,0,min-error,metric_min,exp2,0,1,1,0.39377895,0.393777698,0.393777698,0.39377895,1.25169754e-06,100,raw-and-scaled,5,1,fp5_e1m3,fp5_e2m2,3,2,4,18500,100,exp1,180256768,180252672,180252672,45063168,0.39377895,0.393777698,4096,135193600,-8.01086426e-05,0x3ec99d65,0.39377895,0x3f800000,1,0x3fc80800,1.56274414,0x3fc80800,1.56274414,01100,1,4,100,01110,3,2,10,0x3d808000,0.0627441406,0x3d808000,0.0627441406,0x00000000,0,0,0
l2,0.0625,0,min-error,metric_min,exp2,0,1,1,0.39377895,0.393777698,0.393777698,0.39377895,1.25169754e-06,101,raw-and-scaled,5,1,fp5_e1m3,fp5_e2m2,3,2,4,18500,101,exp1,180256768,180252672,180252672,45063168,0.39377895,0.393777698,4096,135193600,-8.01086426e-05,0x3ec99d65,0.39377895,0x3f800000,1,0xbd657f80,-0.0560297966,0xbd657f80,-0.0560297966,10000,0,0,000,10000,0,0,00,0xbd657f80,-0.0560297966,0xbd657f80,-0.0560297966,0x00000000,0,0,0
l2,0.0625,0,min-error,metric_min,exp2,0,1,1,0.39377895,0.393777698,0.393777698,0.39377895,1.25169754e-06,102,raw-and-scaled,5,1,fp5_e1m3,fp5_e2m2,3,2,4,18500,102,exp1,180256768,180252672,180252672,45063168,0.39377895,0.393777698,4096,135193600,-8.01086426e-05,0x3ec99d65,0.39377895,0x3f800000,1,0x3c668080,0.0140687227,0x3c668080,0.0140687227,00000,0,0,000,00000,0,0,00,0x3c668080,0.0140687227,0x3c668080,0.0140687227,0x00000000,0,0,0
l2,0.0625,0,min-error,metric_min,exp2,0,1,1,0.39377895,0.393777698,0.393777698,0.39377895,1.25169754e-06,103,raw-and-scaled,5,1,fp5_e1m3,fp5_e2m2,3,2,4,18500,103,exp1,180256768,180252672,180252672,45063168,0.39377895,0.393777698,4096,135193600,-8.01086426e-05,0x3ec99d65,0.39377895,0x3f800000,1,0xbcf80800,-0.0302772522,0xbcf80800,-0.0302772522,10000,0,0,000,10000,0,0,00,0xbcf80800,-0.0302772522,0xbcf80800,-0.0302772522,0x00000000,0,0,0
l2,0.0625,0,min-error,metric_min,exp2,0,1,1,0.39377895,0.393777698,0.393777698,0.39377895,1.25169754e-06,104,raw-and-scaled,5,1,fp5_e1m3,fp5_e2m2,3,2,4,18500,104,exp1,180256768,180252672,180252672,45063168,0.39377895,0.393777698,4096,135193600,-8.01086426e-05,0x3ec99d65,0.39377895,0x3f800000,1,0xbe87f800,-0.265563965,0xbe87f800,-0.265563965,10010,0,2,010,10100,1,0,00,0xbc7f0000,-0.0155639648,0xbc7f0000,-0.0155639648,0x00000000,0,0,0
l2,0.0625,0,min-error,metric_min,exp2,0,1,1,0.39377895,0.393777698,0.393777698,0.39377895,1.25169754e-06,105,raw-and-scaled,5,1,fp5_e1m3,fp5_e2m2,3,2,4,18500,105,exp1,180256768,180252672,180252672,45063168,0.39377895,0.393777698,4096,135193600,-8.01086426e-05,0x3ec99d65,0.39377895,0x3f800000,1,0xbb698080,-0.00356295705,0xbb698080,-0.00356295705,10000,0,0,000,10000,0,0,00,0xbb698080,-0.00356295705,0xbb698080,-0.00356295705,0x00000000,0,0,0
l2,0.0625,0,min-error,metric_min,exp2,0,1,1,0.39377895,0.393777698,0.393777698,0.39377895,1.25169754e-06,106,raw-and-scaled,5,1,fp5_e1m3,fp5_e2m2,3,2,4,18500,106,exp1,180256768,180252672,180252672,45063168,0.39377895,0.393777698,4096,135193600,-8.01086426e-05,0x3ec99d65,0.39377895,0x3f800000,1,0xbb353fc0,-0.00276564062,0xbb353fc0,-0.00276564062,10000,0,0,000,10000,0,0,00,0xbb353fc0,-0.00276564062,0xbb353fc0,-0.00276564062,0x00000000,0,0,0
l2,0.0625,0,min-error,metric_min,exp2,0,1,1,0.39377895,0.393777698,0.393777698,0.39377895,1.25169754e-06,107,raw-and-scaled,5,1,fp5_e1m3,fp5_e2m2,3,2,4,18500,107,exp1,180256768,180252672,180252672,45063168,0.39377895,0.393777698,4096,135193600,-8.01086426e-05,0x3ec99d65,0.39377895,0x3f800000,1,0x3c35c040,0.0110931993,0x3c35c040,0.0110931993,00000,0,0,000,00000,0,0,00,0x3c35c040,0.0110931993,0x3c35c040,0.0110931993,0x00000000,0,0,0
l2,0.0625,0,min-error,metric_min,exp2,0,1,1,0.39377895,0.393777698,0.393777698,0.39377895,1.25169754e-06,108,raw-and-scaled,5,1,fp5_e1m3,fp5_e2m2,3,2,4,18500,108,exp1,180256768,180252672,180252672,45063168,0.39377895,0.393777698,4096,135193600,-8.01086426e-05,0x3ec99d65,0.39377895,0x3f800000,1,0x3e47f800,0.195281982,0x3e47f800,0.195281982,00001,0,1,001,00011,0,3,11,0x3d8ff000,0.0702819824,0x3bff0000,0.00778198242,0xca9fe000,-5238784,-1309696,-0.312255859
l2,0.0625,0,min-error,metric_min,exp2,0,1,1,0.39377895,0.393777698,0.393777698,0.39377895,1.25169754e-06,109,raw-and-scaled,5,1,fp5_e1m3,fp5_e2m2,3,2,4,18500,109,exp1,180256768,180252672,180252672,45063168,0.39377895,0.393777698,4096,135193600,-8.01086426e-05,0x3ec99d65,0.39377895,0x3f800000,1,0xbfb6bfc0,-1.42772675,0xbfb6bfc0,-1.42772675,11011,1,3,011,11101,3,1,01,0xbd57f800,-0.0527267456,0xbe35fe00,-0.177726746,0x4bebe000,30916608,30916608,1.84362793
l2,0.0625,0,min-error,metric_min,exp2,0,1,1,0.39377895,0.393777698,0.393777698,0.39377895,1.25169754e-06,110,raw-and-scaled,5,1,fp5_e1m3,fp5_e2m2,3,2,4,18500,110,exp1,180256768,180252672,180252672,45063168,0.39377895,0.393777698,4096,135193600,-8.01086426e-05,0x3ec99d65,0.39377895,0x3f800000,1,0xbf67f800,-0.90612793,0xbf67f800,-0.90612793,10111,0,7,111,11011,2,3,11,0xbcff0000,-0.0311279297,0xbcff0000,-0.0311279297,0x00000000,0,0,0
l2,0.0625,0,min-error,metric_min,exp2,0,1,1,0.39377895,0.393777698,0.393777698,0.39377895,1.25169754e-06,111,raw-and-scaled,5,1,fp5_e1m3,fp5_e2m2,3,2,4,18500,111,exp1,180256768,180252672,180252672,45063168,0.39377895,0.393777698,4096,135193600,-8.01086426e-05,0x3ec99d65,0.39377895,0x3f800000,1,0x3d3e0200,0.0463886261,0x3d3e0200,0.0463886261,00000,0,0,000,00000,0,0,00,0x3d3e0200,0.0463886261,0x3d3e0200,0.0463886261,0x00000000,0,0,0
l2,0.0625,0,min-error,metric_min,exp2,0,1,1,0.39377895,0.393777698,0.393777698,0.39377895,1.25169754e-06,112,raw-and-scaled,5,1,fp5_e1m3,fp5_e2m2,3,2,4,18500,112,exp1,180256768,180252672,180252672,45063168,0.39377895,0.393777698,4096,135193600,-8.01086426e-05,0x3ec99d65,0.39377895,0x3f800000,1,0x3cc1fe00,0.023680687,0x3cc1fe00,0.023680687,00000,0,0,000,00000,0,0,00,0x3cc1fe00,0.023680687,0x3cc1fe00,0.023680687,0x00000000,0,0,0
l2,0.0625,0,min-error,metric_min,exp2,0,1,1,0.39377895,0.393777698,0.393777698,0.39377895,1.25169754e-06,113,raw-and-scaled,5,1,fp5_e1m3,fp5_e2m2,3,2,4,18500,113,exp1,180256768,180252672,180252672,45063168,0.39377895,0.393777698,4096,135193600,-8.01086426e-05,0x3ec99d65,0.39377895,0x3f800000,1,0xbf17f800,-0.59362793,0xbf17f800,-0.59362793,10100,0,4,100,11000,2,0,00,0xbdbfc000,-0.0936279297,0xbdbfc000,-0.0936279297,0x00000000,0,0,0
l2,0.0625,0,min-error,metric_min,exp2,0,1,1,0.39377895,0.393777698,0.393777698,0.39377895,1.25169754e-06,114,raw-and-scaled,5,1,fp5_e1m3,fp5_e2m2,3,2,4,18500,114,exp1,180256768,180252672,180252672,45063168,0.39377895,0.393777698,4096,135193600,-8.01086426e-05,0x3ec99d65,0.39377895,0x3f800000,1,0xbeca0200,-0.394546509,0xbeca0200,-0.394546509,10011,0,3,011,10110,1,2,10,0xbca02000,-0.0195465088,0xbca02000,-0.0195465088,0x00000000,0,0,0
l2,0.0625,0,min-error,metric_min,exp2,0,1,1,0.39377895,0.393777698,0.393777698,0.39377895,1.25169754e-06,115,raw-and-scaled,5,1,fp5_e1m3,fp5_e2m2,3,2,4,18500,115,exp1,180256768,180252672,180252672,45063168,0.39377895,0.393777698,4096,135193600,-8.01086426e-05,0x3ec99d65,0.39377895,0x3f800000,1,0xbd4e0200,-0.0502948761,0xbd4e0200,-0.0502948761,10000,0,0,000,10000,0,0,00,0xbd4e0200,-0.0502948761,0xbd4e0200,-0.0502948761,0x00000000,0,0,0
l2,0.0625,0,min-error,metric_min,exp2,0,1,1,0.39377895,0.393777698,0.393777698,0.39377895,1.25169754e-06,116,raw-and-scaled,5,1,fp5_e1m3,fp5_e2m2,3,2,4,18500,116,exp1,180256768,180252672,180252672,45063168,0.39377895,0.393777698,4096,135193600,-8.01086426e-05,0x3ec99d65,0.39377895,0x3f800000,1,0x3ba3fc00,0.00500440598,0x3ba3fc00,0.00500440598,00000,0,0,000,00000,0,0,00,0x3ba3fc00,0.00500440598,0x3ba3fc00,0.00500440598,0x00000000,0,0,0
l2,0.0625,0,min-error,metric_min,exp2,0,1,1,0.39377895,0.393777698,0.393777698,0.39377895,1.25169754e-06,117,raw-and-scaled,5,1,fp5_e1m3,fp5_e2m2,3,2,4,18500,117,exp1,180256768,180252672,180252672,45063168,0.39377895,0.393777698,4096,135193600,-8.01086426e-05,0x3ec99d65,0.39377895,0x3f800000,1,0xbbabfc00,-0.0052485466,0xbbabfc00,-0.0052485466,10000,0,0,000,10000,0,0,00,0xbbabfc00,-0.0052485466,0xbbabfc00,-0.0052485466,0x00000000,0,0,0
l2,0.0625,0,min-error,metric_min,exp2,0,1,1,0.39377895,0.393777698,0.393777698,0.39377895,1.25169754e-06,118,raw-and-scaled,5,1,fp5_e1m3,fp5_e2m2,3,2,4,18500,118,exp1,180256768,180252672,180252672,45063168,0.39377895,0.393777698,4096,135193600,-8.01086426e-05,0x3ec99d65,0.39377895,0x3f800000,1,0xbc67f800,-0.0141582489,0xbc67f800,-0.0141582489,10000,0,0,000,10000,0,0,00,0xbc67f800,-0.0141582489,0xbc67f800,-0.0141582489,0x00000000,0,0,0
l2,0.0625,0,min-error,metric_min,exp2,0,1,1,0.39377895,0.393777698,0.393777698,0.39377895,1.25169754e-06,119,raw-and-scaled,5,1,fp5_e1m3,fp5_e2m2,3,2,4,18500,119,exp1,180256768,180252672,180252672,45063168,0.39377895,0.393777698,4096,135193600,-8.01086426e-05,0x3ec99d65,0.39377895,0x3f800000,1,0x3fbbfc00,1.46862793,0x3fbbfc00,1.46862793,01011,1,3,011,01101,3,1,01,0x3dbfc000,0.0936279297,0x3e5fe000,0.21862793,0x4c1fe000,41910272,41910272,2.49804688
l2,0.0625,0,min-error,metric_min,exp2,0,1,1,0.39377895,0.393777698,0.393777698,0.39377895,1.25169754e-06,120,raw-and-scaled,5,1,fp5_e1m3,fp5_e2m2,3,2,4,18500,120,exp1,180256768,180252672,180252672,45063168,0.39377895,0.393777698,4096,135193600,-8.01086426e-05,0x3ec99d65,0.39377895,0x3f800000,1,0x3abc3fc0,0.00143622607,0x3abc3fc0,0.00143622607,00000,0,0,000,00000,0,0,00,0x3abc3fc0,0.00143622607,0x3abc3fc0,0.00143622607,0x00000000,0,0,0
l2,0.0625,0,min-error,metric_min,exp2,0,1,1,0.39377895,0.393777698,0.393777698,0.39377895,1.25169754e-06,121,raw-and-scaled,5,1,fp5_e1m3,fp5_e2m2,3,2,4,18500,121,exp1,180256768,180252672,180252672,45063168,0.39377895,0.393777698,4096,135193600,-8.01086426e-05,0x3ec99d65,0.39377895,0x3f800000,1,0xbdf2ff00,-0.118650436,0xbdf2ff00,-0.118650436,10000,0,0,000,10001,0,1,01,0xbdf2ff00,-0.118650436,0xbd65fe00,-0.0561504364,0xcb32f000,-11726848,-2931712,-0.699203491
l2,0.0625,0,min-error,metric_min,exp2,0,1,1,0.39377895,0.393777698,0.393777698,0.39377895,1.25169754e-06,122,raw-and-scaled,5,1,fp5_e1m3,fp5_e2m2,3,2,4,18500,122,exp1,180256768,180252672,180252672,45063168,0.39377895,0.393777698,4096,135193600,-8.01086426e-05,0x3ec99d65,0.39377895,0x3f800000,1,0x3dd3fc00,0.103507996,0x3dd3fc00,0.103507996,00000,0,0,000,00001,0,1,01,0x3dd3fc00,0.103507996,0x3d27f800,0.0410079956,0xcb13f000,-9695232,-2423808,-0.578063965
l2,0.0625,0,min-error,metric_min,exp2,0,1,1,0.39377895,0.393777698,0.393777698,0.39377895,1.25169754e-06,123,raw-and-scaled,5,1,fp5_e1m3,fp5_e2m2,3,2,4,18500,123,exp1,180256768,180252672,180252672,45063168,0.39377895,0.393777698,4096,135193600,-8.01086426e-05,0x3ec99d65,0.39377895,0x3f800000,1,0x3fedfe00,1.85931396,0x3fedfe00,1.85931396,01110,1,6,110,01111,3,3,11,0x3ddfe000,0.109313965,0x3ddfe000,0.109313965,0x00000000,0,0,0
l2,0.0625,0,min-error,metric_min,exp2,0,1,1,0.39377895,0.393777698,0.393777698,0.39377895,1.25169754e-06,124,raw-and-scaled,5,1,fp5_e1m3,fp5_e2m2,3,2,4,18500,124,exp1,180256768,180252672,180252672,45063168,0.39377895,0.393777698,4096,135193600,-8.01086426e-05,0x3ec99d65,0.39377895,0x3f800000,1,0xbec7f800,-0.390563965,0xbec7f800,-0.390563965,10011,0,3,011,10110,1,2,10,0xbc7f0000,-0.0155639648,0xbc7f0000,-0.0155639648,0x00000000,0,0,0
l2,0.0625,0,min-error,metric_min,exp2,0,1,1,0.39377895,0.393777698,0.393777698,0.39377895,1.25169754e-06,125,raw-and-scaled,5,1,fp5_e1m3,fp5_e2m2,3,2,4,18500,125,exp1,180256768,180252672,180252672,45063168,0.39377895,0.393777698,4096,135193600,-8.01086426e-05,0x3ec99d65,0.39377895,0x3f800000,1,0x3b7b0100,0.00383001566,0x3b7b0100,0.00383001566,00000,0,0,000,00000,0,0,00,0x3b7b0100,0.00383001566,0x3b7b0100,0.00383001566,0x00000000,0,0,0
l2,0.0625,0,min-error,metric_min,exp2,0,1,1,0.39377895,0.393777698,0.393777698,0.39377895,1.25169754e-06,126,raw-and-scaled,5,1,fp5_e1m3,fp5_e2m2,3,2,4,18500,126,exp1,180256768,180252672,180252672,45063168,0.39377895,0.393777698,4096,135193600,-8.01086426e-05,0x3ec99d65,0.39377895,0x3f800000,1,0xbaf9fe00,-0.00190728903,0xbaf9fe00,-0.00190728903,10000,0,0,000,10000,0,0,00,0xbaf9fe00,-0.00190728903,0xbaf9fe00,-0.00190728903,0x00000000,0,0,0
l2,0.0625,0,min-error,metric_min,exp2,0,1,1,0.39377895,0.393777698,0.393777698,0.39377895,1.25169754e-06,127,raw-and-scaled,5,1,fp5_e1m3,fp5_e2m2,3,2,4,18500,127,exp1,180256768,180252672,180252672,45063168,0.39377895,0.393777698,4096,135193600,-8.01086426e-05,0x3ec99d65,0.39377895,0x3f800000,1,0xbe7eff00,-0.249019623,0xbe7eff00,-0.249019623,10001,0,1,001,10011,0,3,11,0xbdfdfe00,-0.124019623,0xbd7bfc00,-0.0615196228,0xcb3df000,-12447744,-3111936,-0.742156982
l2,0.0625,0,min-error,metric_min,exp1,0,1,1,0.0843341649,0.084338665,0.0843341649,0.084338665,4.50015068e-06,0,raw-and-scaled,5,1,fp5_e1m3,fp5_e2m2,3,2,4,44331,0,exp2,43220992,43229184,43229184,10807296,0.0843341649,0.084338665,-8192,32413696,0.000287532806,0x3dacb9c0,0.084338665,0x3f800000,1,0x00000000,0,0x00000000,0,00000,0,0,000,00000,0,0,00,0x00000000,0,0x00000000,0,0x00000000,0,0,0
l2,0.0625,0,min-error,metric_min,exp1,0,1,1,0.0843341649,0.084338665,0.0843341649,0.084338665,4.50015068e-06,1,raw-and-scaled,5,1,fp5_e1m3,fp5_e2m2,3,2,4,44331,1,exp2,43220992,43229184,43229184,10807296,0.0843341649,0.084338665,-8192,32413696,0.000287532806,0x3dacb9c0,0.084338665,0x3f800000,1,0x00000000,0,0x00000000,0,00000,0,0,000,00000,0,0,00,0x00000000,0,0x00000000,0,0x00000000,0,0,0
l2,0.0625,0,min-error,metric_min,exp1,0,1,1,0.0843341649,0.084338665,0.0843341649,0.084338665,4.50015068e-06,2,raw-and-scaled,5,1,fp5_e1m3,fp5_e2m2,3,2,4,44331,2,exp2,43220992,43229184,43229184,10807296,0.0843341649,0.084338665,-8192,32413696,0.000287532806,0x3dacb9c0,0.084338665,0x3f800000,1,0xbb53e1ff,-0.00323307491,0xbb53e1ff,-0.00323307491,10000,0,0,000,10000,0,0,00,0xbb53e1ff,-0.00323307491,0xbb53e1ff,-0.00323307491,0x00000000,0,0,0
l2,0.0625,0,min-error,metric_min,exp1,0,1,1,0.0843341649,0.084338665,0.0843341649,0.084338665,4.50015068e-06,3,raw-and-scaled,5,1,fp5_e1m3,fp5_e2m2,3,2,4,44331,3,exp2,43220992,43229184,43229184,10807296,0.0843341649,0.084338665,-8192,32413696,0.000287532806,0x3dacb9c0,0.084338665,0x3f800000,1,0x00000000,0,0x00000000,0,00000,0,0,000,00000,0,0,00,0x00000000,0,0x00000000,0,0x00000000,0,0,0
l2,0.0625,0,min-error,metric_min,exp1,0,1,1,0.0843341649,0.084338665,0.0843341649,0.084338665,4.50015068e-06,4,raw-and-scaled,5,1,fp5_e1m3,fp5_e2m2,3,2,4,44331,4,exp2,43220992,43229184,43229184,10807296,0.0843341649,0.084338665,-8192,32413696,0.000287532806,0x3dacb9c0,0.084338665,0x3f800000,1,0xbcc9a656,-0.024615448,0xbcc9a656,-0.024615448,10000,0,0,000,10000,0,0,00,0xbcc9a656,-0.024615448,0xbcc9a656,-0.024615448,0x00000000,0,0,0
l2,0.0625,0,min-error,metric_min,exp1,0,1,1,0.0843341649,0.084338665,0.0843341649,0.084338665,4.50015068e-06,5,raw-and-scaled,5,1,fp5_e1m3,fp5_e2m2,3,2,4,44331,5,exp2,43220992,43229184,43229184,10807296,0.0843341649,0.084338665,-8192,32413696,0.000287532806,0x3dacb9c0,0.084338665,0x3f800000,1,0xbd3bb6a0,-0.0458284616,0xbd3bb6a0,-0.0458284616,10000,0,0,000,10000,0,0,00,0xbd3bb6a0,-0.0458284616,0xbd3bb6a0,-0.0458284616,0x00000000,0,0,0
l2,0.0625,0,min-error,metric_min,exp1,0,1,1,0.0843341649,0.084338665,0.0843341649,0.084338665,4.50015068e-06,6,raw-and-scaled,5,1,fp5_e1m3,fp5_e2m2,3,2,4,44331,6,exp2,43220992,43229184,43229184,10807296,0.0843341649,0.084338665,-8192,32413696,0.000287532806,0x3dacb9c0,0.084338665,0x3f800000,1,0x00000000,0,0x00000000,0,00000,0,0,000,00000,0,0,00,0x00000000,0,0x00000000,0,0x00000000,0,0,0
l2,0.0625,0,min-error,metric_min,exp1,0,1,1,0.0843341649,0.084338665,0.0843341649,0.084338665,4.50015068e-06,7,raw-and-scaled,5,1,fp5_e1m3,fp5_e2m2,3,2,4,44331,7,exp2,43220992,43229184,43229184,10807296,0.0843341649,0.084338665,-8192,32413696,0.000287532806,0x3dacb9c0,0.084338665,0x3f800000,1,0x00000000,0,0x00000000,0,00000,0,0,000,00000,0,0,00,0x00000000,0,0x00000000,0,0x00000000,0,0,0
l2,0.0625,0,min-error,metric_min,exp1,0,1,1,0.0843341649,0.084338665,0.0843341649,0.084338665,4.50015068e-06,8,raw-and-scaled,5,1,fp5_e1m3,fp5_e2m2,3,2,4,44331,8,exp2,43220992,43229184,43229184,10807296,0.0843341649,0.084338665,-8192,32413696,0.000287532806,0x3dacb9c0,0.084338665,0x3f800000,1,0x00000000,0,0x00000000,0,00000,0,0,000,00000,0,0,00,0x00000000,0,0x00000000,0,0x00000000,0,0,0
l2,0.0625,0,min-error,metric_min,exp1,0,1,1,0.0843341649,0.084338665,0.0843341649,0.084338665,4.50015068e-06,9,raw-and-scaled,5,1,fp5_e1m3,fp5_e2m2,3,2,4,44331,9,exp2,43220992,43229184,43229184,10807296,0.0843341649,0.084338665,-8192,32413696,0.000287532806,0x3dacb9c0,0.084338665,0x3f800000,1,0x3d023bda,0.0317953601,0x3d023bda,0.0317953601,00000,0,0,000,00000,0,0,00,0x3d023bda,0.0317953601,0x3d023bda,0.0317953601,0x00000000,0,0,0
l2,0.0625,0,min-error,metric_min,exp1,0,1,1,0.0843341649,0.084338665,0.0843341649,0.084338665,4.50015068e-06,10,raw-and-scaled,5,1,fp5_e1m3,fp5_e2m2,3,2,4,44331,10,exp2,43220992,43229184,43229184,10807296,0.0843341649,0.084338665,-8192,32413696,0.000287532806,0x3dacb9c0,0.084338665,0x3f800000,1,0x00000000,0,0x00000000,0,00000,0,0,000,00000,0,0,00,0x00000000,0,0x00000000,0,0x00000000,0,0,0
l2,0.0625,0,min-error,metric_min,exp1,0,1,1,0.0843341649,0.084338665,0.0843341649,0.084338665,4.50015068e-06,11,raw-and-scaled,5,1,fp5_e1m3,fp5_e2m2,3,2,4,44331,11,exp2,43220992,43229184,43229184,10807296,0.0843341649,0.084338665,-8192,32413696,0.000287532806,0x3dacb9c0,0.084338665,0x3f800000,1,0x00000000,0,0x00000000,0,00000,0,0,000,00000,0,0,00,0x00000000,0,0x00000000,0,0x00000000,0,0,0
l2,0.0625,0,min-error,metric_min,exp1,0,1,1,0.0843341649,0.084338665,0.0843341649,0.084338665,4.50015068e-06,12,raw-and-scaled,5,1,fp5_e1m3,fp5_e2m2,3,2,4,44331,12,exp2,43220992,43229184,43229184,10807296,0.0843341649,0.084338665,-8192,32413696,0.000287532806,0x3dacb9c0,0.084338665,0x3f800000,1,0x00000000,0,0x00000000,0,00000,0,0,000,00000,0,0,00,0x00000000,0,0x00000000,0,0x00000000,0,0,0
l2,0.0625,0,min-error,metric_min,exp1,0,1,1,0.0843341649,0.084338665,0.0843341649,0.084338665,4.50015068e-06,13,raw-and-scaled,5,1,fp5_e1m3,fp5_e2m2,3,2,4,44331,13,exp2,43220992,43229184,43229184,10807296,0.0843341649,0.084338665,-8192,32413696,0.000287532806,0x3dacb9c0,0.084338665,0x3f800000,1,0x00000000,0,0x00000000,0,00000,0,0,000,00000,0,0,00,0x00000000,0,0x00000000,0,0x00000000,0,0,0
l2,0.0625,0,min-error,metric_min,exp1,0,1,1,0.0843341649,0.084338665,0.0843341649,0.084338665,4.50015068e-06,14,raw-and-scaled,5,1,fp5_e1m3,fp5_e2m2,3,2,4,44331,14,exp2,43220992,43229184,43229184,10807296,0.0843341649,0.084338665,-8192,32413696,0.000287532806,0x3dacb9c0,0.084338665,0x3f800000,1,0x00000000,0,0x00000000,0,00000,0,0,000,00000,0,0,00,0x00000000,0,0x00000000,0,0x00000000,0,0,0
l2,0.0625,0,min-error,metric_min,exp1,0,1,1,0.0843341649,0.084338665,0.0843341649,0.084338665,4.50015068e-06,15,raw-and-scaled,5,1,fp5_e1m3,fp5_e2m2,3,2,4,44331,15,exp2,43220992,43229184,43229184,10807296,0.0843341649,0.084338665,-8192,32413696,0.000287532806,0x3dacb9c0,0.084338665,0x3f800000,1,0x00000000,0,0x00000000,0,00000,0,0,000,00000,0,0,00,0x00000000,0,0x00000000,0,0x00000000,0,0,0
l2,0.0625,0,min-error,metric_min,exp1,0,1,1,0.0843341649,0.084338665,0.0843341649,0.084338665,4.50015068e-06,16,raw-and-scaled,5,1,fp5_e1m3,fp5_e2m2,3,2,4,44331,16,exp2,43220992,43229184,43229184,10807296,0.0843341649,0.084338665,-8192,32413696,0.000287532806,0x3dacb9c0,0.084338665,0x3f800000,1,0x00000000,0,0x00000000,0,00000,0,0,000,00000,0,0,00,0x00000000,0,0x00000000,0,0x00000000,0,0,0
l2,0.0625,0,min-error,metric_min,exp1,0,1,1,0.0843341649,0.084338665,0.0843341649,0.084338665,4.50015068e-06,17,raw-and-scaled,5,1,fp5_e1m3,fp5_e2m2,3,2,4,44331,17,exp2,43220992,43229184,43229184,10807296,0.0843341649,0.084338665,-8192,32413696,0.000287532806,0x3dacb9c0,0.084338665,0x3f800000,1,0x00000000,0,0x00000000,0,00000,0,0,000,00000,0,0,00,0x00000000,0,0x00000000,0,0x00000000,0,0,0
l2,0.0625,0,min-error,metric_min,exp1,0,1,1,0.0843341649,0.084338665,0.0843341649,0.084338665,4.50015068e-06,18,raw-and-scaled,5,1,fp5_e1m3,fp5_e2m2,3,2,4,44331,18,exp2,43220992,43229184,43229184,10807296,0.0843341649,0.084338665,-8192,32413696,0.000287532806,0x3dacb9c0,0.084338665,0x3f800000,1,0x00000000,0,0x00000000,0,00000,0,0,000,00000,0,0,00,0x00000000,0,0x00000000,0,0x00000000,0,0,0
l2,0.0625,0,min-error,metric_min,exp1,0,1,1,0.0843341649,0.084338665,0.0843341649,0.084338665,4.50015068e-06,19,raw-and-scaled,5,1,fp5_e1m3,fp5_e2m2,3,2,4,44331,19,exp2,43220992,43229184,43229184,10807296,0.0843341649,0.084338665,-8192,32413696,0.000287532806,0x3dacb9c0,0.084338665,0x3f800000,1,0x00000000,0,0x00000000,0,00000,0,0,000,00000,0,0,00,0x00000000,0,0x00000000,0,0x00000000,0,0,0
l2,0.0625,0,min-error,metric_min,exp1,0,1,1,0.0843341649,0.084338665,0.0843341649,0.084338665,4.50015068e-06,20,raw-and-scaled,5,1,fp5_e1m3,fp5_e2m2,3,2,4,44331,20,exp2,43220992,43229184,43229184,10807296,0.0843341649,0.084338665,-8192,32413696,0.000287532806,0x3dacb9c0,0.084338665,0x3f800000,1,0x00000000,0,0x00000000,0,00000,0,0,000,00000,0,0,00,0x00000000,0,0x00000000,0,0x00000000,0,0,0
l2,0.0625,0,min-error,metric_min,exp1,0,1,1,0.0843341649,0.084338665,0.0843341649,0.084338665,4.50015068e-06,21,raw-and-scaled,5,1,fp5_e1m3,fp5_e2m2,3,2,4,44331,21,exp2,43220992,43229184,43229184,10807296,0.0843341649,0.084338665,-8192,32413696,0.000287532806,0x3dacb9c0,0.084338665,0x3f800000,1,0x00000000,0,0x00000000,0,00000,0,0,000,00000,0,0,00,0x00000000,0,0x00000000,0,0x00000000,0,0,0
l2,0.0625,0,min-error,metric_min,exp1,0,1,1,0.0843341649,0.084338665,0.0843341649,0.084338665,4.50015068e-06,22,raw-and-scaled,5,1,fp5_e1m3,fp5_e2m2,3,2,4,44331,22,exp2,43220992,43229184,43229184,10807296,0.0843341649,0.084338665,-8192,32413696,0.000287532806,0x3dacb9c0,0.084338665,0x3f800000,1,0xbe9e898e,-0.309643209,0xbe9e898e,-0.309643209,10010,0,2,010,10100,1,0,00,0xbd744c70,-0.059643209,0xbd744c70,-0.059643209,0x00000000,0,0,0
l2,0.0625,0,min-error,metric_min,exp1,0,1,1,0.0843341649,0.084338665,0.0843341649,0.084338665,4.50015068e-06,23,raw-and-scaled,5,1,fp5_e1m3,fp5_e2m2,3,2,4,44331,23,exp2,43220992,43229184,43229184,10807296,0.0843341649,0.084338665,-8192,32413696,0.000287532806,0x3dacb9c0,0.084338665,0x3f800000,1,0x00000000,0,0x00000000,0,00000,0,0,000,00000,0,0,00,0x00000000,0,0x00000000,0,0x00000000,0,0,0
l2,0.0625,0,min-error,metric_min,exp1,0,1,1,0.0843341649,0.084338665,0.0843341649,0.084338665,4.50015068e-06,24,raw-and-scaled,5,1,fp5_e1m3,fp5_e2m2,3,2,4,44331,24,exp2,43220992,43229184,43229184,10807296,0.0843341649,0.084338665,-8192,32413696,0.000287532806,0x3dacb9c0,0.084338665,0x3f800000,1,0xbcc0da75,-0.0235416684,0xbcc0da75,-0.0235416684,10000,0,0,000,10000,0,0,00,0xbcc0da75,-0.0235416684,0xbcc0da75,-0.0235416684,0x00000000,0,0,0
l2,0.0625,0,min-error,metric_min,exp1,0,1,1,0.0843341649,0.084338665,0.0843341649,0.084338665,4.50015068e-06,25,raw-and-scaled,5,1,fp5_e1m3,fp5_e2m2,3,2,4,44331,25,exp2,43220992,43229184,43229184,10807296,0.0843341649,0.084338665,-8192,32413696,0.000287532806,0x3dacb9c0,0.084338665,0x3f800000,1,0x00000000,0,0x00000000,0,00000,0,0,000,00000,0,0,00,0x00000000,0,0x00000000,0,0x00000000,0,0,0
l2,0.0625,0,min-error,metric_min,exp1,0,1,1,0.0843341649,0.084338665,0.0843341649,0.084338665,4.50015068e-06,26,raw-and-scaled,5,1,fp5_e1m3,fp5_e2m2,3,2,4,44331,26,exp2,43220992,43229184,43229184,10807296,0.0843341649,0.084338665,-8192,32413696,0.000287532806,0x3dacb9c0,0.084338665,0x3f800000,1,0xbe7ec77a,-0.248807818,0xbe7ec77a,-0.248807818,10001,0,1,001,10011,0,3,11,0xbdfd8ef4,-0.123807818,0xbd7b1de8,-0.0613078177,0xcb3d8000,-12419072,-3104768,-0.740462542
l2,0.0625,0,min-error,metric_min,exp1,0,1,1,0.0843341649,0.084338665,0.0843341649,0.084338665,4.50015068e-06,27,raw-and-scaled,5,1,fp5_e1m3,fp5_e2m2,3,2,4,44331,27,exp2,43220992,43229184,43229184,10807296,0.0843341649,0.084338665,-8192,32413696,0.000287532806,0x3dacb9c0,0.084338665,0x3f800000,1,0x00000000,0,0x00000000,0,00000,0,0,000,00000,0,0,00,0x00000000,0,0x00000000,0,0x00000000,0,0,0
l2,0.0625,0,min-error,metric_min,exp1,0,1,1,0.0843341649,0.084338665,0.0843341649,0.084338665,4.50015068e-06,28,raw-and-scaled,5,1,fp5_e1m3,fp5_e2m2,3,2,4,44331,28,exp2,43220992,43229184,43229184,10807296,0.0843341649,0.084338665,-8192,32413696,0.000287532806,0x3dacb9c0,0.084338665,0x3f800000,1,0x00000000,0,0x00000000,0,00000,0,0,000,00000,0,0,00,0x00000000,0,0x00000000,0,0x00000000,0,0,0
l2,0.0625,0,min-error,metric_min,exp1,0,1,1,0.0843341649,0.084338665,0.0843341649,0.084338665,4.50015068e-06,29,raw-and-scaled,5,1,fp5_e1m3,fp5_e2m2,3,2,4,44331,29,exp2,43220992,43229184,43229184,10807296,0.0843341649,0.084338665,-8192,32413696,0.000287532806,0x3dacb9c0,0.084338665,0x3f800000,1,0x00000000,0,0x00000000,0,00000,0,0,000,00000,0,0,00,0x00000000,0,0x00000000,0,0x00000000,0,0,0
l2,0.0625,0,min-error,metric_min,exp1,0,1,1,0.0843341649,0.084338665,0.0843341649,0.084338665,4.50015068e-06,30,raw-and-scaled,5,1,fp5_e1m3,fp5_e2m2,3,2,4,44331,30,exp2,43220992,43229184,43229184,10807296,0.0843341649,0.084338665,-8192,32413696,0.000287532806,0x3dacb9c0,0.084338665,0x3f800000,1,0xbb7acf5e,-0.00382705731,0xbb7acf5e,-0.00382705731,10000,0,0,000,10000,0,0,00,0xbb7acf5e,-0.00382705731,0xbb7acf5e,-0.00382705731,0x00000000,0,0,0
l2,0.0625,0,min-error,metric_min,exp1,0,1,1,0.0843341649,0.084338665,0.0843341649,0.084338665,4.50015068e-06,31,raw-and-scaled,5,1,fp5_e1m3,fp5_e2m2,3,2,4,44331,31,exp2,43220992,43229184,43229184,10807296,0.0843341649,0.084338665,-8192,32413696,0.000287532806,0x3dacb9c0,0.084338665,0x3f800000,1,0x00000000,0,0x00000000,0,00000,0,0,000,00000,0,0,00,0x00000000,0,0x00000000,0,0x00000000,0,0,0
l2,0.0625,0,min-error,metric_min,exp1,0,1,1,0.0843341649,0.084338665,0.0843341649,0.084338665,4.50015068e-06,32,raw-and-scaled,5,1,fp5_e1m3,fp5_e2m2,3,2,4,44331,32,exp2,43220992,43229184,43229184,10807296,0.0843341649,0.084338665,-8192,32413696,0.000287532806,0x3dacb9c0,0.084338665,0x3f800000,1,0xbad05b60,-0.00158963725,0xbad05b60,-0.00158963725,10000,0,0,000,10000,0,0,00,0xbad05b60,-0.00158963725,0xbad05b60,-0.00158963725,0x00000000,0,0,0
l2,0.0625,0,min-error,metric_min,exp1,0,1,1,0.0843341649,0.084338665,0.0843341649,0.084338665,4.50015068e-06,33,raw-and-scaled,5,1,fp5_e1m3,fp5_e2m2,3,2,4,44331,33,exp2,43220992,43229184,43229184,10807296,0.0843341649,0.084338665,-8192,32413696,0.000287532806,0x3dacb9c0,0.084338665,0x3f800000,1,0x00000000,0,0x00000000,0,00000,0,0,000,00000,0,0,00,0x00000000,0,0x00000000,0,0x00000000,0,0,0
l2,0.0625,0,min-error,metric_min,exp1,0,1,1,0.0843341649,0.084338665,0.0843341649,0.084338665,4.50015068e-06,34,raw-and-scaled,5,1,fp5_e1m3,fp5_e2m2,3,2,4,44331,34,exp2,43220992,43229184,43229184,10807296,0.0843341649,0.084338665,-8192,32413696,0.000287532806,0x3dacb9c0,0.084338665,0x3f800000,1,0x00000000,0,0x00000000,0,00000,0,0,000,00000,0,0,00,0x00000000,0,0x00000000,0,0x00000000,0,0,0
l2,0.0625,0,min-error,metric_min,exp1,0,1,1,0.0843341649,0.084338665,0.0843341649,0.084338665,4.50015068e-06,35,raw-and-scaled,5,1,fp5_e1m3,fp5_e2m2,3,2,4,44331,35,exp2,43220992,43229184,43229184,10807296,0.0843341649,0.084338665,-8192,32413696,0.000287532806,0x3dacb9c0,0.084338665,0x3f800000,1,0x3d62405d,0.0552371629,0x3d62405d,0.0552371629,00000,0,0,000,00000,0,0,00,0x3d62405d,0.0552371629,0x3d62405d,0.0552371629,0x00000000,0,0,0
l2,0.0625,0,min-error,metric_min,exp1,0,1,1,0.0843341649,0.084338665,0.0843341649,0.084338665,4.50015068e-06,36,raw-and-scaled,5,1,fp5_e1m3,fp5_e2m2,3,2,4,44331,36,exp2,43220992,43229184,43229184,10807296,0.0843341649,0.084338665,-8192,32413696,0.000287532806,0x3dacb9c0,0.084338665,0x3f800000,1,0x00000000,0,0x00000000,0,00000,0,0,000,00000,0,0,00,0x00000000,0,0x00000000,0,0x00000000,0,0,0
l2,0.0625,0,min-error,metric_min,exp1,0,1,1,0.0843341649,0.084338665,0.0843341649,0.084338665,4.50015068e-06,37,raw-and-scaled,5,1,fp5_e1m3,fp5_e2m2,3,2,4,44331,37,exp2,43220992,43229184,43229184,10807296,0.0843341649,0.084338665,-8192,32413696,0.000287532806,0x3dacb9c0,0.084338665,0x3f800000,1,0x00000000,0,0x00000000,0,00000,0,0,000,00000,0,0,00,0x00000000,0,0x00000000,0,0x00000000,0,0,0
l2,0.0625,0,min-error,metric_min,exp1,0,1,1,0.0843341649,0.084338665,0.0843341649,0.084338665,4.50015068e-06,38,raw-and-scaled,5,1,fp5_e1m3,fp5_e2m2,3,2,4,44331,38,exp2,43220992,43229184,43229184,10807296,0.0843341649,0.084338665,-8192,32413696,0.000287532806,0x3dacb9c0,0.084338665,0x3f800000,1,0x00000000,0,0x00000000,0,00000,0,0,000,00000,0,0,00,0x00000000,0,0x00000000,0,0x00000000,0,0,0
l2,0.0625,0,min-error,metric_min,exp1,0,1,1,0.0843341649,0.084338665,0.0843341649,0.084338665,4.50015068e-06,39,raw-and-scaled,5,1,fp5_e1m3,fp5_e2m2,3,2,4,44331,39,exp2,43220992,43229184,43229184,10807296,0.0843341649,0.084338665,-8192,32413696,0.000287532806,0x3dacb9c0,0.084338665,0x3f800000,1,0x3f4125e0,0.754484177,0x3f4125e0,0.754484177,00110,0,6,110,01010,2,2,10,0x3b92f000,0.00448417664,0x3b92f000,0.00448417664,0x00000000,0,0,0
l2,0.0625,0,min-error,metric_min,exp1,0,1,1,0.0843341649,0.084338665,0.0843341649,0.084338665,4.50015068e-06,40,raw-and-scaled,5,1,fp5_e1m3,fp5_e2m2,3,2,4,44331,40,exp2,43220992,43229184,43229184,10807296,0.0843341649,0.084338665,-8192,32413696,0.000287532806,0x3dacb9c0,0.084338665,0x3f800000,1,0x00000000,0,0x00000000,0,00000,0,0,000,00000,0,0,00,0x00000000,0,0x00000000,0,0x00000000,0,0,0
l2,0.0625,0,min-error,metric_min,exp1,0,1,1,0.0843341649,0.084338665,0.0843341649,0.084338665,4.50015068e-06,41,raw-and-scaled,5,1,fp5_e1m3,fp5_e2m2,3,2,4,44331,41,exp2,43220992,43229184,43229184,10807296,0.0843341649,0.084338665,-8192,32413696,0.000287532806,0x3dacb9c0,0.084338665,0x3f800000,1,0x00000000,0,0x00000000,0,00000,0,0,000,00000,0,0,00,0x00000000,0,0x00000000,0,0x00000000,0,0,0
l2,0.0625,0,min-error,metric_min,exp1,0,1,1,0.0843341649,0.084338665,0.0843341649,0.084338665,4.50015068e-06,42,raw-and-scaled,5,1,fp5_e1m3,fp5_e2m2,3,2,4,44331,42,exp2,43220992,43229184,43229184,10807296,0.0843341649,0.084338665,-8192,32413696,0.000287532806,0x3dacb9c0,0.084338665,0x3f800000,1,0x00000000,0,0x00000000,0,00000,0,0,000,00000,0,0,00,0x00000000,0,0x00000000,0,0x00000000,0,0,0
l2,0.0625,0,min-error,metric_min,exp1,0,1,1,0.0843341649,0.084338665,0.0843341649,0.084338665,4.50015068e-06,43,raw-and-scaled,5,1,fp5_e1m3,fp5_e2m2,3,2,4,44331,43,exp2,43220992,43229184,43229184,10807296,0.0843341649,0.084338665,-8192,32413696,0.000287532806,0x3dacb9c0,0.084338665,0x3f800000,1,0x3e565947,0.209324941,0x3e565947,0.209324941,00001,0,1,001,00011,0,3,11,0x3dacb28e,0.084324941,0x3cb2ca38,0.021824941,0xcad96000,-7122944,-1780736,-0.424599528
l2,0.0625,0,min-error,metric_min,exp1,0,1,1,0.0843341649,0.084338665,0.0843341649,0.084338665,4.50015068e-06,44,raw-and-scaled,5,1,fp5_e1m3,fp5_e2m2,3,2,4,44331,44,exp2,43220992,43229184,43229184,10807296,0.0843341649,0.084338665,-8192,32413696,0.000287532806,0x3dacb9c0,0.084338665,0x3f800000,1,0x3b2434cc,0.00250558835,0x3b2434cc,0.00250558835,00000,0,0,000,00000,0,0,00,0x3b2434cc,0.00250558835,0x3b2434cc,0.00250558835,0x00000000,0,0,0
l2,0.0625,0,min-error,metric_min,exp1,0,1,1,0.0843341649,0.084338665,0.0843341649,0.084338665,4.50015068e-06,45,raw-and-scaled,5,1,fp5_e1m3,fp5_e2m2,3,2,4,44331,45,exp2,43220992,43229184,43229184,10807296,0.0843341649,0.084338665,-8192,32413696,0.000287532806,0x3dacb9c0,0.084338665,0x3f800000,1,0x3af3b32a,0.00185928238,0x3af3b32a,0.00185928238,00000,0,0,000,00000,0,0,00,0x3af3b32a,0.00185928238,0x3af3b32a,0.00185928238,0x00000000,0,0,0
l2,0.0625,0,min-error,metric_min,exp1,0,1,1,0.0843341649,0.084338665,0.0843341649,0.084338665,4.50015068e-06,46,raw-and-scaled,5,1,fp5_e1m3,fp5_e2m2,3,2,4,44331,46,exp2,43220992,43229184,43229184,10807296,0.0843341649,0.084338665,-8192,32413696,0.000287532806,0x3dacb9c0,0.084338665,0x3f800000,1,0x00000000,0,0x00000000,0,00000,0,0,000,00000,0,0,00,0x00000000,0,0x00000000,0,0x00000000,0,0,0
l2,0.0625,0,min-error,metric_min,exp1,0,1,1,0.0843341649,0.084338665,0.0843341649,0.084338665,4.50015068e-06,47,raw-and-scaled,5,1,fp5_e1m3,fp5_e2m2,3,2,4,44331,47,exp2,43220992,43229184,43229184,10807296,0.0843341649,0.084338665,-8192,32413696,0.000287532806,0x3dacb9c0,0.084338665,0x3f800000,1,0xbed72f4f,-0.420282811,0xbed72f4f,-0.420282811,10011,0,3,011,10110,1,2,10,0xbd397a78,-0.0452828109,0xbd397a78,-0.0452828109,0x00000000,0,0,0
l2,0.0625,0,min-error,metric_min,exp1,0,1,1,0.0843341649,0.084338665,0.0843341649,0.084338665,4.50015068e-06,48,raw-and-scaled,5,1,fp5_e1m3,fp5_e2m2,3,2,4,44331,48,exp2,43220992,43229184,43229184,10807296,0.0843341649,0.084338665,-8192,32413696,0.000287532806,0x3dacb9c0,0.084338665,0x3f800000,1,0xbcecf642,-0.0289260186,0xbcecf642,-0.0289260186,10000,0,0,000,10000,0,0,00,0xbcecf642,-0.0289260186,0xbcecf642,-0.0289260186,0x00000000,0,0,0
l2,0.0625,0,min-error,metric_min,exp1,0,1,1,0.0843341649,0.084338665,0.0843341649,0.084338665,4.50015068e-06,49,raw-and-scaled,5,1,fp5_e1m3,fp5_e2m2,3,2,4,44331,49,exp2,43220992,43229184,43229184,10807296,0.0843341649,0.084338665,-8192,32413696,0.000287532806,0x3dacb9c0,0.084338665,0x3f800000,1,0x00000000,0,0x00000000,0,00000,0,0,000,00000,0,0,00,0x00000000,0,0x00000000,0,0x00000000,0,0,0
l2,0.0625,0,min-error,metric_min,exp1,0,1,1,0.0843341649,0.084338665,0.0843341649,0.084338665,4.50015068e-06,50,raw-and-scaled,5,1,fp5_e1m3,fp5_e2m2,3,2,4,44331,50,exp2,43220992,43229184,43229184,10807296,0.0843341649,0.084338665,-8192,32413696,0.000287532806,0x3dacb9c0,0.084338665,0x3f800000,1,0x00000000,0,0x00000000,0,00000,0,0,000,00000,0,0,00,0x00000000,0,0x00000000,0,0x00000000,0,0,0
l2,0.0625,0,min-error,metric_min,exp1,0,1,1,0.0843341649,0.084338665,0.0843341649,0.084338665,4.50015068e-06,51,raw-and-scaled,5,1,fp5_e1m3,fp5_e2m2,3,2,4,44331,51,exp2,43220992,43229184,43229184,10807296,0.0843341649,0.084338665,-8192,32413696,0.000287532806,0x3dacb9c0,0.084338665,0x3f800000,1,0x00000000,0,0x00000000,0,00000,0,0,000,00000,0,0,00,0x00000000,0,0x00000000,0,0x00000000,0,0,0
l2,0.0625,0,min-error,metric_min,exp1,0,1,1,0.0843341649,0.084338665,0.0843341649,0.084338665,4.50015068e-06,52,raw-and-scaled,5,1,fp5_e1m3,fp5_e2m2,3,2,4,44331,52,exp2,43220992,43229184,43229184,10807296,0.0843341649,0.084338665,-8192,32413696,0.000287532806,0x3dacb9c0,0.084338665,0x3f800000,1,0x00000000,0,0x00000000,0,00000,0,0,000,00000,0,0,00,0x00000000,0,0x00000000,0,0x00000000,0,0,0
l2,0.0625,0,min-error,metric_min,exp1,0,1,1,0.0843341649,0.084338665,0.0843341649,0.084338665,4.50015068e-06,53,raw-and-scaled,5,1,fp5_e1m3,fp5_e2m2,3,2,4,44331,53,exp2,43220992,43229184,43229184,10807296,0.0843341649,0.084338665,-8192,32413696,0.000287532806,0x3dacb9c0,0.084338665,0x3f800000,1,0xbabf6ddf,-0.00146048877,0xbabf6ddf,-0.00146048877,10000,0,0,000,10000,0,0,00,0xbabf6ddf,-0.00146048877,0xbabf6ddf,-0.00146048877,0x00000000,0,0,0
l2,0.0625,0,min-error,metric_min,exp1,0,1,1,0.0843341649,0.084338665,0.0843341649,0.084338665,4.50015068e-06,54,raw-and-scaled,5,1,fp5_e1m3,fp5_e2m2,3,2,4,44331,54,exp2,43220992,43229184,43229184,10807296,0.0843341649,0.084338665,-8192,32413696,0.000287532806,0x3dacb9c0,0.084338665,0x3f800000,1,0x00000000,0,0x00000000,0,00000,0,0,000,00000,0,0,00,0x00000000,0,0x00000000,0,0x00000000,0,0,0
l2,0.0625,0,min-error,metric_min,exp1,0,1,1,0.0843341649,0.084338665,0.0843341649,0.084338665,4.50015068e-06,55,raw-and-scaled,5,1,fp5_e1m3,fp5_e2m2,3,2,4,44331,55,exp2,43220992,43229184,43229184,10807296,0.0843341649,0.084338665,-8192,32413696,0.000287532806,0x3dacb9c0,0.084338665,0x3f800000,1,0x00000000,0,0x00000000,0,00000,0,0,000,00000,0,0,00,0x00000000,0,0x00000000,0,0x00000000,0,0,0
l2,0.0625,0,min-error,metric_min,exp1,0,1,1,0.0843341649,0.084338665,0.0843341649,0.084338665,4.50015068e-06,56,raw-and-scaled,5,1,fp5_e1m3,fp5_e2m2,3,2,4,44331,56,exp2,43220992,43229184,43229184,10807296,0.0843341649,0.084338665,-8192,32413696,0.000287532806,0x3dacb9c0,0.084338665,0x3f800000,1,0x00000000,0,0x00000000,0,00000,0,0,000,00000,0,0,00,0x00000000,0,0x00000000,0,0x00000000,0,0,0
l2,0.0625,0,min-error,metric_min,exp1,0,1,1,0.0843341649,0.084338665,0.0843341649,0.084338665,4.50015068e-06,57,raw-and-scaled,5,1,fp5_e1m3,fp5_e2m2,3,2,4,44331,57,exp2,43220992,43229184,43229184,10807296,0.0843341649,0.084338665,-8192,32413696,0.000287532806,0x3dacb9c0,0.084338665,0x3f800000,1,0x00000000,0,0x00000000,0,00000,0,0,000,00000,0,0,00,0x00000000,0,0x00000000,0,0x00000000,0,0,0
l2,0.0625,0,min-error,metric_min,exp1,0,1,1,0.0843341649,0.084338665,0.0843341649,0.084338665,4.50015068e-06,58,raw-and-scaled,5,1,fp5_e1m3,fp5_e2m2,3,2,4,44331,58,exp2,43220992,43229184,43229184,10807296,0.0843341649,0.084338665,-8192,32413696,0.000287532806,0x3dacb9c0,0.084338665,0x3f800000,1,0x00000000,0,0x00000000,0,00000,0,0,000,00000,0,0,00,0x00000000,0,0x00000000,0,0x00000000,0,0,0
l2,0.0625,0,min-error,metric_min,exp1,0,1,1,0.0843341649,0.084338665,0.0843341649,0.084338665,4.50015068e-06,59,raw-and-scaled,5,1,fp5_e1m3,fp5_e2m2,3,2,4,44331,59,exp2,43220992,43229184,43229184,10807296,0.0843341649,0.084338665,-8192,32413696,0.000287532806,0x3dacb9c0,0.084338665,0x3f800000,1,0x00000000,0,0x00000000,0,00000,0,0,000,00000,0,0,00,0x00000000,0,0x00000000,0,0x00000000,0,0,0
l2,0.0625,0,min-error,metric_min,exp1,0,1,1,0.0843341649,0.084338665,0.0843341649,0.084338665,4.50015068e-06,60,raw-and-scaled,5,1,fp5_e1m3,fp5_e2m2,3,2,4,44331,60,exp2,43220992,43229184,43229184,10807296,0.0843341649,0.084338665,-8192,32413696,0.000287532806,0x3dacb9c0,0.084338665,0x3f800000,1,0x3df67e3e,0.120357975,0x3df67e3e,0.120357975,00000,0,0,000,00001,0,1,01,0x3df67e3e,0.120357975,0x3d6cfc7c,0.0578579754,0xcb367000,-11956224,-2989056,-0.712863803
l2,0.0625,0,min-error,metric_min,exp1,0,1,1,0.0843341649,0.084338665,0.0843341649,0.084338665,4.50015068e-06,61,raw-and-scaled,5,1,fp5_e1m3,fp5_e2m2,3,2,4,44331,61,exp2,43220992,43229184,43229184,10807296,0.0843341649,0.084338665,-8192,32413696,0.000287532806,0x3dacb9c0,0.084338665,0x3f800000,1,0x00000000,0,0x00000000,0,00000,0,0,000,00000,0,0,00,0x00000000,0,0x00000000,0,0x00000000,0,0,0
l2,0.0625,0,min-error,metric_min,exp1,0,1,1,0.0843341649,0.084338665,0.0843341649,0.084338665,4.50015068e-06,62,raw-and-scaled,5,1,fp5_e1m3,fp5_e2m2,3,2,4,44331,62,exp2,43220992,43229184,43229184,10807296,0.0843341649,0.084338665,-8192,32413696,0.000287532806,0x3dacb9c0,0.084338665,0x3f800000,1,0x00000000,0,0x00000000,0,00000,0,0,000,00000,0,0,00,0x00000000,0,0x00000000,0,0x00000000,0,0,0
l2,0.0625,0,min-error,metric_min,exp1,0,1,1,0.0843341649,0.084338665,0.0843341649,0.084338665,4.50015068e-06,63,raw-and-scaled,5,1,fp5_e1m3,fp5_e2m2,3,2,4,44331,63,exp2,43220992,43229184,43229184,10807296,0.0843341649,0.084338665,-8192,32413696,0.000287532806,0x3dacb9c0,0.084338665,0x3f800000,1,0xbe20d568,-0.15706408,0xbe20d568,-0.15706408,10001,0,1,001,10010,0,2,10,0xbd0355a0,-0.0320640802,0xbd0355a0,-0.0320640802,0x00000000,0,0,0
l2,0.0625,0,min-error,metric_min,exp1,0,1,1,0.0843341649,0.084338665,0.0843341649,0.084338665,4.50015068e-06,64,raw-and-scaled,5,1,fp5_e1m3,fp5_e2m2,3,2,4,44331,64,exp2,43220992,43229184,43229184,10807296,0.0843341649,0.084338665,-8192,32413696,0.000287532806,0x3dacb9c0,0.084338665,0x3f800000,1,0x00000000,0,0x00000000,0,00000,0,0,000,00000,0,0,00,0x00000000,0,0x00000000,0,0x00000000,0,0,0
l2,0.0625,0,min-error,metric_min,exp1,0,1,1,0.0843341649,0.084338665,0.0843341649,0.084338665,4.50015068e-06,65,raw-and-scaled,5,1,fp5_e1m3,fp5_e2m2,3,2,4,44331,65,exp2,43220992,43229184,43229184,10807296,0.0843341649,0.084338665,-8192,32413696,0.000287532806,0x3dacb9c0,0.084338665,0x3f800000,1,0x00000000,0,0x00000000,0,00000,0,0,000,00000,0,0,00,0x00000000,0,0x00000000,0,0x00000000,0,0,0
l2,0.0625,0,min-error,metric_min,exp1,0,1,1,0.0843341649,0.084338665,0.0843341649,0.084338665,4.50015068e-06,66,raw-and-scaled,5,1,fp5_e1m3,fp5_e2m2,3,2,4,44331,66,exp2,43220992,43229184,43229184,10807296,0.0843341649,0.084338665,-8192,32413696,0.000287532806,0x3dacb9c0,0.084338665,0x3f800000,1,0x00000000,0,0x00000000,0,00000,0,0,000,00000,0,0,00,0x00000000,0,0x00000000,0,0x00000000,0,0,0
l2,0.0625,0,min-error,metric_min,exp1,0,1,1,0.0843341649,0.084338665,0.0843341649,0.084338665,4.50015068e-06,67,raw-and-scaled,5,1,fp5_e1m3,fp5_e2m2,3,2,4,44331,67,exp2,43220992,43229184,43229184,10807296,0.0843341649,0.084338665,-8192,32413696,0.000287532806,0x3dacb9c0,0.084338665,0x3f800000,1,0x00000000,0,0x00000000,0,00000,0,0,000,00000,0,0,00,0x00000000,0,0x00000000,0,0x00000000,0,0,0
l2,0.0625,0,min-error,metric_min,exp1,0,1,1,0.0843341649,0.084338665,0.0843341649,0.084338665,4.50015068e-06,68,raw-and-scaled,5,1,fp5_e1m3,fp5_e2m2,3,2,4,44331,68,exp2,43220992,43229184,43229184,10807296,0.0843341649,0.084338665,-8192,32413696,0.000287532806,0x3dacb9c0,0.084338665,0x3f800000,1,0x00000000,0,0x00000000,0,00000,0,0,000,00000,0,0,00,0x00000000,0,0x00000000,0,0x00000000,0,0,0
l2,0.0625,0,min-error,metric_min,exp1,0,1,1,0.0843341649,0.084338665,0.0843341649,0.084338665,4.50015068e-06,69,raw-and-scaled,5,1,fp5_e1m3,fp5_e2m2,3,2,4,44331,69,exp2,43220992,43229184,43229184,10807296,0.0843341649,0.084338665,-8192,32413696,0.000287532806,0x3dacb9c0,0.084338665,0x3f800000,1,0x00000000,0,0x00000000,0,00000,0,0,000,00000,0,0,00,0x00000000,0,0x00000000,0,0x00000000,0,0,0
l2,0.0625,0,min-error,metric_min,exp1,0,1,1,0.0843341649,0.084338665,0.0843341649,0.084338665,4.50015068e-06,70,raw-and-scaled,5,1,fp5_e1m3,fp5_e2m2,3,2,4,44331,70,exp2,43220992,43229184,43229184,10807296,0.0843341649,0.084338665,-8192,32413696,0.000287532806,0x3dacb9c0,0.084338665,0x3f800000,1,0x00000000,0,0x00000000,0,00000,0,0,000,00000,0,0,00,0x00000000,0,0x00000000,0,0x00000000,0,0,0
l2,0.0625,0,min-error,metric_min,exp1,0,1,1,0.0843341649,0.084338665,0.0843341649,0.084338665,4.50015068e-06,71,raw-and-scaled,5,1,fp5_e1m3,fp5_e2m2,3,2,4,44331,71,exp2,43220992,43229184,43229184,10807296,0.0843341649,0.084338665,-8192,32413696,0.000287532806,0x3dacb9c0,0.084338665,0x3f800000,1,0x00000000,0,0x00000000,0,00000,0,0,000,00000,0,0,00,0x00000000,0,0x00000000,0,0x00000000,0,0,0
l2,0.0625,0,min-error,metric_min,exp1,0,1,1,0.0843341649,0.084338665,0.0843341649,0.084338665,4.50015068e-06,72,raw-and-scaled,5,1,fp5_e1m3,fp5_e2m2,3,2,4,44331,72,exp2,43220992,43229184,43229184,10807296,0.0843341649,0.084338665,-8192,32413696,0.000287532806,0x3dacb9c0,0.084338665,0x3f800000,1,0x00000000,0,0x00000000,0,00000,0,0,000,00000,0,0,00,0x00000000,0,0x00000000,0,0x00000000,0,0,0
l2,0.0625,0,min-error,metric_min,exp1,0,1,1,0.0843341649,0.084338665,0.0843341649,0.084338665,4.50015068e-06,73,raw-and-scaled,5,1,fp5_e1m3,fp5_e2m2,3,2,4,44331,73,exp2,43220992,43229184,43229184,10807296,0.0843341649,0.084338665,-8192,32413696,0.000287532806,0x3dacb9c0,0.084338665,0x3f800000,1,0x00000000,0,0x00000000,0,00000,0,0,000,00000,0,0,00,0x00000000,0,0x00000000,0,0x00000000,0,0,0
l2,0.0625,0,min-error,metric_min,exp1,0,1,1,0.0843341649,0.084338665,0.0843341649,0.084338665,4.50015068e-06,74,raw-and-scaled,5,1,fp5_e1m3,fp5_e2m2,3,2,4,44331,74,exp2,43220992,43229184,43229184,10807296,0.0843341649,0.084338665,-8192,32413696,0.000287532806,0x3dacb9c0,0.084338665,0x3f800000,1,0x00000000,0,0x00000000,0,00000,0,0,000,00000,0,0,00,0x00000000,0,0x00000000,0,0x00000000,0,0,0
l2,0.0625,0,min-error,metric_min,exp1,0,1,1,0.0843341649,0.084338665,0.0843341649,0.084338665,4.50015068e-06,75,raw-and-scaled,5,1,fp5_e1m3,fp5_e2m2,3,2,4,44331,75,exp2,43220992,43229184,43229184,10807296,0.0843341649,0.084338665,-8192,32413696,0.000287532806,0x3dacb9c0,0.084338665,0x3f800000,1,0x00000000,0,0x00000000,0,00000,0,0,000,00000,0,0,00,0x00000000,0,0x00000000,0,0x00000000,0,0,0
l2,0.0625,0,min-error,metric_min,exp1,0,1,1,0.0843341649,0.084338665,0.0843341649,0.084338665,4.50015068e-06,76,raw-and-scaled,5,1,fp5_e1m3,fp5_e2m2,3,2,4,44331,76,exp2,43220992,43229184,43229184,10807296,0.0843341649,0.084338665,-8192,32413696,0.000287532806,0x3dacb9c0,0.084338665,0x3f800000,1,0x00000000,0,0x00000000,0,00000,0,0,000,00000,0,0,00,0x00000000,0,0x00000000,0,0x00000000,0,0,0
l2,0.0625,0,min-error,metric_min,exp1,0,1,1,0.0843341649,0.084338665,0.0843341649,0.084338665,4.50015068e-06,77,raw-and-scaled,5,1,fp5_e1m3,fp5_e2m2,3,2,4,44331,77,exp2,43220992,43229184,43229184,10807296,0.0843341649,0.084338665,-8192,32413696,0.000287532806,0x3dacb9c0,0.084338665,0x3f800000,1,0x00000000,0,0x00000000,0,00000,0,0,000,00000,0,0,00,0x00000000,0,0x00000000,0,0x00000000,0,0,0
l2,0.0625,0,min-error,metric_min,exp1,0,1,1,0.0843341649,0.084338665,0.0843341649,0.084338665,4.50015068e-06,78,raw-and-scaled,5,1,fp5_e1m3,fp5_e2m2,3,2,4,44331,78,exp2,43220992,43229184,43229184,10807296,0.0843341649,0.084338665,-8192,32413696,0.000287532806,0x3dacb9c0,0.084338665,0x3f800000,1,0x3f8911cb,1.0708555,0x3f8911cb,1.0708555,01000,1,0,000,01100,3,0,00,0x3d911cb0,0.0708554983,0x3d911cb0,0.0708554983,0x00000000,0,0,0
l2,0.0625,0,min-error,metric_min,exp1,0,1,1,0.0843341649,0.084338665,0.0843341649,0.084338665,4.50015068e-06,79,raw-and-scaled,5,1,fp5_e1m3,fp5_e2m2,3,2,4,44331,79,exp2,43220992,43229184,43229184,10807296,0.0843341649,0.084338665,-8192,32413696,0.000287532806,0x3dacb9c0,0.084338665,0x3f800000,1,0x00000000,0,0x00000000,0,00000,0,0,000,00000,0,0,00,0x00000000,0,0x00000000,0,0x00000000,0,0,0
l2,0.0625,0,min-error,metric_min,exp1,0,1,1,0.0843341649,0.084338665,0.0843341649,0.084338665,4.50015068e-06,80,raw-and-scaled,5,1,fp5_e1m3,fp5_e2m2,3,2,4,44331,80,exp2,43220992,43229184,43229184,10807296,0.0843341649,0.084338665,-8192,32413696,0.000287532806,0x3dacb9c0,0.084338665,0x3f800000,1,0x00000000,0,0x00000000,0,00000,0,0,000,00000,0,0,00,0x00000000,0,0x00000000,0,0x00000000,0,0,0
l2,0.0625,0,min-error,metric_min,exp1,0,1,1,0.0843341649,0.084338665,0.0843341649,0.084338665,4.50015068e-06,81,raw-and-scaled,5,1,fp5_e1m3,fp5_e2m2,3,2,4,44331,81,exp2,43220992,43229184,43229184,10807296,0.0843341649,0.084338665,-8192,32413696,0.000287532806,0x3dacb9c0,0.084338665,0x3f800000,1,0x00000000,0,0x00000000,0,00000,0,0,000,00000,0,0,00,0x00000000,0,0x00000000,0,0x00000000,0,0,0
l2,0.0625,0,min-error,metric_min,exp1,0,1,1,0.0843341649,0.084338665,0.0843341649,0.084338665,4.50015068e-06,82,raw-and-scaled,5,1,fp5_e1m3,fp5_e2m2,3,2,4,44331,82,exp2,43220992,43229184,43229184,10807296,0.0843341649,0.084338665,-8192,32413696,0.000287532806,0x3dacb9c0,0.084338665,0x3f800000,1,0x00000000,0,0x00000000,0,00000,0,0,000,00000,0,0,00,0x00000000,0,0x00000000,0,0x00000000,0,0,0
l2,0.0625,0,min-error,metric_min,exp1,0,1,1,0.0843341649,0.084338665,0.0843341649,0.084338665,4.50015068e-06,83,raw-and-scaled,5,1,fp5_e1m3,fp5_e2m2,3,2,4,44331,83,exp2,43220992,43229184,43229184,10807296,0.0843341649,0.084338665,-8192,32413696,0.000287532806,0x3dacb9c0,0.084338665,0x3f800000,1,0x00000000,0,0x00000000,0,00000,0,0,000,00000,0,0,00,0x00000000,0,0x00000000,0,0x00000000,0,0,0
l2,0.0625,0,min-error,metric_min,exp1,0,1,1,0.0843341649,0.084338665,0.0843341649,0.084338665,4.50015068e-06,84,raw-and-scaled,5,1,fp5_e1m3,fp5_e2m2,3,2,4,44331,84,exp2,43220992,43229184,43229184,10807296,0.0843341649,0.084338665,-8192,32413696,0.000287532806,0x3dacb9c0,0.084338665,0x3f800000,1,0x00000000,0,0x00000000,0,00000,0,0,000,00000,0,0,00,0x00000000,0,0x00000000,0,0x00000000,0,0,0
l2,0.0625,0,min-error,metric_min,exp1,0,1,1,0.0843341649,0.084338665,0.0843341649,0.084338665,4.50015068e-06,85,raw-and-scaled,5,1,fp5_e1m3,fp5_e2m2,3,2,4,44331,85,exp2,43220992,43229184,43229184,10807296,0.0843341649,0.084338665,-8192,32413696,0.000287532806,0x3dacb9c0,0.084338665,0x3f800000,1,0x00000000,0,0x00000000,0,00000,0,0,000,00000,0,0,00,0x00000000,0,0x00000000,0,0x00000000,0,0,0
l2,0.0625,0,min-error,metric_min,exp1,0,1,1,0.0843341649,0.084338665,0.0843341649,0.084338665,4.50015068e-06,86,raw-and-scaled,5,1,fp5_e1m3,fp5_e2m2,3,2,4,44331,86,exp2,43220992,43229184,43229184,10807296,0.0843341649,0.084338665,-8192,32413696,0.000287532806,0x3dacb9c0,0.084338665,0x3f800000,1,0x3bd73f07,0.00656879274,0x3bd73f07,0.00656879274,00000,0,0,000,00000,0,0,00,0x3bd73f07,0.00656879274,0x3bd73f07,0.00656879274,0x00000000,0,0,0
l2,0.0625,0,min-error,metric_min,exp1,0,1,1,0.0843341649,0.084338665,0.0843341649,0.084338665,4.50015068e-06,87,raw-and-scaled,5,1,fp5_e1m3,fp5_e2m2,3,2,4,44331,87,exp2,43220992,43229184,43229184,10807296,0.0843341649,0.084338665,-8192,32413696,0.000287532806,0x3dacb9c0,0.084338665,0x3f800000,1,0x00000000,0,0x00000000,0,00000,0,0,000,00000,0,0,00,0x00000000,0,0x00000000,0,0x00000000,0,0,0
l2,0.0625,0,min-error,metric_min,exp1,0,1,1,0.0843341649,0.084338665,0.0843341649,0.084338665,4.50015068e-06,88,raw-and-scaled,5,1,fp5_e1m3,fp5_e2m2,3,2,4,44331,88,exp2,43220992,43229184,43229184,10807296,0.0843341649,0.084338665,-8192,32413696,0.000287532806,0x3dacb9c0,0.084338665,0x3f800000,1,0x00000000,0,0x00000000,0,00000,0,0,000,00000,0,0,00,0x00000000,0,0x00000000,0,0x00000000,0,0,0
l2,0.0625,0,min-error,metric_min,exp1,0,1,1,0.0843341649,0.084338665,0.0843341649,0.084338665,4.50015068e-06,89,raw-and-scaled,5,1,fp5_e1m3,fp5_e2m2,3,2,4,44331,89,exp2,43220992,43229184,43229184,10807296,0.0843341649,0.084338665,-8192,32413696,0.000287532806,0x3dacb9c0,0.084338665,0x3f800000,1,0x00000000,0,0x00000000,0,00000,0,0,000,00000,0,0,00,0x00000000,0,0x00000000,0,0x00000000,0,0,0
l2,0.0625,0,min-error,metric_min,exp1,0,1,1,0.0843341649,0.084338665,0.0843341649,0.084338665,4.50015068e-06,90,raw-and-scaled,5,1,fp5_e1m3,fp5_e2m2,3,2,4,44331,90,exp2,43220992,43229184,43229184,10807296,0.0843341649,0.084338665,-8192,32413696,0.000287532806,0x3dacb9c0,0.084338665,0x3f800000,1,0x00000000,0,0x00000000,0,00000,0,0,000,00000,0,0,00,0x00000000,0,0x00000000,0,0x00000000,0,0,0
l2,0.0625,0,min-error,metric_min,exp1,0,1,1,0.0843341649,0.084338665,0.0843341649,0.084338665,4.50015068e-06,91,raw-and-scaled,5,1,fp5_e1m3,fp5_e2m2,3,2,4,44331,91,exp2,43220992,43229184,43229184,10807296,0.0843341649,0.084338665,-8192,32413696,0.000287532806,0x3dacb9c0,0.084338665,0x3f800000,1,0x00000000,0,0x00000000,0,00000,0,0,000,00000,0,0,00,0x00000000,0,0x00000000,0,0x00000000,0,0,0
l2,0.0625,0,min-error,metric_min,exp1,0,1,1,0.0843341649,0.084338665,0.0843341649,0.084338665,4.50015068e-06,92,raw-and-scaled,5,1,fp5_e1m3,fp5_e2m2,3,2,4,44331,92,exp2,43220992,43229184,43229184,10807296,0.0843341649,0.084338665,-8192,32413696,0.000287532806,0x3dacb9c0,0.084338665,0x3f800000,1,0x00000000,0,0x00000000,0,00000,0,0,000,00000,0,0,00,0x00000000,0,0x00000000,0,0x00000000,0,0,0
l2,0.0625,0,min-error,metric_min,exp1,0,1,1,0.0843341649,0.084338665,0.0843341649,0.084338665,4.50015068e-06,93,raw-and-scaled,5,1,fp5_e1m3,fp5_e2m2,3,2,4,44331,93,exp2,43220992,43229184,43229184,10807296,0.0843341649,0.084338665,-8192,32413696,0.000287532806,0x3dacb9c0,0.084338665,0x3f800000,1,0x00000000,0,0x00000000,0,00000,0,0,000,00000,0,0,00,0x00000000,0,0x00000000,0,0x00000000,0,0,0
l2,0.0625,0,min-error,metric_min,exp1,0,1,1,0.0843341649,0.084338665,0.0843341649,0.084338665,4.50015068e-06,94,raw-and-scaled,5,1,fp5_e1m3,fp5_e2m2,3,2,4,44331,94,exp2,43220992,43229184,43229184,10807296,0.0843341649,0.084338665,-8192,32413696,0.000287532806,0x3dacb9c0,0.084338665,0x3f800000,1,0x3f181f31,0.594225943,0x3f181f31,0.594225943,00100,0,4,100,01000,2,0,00,0x3dc0f988,0.0942259431,0x3dc0f988,0.0942259431,0x00000000,0,0,0
l2,0.0625,0,min-error,metric_min,exp1,0,1,1,0.0843341649,0.084338665,0.0843341649,0.084338665,4.50015068e-06,95,raw-and-scaled,5,1,fp5_e1m3,fp5_e2m2,3,2,4,44331,95,exp2,43220992,43229184,43229184,10807296,0.0843341649,0.084338665,-8192,32413696,0.000287532806,0x3dacb9c0,0.084338665,0x3f800000,1,0x3fd4271c,1.65744352,0x3fd4271c,1.65744352,01101,1,5,101,01110,3,2,10,0x3d04e380,0.0324435234,0x3e2138e0,0.157443523,0x4bc26000,25477120,25477120,1.51909637
l2,0.0625,0,min-error,metric_min,exp1,0,1,1,0.0843341649,0.084338665,0.0843341649,0.084338665,4.50015068e-06,96,raw-and-scaled,5,1,fp5_e1m3,fp5_e2m2,3,2,4,44331,96,exp2,43220992,43229184,43229184,10807296,0.0843341649,0.084338665,-8192,32413696,0.000287532806,0x3dacb9c0,0.084338665,0x3f800000,1,0x3ed2b3f9,0.411529332,0x3ed2b3f9,0.411529332,00011,0,3,011,00110,1,2,10,0x3d159fc8,0.0365293324,0x3d159fc8,0.0365293324,0x00000000,0,0,0
l2,0.0625,0,min-error,metric_min,exp1,0,1,1,0.0843341649,0.084338665,0.0843341649,0.084338665,4.50015068e-06,97,raw-and-scaled,5,1,fp5_e1m3,fp5_e2m2,3,2,4,44331,97,exp2,43220992,43229184,43229184,10807296,0.0843341649,0.084338665,-8192,32413696,0.000287532806,0x3dacb9c0,0.084338665,0x3f800000,1,0x00000000,0,0x00000000,0,00000,0,0,000,00000,0,0,00,0x00000000,0,0x00000000,0,0x00000000,0,0,0
l2,0.0625,0,min-error,metric_min,exp1,0,1,1,0.0843341649,0.084338665,0.0843341649,0.084338665,4.50015068e-06,98,raw-and-scaled,5,1,fp5_e1m3,fp5_e2m2,3,2,4,44331,98,exp2,43220992,43229184,43229184,10807296,0.0843341649,0.084338665,-8192,32413696,0.000287532806,0x3dacb9c0,0.084338665,0x3f800000,1,0x00000000,0,0x00000000,0,00000,0,0,000,00000,0,0,00,0x00000000,0,0x00000000,0,0x00000000,0,0,0
l2,0.0625,0,min-error,metric_min,exp1,0,1,1,0.0843341649,0.084338665,0.0843341649,0.084338665,4.50015068e-06,99,raw-and-scaled,5,1,fp5_e1m3,fp5_e2m2,3,2,4,44331,99,exp2,43220992,43229184,43229184,10807296,0.0843341649,0.084338665,-8192,32413696,0.000287532806,0x3dacb9c0,0.084338665,0x3f800000,1,0x00000000,0,0x00000000,0,00000,0,0,000,00000,0,0,00,0x00000000,0,0x00000000,0,0x00000000,0,0,0
l2,0.0625,0,min-error,metric_min,exp1,0,1,1,0.0843341649,0.084338665,0.0843341649,0.084338665,4.50015068e-06,100,raw-and-scaled,5,1,fp5_e1m3,fp5_e2m2,3,2,4,44331,100,exp2,43220992,43229184,43229184,10807296,0.0843341649,0.084338665,-8192,32413696,0.000287532806,0x3dacb9c0,0.084338665,0x3f800000,1,0xbc9ea9dd,-0.0193681065,0xbc9ea9dd,-0.0193681065,10000,0,0,000,10000,0,0,00,0xbc9ea9dd,-0.0193681065,0xbc9ea9dd,-0.0193681065,0x00000000,0,0,0
l2,0.0625,0,min-error,metric_min,exp1,0,1,1,0.0843341649,0.084338665,0.0843341649,0.084338665,4.50015068e-06,101,raw-and-scaled,5,1,fp5_e1m3,fp5_e2m2,3,2,4,44331,101,exp2,43220992,43229184,43229184,10807296,0.0843341649,0.084338665,-8192,32413696,0.000287532806,0x3dacb9c0,0.084338665,0x3f800000,1,0x00000000,0,0x00000000,0,00000,0,0,000,00000,0,0,00,0x00000000,0,0x00000000,0,0x00000000,0,0,0
l2,0.0625,0,min-error,metric_min,exp1,0,1,1,0.0843341649,0.084338665,0.0843341649,0.084338665,4.50015068e-06,102,raw-and-scaled,5,1,fp5_e1m3,fp5_e2m2,3,2,4,44331,102,exp2,43220992,43229184,43229184,10807296,0.0843341649,0.084338665,-8192,32413696,0.000287532806,0x3dacb9c0,0.084338665,0x3f800000,1,0x3d2b49d7,0.041818466,0x3d2b49d7,0.041818466,00000,0,0,000,00000,0,0,00,0x3d2b49d7,0.041818466,0x3d2b49d7,0.041818466,0x00000000,0,0,0
l2,0.0625,0,min-error,metric_min,exp1,0,1,1,0.0843341649,0.084338665,0.0843341649,0.084338665,4.50015068e-06,103,raw-and-scaled,5,1,fp5_e1m3,fp5_e2m2,3,2,4,44331,103,exp2,43220992,43229184,43229184,10807296,0.0843341649,0.084338665,-8192,32413696,0.000287532806,0x3dacb9c0,0.084338665,0x3f800000,1,0x00000000,0,0x00000000,0,00000,0,0,000,00000,0,0,00,0x00000000,0,0x00000000,0,0x00000000,0,0,0
l2,0.0625,0,min-error,metric_min,exp1,0,1,1,0.0843341649,0.084338665,0.0843341649,0.084338665,4.50015068e-06,104,raw-and-scaled,5,1,fp5_e1m3,fp5_e2m2,3,2,4,44331,104,exp2,43220992,43229184,43229184,10807296,0.0843341649,0.084338665,-8192,32413696,0.000287532806,0x3dacb9c0,0.084338665,0x3f800000,1,0x00000000,0,0x00000000,0,00000,0,0,000,00000,0,0,00,0x00000000,0,0x00000000,0,0x00000000,0,0,0
l2,0.0625,0,min-error,metric_min,exp1,0,1,1,0.0843341649,0.084338665,0.0843341649,0.084338665,4.50015068e-06,105,raw-and-scaled,5,1,fp5_e1m3,fp5_e2m2,3,2,4,44331,105,exp2,43220992,43229184,43229184,10807296,0.0843341649,0.084338665,-8192,32413696,0.000287532806,0x3dacb9c0,0.084338665,0x3f800000,1,0x00000000,0,0x00000000,0,00000,0,0,000,00000,0,0,00,0x00000000,0,0x00000000,0,0x00000000,0,0,0
l2,0.0625,0,min-error,metric_min,exp1,0,1,1,0.0843341649,0.084338665,0.0843341649,0.084338665,4.50015068e-06,106,raw-and-scaled,5,1,fp5_e1m3,fp5_e2m2,3,2,4,44331,106,exp2,43220992,43229184,43229184,10807296,0.0843341649,0.084338665,-8192,32413696,0.000287532806,0x3dacb9c0,0.084338665,0x3f800000,1,0x00000000,0,0x00000000,0,00000,0,0,000,00000,0,0,00,0x00000000,0,0x00000000,0,0x00000000,0,0,0
l2,0.0625,0,min-error,metric_min,exp1,0,1,1,0.0843341649,0.084338665,0.0843341649,0.084338665,4.50015068e-06,107,raw-and-scaled,5,1,fp5_e1m3,fp5_e2m2,3,2,4,44331,107,exp2,43220992,43229184,43229184,10807296,0.0843341649,0.084338665,-8192,32413696,0.000287532806,0x3dacb9c0,0.084338665,0x3f800000,1,0x3df30f49,0.118681498,0x3df30f49,0.118681498,00000,0,0,000,00001,0,1,01,0x3df30f49,0.118681498,0x3d661e92,0.0561814979,0xcb330000,-11730944,-2932736,-0.699451923
l2,0.0625,0,min-error,metric_min,exp1,0,1,1,0.0843341649,0.084338665,0.0843341649,0.084338665,4.50015068e-06,108,raw-and-scaled,5,1,fp5_e1m3,fp5_e2m2,3,2,4,44331,108,exp2,43220992,43229184,43229184,10807296,0.0843341649,0.084338665,-8192,32413696,0.000287532806,0x3dacb9c0,0.084338665,0x3f800000,1,0x3ad1d604,0.00160092162,0x3ad1d604,0.00160092162,00000,0,0,000,00000,0,0,00,0x3ad1d604,0.00160092162,0x3ad1d604,0.00160092162,0x00000000,0,0,0
l2,0.0625,0,min-error,metric_min,exp1,0,1,1,0.0843341649,0.084338665,0.0843341649,0.084338665,4.50015068e-06,109,raw-and-scaled,5,1,fp5_e1m3,fp5_e2m2,3,2,4,44331,109,exp2,43220992,43229184,43229184,10807296,0.0843341649,0.084338665,-8192,32413696,0.000287532806,0x3dacb9c0,0.084338665,0x3f800000,1,0x00000000,0,0x00000000,0,00000,0,0,000,00000,0,0,00,0x00000000,0,0x00000000,0,0x00000000,0,0,0
l2,0.0625,0,min-error,metric_min,exp1,0,1,1,0.0843341649,0.084338665,0.0843341649,0.084338665,4.50015068e-06,110,raw-and-scaled,5,1,fp5_e1m3,fp5_e2m2,3,2,4,44331,110,exp2,43220992,43229184,43229184,10807296,0.0843341649,0.084338665,-8192,32413696,0.000287532806,0x3dacb9c0,0.084338665,0x3f800000,1,0x00000000,0,0x00000000,0,00000,0,0,000,00000,0,0,00,0x00000000,0,0x00000000,0,0x00000000,0,0,0
l2,0.0625,0,min-error,metric_min,exp1,0,1,1,0.0843341649,0.084338665,0.0843341649,0.084338665,4.50015068e-06,111,raw-and-scaled,5,1,fp5_e1m3,fp5_e2m2,3,2,4,44331,111,exp2,43220992,43229184,43229184,10807296,0.0843341649,0.084338665,-8192,32413696,0.000287532806,0x3dacb9c0,0.084338665,0x3f800000,1,0x00000000,0,0x00000000,0,00000,0,0,000,00000,0,0,00,0x00000000,0,0x00000000,0,0x00000000,0,0,0
l2,0.0625,0,min-error,metric_min,exp1,0,1,1,0.0843341649,0.084338665,0.0843341649,0.084338665,4.50015068e-06,112,raw-and-scaled,5,1,fp5_e1m3,fp5_e2m2,3,2,4,44331,112,exp2,43220992,43229184,43229184,10807296,0.0843341649,0.084338665,-8192,32413696,0.000287532806,0x3dacb9c0,0.084338665,0x3f800000,1,0x00000000,0,0x00000000,0,00000,0,0,000,00000,0,0,00,0x00000000,0,0x00000000,0,0x00000000,0,0,0
l2,0.0625,0,min-error,metric_min,exp1,0,1,1,0.0843341649,0.084338665,0.0843341649,0.084338665,4.50015068e-06,113,raw-and-scaled,5,1,fp5_e1m3,fp5_e2m2,3,2,4,44331,113,exp2,43220992,43229184,43229184,10807296,0.0843341649,0.084338665,-8192,32413696,0.000287532806,0x3dacb9c0,0.084338665,0x3f800000,1,0x00000000,0,0x00000000,0,00000,0,0,000,00000,0,0,00,0x00000000,0,0x00000000,0,0x00000000,0,0,0
l2,0.0625,0,min-error,metric_min,exp1,0,1,1,0.0843341649,0.084338665,0.0843341649,0.084338665,4.50015068e-06,114,raw-and-scaled,5,1,fp5_e1m3,fp5_e2m2,3,2,4,44331,114,exp2,43220992,43229184,43229184,10807296,0.0843341649,0.084338665,-8192,32413696,0.000287532806,0x3dacb9c0,0.084338665,0x3f800000,1,0x00000000,0,0x00000000,0,00000,0,0,000,00000,0,0,00,0x00000000,0,0x00000000,0,0x00000000,0,0,0
l2,0.0625,0,min-error,metric_min,exp1,0,1,1,0.0843341649,0.084338665,0.0843341649,0.084338665,4.50015068e-06,115,raw-and-scaled,5,1,fp5_e1m3,fp5_e2m2,3,2,4,44331,115,exp2,43220992,43229184,43229184,10807296,0.0843341649,0.084338665,-8192,32413696,0.000287532806,0x3dacb9c0,0.084338665,0x3f800000,1,0x3fb077f3,1.37866056,0x3fb077f3,1.37866056,01011,1,3,011,01101,3,1,01,0x3b6fe600,0.00366055965,0x3e03bf98,0.12866056,0x4b876000,17743872,17743872,1.05856895
l2,0.0625,0,min-error,metric_min,exp1,0,1,1,0.0843341649,0.084338665,0.0843341649,0.084338665,4.50015068e-06,116,raw-and-scaled,5,1,fp5_e1m3,fp5_e2m2,3,2,4,44331,116,exp2,43220992,43229184,43229184,10807296,0.0843341649,0.084338665,-8192,32413696,0.000287532806,0x3dacb9c0,0.084338665,0x3f800000,1,0x00000000,0,0x00000000,0,00000,0,0,000,00000,0,0,00,0x00000000,0,0x00000000,0,0x00000000,0,0,0
l2,0.0625,0,min-error,metric_min,exp1,0,1,1,0.0843341649,0.084338665,0.0843341649,0.084338665,4.50015068e-06,117,raw-and-scaled,5,1,fp5_e1m3,fp5_e2m2,3,2,4,44331,117,exp2,43220992,43229184,43229184,10807296,0.0843341649,0.084338665,-8192,32413696,0.000287532806,0x3dacb9c0,0.084338665,0x3f800000,1,0x00000000,0,0x00000000,0,00000,0,0,000,00000,0,0,00,0x00000000,0,0x00000000,0,0x00000000,0,0,0
l2,0.0625,0,min-error,metric_min,exp1,0,1,1,0.0843341649,0.084338665,0.0843341649,0.084338665,4.50015068e-06,118,raw-and-scaled,5,1,fp5_e1m3,fp5_e2m2,3,2,4,44331,118,exp2,43220992,43229184,43229184,10807296,0.0843341649,0.084338665,-8192,32413696,0.000287532806,0x3dacb9c0,0.084338665,0x3f800000,1,0x00000000,0,0x00000000,0,00000,0,0,000,00000,0,0,00,0x00000000,0,0x00000000,0,0x00000000,0,0,0
l2,0.0625,0,min-error,metric_min,exp1,0,1,1,0.0843341649,0.084338665,0.0843341649,0.084338665,4.50015068e-06,119,raw-and-scaled,5,1,fp5_e1m3,fp5_e2m2,3,2,4,44331,119,exp2,43220992,43229184,43229184,10807296,0.0843341649,0.084338665,-8192,32413696,0.000287532806,0x3dacb9c0,0.084338665,0x3f800000,1,0x00000000,0,0x00000000,0,00000,0,0,000,00000,0,0,00,0x00000000,0,0x00000000,0,0x00000000,0,0,0
l2,0.0625,0,min-error,metric_min,exp1,0,1,1,0.0843341649,0.084338665,0.0843341649,0.084338665,4.50015068e-06,120,raw-and-scaled,5,1,fp5_e1m3,fp5_e2m2,3,2,4,44331,120,exp2,43220992,43229184,43229184,10807296,0.0843341649,0.084338665,-8192,32413696,0.000287532806,0x3dacb9c0,0.084338665,0x3f800000,1,0x00000000,0,0x00000000,0,00000,0,0,000,00000,0,0,00,0x00000000,0,0x00000000,0,0x00000000,0,0,0
l2,0.0625,0,min-error,metric_min,exp1,0,1,1,0.0843341649,0.084338665,0.0843341649,0.084338665,4.50015068e-06,121,raw-and-scaled,5,1,fp5_e1m3,fp5_e2m2,3,2,4,44331,121,exp2,43220992,43229184,43229184,10807296,0.0843341649,0.084338665,-8192,32413696,0.000287532806,0x3dacb9c0,0.084338665,0x3f800000,1,0x00000000,0,0x00000000,0,00000,0,0,000,00000,0,0,00,0x00000000,0,0x00000000,0,0x00000000,0,0,0
l2,0.0625,0,min-error,metric_min,exp1,0,1,1,0.0843341649,0.084338665,0.0843341649,0.084338665,4.50015068e-06,122,raw-and-scaled,5,1,fp5_e1m3,fp5_e2m2,3,2,4,44331,122,exp2,43220992,43229184,43229184,10807296,0.0843341649,0.084338665,-8192,32413696,0.000287532806,0x3dacb9c0,0.084338665,0x3f800000,1,0x00000000,0,0x00000000,0,00000,0,0,000,00000,0,0,00,0x00000000,0,0x00000000,0,0x00000000,0,0,0
l2,0.0625,0,min-error,metric_min,exp1,0,1,1,0.0843341649,0.084338665,0.0843341649,0.084338665,4.50015068e-06,123,raw-and-scaled,5,1,fp5_e1m3,fp5_e2m2,3,2,4,44331,123,exp2,43220992,43229184,43229184,10807296,0.0843341649,0.084338665,-8192,32413696,0.000287532806,0x3dacb9c0,0.084338665,0x3f800000,1,0x00000000,0,0x00000000,0,00000,0,0,000,00000,0,0,00,0x00000000,0,0x00000000,0,0x00000000,0,0,0
l2,0.0625,0,min-error,metric_min,exp1,0,1,1,0.0843341649,0.084338665,0.0843341649,0.084338665,4.50015068e-06,124,raw-and-scaled,5,1,fp5_e1m3,fp5_e2m2,3,2,4,44331,124,exp2,43220992,43229184,43229184,10807296,0.0843341649,0.084338665,-8192,32413696,0.000287532806,0x3dacb9c0,0.084338665,0x3f800000,1,0x00000000,0,0x00000000,0,00000,0,0,000,00000,0,0,00,0x00000000,0,0x00000000,0,0x00000000,0,0,0
l2,0.0625,0,min-error,metric_min,exp1,0,1,1,0.0843341649,0.084338665,0.0843341649,0.084338665,4.50015068e-06,125,raw-and-scaled,5,1,fp5_e1m3,fp5_e2m2,3,2,4,44331,125,exp2,43220992,43229184,43229184,10807296,0.0843341649,0.084338665,-8192,32413696,0.000287532806,0x3dacb9c0,0.084338665,0x3f800000,1,0x00000000,0,0x00000000,0,00000,0,0,000,00000,0,0,00,0x00000000,0,0x00000000,0,0x00000000,0,0,0
l2,0.0625,0,min-error,metric_min,exp1,0,1,1,0.0843341649,0.084338665,0.0843341649,0.084338665,4.50015068e-06,126,raw-and-scaled,5,1,fp5_e1m3,fp5_e2m2,3,2,4,44331,126,exp2,43220992,43229184,43229184,10807296,0.0843341649,0.084338665,-8192,32413696,0.000287532806,0x3dacb9c0,0.084338665,0x3f800000,1,0x00000000,0,0x00000000,0,00000,0,0,000,00000,0,0,00,0x00000000,0,0x00000000,0,0x00000000,0,0,0
l2,0.0625,0,min-error,metric_min,exp1,0,1,1,0.0843341649,0.084338665,0.0843341649,0.084338665,4.50015068e-06,127,raw-and-scaled,5,1,fp5_e1m3,fp5_e2m2,3,2,4,44331,127,exp2,43220992,43229184,43229184,10807296,0.0843341649,0.084338665,-8192,32413696,0.000287532806,0x3dacb9c0,0.084338665,0x3f800000,1,0x00000000,0,0x00000000,0,00000,0,0,000,00000,0,0,00,0x00000000,0,0x00000000,0,0x00000000,0,0,0
l2,0.0625,0,min-error,metric_min,exp2,0,1,1,0.323995769,0.323971629,0.323971629,0.323995769,2.41398811e-05,0,raw-and-scaled,5,1,fp5_e1m3,fp5_e2m2,3,2,4,48410,0,exp1,188694528,188678144,188678144,47169536,0.323995769,0.323971629,16384,141524992,-0.00154495239,0x3ea5e2c6,0.323995769,0x3f800000,1,0x3e80ff00,0.251945496,0x3e80ff00,0.251945496,00010,0,2,010,00100,1,0,00,0x3aff0000,0.00194549561,0x3aff0000,0.00194549561,0x00000000,0,0,0
l2,0.0625,0,min-error,metric_min,exp2,0,1,1,0.323995769,0.323971629,0.323971629,0.323995769,2.41398811e-05,1,raw-and-scaled,5,1,fp5_e1m3,fp5_e2m2,3,2,4,48410,1,exp1,188694528,188678144,188678144,47169536,0.323995769,0.323971629,16384,141524992,-0.00154495239,0x3ea5e2c6,0.323995769,0x3f800000,1,0x3f0bfc00,0.546813965,0x3f0bfc00,0.546813965,00100,0,4,100,01000,2,0,00,0x3d3fc000,0.0468139648,0x3d3fc000,0.0468139648,0x00000000,0,0,0
l2,0.0625,0,min-error,metric_min,exp2,0,1,1,0.323995769,0.323971629,0.323971629,0.323995769,2.41398811e-05,2,raw-and-scaled,5,1,fp5_e1m3,fp5_e2m2,3,2,4,48410,2,exp1,188694528,188678144,188678144,47169536,0.323995769,0.323971629,16384,141524992,-0.00154495239,0x3ea5e2c6,0.323995769,0x3f800000,1,0xbca80800,-0.0205116272,0xbca80800,-0.0205116272,10000,0,0,000,10000,0,0,00,0xbca80800,-0.0205116272,0xbca80800,-0.0205116272,0x00000000,0,0,0
l2,0.0625,0,min-error,metric_min,exp2,0,1,1,0.323995769,0.323971629,0.323971629,0.323995769,2.41398811e-05,3,raw-and-scaled,5,1,fp5_e1m3,fp5_e2m2,3,2,4,48410,3,exp1,188694528,188678144,188678144,47169536,0.323995769,0.323971629,16384,141524992,-0.00154495239,0x3ea5e2c6,0.323995769,0x3f800000,1,0x3c01c040,0.00791937113,0x3c01c040,0.00791937113,00000,0,0,000,00000,0,0,00,0x3c01c040,0.00791937113,0x3c01c040,0.00791937113,0x00000000,0,0,0
l2,0.0625,0,min-error,metric_min,exp2,0,1,1,0.323995769,0.323971629,0.323971629,0.323995769,2.41398811e-05,4,raw-and-scaled,5,1,fp5_e1m3,fp5_e2m2,3,2,4,48410,4,exp1,188694528,188678144,188678144,47169536,0.323995769,0.323971629,16384,141524992,-0.00154495239,0x3ea5e2c6,0.323995769,0x3f800000,1,0xbc23fc00,-0.010008812,0xbc23fc00,-0.010008812,10000,0,0,000,10000,0,0,00,0xbc23fc00,-0.010008812,0xbc23fc00,-0.010008812,0x00000000,0,0,0
l2,0.0625,0,min-error,metric_min,exp2,0,1,1,0.323995769,0.323971629,0.323971629,0.323995769,2.41398811e-05,5,raw-and-scaled,5,1,fp5_e1m3,fp5_e2m2,3,2,4,48410,5,exp1,188694528,188678144,188678144,47169536,0.323995769,0.323971629,16384,141524992,-0.00154495239,0x3ea5e2c6,0.323995769,0x3f800000,1,0xbb0b0100,-0.00212103128,0xbb0b0100,-0.00212103128,10000,0,0,000,10000,0,0,00,0xbb0b0100,-0.00212103128,0xbb0b0100,-0.00212103128,0x00000000,0,0,0
l2,0.0625,0,min-error,metric_min,exp2,0,1,1,0.323995769,0.323971629,0.323971629,0.323995769,2.41398811e-05,6,raw-and-scaled,5,1,fp5_e1m3,fp5_e2m2,3,2,4,48410,6,exp1,188694528,188678144,188678144,47169536,0.323995769,0.323971629,16384,141524992,-0.00154495239,0x3ea5e2c6,0.323995769,0x3f800000,1,0xbeb3fc00,-0.351531982,0xbeb3fc00,-0.351531982,10010,0,2,010,10101,1,1,01,0xbdcff000,-0.101531982,0xbd1fe000,-0.0390319824,0xcb0ff000,-9433088,-2358272,-0.562255859
l2,0.0625,0,min-error,metric_min,exp2,0,1,1,0.323995769,0.323971629,0.323971629,0.323995769,2.41398811e-05,7,raw-and-scaled,5,1,fp5_e1m3,fp5_e2m2,3,2,4,48410,7,exp1,188694528,188678144,188678144,47169536,0.323995769,0.323971629,16384,141524992,-0.00154495239,0x3ea5e2c6,0.323995769,0x3f800000,1,0xbd0eff00,-0.0349111557,0xbd0eff00,-0.0349111557,10000,0,0,000,10000,0,0,00,0xbd0eff00,-0.0349111557,0xbd0eff00,-0.0349111557,0x00000000,0,0,0
l2,0.0625,0,min-error,metric_min,exp2,0,1,1,0.323995769,0.323971629,0.323971629,0.323995769,2.41398811e-05,8,raw-and-scaled,5,1,fp5_e1m3,fp5_e2m2,3,2,4,48410,8,exp1,188694528,188678144,188678144,47169536,0.323995769,0.323971629,16384,141524992,-0.00154495239,0x3ea5e2c6,0.323995769,0x3f800000,1,0x3e90ff00,0.283195496,0x3e90ff00,0.283195496,00010,0,2,010,00100,1,0,00,0x3d07f800,0.0331954956,0x3d07f800,0.0331954956,0x00000000,0,0,0
l2,0.0625,0,min-error,metric_min,exp2,0,1,1,0.323995769,0.323971629,0.323971629,0.323995769,2.41398811e-05,9,raw-and-scaled,5,1,fp5_e1m3,fp5_e2m2,3,2,4,48410,9,exp1,188694528,188678144,188678144,47169536,0.323995769,0.323971629,16384,141524992,-0.00154495239,0x3ea5e2c6,0.323995769,0x3f800000,1,0xbb12ff00,-0.00224298239,0xbb12ff00,-0.00224298239,10000,0,0,000,10000,0,0,00,0xbb12ff00,-0.00224298239,0xbb12ff00,-0.00224298239,0x00000000,0,0,0
l2,0.0625,0,min-error,metric_min,exp2,0,1,1,0.323995769,0.323971629,0.323971629,0.323995769,2.41398811e-05,10,raw-and-scaled,5,1,fp5_e1m3,fp5_e2m2,3,2,4,48410,10,exp1,188694528,188678144,188678144,47169536,0.323995769,0.323971629,16384,141524992,-0.00154495239,0x3ea5e2c6,0.323995769,0x3f800000,1,0x3f2a0200,0.664093018,0x3f2a0200,0.664093018,00101,0,5,101,01001,2,1,01,0x3d202000,0.0390930176,0x3d202000,0.0390930176,0x00000000,0,0,0
l2,0.0625,0,min-error,metric_min,exp2,0,1,1,0.323995769,0.323971629,0.323971629,0.323995769,2.41398811e-05,11,raw-and-scaled,5,1,fp5_e1m3,fp5_e2m2,3,2,4,48410,11,exp1,188694528,188678144,188678144,47169536,0.323995769,0.323971629,16384,141524992,-0.00154495239,0x3ea5e2c6,0.323995769,0x3f800000,1,0x3a85c040,0.00102043897,0x3a85c040,0.00102043897,00000,0,0,000,00000,0,0,00,0x3a85c040,0.00102043897,0x3a85c040,0.00102043897,0x00000000,0,0,0
l2,0.0625,0,min-error,metric_min,exp2,0,1,1,0.323995769,0.323971629,0.323971629,0.323995769,2.41398811e-05,12,raw-and-scaled,5,1,fp5_e1m3,fp5_e2m2,3,2,4,48410,12,exp1,188694528,188678144,188678144,47169536,0.323995769,0.323971629,16384,141524992,-0.00154495239,0x3ea5e2c6,0.323995769,0x3f800000,1,0xbe190100,-0.149417877,0xbe190100,-0.149417877,10001,0,1,001,10010,0,2,10,0xbcc80800,-0.0244178772,0xbcc80800,-0.0244178772,0x00000000,0,0,0
l2,0.0625,0,min-error,metric_min,exp2,0,1,1,0.323995769,0.323971629,0.323971629,0.323995769,2.41398811e-05,13,raw-and-scaled,5,1,fp5_e1m3,fp5_e2m2,3,2,4,48410,13,exp1,188694528,188678144,188678144,47169536,0.323995769,0.323971629,16384,141524992,-0.00154495239,0x3ea5e2c6,0.323995769,0x3f800000,1,0xbfb60200,-1.42193604,0xbfb60200,-1.42193604,11011,1,3,011,11101,3,1,01,0xbd404000,-0.0469360352,0xbe301000,-0.171936035,0x4be02000,29376512,29376512,1.75097656
l2,0.0625,0,min-error,metric_min,exp2,0,1,1,0.323995769,0.323971629,0.323971629,0.323995769,2.41398811e-05,14,raw-and-scaled,5,1,fp5_e1m3,fp5_e2m2,3,2,4,48410,14,exp1,188694528,188678144,188678144,47169536,0.323995769,0.323971629,16384,141524992,-0.00154495239,0x3ea5e2c6,0.323995769,0x3f800000,1,0x3e0e7f80,0.139158249,0x3e0e7f80,0.139158249,00001,0,1,001,00010,0,2,10,0x3c67f800,0.0141582489,0x3c67f800,0.0141582489,0x00000000,0,0,0
l2,0.0625,0,min-error,metric_min,exp2,0,1,1,0.323995769,0.323971629,0.323971629,0.323995769,2.41398811e-05,15,raw-and-scaled,5,1,fp5_e1m3,fp5_e2m2,3,2,4,48410,15,exp1,188694528,188678144,188678144,47169536,0.323995769,0.323971629,16384,141524992,-0.00154495239,0x3ea5e2c6,0.323995769,0x3f800000,1,0x3b3e0200,0.00289928913,0x3b3e0200,0.00289928913,00000,0,0,000,00000,0,0,00,0x3b3e0200,0.00289928913,0x3b3e0200,0.00289928913,0x00000000,0,0,0
l2,0.0625,0,min-error,metric_min,exp2,0,1,1,0.323995769,0.323971629,0.323971629,0.323995769,2.41398811e-05,16,raw-and-scaled,5,1,fp5_e1m3,fp5_e2m2,3,2,4,48410,16,exp1,188694528,188678144,188678144,47169536,0.323995769,0.323971629,16384,141524992,-0.00154495239,0x3ea5e2c6,0.323995769,0x3f800000,1,0xbe880800,-0.265686035,0xbe880800,-0.265686035,10010,0,2,010,10100,1,0,00,0xbc808000,-0.0156860352,0xbc808000,-0.0156860352,0x00000000,0,0,0
l2,0.0625,0,min-error,metric_min,exp2,0,1,1,0.323995769,0.323971629,0.323971629,0.323995769,2.41398811e-05,17,raw-and-scaled,5,1,fp5_e1m3,fp5_e2m2,3,2,4,48410,17,exp1,188694528,188678144,188678144,47169536,0.323995769,0.323971629,16384,141524992,-0.00154495239,0x3ea5e2c6,0.323995769,0x3f800000,1,0xbc22ff00,-0.00994849205,0xbc22ff00,-0.00994849205,10000,0,0,000,10000,0,0,00,0xbc22ff00,-0.00994849205,0xbc22ff00,-0.00994849205,0x00000000,0,0,0
l2,0.0625,0,min-error,metric_min,exp2,0,1,1,0.323995769,0.323971629,0.323971629,0.323995769,2.41398811e-05,18,raw-and-scaled,5,1,fp5_e1m3,fp5_e2m2,3,2,4,48410,18,exp1,188694528,188678144,188678144,47169536,0.323995769,0.323971629,16384,141524992,-0.00154495239,0x3ea5e2c6,0.323995769,0x3f800000,1,0xbb140400,-0.0022585392,0xbb140400,-0.0022585392,10000,0,0,000,10000,0,0,00,0xbb140400,-0.0022585392,0xbb140400,-0.0022585392,0x00000000,0,0,0
l2,0.0625,0,min-error,metric_min,exp2,0,1,1,0.323995769,0.323971629,0.323971629,0.323995769,2.41398811e-05,19,raw-and-scaled,5,1,fp5_e1m3,fp5_e2m2,3,2,4,48410,19,exp1,188694528,188678144,188678144,47169536,0.323995769,0.323971629,16384,141524992,-0.00154495239,0x3ea5e2c6,0.323995769,0x3f800000,1,0x3b4e0200,0.00314342976,0x3b4e0200,0.00314342976,00000,0,0,000,00000,0,0,00,0x3b4e0200,0.00314342976,0x3b4e0200,0.00314342976,0x00000000,0,0,0
l2,0.0625,0,min-error,metric_min,exp2,0,1,1,0.323995769,0.323971629,0.323971629,0.323995769,2.41398811e-05,20,raw-and-scaled,5,1,fp5_e1m3,fp5_e2m2,3,2,4,48410,20,exp1,188694528,188678144,188678144,47169536,0.323995769,0.323971629,16384,141524992,-0.00154495239,0x3ea5e2c6,0.323995769,0x3f800000,1,0xbd947f80,-0.072508812,0xbd947f80,-0.072508812,10000,0,0,000,10001,0,1,01,0xbd947f80,-0.072508812,0xbc23fc00,-0.010008812,0xcaa8e000,-5533696,-1383424,-0.330070496
l2,0.0625,0,min-error,metric_min,exp2,0,1,1,0.323995769,0.323971629,0.323971629,0.323995769,2.41398811e-05,21,raw-and-scaled,5,1,fp5_e1m3,fp5_e2m2,3,2,4,48410,21,exp1,188694528,188678144,188678144,47169536,0.323995769,0.323971629,16384,141524992,-0.00154495239,0x3ea5e2c6,0.323995769,0x3f800000,1,0x3faaff00,1.33590698,0x3faaff00,1.33590698,01010,1,2,010,01101,3,1,01,0x3daff000,0.0859069824,0x3daff000,0.0859069824,0x00000000,0,0,0
l2,0.0625,0,min-error,metric_min,exp2,0,1,1,0.323995769,0.323971629,0.323971629,0.323995769,2.41398811e-05,22,raw-and-scaled,5,1,fp5_e1m3,fp5_e2m2,3,2,4,48410,22,exp1,188694528,188678144,188678144,47169536,0.323995769,0.323971629,16384,141524992,-0.00154495239,0x3ea5e2c6,0.323995769,0x3f800000,1,0xbc8b3fc0,-0.0169981718,0xbc8b3fc0,-0.0169981718,10000,0,0,000,10000,0,0,00,0xbc8b3fc0,-0.0169981718,0xbc8b3fc0,-0.0169981718,0x00000000,0,0,0
l2,0.0625,0,min-error,metric_min,exp2,0,1,1,0.323995769,0.323971629,0.323971629,0.323995769,2.41398811e-05,23,raw-and-scaled,5,1,fp5_e1m3,fp5_e2m2,3,2,4,48410,23,exp1,188694528,188678144,188678144,47169536,0.323995769,0.323971629,16384,141524992,-0.00154495239,0x3ea5e2c6,0.323995769,0x3f800000,1,0x3e3c0400,0.183609009,0x3e3c0400,0.183609009,00001,0,1,001,00010,0,2,10,0x3d701000,0.0586090088,0x3d701000,0.0586090088,0x00000000,0,0,0
l2,0.0625,0,min-error,metric_min,exp2,0,1,1,0.323995769,0.323971629,0.323971629,0.323995769,2.41398811e-05,24,raw-and-scaled,5,1,fp5_e1m3,fp5_e2m2,3,2,4,48410,24,exp1,188694528,188678144,188678144,47169536,0.323995769,0.323971629,16384,141524992,-0.00154495239,0x3ea5e2c6,0.323995769,0x3f800000,1,0xba8c4040,-0.00107003003,0xba8c4040,-0.00107003003,10000,0,0,000,10000,0,0,00,0xba8c4040,-0.00107003003,0xba8c4040,-0.00107003003,0x00000000,0,0,0
l2,0.0625,0,min-error,metric_min,exp2,0,1,1,0.323995769,0.323971629,0.323971629,0.323995769,2.41398811e-05,25,raw-and-scaled,5,1,fp5_e1m3,fp5_e2m2,3,2,4,48410,25,exp1,188694528,188678144,188678144,47169536,0.323995769,0.323971629,16384,141524992,-0.00154495239,0x3ea5e2c6,0.323995769,0x3f800000,1,0xbc0cc040,-0.00859075785,0xbc0cc040,-0.00859075785,10000,0,0,000,10000,0,0,00,0xbc0cc040,-0.00859075785,0xbc0cc040,-0.00859075785,0x00000000,0,0,0
l2,0.0625,0,min-error,metric_min,exp2,0,1,1,0.323995769,0.323971629,0.323971629,0.323995769,2.41398811e-05,26,raw-and-scaled,5,1,fp5_e1m3,fp5_e2m2,3,2,4,48410,26,exp1,188694528,188678144,188678144,47169536,0.323995769,0.323971629,16384,141524992,-0.00154495239,0x3ea5e2c6,0.323995769,0x3f800000,1,0x3e8d4040,0.275880814,0x3e8d4040,0.275880814,00010,0,2,010,00100,1,0,00,0x3cd40400,0.0258808136,0x3cd40400,0.0258808136,0x00000000,0,0,0
l2,0.0625,0,min-error,metric_min,exp2,0,1,1,0.323995769,0.323971629,0.323971629,0.323995769,2.41398811e-05,27,raw-and-scaled,5,1,fp5_e1m3,fp5_e2m2,3,2,4,48410,27,exp1,188694528,188678144,188678144,47169536,0.323995769,0.323971629,16384,141524992,-0.00154495239,0x3ea5e2c6,0.323995769,0x3f800000,1,0x3c1b8080,0.00949108601,0x3c1b8080,0.00949108601,00000,0,0,000,00000,0,0,00,0x3c1b8080,0.00949108601,0x3c1b8080,0.00949108601,0x00000000,0,0,0
l2,0.0625,0,min-error,metric_min,exp2,0,1,1,0.323995769,0.323971629,0.323971629,0.323995769,2.41398811e-05,28,raw-and-scaled,5,1,fp5_e1m3,fp5_e2m2,3,2,4,48410,28,exp1,188694528,188678144,188678144,47169536,0.323995769,0.323971629,16384,141524992,-0.00154495239,0x3ea5e2c6,0.323995769,0x3f800000,1,0xbf0e4040,-0.555667877,0xbf0e4040,-0.555667877,10100,0,4,100,11000,2,0,00,0xbd640400,-0.0556678772,0xbd640400,-0.0556678772,0x00000000,0,0,0
l2,0.0625,0,min-error,metric_min,exp2,0,1,1,0.323995769,0.323971629,0.323971629,0.323995769,2.41398811e-05,29,raw-and-scaled,5,1,fp5_e1m3,fp5_e2m2,3,2,4,48410,29,exp1,188694528,188678144,188678144,47169536,0.323995769,0.323971629,16384,141524992,-0.00154495239,0x3ea5e2c6,0.323995769,0x3f800000,1,0xbff5fe00,-1.92181396,0xbff5fe00,-1.92181396,11111,1,7,111,11111,3,3,11,0xbd3fc000,-0.0468139648,0xbe2ff000,-0.171813965,0x4bdfe000,29343744,29343744,1.74902344
l2,0.0625,0,min-error,metric_min,exp2,0,1,1,0.323995769,0.323971629,0.323971629,0.323995769,2.41398811e-05,30,raw-and-scaled,5,1,fp5_e1m3,fp5_e2m2,3,2,4,48410,30,exp1,188694528,188678144,188678144,47169536,0.323995769,0.323971629,16384,141524992,-0.00154495239,0x3ea5e2c6,0.323995769,0x3f800000,1,0xbd8f3fc0,-0.0699458122,0xbd8f3fc0,-0.0699458122,10000,0,0,000,10001,0,1,01,0xbd8f3fc0,-0.0699458122,0xbbf3fc00,-0.00744581223,0xca9e6000,-5189632,-1297408,-0.309566498
l2,0.0625,0,min-error,metric_min,exp2,0,1,1,0.323995769,0.323971629,0.323971629,0.323995769,2.41398811e-05,31,raw-and-scaled,5,1,fp5_e1m3,fp5_e2m2,3,2,4,48410,31,exp1,188694528,188678144,188678144,47169536,0.323995769,0.323971629,16384,141524992,-0.00154495239,0x3ea5e2c6,0.323995769,0x3f800000,1,0x3f3f0100,0.746109009,0x3f3f0100,0.746109009,00101,0,5,101,01001,2,1,01,0x3df80800,0.121109009,0x3df80800,0.121109009,0x00000000,0,0,0
l2,0.0625,0,min-error,metric_min,exp2,0,1,1,0.323995769,0.323971629,0.323971629,0.323995769,2.41398811e-05,32,raw-and-scaled,5,1,fp5_e1m3,fp5_e2m2,3,2,4,48410,32,exp1,188694528,188678144,188678144,47169536,0.323995769,0.323971629,16384,141524992,-0.00154495239,0x3ea5e2c6,0.323995769,0x3f800000,1,0xbb207f80,-0.00244900584,0xbb207f80,-0.00244900584,10000,0,0,000,10000,0,0,00,0xbb207f80,-0.00244900584,0xbb207f80,-0.00244900584,0x00000000,0,0,0
l2,0.0625,0,min-error,metric_min,exp2,0,1,1,0.323995769,0.323971629,0.323971629,0.323995769,2.41398811e-05,33,raw-and-scaled,5,1,fp5_e1m3,fp5_e2m2,3,2,4,48410,33,exp1,188694528,188678144,188678144,47169536,0.323995769,0.323971629,16384,141524992,-0.00154495239,0x3ea5e2c6,0.323995769,0x3f800000,1,0xbfa17f80,-1.26170349,0xbfa17f80,-1.26170349,11010,1,2,010,11101,3,1,01,0xbc3fc000,-0.0117034912,0xbc3fc000,-0.0117034912,0x00000000,0,0,0
l2,0.0625,0,min-error,metric_min,exp2,0,1,1,0.323995769,0.323971629,0.323971629,0.323995769,2.41398811e-05,34,raw-and-scaled,5,1,fp5_e1m3,fp5_e2m2,3,2,4,48410,34,exp1,188694528,188678144,188678144,47169536,0.323995769,0.323971629,16384,141524992,-0.00154495239,0x3ea5e2c6,0.323995769,0x3f800000,1,0xbd93fc00,-0.0722579956,0xbd93fc00,-0.0722579956,10000,0,0,000,10001,0,1,01,0xbd93fc00,-0.0722579956,0xbc1fe000,-0.00975799561,0xcaa7e000,-5500928,-1375232,-0.328063965
l2,0.0625,0,min-error,metric_min,exp2,0,1,1,0.323995769,0.323971629,0.323971629,0.323995769,2.41398811e-05,35,raw-and-scaled,5,1,fp5_e1m3,fp5_e2m2,3,2,4,48410,35,exp1,188694528,188678144,188678144,47169536,0.323995769,0.323971629,16384,141524992,-0.00154495239,0x3ea5e2c6,0.323995769,0x3f800000,1,0x3b1c0400,0.00238060951,0x3b1c0400,0.00238060951,00000,0,0,000,00000,0,0,00,0x3b1c0400,0.00238060951,0x3b1c0400,0.00238060951,0x00000000,0,0,0
l2,0.0625,0,min-error,metric_min,exp2,0,1,1,0.323995769,0.323971629,0.323971629,0.323995769,2.41398811e-05,36,raw-and-scaled,5,1,fp5_e1m3,fp5_e2m2,3,2,4,48410,36,exp1,188694528,188678144,188678144,47169536,0.323995769,0.323971629,16384,141524992,-0.00154495239,0x3ea5e2c6,0.323995769,0x3f800000,1,0x3fa40400,1.28137207,0x3fa40400,1.28137207,01010,1,2,010,01101,3,1,01,0x3d008000,0.0313720703,0x3d008000,0.0313720703,0x00000000,0,0,0
l2,0.0625,0,min-error,metric_min,exp2,0,1,1,0.323995769,0.323971629,0.323971629,0.323995769,2.41398811e-05,37,raw-and-scaled,5,1,fp5_e1m3,fp5_e2m2,3,2,4,48410,37,exp1,188694528,188678144,188678144,47169536,0.323995769,0.323971629,16384,141524992,-0.00154495239,0x3ea5e2c6,0.323995769,0x3f800000,1,0xbf4aff00,-0.792953491,0xbf4aff00,-0.792953491,10110,0,6,110,11010,2,2,10,0xbd2ff000,-0.0429534912,0xbd2ff000,-0.0429534912,0x00000000,0,0,0
l2,0.0625,0,min-error,metric_min,exp2,0,1,1,0.323995769,0.323971629,0.323971629,0.323995769,2.41398811e-05,38,raw-and-scaled,5,1,fp5_e1m3,fp5_e2m2,3,2,4,48410,38,exp1,188694528,188678144,188678144,47169536,0.323995769,0.323971629,16384,141524992,-0.00154495239,0x3ea5e2c6,0.323995769,0x3f800000,1,0x3cb3fc00,0.0219707489,0x3cb3fc00,0.0219707489,00000,0,0,000,00000,0,0,00,0x3cb3fc00,0.0219707489,0x3cb3fc00,0.0219707489,0x00000000,0,0,0
l2,0.0625,0,min-error,metric_min,exp2,0,1,1,0.323995769,0.323971629,0.323971629,0.323995769,2.41398811e-05,39,raw-and-scaled,5,1,fp5_e1m3,fp5_e2m2,3,2,4,48410,39,exp1,188694528,188678144,188678144,47169536,0.323995769,0.323971629,16384,141524992,-0.00154495239,0x3ea5e2c6,0.323995769,0x3f800000,1,0xbd1dfe00,-0.0385723114,0xbd1dfe00,-0.0385723114,10000,0,0,000,10000,0,0,00,0xbd1dfe00,-0.0385723114,0xbd1dfe00,-0.0385723114,0x00000000,0,0,0
l2,0.0625,0,min-error,metric_min,exp2,0,1,1,0.323995769,0.323971629,0.323971629,0.323995769,2.41398811e-05,40,raw-and-scaled,5,1,fp5_e1m3,fp5_e2m2,3,2,4,48410,40,exp1,188694528,188678144,188678144,47169536,0.323995769,0.323971629,16384,141524992,-0.00154495239,0x3ea5e2c6,0.323995769,0x3f800000,1,0x3da20200,0.0791053772,0x3da20200,0.0791053772,00000,0,0,000,00001,0,1,01,0x3da20200,0.0791053772,0x3c880800,0.0166053772,0xcac40000,-6422528,-1605632,-0.382843018
l2,0.0625,0,min-error,metric_min,exp2,0,1,1,0.323995769,0.323971629,0.323971629,0.323995769,2.41398811e-05,41,raw-and-scaled,5,1,fp5_e1m3,fp5_e2m2,3,2,4,48410,41,exp1,188694528,188678144,188678144,47169536,0.323995769,0.323971629,16384,141524992,-0.00154495239,0x3ea5e2c6,0.323995769,0x3f800000,1,0x3c298080,0.0103455782,0x3c298080,0.0103455782,00000,0,0,000,00000,0,0,00,0x3c298080,0.0103455782,0x3c298080,0.0103455782,0x00000000,0,0,0
l2,0.0625,0,min-error,metric_min,exp2,0,1,1,0.323995769,0.323971629,0.323971629,0.323995769,2.41398811e-05,42,raw-and-scaled,5,1,fp5_e1m3,fp5_e2m2,3,2,4,48410,42,exp1,188694528,188678144,188678144,47169536,0.323995769,0.323971629,16384,141524992,-0.00154495239,0x3ea5e2c6,0.323995769,0x3f800000,1,0xbb280800,-0.0025639534,0xbb280800,-0.0025639534,10000,0,0,000,10000,0,0,00,0xbb280800,-0.0025639534,0xbb280800,-0.0025639534,0x00000000,0,0,0
l2,0.0625,0,min-error,metric_min,exp2,0,1,1,0.323995769,0.323971629,0.323971629,0.323995769,2.41398811e-05,43,raw-and-scaled,5,1,fp5_e1m3,fp5_e2m2,3,2,4,48410,43,exp1,188694528,188678144,188678144,47169536,0.323995769,0.323971629,16384,141524992,-0.00154495239,0x3ea5e2c6,0.323995769,0x3f800000,1,0xbb2b8080,-0.00261691213,0xbb2b8080,-0.00261691213,10000,0,0,000,10000,0,0,00,0xbb2b8080,-0.00261691213,0xbb2b8080,-0.00261691213,0x00000000,0,0,0
l2,0.0625,0,min-error,metric_min,exp2,0,1,1,0.323995769,0.323971629,0.323971629,0.323995769,2.41398811e-05,44,raw-and-scaled,5,1,fp5_e1m3,fp5_e2m2,3,2,4,48410,44,exp1,188694528,188678144,188678144,47169536,0.323995769,0.323971629,16384,141524992,-0.00154495239,0x3ea5e2c6,0.323995769,0x3f800000,1,0xbf63fc00,-0.890563965,0xbf63fc00,-0.890563965,10111,0,7,111,11011,2,3,11,0xbc7f0000,-0.0155639648,0xbc7f0000,-0.0155639648,0x00000000,0,0,0
l2,0.0625,0,min-error,metric_min,exp2,0,1,1,0.323995769,0.323971629,0.323971629,0.323995769,2.41398811e-05,45,raw-and-scaled,5,1,fp5_e1m3,fp5_e2m2,3,2,4,48410,45,exp1,188694528,188678144,188678144,47169536,0.323995769,0.323971629,16384,141524992,-0.00154495239,0x3ea5e2c6,0.323995769,0x3f800000,1,0xbab5fe00,-0.0013884902,0xbab5fe00,-0.0013884902,10000,0,0,000,10000,0,0,00,0xbab5fe00,-0.0013884902,0xbab5fe00,-0.0013884902,0x00000000,0,0,0
l2,0.0625,0,min-error,metric_min,exp2,0,1,1,0.323995769,0.323971629,0.323971629,0.323995769,2.41398811e-05,46,raw-and-scaled,5,1,fp5_e1m3,fp5_e2m2,3,2,4,48410,46,exp1,188694528,188678144,188678144,47169536,0.323995769,0.323971629,16384,141524992,-0.00154495239,0x3ea5e2c6,0.323995769,0x3f800000,1,0x3b2e7f80,0.00266262889,0x3b2e7f80,0.00266262889,00000,0,0,000,00000,0,0,00,0x3b2e7f80,0.00266262889,0x3b2e7f80,0.00266262889,0x00000000,0,0,0
l2,0.0625,0,min-error,metric_min,exp2,0,1,1,0.323995769,0.323971629,0.323971629,0.323995769,2.41398811e-05,47,raw-and-scaled,5,1,fp5_e1m3,fp5_e2m2,3,2,4,48410,47,exp1,188694528,188678144,188678144,47169536,0.323995769,0.323971629,16384,141524992,-0.00154495239,0x3ea5e2c6,0.323995769,0x3f800000,1,0x3ff7f800,1.93725586,0x3ff7f800,1.93725586,01111,1,7,111,01111,3,3,11,0x3d7f0000,0.0622558594,0x3e3fc000,0.187255859,0x4bff8000,33488896,33488896,1.99609375
l2,0.0625,0,min-error,metric_min,exp2,0,1,1,0.323995769,0.323971629,0.323971629,0.323995769,2.41398811e-05,48,raw-and-scaled,5,1,fp5_e1m3,fp5_e2m2,3,2,4,48410,48,exp1,188694528,188678144,188678144,47169536,0.323995769,0.323971629,16384,141524992,-0.00154495239,0x3ea5e2c6,0.323995769,0x3f800000,1,0x3f03fc00,0.515563965,0x3f03fc00,0.515563965,00100,0,4,100,01000,2,0,00,0x3c7f0000,0.0155639648,0x3c7f0000,0.0155639648,0x00000000,0,0,0
l2,0.0625,0,min-error,metric_min,exp2,0,1,1,0.323995769,0.323971629,0.323971629,0.323995769,2.41398811e-05,49,raw-and-scaled,5,1,fp5_e1m3,fp5_e2m2,3,2,4,48410,49,exp1,188694528,188678144,188678144,47169536,0.323995769,0.323971629,16384,141524992,-0.00154495239,0x3ea5e2c6,0.323995769,0x3f800000,1,0xbd630100,-0.0554208755,0xbd630100,-0.0554208755,10000,0,0,000,10000,0,0,00,0xbd630100,-0.0554208755,0xbd630100,-0.0554208755,0x00000000,0,0,0
l2,0.0625,0,min-error,metric_min,exp2,0,1,1,0.323995769,0.323971629,0.323971629,0.323995769,2.41398811e-05,50,raw-and-scaled,5,1,fp5_e1m3,fp5_e2m2,3,2,4,48410,50,exp1,188694528,188678144,188678144,47169536,0.323995769,0.323971629,16384,141524992,-0.00154495239,0x3ea5e2c6,0.323995769,0x3f800000,1,0xbe650100,-0.223636627,0xbe650100,-0.223636627,10001,0,1,001,10011,0,3,11,0xbdca0200,-0.0986366272,0xbd140400,-0.0361366272,0xcb0a0000,-9043968,-2260992,-0.539093018
l2,0.0625,0,min-error,metric_min,exp2,0,1,1,0.323995769,0.323971629,0.323971629,0.323995769,2.41398811e-05,51,raw-and-scaled,5,1,fp5_e1m3,fp5_e2m2,3,2,4,48410,51,exp1,188694528,188678144,188678144,47169536,0.323995769,0.323971629,16384,141524992,-0.00154495239,0x3ea5e2c6,0.323995769,0x3f800000,1,0xbb4dfe00,-0.00314319134,0xbb4dfe00,-0.00314319134,10000,0,0,000,10000,0,0,00,0xbb4dfe00,-0.00314319134,0xbb4dfe00,-0.00314319134,0x00000000,0,0,0
l2,0.0625,0,min-error,metric_min,exp2,0,1,1,0.323995769,0.323971629,0.323971629,0.323995769,2.41398811e-05,52,raw-and-scaled,5,1,fp5_e1m3,fp5_e2m2,3,2,4,48410,52,exp1,188694528,188678144,188678144,47169536,0.323995769,0.323971629,16384,141524992,-0.00154495239,0x3ea5e2c6,0.323995769,0x3f800000,1,0xbe9a4040,-0.301271439,0xbe9a4040,-0.301271439,10010,0,2,010,10100,1,0,00,0xbd520200,-0.0512714386,0xbd520200,-0.0512714386,0x00000000,0,0,0
l2,0.0625,0,min-error,metric_min,exp2,0,1,1,0.323995769,0.323971629,0.323971629,0.323995769,2.41398811e-05,53,raw-and-scaled,5,1,fp5_e1m3,fp5_e2m2,3,2,4,48410,53,exp1,188694528,188678144,188678144,47169536,0.323995769,0.323971629,16384,141524992,-0.00154495239,0x3ea5e2c6,0.323995769,0x3f800000,1,0xbad60200,-0.00163275003,0xbad60200,-0.00163275003,10000,0,0,000,10000,0,0,00,0xbad60200,-0.00163275003,0xbad60200,-0.00163275003,0x00000000,0,0,0
l2,0.0625,0,min-error,metric_min,exp2,0,1,1,0.323995769,0.323971629,0.323971629,0.323995769,2.41398811e-05,54,raw-and-scaled,5,1,fp5_e1m3,fp5_e2m2,3,2,4,48410,54,exp1,188694528,188678144,188678144,47169536,0.323995769,0.323971629,16384,141524992,-0.00154495239,0x3ea5e2c6,0.323995769,0x3f800000,1,0x3e5a0200,0.212898254,0x3e5a0200,0.212898254,00001,0,1,001,00011,0,3,11,0x3db40400,0.0878982544,0x3cd01000,0.0253982544,0xcae80000,-7602176,-1900544,-0.453186035
l2,0.0625,0,min-error,metric_min,exp2,0,1,1,0.323995769,0.323971629,0.323971629,0.323995769,2.41398811e-05,55,raw-and-scaled,5,1,fp5_e1m3,fp5_e2m2,3,2,4,48410,55,exp1,188694528,188678144,188678144,47169536,0.323995769,0.323971629,16384,141524992,-0.00154495239,0x3ea5e2c6,0.323995769,0x3f800000,1,0xbf1bbfc0,-0.608394623,0xbf1bbfc0,-0.608394623,10100,0,4,100,11000,2,0,00,0xbdddfe00,-0.108394623,0xbdddfe00,-0.108394623,0x00000000,0,0,0
l2,0.0625,0,min-error,metric_min,exp2,0,1,1,0.323995769,0.323971629,0.323971629,0.323995769,2.41398811e-05,56,raw-and-scaled,5,1,fp5_e1m3,fp5_e2m2,3,2,4,48410,56,exp1,188694528,188678144,188678144,47169536,0.323995769,0.323971629,16384,141524992,-0.00154495239,0x3ea5e2c6,0.323995769,0x3f800000,1,0xbb620200,-0.00344860554,0xbb620200,-0.00344860554,10000,0,0,000,10000,0,0,00,0xbb620200,-0.00344860554,0xbb620200,-0.00344860554,0x00000000,0,0,0
l2,0.0625,0,min-error,metric_min,exp2,0,1,1,0.323995769,0.323971629,0.323971629,0.323995769,2.41398811e-05,57,raw-and-scaled,5,1,fp5_e1m3,fp5_e2m2,3,2,4,48410,57,exp1,188694528,188678144,188678144,47169536,0.323995769,0.323971629,16384,141524992,-0.00154495239,0x3ea5e2c6,0.323995769,0x3f800000,1,0x3b9cbfc0,0.00478360057,0x3b9cbfc0,0.00478360057,00000,0,0,000,00000,0,0,00,0x3b9cbfc0,0.00478360057,0x3b9cbfc0,0.00478360057,0x00000000,0,0,0
l2,0.0625,0,min-error,metric_min,exp2,0,1,1,0.323995769,0.323971629,0.323971629,0.323995769,2.41398811e-05,58,raw-and-scaled,5,1,fp5_e1m3,fp5_e2m2,3,2,4,48410,58,exp1,188694528,188678144,188678144,47169536,0.323995769,0.323971629,16384,141524992,-0.00154495239,0x3ea5e2c6,0.323995769,0x3f800000,1,0xbaa80800,-0.0012819767,0xbaa80800,-0.0012819767,10000,0,0,000,10000,0,0,00,0xbaa80800,-0.0012819767,0xbaa80800,-0.0012819767,0x00000000,0,0,0
l2,0.0625,0,min-error,metric_min,exp2,0,1,1,0.323995769,0.323971629,0.323971629,0.323995769,2.41398811e-05,59,raw-and-scaled,5,1,fp5_e1m3,fp5_e2m2,3,2,4,48410,59,exp1,188694528,188678144,188678144,47169536,0.323995769,0.323971629,16384,141524992,-0.00154495239,0x3ea5e2c6,0.323995769,0x3f800000,1,0xbfb80800,-1.43774414,0xbfb80800,-1.43774414,11011,1,3,011,11101,3,1,01,0xbd808000,-0.0627441406,0xbe404000,-0.187744141,0x4c004000,33619968,33619968,2.00390625
l2,0.0625,0,min-error,metric_min,exp2,0,1,1,0.323995769,0.323971629,0.323971629,0.323995769,2.41398811e-05,60,raw-and-scaled,5,1,fp5_e1m3,fp5_e2m2,3,2,4,48410,60,exp1,188694528,188678144,188678144,47169536,0.323995769,0.323971629,16384,141524992,-0.00154495239,0x3ea5e2c6,0.323995769,0x3f800000,1,0xbb71fe00,-0.00369250774,0xbb71fe00,-0.00369250774,10000,0,0,000,10000,0,0,00,0xbb71fe00,-0.00369250774,0xbb71fe00,-0.00369250774,0x00000000,0,0,0
l2,0.0625,0,min-error,metric_min,exp2,0,1,1,0.323995769,0.323971629,0.323971629,0.323995769,2.41398811e-05,61,raw-and-scaled,5,1,fp5_e1m3,fp5_e2m2,3,2,4,48410,61,exp1,188694528,188678144,188678144,47169536,0.323995769,0.323971629,16384,141524992,-0.00154495239,0x3ea5e2c6,0.323995769,0x3f800000,1,0x3e1ebfc0,0.155028343,0x3e1ebfc0,0.155028343,00001,0,1,001,00010,0,2,10,0x3cf5fe00,0.0300283432,0x3cf5fe00,0.0300283432,0x00000000,0,0,0
l2,0.0625,0,min-error,metric_min,exp2,0,1,1,0.323995769,0.323971629,0.323971629,0.323995769,2.41398811e-05,62,raw-and-scaled,5,1,fp5_e1m3,fp5_e2m2,3,2,4,48410,62,exp1,188694528,188678144,188678144,47169536,0.323995769,0.323971629,16384,141524992,-0.00154495239,0x3ea5e2c6,0.323995769,0x3f800000,1,0x3ce7f800,0.0283164978,0x3ce7f800,0.0283164978,00000,0,0,000,00000,0,0,00,0x3ce7f800,0.0283164978,0x3ce7f800,0.0283164978,0x00000000,0,0,0
l2,0.0625,0,min-error,metric_min,exp2,0,1,1,0.323995769,0.323971629,0.323971629,0.323995769,2.41398811e-05,63,raw-and-scaled,5,1,fp5_e1m3,fp5_e2m2,3,2,4,48410,63,exp1,188694528,188678144,188678144,47169536,0.323995769,0.323971629,16384,141524992,-0.00154495239,0x3ea5e2c6,0.323995769,0x3f800000,1,0xbdfeff00,-0.124509811,0xbdfeff00,-0.124509811,10000,0,0,000,10001,0,1,01,0xbdfeff00,-0.124509811,0xbd7dfe00,-0.0620098114,0xcb3ef000,-12513280,-3128320,-0.746078491
l2,0.0625,0,min-error,metric_min,exp2,0,1,1,0.323995769,0.323971629,0.323971629,0.323995769,2.41398811e-05,64,raw-and-scaled,5,1,fp5_e1m3,fp5_e2m2,3,2,4,48410,64,exp1,188694528,188678144,188678144,47169536,0.323995769,0.323971629,16384,141524992,-0.00154495239,0x3ea5e2c6,0.323995769,0x3f800000,1,0xbc80ff00,-0.0157465935,0xbc80ff00,-0.0157465935,10000,0,0,000,10000,0,0,00,0xbc80ff00,-0.0157465935,0xbc80ff00,-0.0157465935,0x00000000,0,0,0
l2,0.0625,0,min-error,metric_min,exp2,0,1,1,0.323995769,0.323971629,0.323971629,0.323995769,2.41398811e-05,65,raw-and-scaled,5,1,fp5_e1m3,fp5_e2m2,3,2,4,48410,65,exp1,188694528,188678144,188678144,47169536,0.323995769,0.323971629,16384,141524992,-0.00154495239,0x3ea5e2c6,0.323995769,0x3f800000,1,0x3f8c0400,1.09387207,0x3f8c0400,1.09387207,01000,1,0,000,01100,3,0,00,0x3dc04000,0.0938720703,0x3dc04000,0.0938720703,0x00000000,0,0,0
l2,0.0625,0,min-error,metric_min,exp2,0,1,1,0.323995769,0.323971629,0.323971629,0.323995769,2.41398811e-05,66,raw-and-scaled,5,1,fp5_e1m3,fp5_e2m2,3,2,4,48410,66,exp1,188694528,188678144,188678144,47169536,0.323995769,0.323971629,16384,141524992,-0.00154495239,0x3ea5e2c6,0.323995769,0x3f800000,1,0xbb27f800,-0.00256299973,0xbb27f800,-0.00256299973,10000,0,0,000,10000,0,0,00,0xbb27f800,-0.00256299973,0xbb27f800,-0.00256299973,0x00000000,0,0,0
l2,0.0625,0,min-error,metric_min,exp2,0,1,1,0.323995769,0.323971629,0.323971629,0.323995769,2.41398811e-05,67,raw-and-scaled,5,1,fp5_e1m3,fp5_e2m2,3,2,4,48410,67,exp1,188694528,188678144,188678144,47169536,0.323995769,0.323971629,16384,141524992,-0.00154495239,0x3ea5e2c6,0.323995769,0x3f800000,1,0x3bb7f800,0.0056142807,0x3bb7f800,0.0056142807,00000,0,0,000,00000,0,0,00,0x3bb7f800,0.0056142807,0x3bb7f800,0.0056142807,0x00000000,0,0,0
l2,0.0625,0,min-error,metric_min,exp2,0,1,1,0.323995769,0.323971629,0.323971629,0.323995769,2.41398811e-05,68,raw-and-scaled,5,1,fp5_e1m3,fp5_e2m2,3,2,4,48410,68,exp1,188694528,188678144,188678144,47169536,0.323995769,0.323971629,16384,141524992,-0.00154495239,0x3ea5e2c6,0.323995769,0x3f800000,1,0xbb23fc00,-0.00250220299,0xbb23fc00,-0.00250220299,10000,0,0,000,10000,0,0,00,0xbb23fc00,-0.00250220299,0xbb23fc00,-0.00250220299,0x00000000,0,0,0
l2,0.0625,0,min-error,metric_min,exp2,0,1,1,0.323995769,0.323971629,0.323971629,0.323995769,2.41398811e-05,69,raw-and-scaled,5,1,fp5_e1m3,fp5_e2m2,3,2,4,48410,69,exp1,188694528,188678144,188678144,47169536,0.323995769,0.323971629,16384,141524992,-0.00154495239,0x3ea5e2c6,0.323995769,0x3f800000,1,0x3c22bfc0,0.00993341208,0x3c22bfc0,0.00993341208,00000,0,0,000,00000,0,0,00,0x3c22bfc0,0.00993341208,0x3c22bfc0,0.00993341208,0x00000000,0,0,0
l2,0.0625,0,min-error,metric_min,exp2,0,1,1,0.323995769,0.323971629,0.323971629,0.323995769,2.41398811e-05,70,raw-and-scaled,5,1,fp5_e1m3,fp5_e2m2,3,2,4,48410,70,exp1,188694528,188678144,188678144,47169536,0.323995769,0.323971629,16384,141524992,-0.00154495239,0x3ea5e2c6,0.323995769,0x3f800000,1,0x3d680800,0.0566482544,0x3d680800,0.0566482544,00000,0,0,000,00000,0,0,00,0x3d680800,0.0566482544,0x3d680800,0.0566482544,0x00000000,0,0,0
l2,0.0625,0,min-error,metric_min,exp2,0,1,1,0.323995769,0.323971629,0.323971629,0.323995769,2.41398811e-05,71,raw-and-scaled,5,1,fp5_e1m3,fp5_e2m2,3,2,4,48410,71,exp1,188694528,188678144,188678144,47169536,0.323995769,0.323971629,16384,141524992,-0.00154495239,0x3ea5e2c6,0.323995769,0x3f800000,1,0xbba3bfc0,-0.00499722362,0xbba3bfc0,-0.00499722362,10000,0,0,000,10000,0,0,00,0xbba3bfc0,-0.00499722362,0xbba3bfc0,-0.00499722362,0x00000000,0,0,0
l2,0.0625,0,min-error,metric_min,exp2,0,1,1,0.323995769,0.323971629,0.323971629,0.323995769,2.41398811e-05,72,raw-and-scaled,5,1,fp5_e1m3,fp5_e2m2,3,2,4,48410,72,exp1,188694528,188678144,188678144,47169536,0.323995769,0.323971629,16384,141524992,-0.00154495239,0x3ea5e2c6,0.323995769,0x3f800000,1,0x3da1fe00,0.0790977478,0x3da1fe00,0.0790977478,00000,0,0,000,00001,0,1,01,0x3da1fe00,0.0790977478,0x3c87f800,0.0165977478,0xcac3e000,-6418432,-1604608,-0.382781982
l2,0.0625,0,min-error,metric_min,exp2,0,1,1,0.323995769,0.323971629,0.323971629,0.323995769,2.41398811e-05,73,raw-and-scaled,5,1,fp5_e1m3,fp5_e2m2,3,2,4,48410,73,exp1,188694528,188678144,188678144,47169536,0.323995769,0.323971629,16384,141524992,-0.00154495239,0x3ea5e2c6,0.323995769,0x3f800000,1,0x3bc98080,0.0061493516,0x3bc98080,0.0061493516,00000,0,0,000,00000,0,0,00,0x3bc98080,0.0061493516,0x3bc98080,0.0061493516,0x00000000,0,0,0
l2,0.0625,0,min-error,metric_min,exp2,0,1,1,0.323995769,0.323971629,0.323971629,0.323995769,2.41398811e-05,74,raw-and-scaled,5,1,fp5_e1m3,fp5_e2m2,3,2,4,48410,74,exp1,188694528,188678144,188678144,47169536,0.323995769,0.323971629,16384,141524992,-0.00154495239,0x3ea5e2c6,0.323995769,0x3f800000,1,0xbcca8080,-0.0247194767,0xbcca8080,-0.0247194767,10000,0,0,000,10000,0,0,00,0xbcca8080,-0.0247194767,0xbcca8080,-0.0247194767,0x00000000,0,0,0
l2,0.0625,0,min-error,metric_min,exp2,0,1,1,0.323995769,0.323971629,0.323971629,0.323995769,2.41398811e-05,75,raw-and-scaled,5,1,fp5_e1m3,fp5_e2m2,3,2,4,48410,75,exp1,188694528,188678144,188678144,47169536,0.323995769,0.323971629,16384,141524992,-0.00154495239,0x3ea5e2c6,0.323995769,0x3f800000,1,0xba970100,-0.00115206838,0xba970100,-0.00115206838,10000,0,0,000,10000,0,0,00,0xba970100,-0.00115206838,0xba970100,-0.00115206838,0x00000000,0,0,0
l2,0.0625,0,min-error,metric_min,exp2,0,1,1,0.323995769,0.323971629,0.323971629,0.323995769,2.41398811e-05,76,raw-and-scaled,5,1,fp5_e1m3,fp5_e2m2,3,2,4,48410,76,exp1,188694528,188678144,188678144,47169536,0.323995769,0.323971629,16384,141524992,-0.00154495239,0x3ea5e2c6,0.323995769,0x3f800000,1,0x3f263fc0,0.649410248,0x3f263fc0,0.649410248,00101,0,5,101,01001,2,1,01,0x3cc7f800,0.0244102478,0x3cc7f800,0.0244102478,0x00000000,0,0,0
l2,0.0625,0,min-error,metric_min,exp2,0,1,1,0.323995769,0.323971629,0.323971629,0.323995769,2.41398811e-05,77,raw-and-scaled,5,1,fp5_e1m3,fp5_e2m2,3,2,4,48410,77,exp1,188694528,188678144,188678144,47169536,0.323995769,0.323971629,16384,141524992,-0.00154495239,0x3ea5e2c6,0.323995769,0x3f800000,1,0xbb26bfc0,-0.00254438818,0xbb26bfc0,-0.00254438818,10000,0,0,000,10000,0,0,00,0xbb26bfc0,-0.00254438818,0xbb26bfc0,-0.00254438818,0x00000000,0,0,0
l2,0.0625,0,min-error,metric_min,exp2,0,1,1,0.323995769,0.323971629,0.323971629,0.323995769,2.41398811e-05,78,raw-and-scaled,5,1,fp5_e1m3,fp5_e2m2,3,2,4,48410,78,exp1,188694528,188678144,188678144,47169536,0.323995769,0.323971629,16384,141524992,-0.00154495239,0x3ea5e2c6,0.323995769,0x3f800000,1,0x3d740400,0.0595741272,0x3d740400,0.0595741272,00000,0,0,000,00000,0,0,00,0x3d740400,0.0595741272,0x3d740400,0.0595741272,0x00000000,0,0,0
l2,0.0625,0,min-error,metric_min,exp2,0,1,1,0.323995769,0.323971629,0.323971629,0.323995769,2.41398811e-05,79,raw-and-scaled,5,1,fp5_e1m3,fp5_e2m2,3,2,4,48410,79,exp1,188694528,188678144,188678144,47169536,0.323995769,0.323971629,16384,141524992,-0.00154495239,0x3ea5e2c6,0.323995769,0x3f800000,1,0x3c9eff00,0.0194087029,0x3c9eff00,0.0194087029,00000,0,0,000,00000,0,0,00,0x3c9eff00,0.0194087029,0x3c9eff00,0.0194087029,0x00000000,0,0,0
l2,0.0625,0,min-error,metric_min,exp2,0,1,1,0.323995769,0.323971629,0.323971629,0.323995769,2.41398811e-05,80,raw-and-scaled,5,1,fp5_e1m3,fp5_e2m2,3,2,4,48410,80,exp1,188694528,188678144,188678144,47169536,0.323995769,0.323971629,16384,141524992,-0.00154495239,0x3ea5e2c6,0.323995769,0x3f800000,1,0x3ba84040,0.00513461232,0x3ba84040,0.00513461232,00000,0,0,000,00000,0,0,00,0x3ba84040,0.00513461232,0x3ba84040,0.00513461232,0x00000000,0,0,0
l2,0.0625,0,min-error,metric_min,exp2,0,1,1,0.323995769,0.323971629,0.323971629,0.323995769,2.41398811e-05,81,raw-and-scaled,5,1,fp5_e1m3,fp5_e2m2,3,2,4,48410,81,exp1,188694528,188678144,188678144,47169536,0.323995769,0.323971629,16384,141524992,-0.00154495239,0x3ea5e2c6,0.323995769,0x3f800000,1,0x3da2ff00,0.0795879364,0x3da2ff00,0.0795879364,00000,0,0,000,00001,0,1,01,0x3da2ff00,0.0795879364,0x3c8bfc00,0.0170879364,0xcac5e000,-6483968,-1620992,-0.386703491
l2,0.0625,0,min-error,metric_min,exp2,0,1,1,0.323995769,0.323971629,0.323971629,0.323995769,2.41398811e-05,82,raw-and-scaled,5,1,fp5_e1m3,fp5_e2m2,3,2,4,48410,82,exp1,188694528,188678144,188678144,47169536,0.323995769,0.323971629,16384,141524992,-0.00154495239,0x3ea5e2c6,0.323995769,0x3f800000,1,0x3aa4ff00,0.0012588203,0x3aa4ff00,0.0012588203,00000,0,0,000,00000,0,0,00,0x3aa4ff00,0.0012588203,0x3aa4ff00,0.0012588203,0x00000000,0,0,0
l2,0.0625,0,min-error,metric_min,exp2,0,1,1,0.323995769,0.323971629,0.323971629,0.323995769,2.41398811e-05,83,raw-and-scaled,5,1,fp5_e1m3,fp5_e2m2,3,2,4,48410,83,exp1,188694528,188678144,188678144,47169536,0.323995769,0.323971629,16384,141524992,-0.00154495239,0x3ea5e2c6,0.323995769,0x3f800000,1,0x3f9bfc00,1.21862793,0x3f9bfc00,1.21862793,01001,1,1,001,01100,3,0,00,0x3dbfc000,0.0936279297,0x3e5fe000,0.21862793,0x4c1fe000,41910272,41910272,2.49804688
l2,0.0625,0,min-error,metric_min,exp2,0,1,1,0.323995769,0.323971629,0.323971629,0.323995769,2.41398811e-05,84,raw-and-scaled,5,1,fp5_e1m3,fp5_e2m2,3,2,4,48410,84,exp1,188694528,188678144,188678144,47169536,0.323995769,0.323971629,16384,141524992,-0.00154495239,0x3ea5e2c6,0.323995769,0x3f800000,1,0x3caa4040,0.0207825899,0x3caa4040,0.0207825899,00000,0,0,000,00000,0,0,00,0x3caa4040,0.0207825899,0x3caa4040,0.0207825899,0x00000000,0,0,0
l2,0.0625,0,min-error,metric_min,exp2,0,1,1,0.323995769,0.323971629,0.323971629,0.323995769,2.41398811e-05,85,raw-and-scaled,5,1,fp5_e1m3,fp5_e2m2,3,2,4,48410,85,exp1,188694528,188678144,188678144,47169536,0.323995769,0.323971629,16384,141524992,-0.00154495239,0x3ea5e2c6,0.323995769,0x3f800000,1,0x3e55fe00,0.208976746,0x3e55fe00,0.208976746,00001,0,1,001,00011,0,3,11,0x3dabfc00,0.0839767456,0x3caff000,0.0214767456,0xcad7e000,-7073792,-1768448,-0.421813965
l2,0.0625,0,min-error,metric_min,exp2,0,1,1,0.323995769,0.323971629,0.323971629,0.323995769,2.41398811e-05,86,raw-and-scaled,5,1,fp5_e1m3,fp5_e2m2,3,2,4,48410,86,exp1,188694528,188678144,188678144,47169536,0.323995769,0.323971629,16384,141524992,-0.00154495239,0x3ea5e2c6,0.323995769,0x3f800000,1,0xbbda0200,-0.00665307045,0xbbda0200,-0.00665307045,10000,0,0,000,10000,0,0,00,0xbbda0200,-0.00665307045,0xbbda0200,-0.00665307045,0x00000000,0,0,0
l2,0.0625,0,min-error,metric_min,exp2,0,1,1,0.323995769,0.323971629,0.323971629,0.323995769,2.41398811e-05,87,raw-and-scaled,5,1,fp5_e1m3,fp5_e2m2,3,2,4,48410,87,exp1,188694528,188678144,188678144,47169536,0.323995769,0.323971629,16384,141524992,-0.00154495239,0x3ea5e2c6,0.323995769,0x3f800000,1,0xbb2bc040,-0.00262071192,0xbb2bc040,-0.00262071192,10000,0,0,000,10000,0,0,00,0xbb2bc040,-0.00262071192,0xbb2bc040,-0.00262071192,0x00000000,0,0,0
l2,0.0625,0,min-error,metric_min,exp2,0,1,1,0.323995769,0.323971629,0.323971629,0.323995769,2.41398811e-05,88,raw-and-scaled,5,1,fp5_e1m3,fp5_e2m2,3,2,4,48410,88,exp1,188694528,188678144,188678144,47169536,0.323995769,0.323971629,16384,141524992,-0.00154495239,0x3ea5e2c6,0.323995769,0x3f800000,1,0xbe2c4040,-0.168213844,0xbe2c4040,-0.168213844,10001,0,1,001,10010,0,2,10,0xbd310100,-0.0432138443,0xbd310100,-0.0432138443,0x00000000,0,0,0
l2,0.0625,0,min-error,metric_min,exp2,0,1,1,0.323995769,0.323971629,0.323971629,0.323995769,2.41398811e-05,89,raw-and-scaled,5,1,fp5_e1m3,fp5_e2m2,3,2,4,48410,89,exp1,188694528,188678144,188678144,47169536,0.323995769,0.323971629,16384,141524992,-0.00154495239,0x3ea5e2c6,0.323995769,0x3f800000,1,0x3b330100,0.00273138285,0x3b330100,0.00273138285,00000,0,0,000,00000,0,0,00,0x3b330100,0.00273138285,0x3b330100,0.00273138285,0x00000000,0,0,0
l2,0.0625,0,min-error,metric_min,exp2,0,1,1,0.323995769,0.323971629,0.323971629,0.323995769,2.41398811e-05,90,raw-and-scaled,5,1,fp5_e1m3,fp5_e2m2,3,2,4,48410,90,exp1,188694528,188678144,188678144,47169536,0.323995769,0.323971629,16384,141524992,-0.00154495239,0x3ea5e2c6,0.323995769,0x3f800000,1,0xbdea0200,-0.114261627,0xbdea0200,-0.114261627,10000,0,0,000,10001,0,1,01,0xbdea0200,-0.114261627,0xbd540400,-0.0517616272,0xcb2a0000,-11141120,-2785280,-0.664093018
l2,0.0625,0,min-error,metric_min,exp2,0,1,1,0.323995769,0.323971629,0.323971629,0.323995769,2.41398811e-05,91,raw-and-scaled,5,1,fp5_e1m3,fp5_e2m2,3,2,4,48410,91,exp1,188694528,188678144,188678144,47169536,0.323995769,0.323971629,16384,141524992,-0.00154495239,0x3ea5e2c6,0.323995769,0x3f800000,1,0x3f2dc040,0.678714752,0x3f2dc040,0.678714752,00101,0,5,101,01001,2,1,01,0x3d5c0400,0.0537147522,0x3d5c0400,0.0537147522,0x00000000,0,0,0
l2,0.0625,0,min-error,metric_min,exp2,0,1,1,0.323995769,0.323971629,0.323971629,0.323995769,2.41398811e-05,92,raw-and-scaled,5,1,fp5_e1m3,fp5_e2m2,3,2,4,48410,92,exp1,188694528,188678144,188678144,47169536,0.323995769,0.323971629,16384,141524992,-0.00154495239,0x3ea5e2c6,0.323995769,0x3f800000,1,0x3cf1fe00,0.029540062,0x3cf1fe00,0.029540062,00000,0,0,000,00000,0,0,00,0x3cf1fe00,0.029540062,0x3cf1fe00,0.029540062,0x00000000,0,0,0
l2,0.0625,0,min-error,metric_min,exp2,0,1,1,0.323995769,0.323971629,0.323971629,0.323995769,2.41398811e-05,93,raw-and-scaled,5,1,fp5_e1m3,fp5_e2m2,3,2,4,48410,93,exp1,188694528,188678144,188678144,47169536,0.323995769,0.323971629,16384,141524992,-0.00154495239,0x3ea5e2c6,0.323995769,0x3f800000,1,0x3eec0400,0.460968018,0x3eec0400,0.460968018,00011,0,3,011,00111,1,3,11,0x3db01000,0.0859680176,0x3cc04000,0.0234680176,0xcae02000,-7344128,-1836032,-0.437744141
l2,0.0625,0,min-error,metric_min,exp2,0,1,1,0.323995769,0.323971629,0.323971629,0.323995769,2.41398811e-05,94,raw-and-scaled,5,1,fp5_e1m3,fp5_e2m2,3,2,4,48410,94,exp1,188694528,188678144,188678144,47169536,0.323995769,0.323971629,16384,141524992,-0.00154495239,0x3ea5e2c6,0.323995769,0x3f800000,1,0xbc73fc00,-0.0148916245,0xbc73fc00,-0.0148916245,10000,0,0,000,10000,0,0,00,0xbc73fc00,-0.0148916245,0xbc73fc00,-0.0148916245,0x00000000,0,0,0
l2,0.0625,0,min-error,metric_min,exp2,0,1,1,0.323995769,0.323971629,0.323971629,0.323995769,2.41398811e-05,95,raw-and-scaled,5,1,fp5_e1m3,fp5_e2m2,3,2,4,48410,95,exp1,188694528,188678144,188678144,47169536,0.323995769,0.323971629,16384,141524992,-0.00154495239,0x3ea5e2c6,0.323995769,0x3f800000,1,0xbefdfe00,-0.496078491,0xbefdfe00,-0.496078491,10011,0,3,011,10111,1,3,11,0xbdf7f800,-0.121078491,0xbd6ff000,-0.0585784912,0xcb37f000,-12054528,-3013632,-0.71862793
l2,0.0625,0,min-error,metric_min,exp2,0,1,1,0.323995769,0.323971629,0.323971629,0.323995769,2.41398811e-05,96,raw-and-scaled,5,1,fp5_e1m3,fp5_e2m2,3,2,4,48410,96,exp1,188694528,188678144,188678144,47169536,0.323995769,0.323971629,16384,141524992,-0.00154495239,0x3ea5e2c6,0.323995769,0x3f800000,1,0x3b080800,0.00207567215,0x3b080800,0.00207567215,00000,0,0,000,00000,0,0,00,0x3b080800,0.00207567215,0x3b080800,0.00207567215,0x00000000,0,0,0
l2,0.0625,0,min-error,metric_min,exp2,0,1,1,0.323995769,0.323971629,0.323971629,0.323995769,2.41398811e-05,97,raw-and-scaled,5,1,fp5_e1m3,fp5_e2m2,3,2,4,48410,97,exp1,188694528,188678144,188678144,47169536,0.323995769,0.323971629,16384,141524992,-0.00154495239,0x3ea5e2c6,0.323995769,0x3f800000,1,0xbb42ff00,-0.00297540426,0xbb42ff00,-0.00297540426,10000,0,0,000,10000,0,0,00,0xbb42ff00,-0.00297540426,0xbb42ff00,-0.00297540426,0x00000000,0,0,0
l2,0.0625,0,min-error,metric_min,exp2,0,1,1,0.323995769,0.323971629,0.323971629,0.323995769,2.41398811e-05,98,raw-and-scaled,5,1,fp5_e1m3,fp5_e2m2,3,2,4,48410,98,exp1,188694528,188678144,188678144,47169536,0.323995769,0.323971629,16384,141524992,-0.00154495239,0x3ea5e2c6,0.323995769,0x3f800000,1,0x3b628080,0.00345614552,0x3b628080,0.00345614552,00000,0,0,000,00000,0,0,00,0x3b628080,0.00345614552,0x3b628080,0.00345614552,0x00000000,0,0,0
l2,0.0625,0,min-error,metric_min,exp2,0,1,1,0.323995769,0.323971629,0.323971629,0.323995769,2.41398811e-05,99,raw-and-scaled,5,1,fp5_e1m3,fp5_e2m2,3,2,4,48410,99,exp1,188694528,188678144,188678144,47169536,0.323995769,0.323971629,16384,141524992,-0.00154495239,0x3ea5e2c6,0.323995769,0x3f800000,1,0xbb0dfe00,-0.00216662884,0xbb0dfe00,-0.00216662884,10000,0,0,000,10000,0,0,00,0xbb0dfe00,-0.00216662884,0xbb0dfe00,-0.00216662884,0x00000000,0,0,0
l2,0.0625,0,min-error,metric_min,exp2,0,1,1,0.323995769,0.323971629,0.323971629,0.323995769,2.41398811e-05,100,raw-and-scaled,5,1,fp5_e1m3,fp5_e2m2,3,2,4,48410,100,exp1,188694528,188678144,188678144,47169536,0.323995769,0.323971629,16384,141524992,-0.00154495239,0x3ea5e2c6,0.323995769,0x3f800000,1,0xbf91fe00,-1.14056396,0xbf91fe00,-1.14056396,11001,1,1,001,11100,3,0,00,0xbc7f0000,-0.0155639648,0xbe0ff000,-0.140563965,0x4b9fe000,20955136,20955136,1.24902344
l2,0.0625,0,min-error,metric_min,exp2,0,1,1,0.323995769,0.323971629,0.323971629,0.323995769,2.41398811e-05,101,raw-and-scaled,5,1,fp5_e1m3,fp5_e2m2,3,2,4,48410,101,exp1,188694528,188678144,188678144,47169536,0.323995769,0.323971629,16384,141524992,-0.00154495239,0x3ea5e2c6,0.323995769,0x3f800000,1,0xbc32c040,-0.0109100938,0xbc32c040,-0.0109100938,10000,0,0,000,10000,0,0,00,0xbc32c040,-0.0109100938,0xbc32c040,-0.0109100938,0x00000000,0,0,0
l2,0.0625,0,min-error,metric_min,exp2,0,1,1,0.323995769,0.323971629,0.323971629,0.323995769,2.41398811e-05,102,raw-and-scaled,5,1,fp5_e1m3,fp5_e2m2,3,2,4,48410,102,exp1,188694528,188678144,188678144,47169536,0.323995769,0.323971629,16384,141524992,-0.00154495239,0x3ea5e2c6,0.323995769,0x3f800000,1,0x3e1a0200,0.150398254,0x3e1a0200,0.150398254,00001,0,1,001,00010,0,2,10,0x3cd01000,0.0253982544,0x3cd01000,0.0253982544,0x00000000,0,0,0
l2,0.0625,0,min-error,metric_min,exp2,0,1,1,0.323995769,0.323971629,0.323971629,0.323995769,2.41398811e-05,103,raw-and-scaled,5,1,fp5_e1m3,fp5_e2m2,3,2,4,48410,103,exp1,188694528,188678144,188678144,47169536,0.323995769,0.323971629,16384,141524992,-0.00154495239,0x3ea5e2c6,0.323995769,0x3f800000,1,0x3cceff00,0.0252680779,0x3cceff00,0.0252680779,00000,0,0,000,00000,0,0,00,0x3cceff00,0.0252680779,0x3cceff00,0.0252680779,0x00000000,0,0,0
l2,0.0625,0,min-error,metric_min,exp2,0,1,1,0.323995769,0.323971629,0.323971629,0.323995769,2.41398811e-05,104,raw-and-scaled,5,1,fp5_e1m3,fp5_e2m2,3,2,4,48410,104,exp1,188694528,188678144,188678144,47169536,0.323995769,0.323971629,16384,141524992,-0.00154495239,0x3ea5e2c6,0.323995769,0x3f800000,1,0xbb510100,-0.00318914652,0xbb510100,-0.00318914652,10000,0,0,000,10000,0,0,00,0xbb510100,-0.00318914652,0xbb510100,-0.00318914652,0x00000000,0,0,0
l2,0.0625,0,min-error,metric_min,exp2,0,1,1,0.323995769,0.323971629,0.323971629,0.323995769,2.41398811e-05,105,raw-and-scaled,5,1,fp5_e1m3,fp5_e2m2,3,2,4,48410,105,exp1,188694528,188678144,188678144,47169536,0.323995769,0.323971629,16384,141524992,-0.00154495239,0x3ea5e2c6,0.323995769,0x3f800000,1,0x3bd30100,0.00643932819,0x3bd30100,0.00643932819,00000,0,0,000,00000,0,0,00,0x3bd30100,0.00643932819,0x3bd30100,0.00643932819,0x00000000,0,0,0
l2,0.0625,0,min-error,metric_min,exp2,0,1,1,0.323995769,0.323971629,0.323971629,0.323995769,2.41398811e-05,106,raw-and-scaled,5,1,fp5_e1m3,fp5_e2m2,3,2,4,48410,106,exp1,188694528,188678144,188678144,47169536,0.323995769,0.323971629,16384,141524992,-0.00154495239,0x3ea5e2c6,0.323995769,0x3f800000,1,0x3eea7f80,0.458003998,0x3eea7f80,0.458003998,00011,0,3,011,00111,1,3,11,0x3da9fe00,0.0830039978,0x3ca7f800,0.0205039978,0xcad3e000,-6942720,-1735680,-0.414031982
l2,0.0625,0,min-error,metric_min,exp2,0,1,1,0.323995769,0.323971629,0.323971629,0.323995769,2.41398811e-05,107,raw-and-scaled,5,1,fp5_e1m3,fp5_e2m2,3,2,4,48410,107,exp1,188694528,188678144,188678144,47169536,0.323995769,0.323971629,16384,141524992,-0.00154495239,0x3ea5e2c6,0.323995769,0x3f800000,1,0xbeb5bfc0,-0.354978561,0xbeb5bfc0,-0.354978561,10010,0,2,010,10101,1,1,01,0xbdd6ff00,-0.104978561,0xbd2dfe00,-0.0424785614,0xcb16f000,-9891840,-2472960,-0.589828491
l2,0.0625,0,min-error,metric_min,exp2,0,1,1,0.323995769,0.323971629,0.323971629,0.323995769,2.41398811e-05,108,raw-and-scaled,5,1,fp5_e1m3,fp5_e2m2,3,2,4,48410,108,exp1,188694528,188678144,188678144,47169536,0.323995769,0.323971629,16384,141524992,-0.00154495239,0x3ea5e2c6,0.323995769,0x3f800000,1,0x3e480800,0.195343018,0x3e480800,0.195343018,00001,0,1,001,00011,0,3,11,0x3d901000,0.0703430176,0x3c008000,0.00784301758,0xcaa02000,-5246976,-1311744,-0.312744141
l2,0.0625,0,min-error,metric_min,exp2,0,1,1,0.323995769,0.323971629,0.323971629,0.323995769,2.41398811e-05,109,raw-and-scaled,5,1,fp5_e1m3,fp5_e2m2,3,2,4,48410,109,exp1,188694528,188678144,188678144,47169536,0.323995769,0.323971629,16384,141524992,-0.00154495239,0x3ea5e2c6,0.323995769,0x3f800000,1,0xbeb6bfc0,-0.356931686,0xbeb6bfc0,-0.356931686,10010,0,2,010,10101,1,1,01,0xbddaff00,-0.106931686,0xbd35fe00,-0.0444316864,0xcb1af000,-10153984,-2538496,-0.605453491
l2,0.0625,0,min-error,metric_min,exp2,0,1,1,0.323995769,0.323971629,0.323971629,0.323995769,2.41398811e-05,110,raw-and-scaled,5,1,fp5_e1m3,fp5_e2m2,3,2,4,48410,110,exp1,188694528,188678144,188678144,47169536,0.323995769,0.323971629,16384,141524992,-0.00154495239,0x3ea5e2c6,0.323995769,0x3f800000,1,0x3cf3fc00,0.0297832489,0x3cf3fc00,0.0297832489,00000,0,0,000,00000,0,0,00,0x3cf3fc00,0.0297832489,0x3cf3fc00,0.0297832489,0x00000000,0,0,0
l2,0.0625,0,min-error,metric_min,exp2,0,1,1,0.323995769,0.323971629,0.323971629,0.323995769,2.41398811e-05,111,raw-and-scaled,5,1,fp5_e1m3,fp5_e2m2,3,2,4,48410,111,exp1,188694528,188678144,188678144,47169536,0.323995769,0.323971629,16384,141524992,-0.00154495239,0x3ea5e2c6,0.323995769,0x3f800000,1,0x3b7bfc00,0.00384497643,0x3b7bfc00,0.00384497643,00000,0,0,000,00000,0,0,00,0x3b7bfc00,0.00384497643,0x3b7bfc00,0.00384497643,0x00000000,0,0,0
l2,0.0625,0,min-error,metric_min,exp2,0,1,1,0.323995769,0.323971629,0.323971629,0.323995769,2.41398811e-05,112,raw-and-scaled,5,1,fp5_e1m3,fp5_e2m2,3,2,4,48410,112,exp1,188694528,188678144,188678144,47169536,0.323995769,0.323971629,16384,141524992,-0.00154495239,0x3ea5e2c6,0.323995769,0x3f800000,1,0x3b87f800,0.00414943695,0x3b87f800,0.00414943695,00000,0,0,000,00000,0,0,00,0x3b87f800,0.00414943695,0x3b87f800,0.00414943695,0x00000000,0,0,0
l2,0.0625,0,min-error,metric_min,exp2,0,1,1,0.323995769,0.323971629,0.323971629,0.323995769,2.41398811e-05,113,raw-and-scaled,5,1,fp5_e1m3,fp5_e2m2,3,2,4,48410,113,exp1,188694528,188678144,188678144,47169536,0.323995769,0.323971629,16384,141524992,-0.00154495239,0x3ea5e2c6,0.323995769,0x3f800000,1,0xbde30100,-0.110841751,0xbde30100,-0.110841751,10000,0,0,000,10001,0,1,01,0xbde30100,-0.110841751,0xbd460200,-0.0483417511,0xcb230000,-10682368,-2670592,-0.636734009
l2,0.0625,0,min-error,metric_min,exp2,0,1,1,0.323995769,0.323971629,0.323971629,0.323995769,2.41398811e-05,114,raw-and-scaled,5,1,fp5_e1m3,fp5_e2m2,3,2,4,48410,114,exp1,188694528,188678144,188678144,47169536,0.323995769,0.323971629,16384,141524992,-0.00154495239,0x3ea5e2c6,0.323995769,0x3f800000,1,0xbf280800,-0.65637207,0xbf280800,-0.65637207,10101,0,5,101,11001,2,1,01,0xbd008000,-0.0313720703,0xbd008000,-0.0313720703,0x00000000,0,0,0
l2,0.0625,0,min-error,metric_min,exp2,0,1,1,0.323995769,0.323971629,0.323971629,0.323995769,2.41398811e-05,115,raw-and-scaled,5,1,fp5_e1m3,fp5_e2m2,3,2,4,48410,115,exp1,188694528,188678144,188678144,47169536,0.323995769,0.323971629,16384,141524992,-0.00154495239,0x3ea5e2c6,0.323995769,0x3f800000,1,0xbbce0200,-0.00628685951,0xbbce0200,-0.00628685951,10000,0,0,000,10000,0,0,00,0xbbce0200,-0.00628685951,0xbbce0200,-0.00628685951,0x00000000,0,0,0
l2,0.0625,0,min-error,metric_min,exp2,0,1,1,0.323995769,0.323971629,0.323971629,0.323995769,2.41398811e-05,116,raw-and-scaled,5,1,fp5_e1m3,fp5_e2m2,3,2,4,48410,116,exp1,188694528,188678144,188678144,47169536,0.323995769,0.323971629,16384,141524992,-0.00154495239,0x3ea5e2c6,0.323995769,0x3f800000,1,0x3eba4040,0.363771439,0x3eba4040,0.363771439,00010,0,2,010,00101,1,1,01,0x3de90100,0.113771439,0x3d520200,0.0512714386,0xcb290000,-11075584,-2768896,-0.660171509
l2,0.0625,0,min-error,metric_min,exp2,0,1,1,0.323995769,0.323971629,0.323971629,0.323995769,2.41398811e-05,117,raw-and-scaled,5,1,fp5_e1m3,fp5_e2m2,3,2,4,48410,117,exp1,188694528,188678144,188678144,47169536,0.323995769,0.323971629,16384,141524992,-0.00154495239,0x3ea5e2c6,0.323995769,0x3f800000,1,0x3aeaff00,0.00179287791,0x3aeaff00,0.00179287791,00000,0,0,000,00000,0,0,00,0x3aeaff00,0.00179287791,0x3aeaff00,0.00179287791,0x00000000,0,0,0
l2,0.0625,0,min-error,metric_min,exp2,0,1,1,0.323995769,0.323971629,0.323971629,0.323995769,2.41398811e-05,118,raw-and-scaled,5,1,fp5_e1m3,fp5_e2m2,3,2,4,48410,118,exp1,188694528,188678144,188678144,47169536,0.323995769,0.323971629,16384,141524992,-0.00154495239,0x3ea5e2c6,0.323995769,0x3f800000,1,0xbb340400,-0.00274682045,0xbb340400,-0.00274682045,10000,0,0,000,10000,0,0,00,0xbb340400,-0.00274682045,0xbb340400,-0.00274682045,0x00000000,0,0,0
l2,0.0625,0,min-error,metric_min,exp2,0,1,1,0.323995769,0.323971629,0.323971629,0.323995769,2.41398811e-05,119,raw-and-scaled,5,1,fp5_e1m3,fp5_e2m2,3,2,4,48410,119,exp1,188694528,188678144,188678144,47169536,0.323995769,0.323971629,16384,141524992,-0.00154495239,0x3ea5e2c6,0.323995769,0x3f800000,1,0xbef78080,-0.483402252,0xbef78080,-0.483402252,10011,0,3,011,10111,1,3,11,0xbdde0200,-0.108402252,0xbd3c0400,-0.0459022522,0xcb1e0000,-10354688,-2588672,-0.617218018
l2,0.0625,0,min-error,metric_min,exp2,0,1,1,0.323995769,0.323971629,0.323971629,0.323995769,2.41398811e-05,120,raw-and-scaled,5,1,fp5_e1m3,fp5_e2m2,3,2,4,48410,120,exp1,188694528,188678144,188678144,47169536,0.323995769,0.323971629,16384,141524992,-0.00154495239,0x3ea5e2c6,0.323995769,0x3f800000,1,0x3d620200,0.0551776886,0x3d620200,0.0551776886,00000,0,0,000,00000,0,0,00,0x3d620200,0.0551776886,0x3d620200,0.0551776886,0x00000000,0,0,0
l2,0.0625,0,min-error,metric_min,exp2,0,1,1,0.323995769,0.323971629,0.323971629,0.323995769,2.41398811e-05,121,raw-and-scaled,5,1,fp5_e1m3,fp5_e2m2,3,2,4,48410,121,exp1,188694528,188678144,188678144,47169536,0.323995769,0.323971629,16384,141524992,-0.00154495239,0x3ea5e2c6,0.323995769,0x3f800000,1,0xbd180800,-0.0371170044,0xbd180800,-0.0371170044,10000,0,0,000,10000,0,0,00,0xbd180800,-0.0371170044,0xbd180800,-0.0371170044,0x00000000,0,0,0
l2,0.0625,0,min-error,metric_min,exp2,0,1,1,0.323995769,0.323971629,0.323971629,0.323995769,2.41398811e-05,122,raw-and-scaled,5,1,fp5_e1m3,fp5_e2m2,3,2,4,48410,122,exp1,188694528,188678144,188678144,47169536,0.323995769,0.323971629,16384,141524992,-0.00154495239,0x3ea5e2c6,0.323995769,0x3f800000,1,0x3e280800,0.164093018,0x3e280800,0.164093018,00001,0,1,001,00010,0,2,10,0x3d202000,0.0390930176,0x3d202000,0.0390930176,0x00000000,0,0,0
l2,0.0625,0,min-error,metric_min,exp2,0,1,1,0.323995769,0.323971629,0.323971629,0.323995769,2.41398811e-05,123,raw-and-scaled,5,1,fp5_e1m3,fp5_e2m2,3,2,4,48410,123,exp1,188694528,188678144,188678144,47169536,0.323995769,0.323971629,16384,141524992,-0.00154495239,0x3ea5e2c6,0.323995769,0x3f800000,1,0xbb770100,-0.0037689805,0xbb770100,-0.0037689805,10000,0,0,000,10000,0,0,00,0xbb770100,-0.0037689805,0xbb770100,-0.0037689805,0x00000000,0,0,0
l2,0.0625,0,min-error,metric_min,exp2,0,1,1,0.323995769,0.323971629,0.323971629,0.323995769,2.41398811e-05,124,raw-and-scaled,5,1,fp5_e1m3,fp5_e2m2,3,2,4,48410,124,exp1,188694528,188678144,188678144,47169536,0.323995769,0.323971629,16384,141524992,-0.00154495239,0x3ea5e2c6,0.323995769,0x3f800000,1,0x3ee3fc00,0.445281982,0x3ee3fc00,0.445281982,00011,0,3,011,00111,1,3,11,0x3d8ff000,0.0702819824,0x3bff0000,0.00778198242,0xca9fe000,-5238784,-1309696,-0.312255859
l2,0.0625,0,min-error,metric_min,exp2,0,1,1,0.323995769,0.323971629,0.323971629,0.323995769,2.41398811e-05,125,raw-and-scaled,5,1,fp5_e1m3,fp5_e2m2,3,2,4,48410,125,exp1,188694528,188678144,188678144,47169536,0.323995769,0.323971629,16384,141524992,-0.00154495239,0x3ea5e2c6,0.323995769,0x3f800000,1,0x3e57f800,0.210906982,0x3e57f800,0.210906982,00001,0,1,001,00011,0,3,11,0x3daff000,0.0859069824,0x3cbfc000,0.0234069824,0xcadfe000,-7335936,-1833984,-0.437255859
l2,0.0625,0,min-error,metric_min,exp2,0,1,1,0.323995769,0.323971629,0.323971629,0.323995769,2.41398811e-05,126,raw-and-scaled,5,1,fp5_e1m3,fp5_e2m2,3,2,4,48410,126,exp1,188694528,188678144,188678144,47169536,0.323995769,0.323971629,16384,141524992,-0.00154495239,0x3ea5e2c6,0.323995769,0x3f800000,1,0x3d7d0100,0.0617685318,0x3d7d0100,0.0617685318,00000,0,0,000,00000,0,0,00,0x3d7d0100,0.0617685318,0x3d7d0100,0.0617685318,0x00000000,0,0,0
l2,0.0625,0,min-error,metric_min,exp2,0,1,1,0.323995769,0.323971629,0.323971629,0.323995769,2.41398811e-05,127,raw-and-scaled,5,1,fp5_e1m3,fp5_e2m2,3,2,4,48410,127,exp1,188694528,188678144,188678144,47169536,0.323995769,0.323971629,16384,141524992,-0.00154495239,0x3ea5e2c6,0.323995769,0x3f800000,1,0xbbf7f800,-0.0075674057,0xbbf7f800,-0.0075674057,10000,0,0,000,10000,0,0,00,0xbbf7f800,-0.0075674057,0xbbf7f800,-0.0075674057,0x00000000,0,0,0
l2,0.0625,0,min-error,metric_min,exp1,0,1,1,0.444393426,0.44439742,0.444393426,0.44439742,3.9935112e-06,0,raw-and-scaled,5,1,fp5_e1m3,fp5_e2m2,3,2,4,99450,0,exp2,213483520,213487616,213487616,53371904,0.444393426,0.44439742,-4096,160111616,0.00025331974,0x3ee3880f,0.44439742,0x3f800000,1,0x3eb806d1,0.359427005,0x3eb806d1,0.359427005,00010,0,2,010,00101,1,1,01,0x3de01b44,0.109427005,0x3d403688,0.0469270051,0xcb201000,-10489856,-2622464,-0.62541604
l2,0.0625,0,min-error,metric_min,exp1,0,1,1,0.444393426,0.44439742,0.444393426,0.44439742,3.9935112e-06,1,raw-and-scaled,5,1,fp5_e1m3,fp5_e2m2,3,2,4,99450,1,exp2,213483520,213487616,213487616,53371904,0.444393426,0.44439742,-4096,160111616,0.00025331974,0x3ee3880f,0.44439742,0x3f800000,1,0xbed08968,-0.407298326,0xbed08968,-0.407298326,10011,0,3,011,10110,1,2,10,0xbd044b40,-0.0322983265,0xbd044b40,-0.0322983265,0x00000000,0,0,0
l2,0.0625,0,min-error,metric_min,exp1,0,1,1,0.444393426,0.44439742,0.444393426,0.44439742,3.9935112e-06,2,raw-and-scaled,5,1,fp5_e1m3,fp5_e2m2,3,2,4,99450,2,exp2,213483520,213487616,213487616,53371904,0.444393426,0.44439742,-4096,160111616,0.00025331974,0x3ee3880f,0.44439742,0x3f800000,1,0x3bc67139,0.00605597766,0x3bc67139,0.00605597766,00000,0,0,000,00000,0,0,00,0x3bc67139,0.00605597766,0x3bc67139,0.00605597766,0x00000000,0,0,0
l2,0.0625,0,min-error,metric_min,exp1,0,1,1,0.444393426,0.44439742,0.444393426,0.44439742,3.9935112e-06,3,raw-and-scaled,5,1,fp5_e1m3,fp5_e2m2,3,2,4,99450,3,exp2,213483520,213487616,213487616,53371904,0.444393426,0.44439742,-4096,160111616,0.00025331974,0x3ee3880f,0.44439742,0x3f800000,1,0x3e39bbca,0.181380421,0x3e39bbca,0.181380421,00001,0,1,001,00010,0,2,10,0x3d66ef28,0.0563804209,0x3d66ef28,0.0563804209,0x00000000,0,0,0
l2,0.0625,0,min-error,metric_min,exp1,0,1,1,0.444393426,0.44439742,0.444393426,0.44439742,3.9935112e-06,4,raw-and-scaled,5,1,fp5_e1m3,fp5_e2m2,3,2,4,99450,4,exp2,213483520,213487616,213487616,53371904,0.444393426,0.44439742,-4096,160111616,0.00025331974,0x3ee3880f,0.44439742,0x3f800000,1,0xbb5ea6e8,-0.00339739956,0xbb5ea6e8,-0.00339739956,10000,0,0,000,10000,0,0,00,0xbb5ea6e8,-0.00339739956,0xbb5ea6e8,-0.00339739956,0x00000000,0,0,0
l2,0.0625,0,min-error,metric_min,exp1,0,1,1,0.444393426,0.44439742,0.444393426,0.44439742,3.9935112e-06,5,raw-and-scaled,5,1,fp5_e1m3,fp5_e2m2,3,2,4,99450,5,exp2,213483520,213487616,213487616,53371904,0.444393426,0.44439742,-4096,160111616,0.00025331974,0x3ee3880f,0.44439742,0x3f800000,1,0x3f6385b3,0.888758838,0x3f6385b3,0.888758838,00111,0,7,111,01011,2,3,11,0x3c616cc0,0.0137588382,0x3c616cc0,0.0137588382,0x00000000,0,0,0
l2,0.0625,0,min-error,metric_min,exp1,0,1,1,0.444393426,0.44439742,0.444393426,0.44439742,3.9935112e-06,6,raw-and-scaled,5,1,fp5_e1m3,fp5_e2m2,3,2,4,99450,6,exp2,213483520,213487616,213487616,53371904,0.444393426,0.44439742,-4096,160111616,0.00025331974,0x3ee3880f,0.44439742,0x3f800000,1,0x3d76857c,0.0601858944,0x3d76857c,0.0601858944,00000,0,0,000,00000,0,0,00,0x3d76857c,0.0601858944,0x3d76857c,0.0601858944,0x00000000,0,0,0
l2,0.0625,0,min-error,metric_min,exp1,0,1,1,0.444393426,0.44439742,0.444393426,0.44439742,3.9935112e-06,7,raw-and-scaled,5,1,fp5_e1m3,fp5_e2m2,3,2,4,99450,7,exp2,213483520,213487616,213487616,53371904,0.444393426,0.44439742,-4096,160111616,0.00025331974,0x3ee3880f,0.44439742,0x3f800000,1,0x3ad8728d,0.0016513631,0x3ad8728d,0.0016513631,00000,0,0,000,00000,0,0,00,0x3ad8728d,0.0016513631,0x3ad8728d,0.0016513631,0x00000000,0,0,0
l2,0.0625,0,min-error,metric_min,exp1,0,1,1,0.444393426,0.44439742,0.444393426,0.44439742,3.9935112e-06,8,raw-and-scaled,5,1,fp5_e1m3,fp5_e2m2,3,2,4,99450,8,exp2,213483520,213487616,213487616,53371904,0.444393426,0.44439742,-4096,160111616,0.00025331974,0x3ee3880f,0.44439742,0x3f800000,1,0xbe6f5251,-0.23371245,0xbe6f5251,-0.23371245,10001,0,1,001,10011,0,3,11,0xbddea4a2,-0.10871245,0xbd3d4944,-0.0462124497,0xcb1ea000,-10395648,-2598912,-0.619699597
l2,0.0625,0,min-error,metric_min,exp1,0,1,1,0.444393426,0.44439742,0.444393426,0.44439742,3.9935112e-06,9,raw-and-scaled,5,1,fp5_e1m3,fp5_e2m2,3,2,4,99450,9,exp2,213483520,213487616,213487616,53371904,0.444393426,0.44439742,-4096,160111616,0.00025331974,0x3ee3880f,0.44439742,0x3f800000,1,0x3cd9930e,0.026559379,0x3cd9930e,0.026559379,00000,0,0,000,00000,0,0,00,0x3cd9930e,0.026559379,0x3cd9930e,0.026559379,0x00000000,0,0,0
l2,0.0625,0,min-error,metric_min,exp1,0,1,1,0.444393426,0.44439742,0.444393426,0.44439742,3.9935112e-06,10,raw-and-scaled,5,1,fp5_e1m3,fp5_e2m2,3,2,4,99450,10,exp2,213483520,213487616,213487616,53371904,0.444393426,0.44439742,-4096,160111616,0.00025331974,0x3ee3880f,0.44439742,0x3f800000,1,0x3eba6334,0.36403811,0x3eba6334,0.36403811,00010,0,2,010,00101,1,1,01,0x3de98cd0,0.11403811,0x3d5319a0,0.0515381098,0xcb298000,-11108352,-2777088,-0.662304878
l2,0.0625,0,min-error,metric_min,exp1,0,1,1,0.444393426,0.44439742,0.444393426,0.44439742,3.9935112e-06,11,raw-and-scaled,5,1,fp5_e1m3,fp5_e2m2,3,2,4,99450,11,exp2,213483520,213487616,213487616,53371904,0.444393426,0.44439742,-4096,160111616,0.00025331974,0x3ee3880f,0.44439742,0x3f800000,1,0xbea8bd0a,-0.329567254,0xbea8bd0a,-0.329567254,10010,0,2,010,10101,1,1,01,0xbda2f428,-0.0795672536,0xbc8bd0a0,-0.0170672536,0xcac5e000,-6483968,-1620992,-0.386538029
l2,0.0625,0,min-error,metric_min,exp1,0,1,1,0.444393426,0.44439742,0.444393426,0.44439742,3.9935112e-06,12,raw-and-scaled,5,1,fp5_e1m3,fp5_e2m2,3,2,4,99450,12,exp2,213483520,213487616,213487616,53371904,0.444393426,0.44439742,-4096,160111616,0.00025331974,0x3ee3880f,0.44439742,0x3f800000,1,0x3aa9998c,0.00129394373,0x3aa9998c,0.00129394373,00000,0,0,000,00000,0,0,00,0x3aa9998c,0.00129394373,0x3aa9998c,0.00129394373,0x00000000,0,0,0
l2,0.0625,0,min-error,metric_min,exp1,0,1,1,0.444393426,0.44439742,0.444393426,0.44439742,3.9935112e-06,13,raw-and-scaled,5,1,fp5_e1m3,fp5_e2m2,3,2,4,99450,13,exp2,213483520,213487616,213487616,53371904,0.444393426,0.44439742,-4096,160111616,0.00025331974,0x3ee3880f,0.44439742,0x3f800000,1,0xbb1bc684,-0.00237694476,0xbb1bc684,-0.00237694476,10000,0,0,000,10000,0,0,00,0xbb1bc684,-0.00237694476,0xbb1bc684,-0.00237694476,0x00000000,0,0,0
l2,0.0625,0,min-error,metric_min,exp1,0,1,1,0.444393426,0.44439742,0.444393426,0.44439742,3.9935112e-06,14,raw-and-scaled,5,1,fp5_e1m3,fp5_e2m2,3,2,4,99450,14,exp2,213483520,213487616,213487616,53371904,0.444393426,0.44439742,-4096,160111616,0.00025331974,0x3ee3880f,0.44439742,0x3f800000,1,0x3f8122c4,1.00887346,0x3f8122c4,1.00887346,01000,1,0,000,01100,3,0,00,0x3c116200,0.00887346268,0x3c116200,0.00887346268,0x00000000,0,0,0
l2,0.0625,0,min-error,metric_min,exp1,0,1,1,0.444393426,0.44439742,0.444393426,0.44439742,3.9935112e-06,15,raw-and-scaled,5,1,fp5_e1m3,fp5_e2m2,3,2,4,99450,15,exp2,213483520,213487616,213487616,53371904,0.444393426,0.44439742,-4096,160111616,0.00025331974,0x3ee3880f,0.44439742,0x3f800000,1,0xbccea6e6,-0.0252260678,0xbccea6e6,-0.0252260678,10000,0,0,000,10000,0,0,00,0xbccea6e6,-0.0252260678,0xbccea6e6,-0.0252260678,0x00000000,0,0,0
l2,0.0625,0,min-error,metric_min,exp1,0,1,1,0.444393426,0.44439742,0.444393426,0.44439742,3.9935112e-06,16,raw-and-scaled,5,1,fp5_e1m3,fp5_e2m2,3,2,4,99450,16,exp2,213483520,213487616,213487616,53371904,0.444393426,0.44439742,-4096,160111616,0.00025331974,0x3ee3880f,0.44439742,0x3f800000,1,0xbdd8da50,-0.105885148,0xbdd8da50,-0.105885148,10000,0,0,000,10001,0,1,01,0xbdd8da50,-0.105885148,0xbd31b4a0,-0.043385148,0xcb18d000,-10014720,-2503680,-0.597081184
l2,0.0625,0,min-error,metric_min,exp1,0,1,1,0.444393426,0.44439742,0.444393426,0.44439742,3.9935112e-06,17,raw-and-scaled,5,1,fp5_e1m3,fp5_e2m2,3,2,4,99450,17,exp2,213483520,213487616,213487616,53371904,0.444393426,0.44439742,-4096,160111616,0.00025331974,0x3ee3880f,0.44439742,0x3f800000,1,0x3fe92fe6,1.82177424,0x3fe92fe6,1.82177424,01110,1,6,110,01111,3,3,11,0x3d92fe60,0.0717742443,0x3d92fe60,0.0717742443,0x00000000,0,0,0
l2,0.0625,0,min-error,metric_min,exp1,0,1,1,0.444393426,0.44439742,0.444393426,0.44439742,3.9935112e-06,18,raw-and-scaled,5,1,fp5_e1m3,fp5_e2m2,3,2,4,99450,18,exp2,213483520,213487616,213487616,53371904,0.444393426,0.44439742,-4096,160111616,0.00025331974,0x3ee3880f,0.44439742,0x3f800000,1,0xbd61a006,-0.0550842509,0xbd61a006,-0.0550842509,10000,0,0,000,10000,0,0,00,0xbd61a006,-0.0550842509,0xbd61a006,-0.0550842509,0x00000000,0,0,0
l2,0.0625,0,min-error,metric_min,exp1,0,1,1,0.444393426,0.44439742,0.444393426,0.44439742,3.9935112e-06,19,raw-and-scaled,5,1,fp5_e1m3,fp5_e2m2,3,2,4,99450,19,exp2,213483520,213487616,213487616,53371904,0.444393426,0.44439742,-4096,160111616,0.00025331974,0x3ee3880f,0.44439742,0x3f800000,1,0x3eaf36a4,0.34221375,0x3eaf36a4,0.34221375,00010,0,2,010,00101,1,1,01,0x3dbcda90,0.0922137499,0x3cf36a40,0.0297137499,0xcaf9a000,-8179712,-2044928,-0.487709999
l2,0.0625,0,min-error,metric_min,exp1,0,1,1,0.444393426,0.44439742,0.444393426,0.44439742,3.9935112e-06,20,raw-and-scaled,5,1,fp5_e1m3,fp5_e2m2,3,2,4,99450,20,exp2,213483520,213487616,213487616,53371904,0.444393426,0.44439742,-4096,160111616,0.00025331974,0x3ee3880f,0.44439742,0x3f800000,1,0xbb71c826,-0.00368929794,0xbb71c826,-0.00368929794,10000,0,0,000,10000,0,0,00,0xbb71c826,-0.00368929794,0xbb71c826,-0.00368929794,0x00000000,0,0,0
l2,0.0625,0,min-error,metric_min,exp1,0,1,1,0.444393426,0.44439742,0.444393426,0.44439742,3.9935112e-06,21,raw-and-scaled,5,1,fp5_e1m3,fp5_e2m2,3,2,4,99450,21,exp2,213483520,213487616,213487616,53371904,0.444393426,0.44439742,-4096,160111616,0.00025331974,0x3ee3880f,0.44439742,0x3f800000,1,0x3a8897f7,0.00104212656,0x3a8897f7,0.00104212656,00000,0,0,000,00000,0,0,00,0x3a8897f7,0.00104212656,0x3a8897f7,0.00104212656,0x00000000,0,0,0
l2,0.0625,0,min-error,metric_min,exp1,0,1,1,0.444393426,0.44439742,0.444393426,0.44439742,3.9935112e-06,22,raw-and-scaled,5,1,fp5_e1m3,fp5_e2m2,3,2,4,99450,22,exp2,213483520,213487616,213487616,53371904,0.444393426,0.44439742,-4096,160111616,0.00025331974,0x3ee3880f,0.44439742,0x3f800000,1,0xbe4c50fd,-0.199527696,0xbe4c50fd,-0.199527696,10001,0,1,001,10011,0,3,11,0xbd98a1fa,-0.0745276958,0xbc450fd0,-0.0120276958,0xcab14000,-5808128,-1452032,-0.346221566
l2,0.0625,0,min-error,metric_min,exp1,0,1,1,0.444393426,0.44439742,0.444393426,0.44439742,3.9935112e-06,23,raw-and-scaled,5,1,fp5_e1m3,fp5_e2m2,3,2,4,99450,23,exp2,213483520,213487616,213487616,53371904,0.444393426,0.44439742,-4096,160111616,0.00025331974,0x3ee3880f,0.44439742,0x3f800000,1,0xbb2ae051,-0.00260736444,0xbb2ae051,-0.00260736444,10000,0,0,000,10000,0,0,00,0xbb2ae051,-0.00260736444,0xbb2ae051,-0.00260736444,0x00000000,0,0,0
l2,0.0625,0,min-error,metric_min,exp1,0,1,1,0.444393426,0.44439742,0.444393426,0.44439742,3.9935112e-06,24,raw-and-scaled,5,1,fp5_e1m3,fp5_e2m2,3,2,4,99450,24,exp2,213483520,213487616,213487616,53371904,0.444393426,0.44439742,-4096,160111616,0.00025331974,0x3ee3880f,0.44439742,0x3f800000,1,0x3ba7a0ac,0.00511558913,0x3ba7a0ac,0.00511558913,00000,0,0,000,00000,0,0,00,0x3ba7a0ac,0.00511558913,0x3ba7a0ac,0.00511558913,0x00000000,0,0,0
l2,0.0625,0,min-error,metric_min,exp1,0,1,1,0.444393426,0.44439742,0.444393426,0.44439742,3.9935112e-06,25,raw-and-scaled,5,1,fp5_e1m3,fp5_e2m2,3,2,4,99450,25,exp2,213483520,213487616,213487616,53371904,0.444393426,0.44439742,-4096,160111616,0.00025331974,0x3ee3880f,0.44439742,0x3f800000,1,0xbd6a765b,-0.0572417788,0xbd6a765b,-0.0572417788,10000,0,0,000,10000,0,0,00,0xbd6a765b,-0.0572417788,0xbd6a765b,-0.0572417788,0x00000000,0,0,0
l2,0.0625,0,min-error,metric_min,exp1,0,1,1,0.444393426,0.44439742,0.444393426,0.44439742,3.9935112e-06,26,raw-and-scaled,5,1,fp5_e1m3,fp5_e2m2,3,2,4,99450,26,exp2,213483520,213487616,213487616,53371904,0.444393426,0.44439742,-4096,160111616,0.00025331974,0x3ee3880f,0.44439742,0x3f800000,1,0x3d61d27f,0.0551323853,0x3d61d27f,0.0551323853,00000,0,0,000,00000,0,0,00,0x3d61d27f,0.0551323853,0x3d61d27f,0.0551323853,0x00000000,0,0,0
l2,0.0625,0,min-error,metric_min,exp1,0,1,1,0.444393426,0.44439742,0.444393426,0.44439742,3.9935112e-06,27,raw-and-scaled,5,1,fp5_e1m3,fp5_e2m2,3,2,4,99450,27,exp2,213483520,213487616,213487616,53371904,0.444393426,0.44439742,-4096,160111616,0.00025331974,0x3ee3880f,0.44439742,0x3f800000,1,0xbb52fbbe,-0.00321935071,0xbb52fbbe,-0.00321935071,10000,0,0,000,10000,0,0,00,0xbb52fbbe,-0.00321935071,0xbb52fbbe,-0.00321935071,0x00000000,0,0,0
l2,0.0625,0,min-error,metric_min,exp1,0,1,1,0.444393426,0.44439742,0.444393426,0.44439742,3.9935112e-06,28,raw-and-scaled,5,1,fp5_e1m3,fp5_e2m2,3,2,4,99450,28,exp2,213483520,213487616,213487616,53371904,0.444393426,0.44439742,-4096,160111616,0.00025331974,0x3ee3880f,0.44439742,0x3f800000,1,0x3d341b4e,0.0439713523,0x3d341b4e,0.0439713523,00000,0,0,000,00000,0,0,00,0x3d341b4e,0.0439713523,0x3d341b4e,0.0439713523,0x00000000,0,0,0
l2,0.0625,0,min-error,metric_min,exp1,0,1,1,0.444393426,0.44439742,0.444393426,0.44439742,3.9935112e-06,29,raw-and-scaled,5,1,fp5_e1m3,fp5_e2m2,3,2,4,99450,29,exp2,213483520,213487616,213487616,53371904,0.444393426,0.44439742,-4096,160111616,0.00025331974,0x3ee3880f,0.44439742,0x3f800000,1,0xbf0be460,-0.546453476,0xbf0be460,-0.546453476,10100,0,4,100,11000,2,0,00,0xbd3e4600,-0.046453476,0xbd3e4600,-0.046453476,0x00000000,0,0,0
l2,0.0625,0,min-error,metric_min,exp1,0,1,1,0.444393426,0.44439742,0.444393426,0.44439742,3.9935112e-06,30,raw-and-scaled,5,1,fp5_e1m3,fp5_e2m2,3,2,4,99450,30,exp2,213483520,213487616,213487616,53371904,0.444393426,0.44439742,-4096,160111616,0.00025331974,0x3ee3880f,0.44439742,0x3f800000,1,0xbc1055b2,-0.00880949385,0xbc1055b2,-0.00880949385,10000,0,0,000,10000,0,0,00,0xbc1055b2,-0.00880949385,0xbc1055b2,-0.00880949385,0x00000000,0,0,0
l2,0.0625,0,min-error,metric_min,exp1,0,1,1,0.444393426,0.44439742,0.444393426,0.44439742,3.9935112e-06,31,raw-and-scaled,5,1,fp5_e1m3,fp5_e2m2,3,2,4,99450,31,exp2,213483520,213487616,213487616,53371904,0.444393426,0.44439742,-4096,160111616,0.00025331974,0x3ee3880f,0.44439742,0x3f800000,1,0xbd648484,-0.0557904392,0xbd648484,-0.0557904392,10000,0,0,000,10000,0,0,00,0xbd648484,-0.0557904392,0xbd648484,-0.0557904392,0x00000000,0,0,0
l2,0.0625,0,min-error,metric_min,exp1,0,1,1,0.444393426,0.44439742,0.444393426,0.44439742,3.9935112e-06,32,raw-and-scaled,5,1,fp5_e1m3,fp5_e2m2,3,2,4,99450,32,exp2,213483520,213487616,213487616,53371904,0.444393426,0.44439742,-4096,160111616,0.00025331974,0x3ee3880f,0.44439742,0x3f800000,1,0x3dda322a,0.106540993,0x3dda322a,0.106540993,00000,0,0,000,00001,0,1,01,0x3dda322a,0.106540993,0x3d346454,0.0440409929,0xcb1a3000,-10104832,-2526208,-0.602327943
l2,0.0625,0,min-error,metric_min,exp1,0,1,1,0.444393426,0.44439742,0.444393426,0.44439742,3.9935112e-06,33,raw-and-scaled,5,1,fp5_e1m3,fp5_e2m2,3,2,4,99450,33,exp2,213483520,213487616,213487616,53371904,0.444393426,0.44439742,-4096,160111616,0.00025331974,0x3ee3880f,0.44439742,0x3f800000,1,0xbddff2d0,-0.109349847,0xbddff2d0,-0.109349847,10000,0,0,000,10001,0,1,01,0xbddff2d0,-0.109349847,0xbd3fe5a0,-0.0468498468,0xcb1ff000,-10481664,-2620416,-0.624798775
l2,0.0625,0,min-error,metric_min,exp1,0,1,1,0.444393426,0.44439742,0.444393426,0.44439742,3.9935112e-06,34,raw-and-scaled,5,1,fp5_e1m3,fp5_e2m2,3,2,4,99450,34,exp2,213483520,213487616,213487616,53371904,0.444393426,0.44439742,-4096,160111616,0.00025331974,0x3ee3880f,0.44439742,0x3f800000,1,0x3b53a48d,0.00322941248,0x3b53a48d,0.00322941248,00000,0,0,000,00000,0,0,00,0x3b53a48d,0.00322941248,0x3b53a48d,0.00322941248,0x00000000,0,0,0
l2,0.0625,0,min-error,metric_min,exp1,0,1,1,0.444393426,0.44439742,0.444393426,0.44439742,3.9935112e-06,35,raw-and-scaled,5,1,fp5_e1m3,fp5_e2m2,3,2,4,99450,35,exp2,213483520,213487616,213487616,53371904,0.444393426,0.44439742,-4096,160111616,0.00025331974,0x3ee3880f,0.44439742,0x3f800000,1,0x3d5bdea4,0.0536791235,0x3d5bdea4,0.0536791235,00000,0,0,000,00000,0,0,00,0x3d5bdea4,0.0536791235,0x3d5bdea4,0.0536791235,0x00000000,0,0,0
l2,0.0625,0,min-error,metric_min,exp1,0,1,1,0.444393426,0.44439742,0.444393426,0.44439742,3.9935112e-06,36,raw-and-scaled,5,1,fp5_e1m3,fp5_e2m2,3,2,4,99450,36,exp2,213483520,213487616,213487616,53371904,0.444393426,0.44439742,-4096,160111616,0.00025331974,0x3ee3880f,0.44439742,0x3f800000,1,0xbc43f672,-0.0119606126,0xbc43f672,-0.0119606126,10000,0,0,000,10000,0,0,00,0xbc43f672,-0.0119606126,0xbc43f672,-0.0119606126,0x00000000,0,0,0
l2,0.0625,0,min-error,metric_min,exp1,0,1,1,0.444393426,0.44439742,0.444393426,0.44439742,3.9935112e-06,37,raw-and-scaled,5,1,fp5_e1m3,fp5_e2m2,3,2,4,99450,37,exp2,213483520,213487616,213487616,53371904,0.444393426,0.44439742,-4096,160111616,0.00025331974,0x3ee3880f,0.44439742,0x3f800000,1,0x3fd064d8,1.62807751,0x3fd064d8,1.62807751,01101,1,5,101,01110,3,2,10,0x3b49b000,0.00307750702,0x3e0326c0,0.128077507,0x4b864000,17596416,17596416,1.04924011
l2,0.0625,0,min-error,metric_min,exp1,0,1,1,0.444393426,0.44439742,0.444393426,0.44439742,3.9935112e-06,38,raw-and-scaled,5,1,fp5_e1m3,fp5_e2m2,3,2,4,99450,38,exp2,213483520,213487616,213487616,53371904,0.444393426,0.44439742,-4096,160111616,0.00025331974,0x3ee3880f,0.44439742,0x3f800000,1,0xbf5ac5c2,-0.854580045,0xbf5ac5c2,-0.854580045,10110,0,6,110,11010,2,2,10,0xbdd62e10,-0.104580045,0xbdd62e10,-0.104580045,0x00000000,0,0,0
l2,0.0625,0,min-error,metric_min,exp1,0,1,1,0.444393426,0.44439742,0.444393426,0.44439742,3.9935112e-06,39,raw-and-scaled,5,1,fp5_e1m3,fp5_e2m2,3,2,4,99450,39,exp2,213483520,213487616,213487616,53371904,0.444393426,0.44439742,-4096,160111616,0.00025331974,0x3ee3880f,0.44439742,0x3f800000,1,0xbdb4a4b6,-0.0882047862,0xbdb4a4b6,-0.0882047862,10000,0,0,000,10001,0,1,01,0xbdb4a4b6,-0.0882047862,0xbcd292d8,-0.0257047862,0xcae94000,-7643136,-1910784,-0.455638289
l2,0.0625,0,min-error,metric_min,exp1,0,1,1,0.444393426,0.44439742,0.444393426,0.44439742,3.9935112e-06,40,raw-and-scaled,5,1,fp5_e1m3,fp5_e2m2,3,2,4,99450,40,exp2,213483520,213487616,213487616,53371904,0.444393426,0.44439742,-4096,160111616,0.00025331974,0x3ee3880f,0.44439742,0x3f800000,1,0xbdad7aae,-0.0847066492,0xbdad7aae,-0.0847066492,10000,0,0,000,10001,0,1,01,0xbdad7aae,-0.0847066492,0xbcb5eab8,-0.0222066492,0xcadae000,-7172096,-1793024,-0.427653193
l2,0.0625,0,min-error,metric_min,exp1,0,1,1,0.444393426,0.44439742,0.444393426,0.44439742,3.9935112e-06,41,raw-and-scaled,5,1,fp5_e1m3,fp5_e2m2,3,2,4,99450,41,exp2,213483520,213487616,213487616,53371904,0.444393426,0.44439742,-4096,160111616,0.00025331974,0x3ee3880f,0.44439742,0x3f800000,1,0x3b11c05a,0.00222398946,0x3b11c05a,0.00222398946,00000,0,0,000,00000,0,0,00,0x3b11c05a,0.00222398946,0x3b11c05a,0.00222398946,0x00000000,0,0,0
l2,0.0625,0,min-error,metric_min,exp1,0,1,1,0.444393426,0.44439742,0.444393426,0.44439742,3.9935112e-06,42,raw-and-scaled,5,1,fp5_e1m3,fp5_e2m2,3,2,4,99450,42,exp2,213483520,213487616,213487616,53371904,0.444393426,0.44439742,-4096,160111616,0.00025331974,0x3ee3880f,0.44439742,0x3f800000,1,0xba99364f,-0.00116891589,0xba99364f,-0.00116891589,10000,0,0,000,10000,0,0,00,0xba99364f,-0.00116891589,0xba99364f,-0.00116891589,0x00000000,0,0,0
l2,0.0625,0,min-error,metric_min,exp1,0,1,1,0.444393426,0.44439742,0.444393426,0.44439742,3.9935112e-06,43,raw-and-scaled,5,1,fp5_e1m3,fp5_e2m2,3,2,4,99450,43,exp2,213483520,213487616,213487616,53371904,0.444393426,0.44439742,-4096,160111616,0.00025331974,0x3ee3880f,0.44439742,0x3f800000,1,0x3af0d1b8,0.00183730479,0x3af0d1b8,0.00183730479,00000,0,0,000,00000,0,0,00,0x3af0d1b8,0.00183730479,0x3af0d1b8,0.00183730479,0x00000000,0,0,0
l2,0.0625,0,min-error,metric_min,exp1,0,1,1,0.444393426,0.44439742,0.444393426,0.44439742,3.9935112e-06,44,raw-and-scaled,5,1,fp5_e1m3,fp5_e2m2,3,2,4,99450,44,exp2,213483520,213487616,213487616,53371904,0.444393426,0.44439742,-4096,160111616,0.00025331974,0x3ee3880f,0.44439742,0x3f800000,1,0x3d3e53de,0.0464667007,0x3d3e53de,0.0464667007,00000,0,0,000,00000,0,0,00,0x3d3e53de,0.0464667007,0x3d3e53de,0.0464667007,0x00000000,0,0,0
l2,0.0625,0,min-error,metric_min,exp1,0,1,1,0.444393426,0.44439742,0.444393426,0.44439742,3.9935112e-06,45,raw-and-scaled,5,1,fp5_e1m3,fp5_e2m2,3,2,4,99450,45,exp2,213483520,213487616,213487616,53371904,0.444393426,0.44439742,-4096,160111616,0.00025331974,0x3ee3880f,0.44439742,0x3f800000,1,0x3bb77682,0.00559884403,0x3bb77682,0.00559884403,00000,0,0,000,00000,0,0,00,0x3bb77682,0.00559884403,0x3bb77682,0.00559884403,0x00000000,0,0,0
l2,0.0625,0,min-error,metric_min,exp1,0,1,1,0.444393426,0.44439742,0.444393426,0.44439742,3.9935112e-06,46,raw-and-scaled,5,1,fp5_e1m3,fp5_e2m2,3,2,4,99450,46,exp2,213483520,213487616,213487616,53371904,0.444393426,0.44439742,-4096,160111616,0.00025331974,0x3ee3880f,0.44439742,0x3f800000,1,0xbbdf255c,-0.00680987351,0xbbdf255c,-0.00680987351,10000,0,0,000,10000,0,0,00,0xbbdf255c,-0.00680987351,0xbbdf255c,-0.00680987351,0x00000000,0,0,0
l2,0.0625,0,min-error,metric_min,exp1,0,1,1,0.444393426,0.44439742,0.444393426,0.44439742,3.9935112e-06,47,raw-and-scaled,5,1,fp5_e1m3,fp5_e2m2,3,2,4,99450,47,exp2,213483520,213487616,213487616,53371904,0.444393426,0.44439742,-4096,160111616,0.00025331974,0x3ee3880f,0.44439742,0x3f800000,1,0xbec4fd36,-0.384744346,0xbec4fd36,-0.384744346,10011,0,3,011,10110,1,2,10,0xbc1fa6c0,-0.00974434614,0xbc1fa6c0,-0.00974434614,0x00000000,0,0,0
l2,0.0625,0,min-error,metric_min,exp1,0,1,1,0.444393426,0.44439742,0.444393426,0.44439742,3.9935112e-06,48,raw-and-scaled,5,1,fp5_e1m3,fp5_e2m2,3,2,4,99450,48,exp2,213483520,213487616,213487616,53371904,0.444393426,0.44439742,-4096,160111616,0.00025331974,0x3ee3880f,0.44439742,0x3f800000,1,0x3e6ff8b9,0.234347239,0x3e6ff8b9,0.234347239,00001,0,1,001,00011,0,3,11,0x3ddff172,0.109347239,0x3d3fe2e4,0.0468472391,0xcb1ff000,-10481664,-2620416,-0.624777913
l2,0.0625,0,min-error,metric_min,exp1,0,1,1,0.444393426,0.44439742,0.444393426,0.44439742,3.9935112e-06,49,raw-and-scaled,5,1,fp5_e1m3,fp5_e2m2,3,2,4,99450,49,exp2,213483520,213487616,213487616,53371904,0.444393426,0.44439742,-4096,160111616,0.00025331974,0x3ee3880f,0.44439742,0x3f800000,1,0xbffceae4,-1.97591829,0xbffceae4,-1.97591829,11111,1,7,111,11111,3,3,11,0xbdceae40,-0.100918293,0xbe675720,-0.225918293,0x4c275000,43859968,43859968,2.61469269
l2,0.0625,0,min-error,metric_min,exp1,0,1,1,0.444393426,0.44439742,0.444393426,0.44439742,3.9935112e-06,50,raw-and-scaled,5,1,fp5_e1m3,fp5_e2m2,3,2,4,99450,50,exp2,213483520,213487616,213487616,53371904,0.444393426,0.44439742,-4096,160111616,0.00025331974,0x3ee3880f,0.44439742,0x3f800000,1,0x3b428d30,0.00296862051,0x3b428d30,0.00296862051,00000,0,0,000,00000,0,0,00,0x3b428d30,0.00296862051,0x3b428d30,0.00296862051,0x00000000,0,0,0
l2,0.0625,0,min-error,metric_min,exp1,0,1,1,0.444393426,0.44439742,0.444393426,0.44439742,3.9935112e-06,51,raw-and-scaled,5,1,fp5_e1m3,fp5_e2m2,3,2,4,99450,51,exp2,213483520,213487616,213487616,53371904,0.444393426,0.44439742,-4096,160111616,0.00025331974,0x3ee3880f,0.44439742,0x3f800000,1,0xbadeb1ec,-0.00169902807,0xbadeb1ec,-0.00169902807,10000,0,0,000,10000,0,0,00,0xbadeb1ec,-0.00169902807,0xbadeb1ec,-0.00169902807,0x00000000,0,0,0
l2,0.0625,0,min-error,metric_min,exp1,0,1,1,0.444393426,0.44439742,0.444393426,0.44439742,3.9935112e-06,52,raw-and-scaled,5,1,fp5_e1m3,fp5_e2m2,3,2,4,99450,52,exp2,213483520,213487616,213487616,53371904,0.444393426,0.44439742,-4096,160111616,0.00025331974,0x3ee3880f,0.44439742,0x3f800000,1,0xbc99289a,-0.0186961181,0xbc99289a,-0.0186961181,10000,0,0,000,10000,0,0,00,0xbc99289a,-0.0186961181,0xbc99289a,-0.0186961181,0x00000000,0,0,0
l2,0.0625,0,min-error,metric_min,exp1,0,1,1,0.444393426,0.44439742,0.444393426,0.44439742,3.9935112e-06,53,raw-and-scaled,5,1,fp5_e1m3,fp5_e2m2,3,2,4,99450,53,exp2,213483520,213487616,213487616,53371904,0.444393426,0.44439742,-4096,160111616,0.00025331974,0x3ee3880f,0.44439742,0x3f800000,1,0x3ec9ddee,0.394271314,0x3ec9ddee,0.394271314,00011,0,3,011,00110,1,2,10,0x3c9ddee0,0.0192713141,0x3c9ddee0,0.0192713141,0x00000000,0,0,0
l2,0.0625,0,min-error,metric_min,exp1,0,1,1,0.444393426,0.44439742,0.444393426,0.44439742,3.9935112e-06,54,raw-and-scaled,5,1,fp5_e1m3,fp5_e2m2,3,2,4,99450,54,exp2,213483520,213487616,213487616,53371904,0.444393426,0.44439742,-4096,160111616,0.00025331974,0x3ee3880f,0.44439742,0x3f800000,1,0x3f8f5813,1.11987531,0x3f8f5813,1.11987531,01000,1,0,000,01100,3,0,00,0x3df58130,0.119875312,0x3df58130,0.119875312,0x00000000,0,0,0
l2,0.0625,0,min-error,metric_min,exp1,0,1,1,0.444393426,0.44439742,0.444393426,0.44439742,3.9935112e-06,55,raw-and-scaled,5,1,fp5_e1m3,fp5_e2m2,3,2,4,99450,55,exp2,213483520,213487616,213487616,53371904,0.444393426,0.44439742,-4096,160111616,0.00025331974,0x3ee3880f,0.44439742,0x3f800000,1,0x3e9ecfb3,0.310178369,0x3e9ecfb3,0.310178369,00010,0,2,010,00100,1,0,00,0x3d767d98,0.0601783693,0x3d767d98,0.0601783693,0x00000000,0,0,0
l2,0.0625,0,min-error,metric_min,exp1,0,1,1,0.444393426,0.44439742,0.444393426,0.44439742,3.9935112e-06,56,raw-and-scaled,5,1,fp5_e1m3,fp5_e2m2,3,2,4,99450,56,exp2,213483520,213487616,213487616,53371904,0.444393426,0.44439742,-4096,160111616,0.00025331974,0x3ee3880f,0.44439742,0x3f800000,1,0x3cc25eae,0.0237267874,0x3cc25eae,0.0237267874,00000,0,0,000,00000,0,0,00,0x3cc25eae,0.0237267874,0x3cc25eae,0.0237267874,0x00000000,0,0,0
l2,0.0625,0,min-error,metric_min,exp1,0,1,1,0.444393426,0.44439742,0.444393426,0.44439742,3.9935112e-06,57,raw-and-scaled,5,1,fp5_e1m3,fp5_e2m2,3,2,4,99450,57,exp2,213483520,213487616,213487616,53371904,0.444393426,0.44439742,-4096,160111616,0.00025331974,0x3ee3880f,0.44439742,0x3f800000,1,0x3fd7c878,1.68580532,0x3fd7c878,1.68580532,01101,1,5,101,01110,3,2,10,0x3d790f00,0.0608053207,0x3e3e43c0,0.185805321,0x4bfc8000,33095680,33095680,1.97288513
l2,0.0625,0,min-error,metric_min,exp1,0,1,1,0.444393426,0.44439742,0.444393426,0.44439742,3.9935112e-06,58,raw-and-scaled,5,1,fp5_e1m3,fp5_e2m2,3,2,4,99450,58,exp2,213483520,213487616,213487616,53371904,0.444393426,0.44439742,-4096,160111616,0.00025331974,0x3ee3880f,0.44439742,0x3f800000,1,0xbcdcfe04,-0.0269765928,0xbcdcfe04,-0.0269765928,10000,0,0,000,10000,0,0,00,0xbcdcfe04,-0.0269765928,0xbcdcfe04,-0.0269765928,0x00000000,0,0,0
l2,0.0625,0,min-error,metric_min,exp1,0,1,1,0.444393426,0.44439742,0.444393426,0.44439742,3.9935112e-06,59,raw-and-scaled,5,1,fp5_e1m3,fp5_e2m2,3,2,4,99450,59,exp2,213483520,213487616,213487616,53371904,0.444393426,0.44439742,-4096,160111616,0.00025331974,0x3ee3880f,0.44439742,0x3f800000,1,0xbb72e567,-0.0037063004,0xbb72e567,-0.0037063004,10000,0,0,000,10000,0,0,00,0xbb72e567,-0.0037063004,0xbb72e567,-0.0037063004,0x00000000,0,0,0
l2,0.0625,0,min-error,metric_min,exp1,0,1,1,0.444393426,0.44439742,0.444393426,0.44439742,3.9935112e-06,60,raw-and-scaled,5,1,fp5_e1m3,fp5_e2m2,3,2,4,99450,60,exp2,213483520,213487616,213487616,53371904,0.444393426,0.44439742,-4096,160111616,0.00025331974,0x3ee3880f,0.44439742,0x3f800000,1,0xbbd7891e,-0.00657762494,0xbbd7891e,-0.00657762494,10000,0,0,000,10000,0,0,00,0xbbd7891e,-0.00657762494,0xbbd7891e,-0.00657762494,0x00000000,0,0,0
l2,0.0625,0,min-error,metric_min,exp1,0,1,1,0.444393426,0.44439742,0.444393426,0.44439742,3.9935112e-06,61,raw-and-scaled,5,1,fp5_e1m3,fp5_e2m2,3,2,4,99450,61,exp2,213483520,213487616,213487616,53371904,0.444393426,0.44439742,-4096,160111616,0.00025331974,0x3ee3880f,0.44439742,0x3f800000,1,0x3fbf57b4,1.49486399,0x3fbf57b4,1.49486399,01011,1,3,011,01101,3,1,01,0x3df57b40,0.119863987,0x3e7abda0,0.244863987,0x4c3ab000,48939008,48939008,2.91782379
l2,0.0625,0,min-error,metric_min,exp1,0,1,1,0.444393426,0.44439742,0.444393426,0.44439742,3.9935112e-06,62,raw-and-scaled,5,1,fp5_e1m3,fp5_e2m2,3,2,4,99450,62,exp2,213483520,213487616,213487616,53371904,0.444393426,0.44439742,-4096,160111616,0.00025331974,0x3ee3880f,0.44439742,0x3f800000,1,0x3feeb000,1.86474609,0x3feeb000,1.86474609,01110,1,6,110,01111,3,3,11,0x3deb0000,0.114746094,0x3deb0000,0.114746094,0x00000000,0,0,0
l2,0.0625,0,min-error,metric_min,exp1,0,1,1,0.444393426,0.44439742,0.444393426,0.44439742,3.9935112e-06,63,raw-and-scaled,5,1,fp5_e1m3,fp5_e2m2,3,2,4,99450,63,exp2,213483520,213487616,213487616,53371904,0.444393426,0.44439742,-4096,160111616,0.00025331974,0x3ee3880f,0.44439742,0x3f800000,1,0x3ba46b2f,0.00501766009,0x3ba46b2f,0.00501766009,00000,0,0,000,00000,0,0,00,0x3ba46b2f,0.00501766009,0x3ba46b2f,0.00501766009,0x00000000,0,0,0
l2,0.0625,0,min-error,metric_min,exp1,0,1,1,0.444393426,0.44439742,0.444393426,0.44439742,3.9935112e-06,64,raw-and-scaled,5,1,fp5_e1m3,fp5_e2m2,3,2,4,99450,64,exp2,213483520,213487616,213487616,53371904,0.444393426,0.44439742,-4096,160111616,0.00025331974,0x3ee3880f,0.44439742,0x3f800000,1,0xbe140c3a,-0.144577891,0xbe140c3a,-0.144577891,10001,0,1,001,10010,0,2,10,0xbca061d0,-0.0195778906,0xbca061d0,-0.0195778906,0x00000000,0,0,0
l2,0.0625,0,min-error,metric_min,exp1,0,1,1,0.444393426,0.44439742,0.444393426,0.44439742,3.9935112e-06,65,raw-and-scaled,5,1,fp5_e1m3,fp5_e2m2,3,2,4,99450,65,exp2,213483520,213487616,213487616,53371904,0.444393426,0.44439742,-4096,160111616,0.00025331974,0x3ee3880f,0.44439742,0x3f800000,1,0xbc091c50,-0.00836856663,0xbc091c50,-0.00836856663,10000,0,0,000,10000,0,0,00,0xbc091c50,-0.00836856663,0xbc091c50,-0.00836856663,0x00000000,0,0,0
l2,0.0625,0,min-error,metric_min,exp1,0,1,1,0.444393426,0.44439742,0.444393426,0.44439742,3.9935112e-06,66,raw-and-scaled,5,1,fp5_e1m3,fp5_e2m2,3,2,4,99450,66,exp2,213483520,213487616,213487616,53371904,0.444393426,0.44439742,-4096,160111616,0.00025331974,0x3ee3880f,0.44439742,0x3f800000,1,0x3c62f502,0.0138523597,0x3c62f502,0.0138523597,00000,0,0,000,00000,0,0,00,0x3c62f502,0.0138523597,0x3c62f502,0.0138523597,0x00000000,0,0,0
l2,0.0625,0,min-error,metric_min,exp1,0,1,1,0.444393426,0.44439742,0.444393426,0.44439742,3.9935112e-06,67,raw-and-scaled,5,1,fp5_e1m3,fp5_e2m2,3,2,4,99450,67,exp2,213483520,213487616,213487616,53371904,0.444393426,0.44439742,-4096,160111616,0.00025331974,0x3ee3880f,0.44439742,0x3f800000,1,0x3e25a884,0.161775649,0x3e25a884,0.161775649,00001,0,1,001,00010,0,2,10,0x3d16a210,0.0367756486,0x3d16a210,0.0367756486,0x00000000,0,0,0
l2,0.0625,0,min-error,metric_min,exp1,0,1,1,0.444393426,0.44439742,0.444393426,0.44439742,3.9935112e-06,68,raw-and-scaled,5,1,fp5_e1m3,fp5_e2m2,3,2,4,99450,68,exp2,213483520,213487616,213487616,53371904,0.444393426,0.44439742,-4096,160111616,0.00025331974,0x3ee3880f,0.44439742,0x3f800000,1,0x3ca0061e,0.0195341669,0x3ca0061e,0.0195341669,00000,0,0,000,00000,0,0,00,0x3ca0061e,0.0195341669,0x3ca0061e,0.0195341669,0x00000000,0,0,0
l2,0.0625,0,min-error,metric_min,exp1,0,1,1,0.444393426,0.44439742,0.444393426,0.44439742,3.9935112e-06,69,raw-and-scaled,5,1,fp5_e1m3,fp5_e2m2,3,2,4,99450,69,exp2,213483520,213487616,213487616,53371904,0.444393426,0.44439742,-4096,160111616,0.00025331974,0x3ee3880f,0.44439742,0x3f800000,1,0x3c1d2bac,0.00959293172,0x3c1d2bac,0.00959293172,00000,0,0,000,00000,0,0,00,0x3c1d2bac,0.00959293172,0x3c1d2bac,0.00959293172,0x00000000,0,0,0
l2,0.0625,0,min-error,metric_min,exp1,0,1,1,0.444393426,0.44439742,0.444393426,0.44439742,3.9935112e-06,70,raw-and-scaled,5,1,fp5_e1m3,fp5_e2m2,3,2,4,99450,70,exp2,213483520,213487616,213487616,53371904,0.444393426,0.44439742,-4096,160111616,0.00025331974,0x3ee3880f,0.44439742,0x3f800000,1,0x3d90d590,0.0707198381,0x3d90d590,0.0707198381,00000,0,0,000,00001,0,1,01,0x3d90d590,0.0707198381,0x3c06ac80,0.00821983814,0xcaa1a000,-5296128,-1324032,-0.315758705
l2,0.0625,0,min-error,metric_min,exp1,0,1,1,0.444393426,0.44439742,0.444393426,0.44439742,3.9935112e-06,71,raw-and-scaled,5,1,fp5_e1m3,fp5_e2m2,3,2,4,99450,71,exp2,213483520,213487616,213487616,53371904,0.444393426,0.44439742,-4096,160111616,0.00025331974,0x3ee3880f,0.44439742,0x3f800000,1,0xbd1e21c5,-0.0386064239,0xbd1e21c5,-0.0386064239,10000,0,0,000,10000,0,0,00,0xbd1e21c5,-0.0386064239,0xbd1e21c5,-0.0386064239,0x00000000,0,0,0
l2,0.0625,0,min-error,metric_min,exp1,0,1,1,0.444393426,0.44439742,0.444393426,0.44439742,3.9935112e-06,72,raw-and-scaled,5,1,fp5_e1m3,fp5_e2m2,3,2,4,99450,72,exp2,213483520,213487616,213487616,53371904,0.444393426,0.44439742,-4096,160111616,0.00025331974,0x3ee3880f,0.44439742,0x3f800000,1,0xbfcebb86,-1.61509776,0xbfcebb86,-1.61509776,11100,1,4,100,11110,3,2,10,0xbdebb860,-0.115097761,0xbdebb860,-0.115097761,0x00000000,0,0,0
l2,0.0625,0,min-error,metric_min,exp1,0,1,1,0.444393426,0.44439742,0.444393426,0.44439742,3.9935112e-06,73,raw-and-scaled,5,1,fp5_e1m3,fp5_e2m2,3,2,4,99450,73,exp2,213483520,213487616,213487616,53371904,0.444393426,0.44439742,-4096,160111616,0.00025331974,0x3ee3880f,0.44439742,0x3f800000,1,0xbd0ace3e,-0.0338880941,0xbd0ace3e,-0.0338880941,10000,0,0,000,10000,0,0,00,0xbd0ace3e,-0.0338880941,0xbd0ace3e,-0.0338880941,0x00000000,0,0,0
l2,0.0625,0,min-error,metric_min,exp1,0,1,1,0.444393426,0.44439742,0.444393426,0.44439742,3.9935112e-06,74,raw-and-scaled,5,1,fp5_e1m3,fp5_e2m2,3,2,4,99450,74,exp2,213483520,213487616,213487616,53371904,0.444393426,0.44439742,-4096,160111616,0.00025331974,0x3ee3880f,0.44439742,0x3f800000,1,0xbe44323a,-0.191597849,0xbe44323a,-0.191597849,10001,0,1,001,10011,0,3,11,0xbd886474,-0.0665978491,0xbb864740,-0.00409784913,0xca90c000,-4743168,-1185792,-0.282782793
l2,0.0625,0,min-error,metric_min,exp1,0,1,1,0.444393426,0.44439742,0.444393426,0.44439742,3.9935112e-06,75,raw-and-scaled,5,1,fp5_e1m3,fp5_e2m2,3,2,4,99450,75,exp2,213483520,213487616,213487616,53371904,0.444393426,0.44439742,-4096,160111616,0.00025331974,0x3ee3880f,0.44439742,0x3f800000,1,0x3d93d145,0.0721764937,0x3d93d145,0.0721764937,00000,0,0,000,00001,0,1,01,0x3d93d145,0.0721764937,0x3c1e8a28,0.0096764937,0xcaa7a000,-5492736,-1373184,-0.32741195
l2,0.0625,0,min-error,metric_min,exp1,0,1,1,0.444393426,0.44439742,0.444393426,0.44439742,3.9935112e-06,76,raw-and-scaled,5,1,fp5_e1m3,fp5_e2m2,3,2,4,99450,76,exp2,213483520,213487616,213487616,53371904,0.444393426,0.44439742,-4096,160111616,0.00025331974,0x3ee3880f,0.44439742,0x3f800000,1,0x3c9d64a0,0.0192130208,0x3c9d64a0,0.0192130208,00000,0,0,000,00000,0,0,00,0x3c9d64a0,0.0192130208,0x3c9d64a0,0.0192130208,0x00000000,0,0,0
l2,0.0625,0,min-error,metric_min,exp1,0,1,1,0.444393426,0.44439742,0.444393426,0.44439742,3.9935112e-06,77,raw-and-scaled,5,1,fp5_e1m3,fp5_e2m2,3,2,4,99450,77,exp2,213483520,213487616,213487616,53371904,0.444393426,0.44439742,-4096,160111616,0.00025331974,0x3ee3880f,0.44439742,0x3f800000,1,0xbe882f24,-0.265984654,0xbe882f24,-0.265984654,10010,0,2,010,10100,1,0,00,0xbc82f240,-0.0159846544,0xbc82f240,-0.0159846544,0x00000000,0,0,0
l2,0.0625,0,min-error,metric_min,exp1,0,1,1,0.444393426,0.44439742,0.444393426,0.44439742,3.9935112e-06,78,raw-and-scaled,5,1,fp5_e1m3,fp5_e2m2,3,2,4,99450,78,exp2,213483520,213487616,213487616,53371904,0.444393426,0.44439742,-4096,160111616,0.00025331974,0x3ee3880f,0.44439742,0x3f800000,1,0x3db6931c,0.0891477764,0x3db6931c,0.0891477764,00000,0,0,000,00001,0,1,01,0x3db6931c,0.0891477764,0x3cda4c70,0.0266477764,0xcaed2000,-7770112,-1942528,-0.463182181
l2,0.0625,0,min-error,metric_min,exp1,0,1,1,0.444393426,0.44439742,0.444393426,0.44439742,3.9935112e-06,79,raw-and-scaled,5,1,fp5_e1m3,fp5_e2m2,3,2,4,99450,79,exp2,213483520,213487616,213487616,53371904,0.444393426,0.44439742,-4096,160111616,0.00025331974,0x3ee3880f,0.44439742,0x3f800000,1,0x3e72b5c0,0.237021446,0x3e72b5c0,0.237021446,00001,0,1,001,00011,0,3,11,0x3de56b80,0.112021446,0x3d4ad700,0.0495214462,0xcb256000,-10838016,-2709504,-0.64617157
l2,0.0625,0,min-error,metric_min,exp1,0,1,1,0.444393426,0.44439742,0.444393426,0.44439742,3.9935112e-06,80,raw-and-scaled,5,1,fp5_e1m3,fp5_e2m2,3,2,4,99450,80,exp2,213483520,213487616,213487616,53371904,0.444393426,0.44439742,-4096,160111616,0.00025331974,0x3ee3880f,0.44439742,0x3f800000,1,0xbbf60bcc,-0.00750873052,0xbbf60bcc,-0.00750873052,10000,0,0,000,10000,0,0,00,0xbbf60bcc,-0.00750873052,0xbbf60bcc,-0.00750873052,0x00000000,0,0,0
l2,0.0625,0,min-error,metric_min,exp1,0,1,1,0.444393426,0.44439742,0.444393426,0.44439742,3.9935112e-06,81,raw-and-scaled,5,1,fp5_e1m3,fp5_e2m2,3,2,4,99450,81,exp2,213483520,213487616,213487616,53371904,0.444393426,0.44439742,-4096,160111616,0.00025331974,0x3ee3880f,0.44439742,0x3f800000,1,0xbd436fc7,-0.0477140211,0xbd436fc7,-0.0477140211,10000,0,0,000,10000,0,0,00,0xbd436fc7,-0.0477140211,0xbd436fc7,-0.0477140211,0x00000000,0,0,0
l2,0.0625,0,min-error,metric_min,exp1,0,1,1,0.444393426,0.44439742,0.444393426,0.44439742,3.9935112e-06,82,raw-and-scaled,5,1,fp5_e1m3,fp5_e2m2,3,2,4,99450,82,exp2,213483520,213487616,213487616,53371904,0.444393426,0.44439742,-4096,160111616,0.00025331974,0x3ee3880f,0.44439742,0x3f800000,1,0x3abb1338,0.00142726954,0x3abb1338,0.00142726954,00000,0,0,000,00000,0,0,00,0x3abb1338,0.00142726954,0x3abb1338,0.00142726954,0x00000000,0,0,0
l2,0.0625,0,min-error,metric_min,exp1,0,1,1,0.444393426,0.44439742,0.444393426,0.44439742,3.9935112e-06,83,raw-and-scaled,5,1,fp5_e1m3,fp5_e2m2,3,2,4,99450,83,exp2,213483520,213487616,213487616,53371904,0.444393426,0.44439742,-4096,160111616,0.00025331974,0x3ee3880f,0.44439742,0x3f800000,1,0x3b2f5d29,0.00267584086,0x3b2f5d29,0.00267584086,00000,0,0,000,00000,0,0,00,0x3b2f5d29,0.00267584086,0x3b2f5d29,0.00267584086,0x00000000,0,0,0
l2,0.0625,0,min-error,metric_min,exp1,0,1,1,0.444393426,0.44439742,0.444393426,0.44439742,3.9935112e-06,84,raw-and-scaled,5,1,fp5_e1m3,fp5_e2m2,3,2,4,99450,84,exp2,213483520,213487616,213487616,53371904,0.444393426,0.44439742,-4096,160111616,0.00025331974,0x3ee3880f,0.44439742,0x3f800000,1,0x3c682900,0.0141699314,0x3c682900,0.0141699314,00000,0,0,000,00000,0,0,00,0x3c682900,0.0141699314,0x3c682900,0.0141699314,0x00000000,0,0,0
l2,0.0625,0,min-error,metric_min,exp1,0,1,1,0.444393426,0.44439742,0.444393426,0.44439742,3.9935112e-06,85,raw-and-scaled,5,1,fp5_e1m3,fp5_e2m2,3,2,4,99450,85,exp2,213483520,213487616,213487616,53371904,0.444393426,0.44439742,-4096,160111616,0.00025331974,0x3ee3880f,0.44439742,0x3f800000,1,0xbebba64a,-0.36650306,0xbebba64a,-0.36650306,10010,0,2,010,10101,1,1,01,0xbdee9928,-0.11650306,0xbd5d3250,-0.0540030599,0xcb2e9000,-11440128,-2860032,-0.682024479
l2,0.0625,0,min-error,metric_min,exp1,0,1,1,0.444393426,0.44439742,0.444393426,0.44439742,3.9935112e-06,86,raw-and-scaled,5,1,fp5_e1m3,fp5_e2m2,3,2,4,99450,86,exp2,213483520,213487616,213487616,53371904,0.444393426,0.44439742,-4096,160111616,0.00025331974,0x3ee3880f,0.44439742,0x3f800000,1,0x3decb967,0.115588002,0x3decb967,0.115588002,00000,0,0,000,00001,0,1,01,0x3decb967,0.115588002,0x3d5972ce,0.0530880019,0xcb2cb000,-11317248,-2829312,-0.674704015
l2,0.0625,0,min-error,metric_min,exp1,0,1,1,0.444393426,0.44439742,0.444393426,0.44439742,3.9935112e-06,87,raw-and-scaled,5,1,fp5_e1m3,fp5_e2m2,3,2,4,99450,87,exp2,213483520,213487616,213487616,53371904,0.444393426,0.44439742,-4096,160111616,0.00025331974,0x3ee3880f,0.44439742,0x3f800000,1,0xbcc4681a,-0.0239754207,0xbcc4681a,-0.0239754207,10000,0,0,000,10000,0,0,00,0xbcc4681a,-0.0239754207,0xbcc4681a,-0.0239754207,0x00000000,0,0,0
l2,0.0625,0,min-error,metric_min,exp1,0,1,1,0.444393426,0.44439742,0.444393426,0.44439742,3.9935112e-06,88,raw-and-scaled,5,1,fp5_e1m3,fp5_e2m2,3,2,4,99450,88,exp2,213483520,213487616,213487616,53371904,0.444393426,0.44439742,-4096,160111616,0.00025331974,0x3ee3880f,0.44439742,0x3f800000,1,0x3f020a46,0.50796926,0x3f020a46,0.50796926,00100,0,4,100,01000,2,0,00,0x3c029180,0.00796926022,0x3c029180,0.00796926022,0x00000000,0,0,0
l2,0.0625,0,min-error,metric_min,exp1,0,1,1,0.444393426,0.44439742,0.444393426,0.44439742,3.9935112e-06,89,raw-and-scaled,5,1,fp5_e1m3,fp5_e2m2,3,2,4,99450,89,exp2,213483520,213487616,213487616,53371904,0.444393426,0.44439742,-4096,160111616,0.00025331974,0x3ee3880f,0.44439742,0x3f800000,1,0x3ac41da1,0.00149624434,0x3ac41da1,0.00149624434,00000,0,0,000,00000,0,0,00,0x3ac41da1,0.00149624434,0x3ac41da1,0.00149624434,0x00000000,0,0,0
l2,0.0625,0,min-error,metric_min,exp1,0,1,1,0.444393426,0.44439742,0.444393426,0.44439742,3.9935112e-06,90,raw-and-scaled,5,1,fp5_e1m3,fp5_e2m2,3,2,4,99450,90,exp2,213483520,213487616,213487616,53371904,0.444393426,0.44439742,-4096,160111616,0.00025331974,0x3ee3880f,0.44439742,0x3f800000,1,0x3adb28b2,0.00167205022,0x3adb28b2,0.00167205022,00000,0,0,000,00000,0,0,00,0x3adb28b2,0.00167205022,0x3adb28b2,0.00167205022,0x00000000,0,0,0
l2,0.0625,0,min-error,metric_min,exp1,0,1,1,0.444393426,0.44439742,0.444393426,0.44439742,3.9935112e-06,91,raw-and-scaled,5,1,fp5_e1m3,fp5_e2m2,3,2,4,99450,91,exp2,213483520,213487616,213487616,53371904,0.444393426,0.44439742,-4096,160111616,0.00025331974,0x3ee3880f,0.44439742,0x3f800000,1,0xbcfbfcd4,-0.0307602063,0xbcfbfcd4,-0.0307602063,10000,0,0,000,10000,0,0,00,0xbcfbfcd4,-0.0307602063,0xbcfbfcd4,-0.0307602063,0x00000000,0,0,0
l2,0.0625,0,min-error,metric_min,exp1,0,1,1,0.444393426,0.44439742,0.444393426,0.44439742,3.9935112e-06,92,raw-and-scaled,5,1,fp5_e1m3,fp5_e2m2,3,2,4,99450,92,exp2,213483520,213487616,213487616,53371904,0.444393426,0.44439742,-4096,160111616,0.00025331974,0x3ee3880f,0.44439742,0x3f800000,1,0x3f203ea3,0.62595576,0x3f203ea3,0.62595576,00101,0,5,101,01001,2,1,01,0x3a7a8c00,0.000955760479,0x3a7a8c00,0.000955760479,0x00000000,0,0,0
l2,0.0625,0,min-error,metric_min,exp1,0,1,1,0.444393426,0.44439742,0.444393426,0.44439742,3.9935112e-06,93,raw-and-scaled,5,1,fp5_e1m3,fp5_e2m2,3,2,4,99450,93,exp2,213483520,213487616,213487616,53371904,0.444393426,0.44439742,-4096,160111616,0.00025331974,0x3ee3880f,0.44439742,0x3f800000,1,0x3f5c295a,0.860005975,0x3f5c295a,0.860005975,00110,0,6,110,01010,2,2,10,0x3de14ad0,0.110005975,0x3de14ad0,0.110005975,0x00000000,0,0,0
l2,0.0625,0,min-error,metric_min,exp1,0,1,1,0.444393426,0.44439742,0.444393426,0.44439742,3.9935112e-06,94,raw-and-scaled,5,1,fp5_e1m3,fp5_e2m2,3,2,4,99450,94,exp2,213483520,213487616,213487616,53371904,0.444393426,0.44439742,-4096,160111616,0.00025331974,0x3ee3880f,0.44439742,0x3f800000,1,0x3c30ead4,0.0107981749,0x3c30ead4,0.0107981749,00000,0,0,000,00000,0,0,00,0x3c30ead4,0.0107981749,0x3c30ead4,0.0107981749,0x00000000,0,0,0
l2,0.0625,0,min-error,metric_min,exp1,0,1,1,0.444393426,0.44439742,0.444393426,0.44439742,3.9935112e-06,95,raw-and-scaled,5,1,fp5_e1m3,fp5_e2m2,3,2,4,99450,95,exp2,213483520,213487616,213487616,53371904,0.444393426,0.44439742,-4096,160111616,0.00025331974,0x3ee3880f,0.44439742,0x3f800000,1,0xbfd3b6cb,-1.6540159,0xbfd3b6cb,-1.6540159,11101,1,5,101,11110,3,2,10,0xbcedb2c0,-0.0290158987,0xbe1db658,-0.154015899,0x4bbb6000,24559616,24559616,1.46425438
l2,0.0625,0,min-error,metric_min,exp1,0,1,1,0.444393426,0.44439742,0.444393426,0.44439742,3.9935112e-06,96,raw-and-scaled,5,1,fp5_e1m3,fp5_e2m2,3,2,4,99450,96,exp2,213483520,213487616,213487616,53371904,0.444393426,0.44439742,-4096,160111616,0.00025331974,0x3ee3880f,0.44439742,0x3f800000,1,0xbfbdab6a,-1.48179364,0xbfbdab6a,-1.48179364,11011,1,3,011,11101,3,1,01,0xbddab6a0,-0.106793642,0xbe6d5b50,-0.231793642,0x4c2d5000,45432832,45432832,2.70869827
l2,0.0625,0,min-error,metric_min,exp1,0,1,1,0.444393426,0.44439742,0.444393426,0.44439742,3.9935112e-06,97,raw-and-scaled,5,1,fp5_e1m3,fp5_e2m2,3,2,4,99450,97,exp2,213483520,213487616,213487616,53371904,0.444393426,0.44439742,-4096,160111616,0.00025331974,0x3ee3880f,0.44439742,0x3f800000,1,0xbe2408fc,-0.160190523,0xbe2408fc,-0.160190523,10001,0,1,001,10010,0,2,10,0xbd1023f0,-0.0351905227,0xbd1023f0,-0.0351905227,0x00000000,0,0,0
l2,0.0625,0,min-error,metric_min,exp1,0,1,1,0.444393426,0.44439742,0.444393426,0.44439742,3.9935112e-06,98,raw-and-scaled,5,1,fp5_e1m3,fp5_e2m2,3,2,4,99450,98,exp2,213483520,213487616,213487616,53371904,0.444393426,0.44439742,-4096,160111616,0.00025331974,0x3ee3880f,0.44439742,0x3f800000,1,0xbd827316,-0.0636960715,0xbd827316,-0.0636960715,10000,0,0,000,10001,0,1,01,0xbd827316,-0.0636960715,0xba9cc580,-0.00119607151,0xca84e000,-4354048,-1088512,-0.259568572
l2,0.0625,0,min-error,metric_min,exp1,0,1,1,0.444393426,0.44439742,0.444393426,0.44439742,3.9935112e-06,99,raw-and-scaled,5,1,fp5_e1m3,fp5_e2m2,3,2,4,99450,99,exp2,213483520,213487616,213487616,53371904,0.444393426,0.44439742,-4096,160111616,0.00025331974,0x3ee3880f,0.44439742,0x3f800000,1,0x3eee7504,0.465736508,0x3eee7504,0.465736508,00011,0,3,011,00111,1,3,11,0x3db9d410,0.0907365084,0x3ce75040,0.0282365084,0xcaf3a000,-7983104,-1995776,-0.475892067
l2,0.0625,0,min-error,metric_min,exp1,0,1,1,0.444393426,0.44439742,0.444393426,0.44439742,3.9935112e-06,100,raw-and-scaled,5,1,fp5_e1m3,fp5_e2m2,3,2,4,99450,100,exp2,213483520,213487616,213487616,53371904,0.444393426,0.44439742,-4096,160111616,0.00025331974,0x3ee3880f,0.44439742,0x3f800000,1,0x3e919a29,0.284379274,0x3e919a29,0.284379274,00010,0,2,010,00100,1,0,00,0x3d0cd148,0.0343792737,0x3d0cd148,0.0343792737,0x00000000,0,0,0
l2,0.0625,0,min-error,metric_min,exp1,0,1,1,0.444393426,0.44439742,0.444393426,0.44439742,3.9935112e-06,101,raw-and-scaled,5,1,fp5_e1m3,fp5_e2m2,3,2,4,99450,101,exp2,213483520,213487616,213487616,53371904,0.444393426,0.44439742,-4096,160111616,0.00025331974,0x3ee3880f,0.44439742,0x3f800000,1,0xbb0c32c6,-0.0021392568,0xbb0c32c6,-0.0021392568,10000,0,0,000,10000,0,0,00,0xbb0c32c6,-0.0021392568,0xbb0c32c6,-0.0021392568,0x00000000,0,0,0
l2,0.0625,0,min-error,metric_min,exp1,0,1,1,0.444393426,0.44439742,0.444393426,0.44439742,3.9935112e-06,102,raw-and-scaled,5,1,fp5_e1m3,fp5_e2m2,3,2,4,99450,102,exp2,213483520,213487616,213487616,53371904,0.444393426,0.44439742,-4096,160111616,0.00025331974,0x3ee3880f,0.44439742,0x3f800000,1,0x3c9896ea,0.0186266489,0x3c9896ea,0.0186266489,00000,0,0,000,00000,0,0,00,0x3c9896ea,0.0186266489,0x3c9896ea,0.0186266489,0x00000000,0,0,0
l2,0.0625,0,min-error,metric_min,exp1,0,1,1,0.444393426,0.44439742,0.444393426,0.44439742,3.9935112e-06,103,raw-and-scaled,5,1,fp5_e1m3,fp5_e2m2,3,2,4,99450,103,exp2,213483520,213487616,213487616,53371904,0.444393426,0.44439742,-4096,160111616,0.00025331974,0x3ee3880f,0.44439742,0x3f800000,1,0xbc095bb4,-0.00838368014,0xbc095bb4,-0.00838368014,10000,0,0,000,10000,0,0,00,0xbc095bb4,-0.00838368014,0xbc095bb4,-0.00838368014,0x00000000,0,0,0
l2,0.0625,0,min-error,metric_min,exp1,0,1,1,0.444393426,0.44439742,0.444393426,0.44439742,3.9935112e-06,104,raw-and-scaled,5,1,fp5_e1m3,fp5_e2m2,3,2,4,99450,104,exp2,213483520,213487616,213487616,53371904,0.444393426,0.44439742,-4096,160111616,0.00025331974,0x3ee3880f,0.44439742,0x3f800000,1,0xbda0223e,-0.0781903118,0xbda0223e,-0.0781903118,10000,0,0,000,10001,0,1,01,0xbda0223e,-0.0781903118,0xbc8088f8,-0.0156903118,0xcac04000,-6299648,-1574912,-0.375522494
l2,0.0625,0,min-error,metric_min,exp1,0,1,1,0.444393426,0.44439742,0.444393426,0.44439742,3.9935112e-06,105,raw-and-scaled,5,1,fp5_e1m3,fp5_e2m2,3,2,4,99450,105,exp2,213483520,213487616,213487616,53371904,0.444393426,0.44439742,-4096,160111616,0.00025331974,0x3ee3880f,0.44439742,0x3f800000,1,0x3c8777fc,0.0165367052,0x3c8777fc,0.0165367052,00000,0,0,000,00000,0,0,00,0x3c8777fc,0.0165367052,0x3c8777fc,0.0165367052,0x00000000,0,0,0
l2,0.0625,0,min-error,metric_min,exp1,0,1,1,0.444393426,0.44439742,0.444393426,0.44439742,3.9935112e-06,106,raw-and-scaled,5,1,fp5_e1m3,fp5_e2m2,3,2,4,99450,106,exp2,213483520,213487616,213487616,53371904,0.444393426,0.44439742,-4096,160111616,0.00025331974,0x3ee3880f,0.44439742,0x3f800000,1,0xbf3fd69f,-0.749368608,0xbf3fd69f,-0.749368608,10101,0,5,101,11001,2,1,01,0xbdfeb4f8,-0.124368608,0xbdfeb4f8,-0.124368608,0x00000000,0,0,0
l2,0.0625,0,min-error,metric_min,exp1,0,1,1,0.444393426,0.44439742,0.444393426,0.44439742,3.9935112e-06,107,raw-and-scaled,5,1,fp5_e1m3,fp5_e2m2,3,2,4,99450,107,exp2,213483520,213487616,213487616,53371904,0.444393426,0.44439742,-4096,160111616,0.00025331974,0x3ee3880f,0.44439742,0x3f800000,1,0x3f054846,0.520634055,0x3f054846,0.520634055,00100,0,4,100,01000,2,0,00,0x3ca908c0,0.0206340551,0x3ca908c0,0.0206340551,0x00000000,0,0,0
l2,0.0625,0,min-error,metric_min,exp1,0,1,1,0.444393426,0.44439742,0.444393426,0.44439742,3.9935112e-06,108,raw-and-scaled,5,1,fp5_e1m3,fp5_e2m2,3,2,4,99450,108,exp2,213483520,213487616,213487616,53371904,0.444393426,0.44439742,-4096,160111616,0.00025331974,0x3ee3880f,0.44439742,0x3f800000,1,0xbf641835,-0.89099437,0xbf641835,-0.89099437,10111,0,7,111,11011,2,3,11,0xbc8306a0,-0.01599437,0xbc8306a0,-0.01599437,0x00000000,0,0,0
l2,0.0625,0,min-error,metric_min,exp1,0,1,1,0.444393426,0.44439742,0.444393426,0.44439742,3.9935112e-06,109,raw-and-scaled,5,1,fp5_e1m3,fp5_e2m2,3,2,4,99450,109,exp2,213483520,213487616,213487616,53371904,0.444393426,0.44439742,-4096,160111616,0.00025331974,0x3ee3880f,0.44439742,0x3f800000,1,0x3bc2e39b,0.00594754284,0x3bc2e39b,0.00594754284,00000,0,0,000,00000,0,0,00,0x3bc2e39b,0.00594754284,0x3bc2e39b,0.00594754284,0x00000000,0,0,0
l2,0.0625,0,min-error,metric_min,exp1,0,1,1,0.444393426,0.44439742,0.444393426,0.44439742,3.9935112e-06,110,raw-and-scaled,5,1,fp5_e1m3,fp5_e2m2,3,2,4,99450,110,exp2,213483520,213487616,213487616,53371904,0.444393426,0.44439742,-4096,160111616,0.00025331974,0x3ee3880f,0.44439742,0x3f800000,1,0x3e6fff82,0.234373122,0x3e6fff82,0.234373122,00001,0,1,001,00011,0,3,11,0x3ddfff04,0.109373122,0x3d3ffe08,0.0468731225,0xcb1ff000,-10481664,-2620416,-0.62498498
l2,0.0625,0,min-error,metric_min,exp1,0,1,1,0.444393426,0.44439742,0.444393426,0.44439742,3.9935112e-06,111,raw-and-scaled,5,1,fp5_e1m3,fp5_e2m2,3,2,4,99450,111,exp2,213483520,213487616,213487616,53371904,0.444393426,0.44439742,-4096,160111616,0.00025331974,0x3ee3880f,0.44439742,0x3f800000,1,0xbaf4b733,-0.00186703203,0xbaf4b733,-0.00186703203,10000,0,0,000,10000,0,0,00,0xbaf4b733,-0.00186703203,0xbaf4b733,-0.00186703203,0x00000000,0,0,0
l2,0.0625,0,min-error,metric_min,exp1,0,1,1,0.444393426,0.44439742,0.444393426,0.44439742,3.9935112e-06,112,raw-and-scaled,5,1,fp5_e1m3,fp5_e2m2,3,2,4,99450,112,exp2,213483520,213487616,213487616,53371904,0.444393426,0.44439742,-4096,160111616,0.00025331974,0x3ee3880f,0.44439742,0x3f800000,1,0x3ae85758,0.00177262258,0x3ae85758,0.00177262258,00000,0,0,000,00000,0,0,00,0x3ae85758,0.00177262258,0x3ae85758,0.00177262258,0x00000000,0,0,0
l2,0.0625,0,min-error,metric_min,exp1,0,1,1,0.444393426,0.44439742,0.444393426,0.44439742,3.9935112e-06,113,raw-and-scaled,5,1,fp5_e1m3,fp5_e2m2,3,2,4,99450,113,exp2,213483520,213487616,213487616,53371904,0.444393426,0.44439742,-4096,160111616,0.00025331974,0x3ee3880f,0.44439742,0x3f800000,1,0xbf8a2beb,-1.07946527,0xbf8a2beb,-1.07946527,11000,1,0,000,11100,3,0,00,0xbda2beb0,-0.07946527,0xbda2beb0,-0.07946527,0x00000000,0,0,0
l2,0.0625,0,min-error,metric_min,exp1,0,1,1,0.444393426,0.44439742,0.444393426,0.44439742,3.9935112e-06,114,raw-and-scaled,5,1,fp5_e1m3,fp5_e2m2,3,2,4,99450,114,exp2,213483520,213487616,213487616,53371904,0.444393426,0.44439742,-4096,160111616,0.00025331974,0x3ee3880f,0.44439742,0x3f800000,1,0xbbef6ff6,-0.00730704796,0xbbef6ff6,-0.00730704796,10000,0,0,000,10000,0,0,00,0xbbef6ff6,-0.00730704796,0xbbef6ff6,-0.00730704796,0x00000000,0,0,0
l2,0.0625,0,min-error,metric_min,exp1,0,1,1,0.444393426,0.44439742,0.444393426,0.44439742,3.9935112e-06,115,raw-and-scaled,5,1,fp5_e1m3,fp5_e2m2,3,2,4,99450,115,exp2,213483520,213487616,213487616,53371904,0.444393426,0.44439742,-4096,160111616,0.00025331974,0x3ee3880f,0.44439742,0x3f800000,1,0xbc013265,-0.00788555015,0xbc013265,-0.00788555015,10000,0,0,000,10000,0,0,00,0xbc013265,-0.00788555015,0xbc013265,-0.00788555015,0x00000000,0,0,0
l2,0.0625,0,min-error,metric_min,exp1,0,1,1,0.444393426,0.44439742,0.444393426,0.44439742,3.9935112e-06,116,raw-and-scaled,5,1,fp5_e1m3,fp5_e2m2,3,2,4,99450,116,exp2,213483520,213487616,213487616,53371904,0.444393426,0.44439742,-4096,160111616,0.00025331974,0x3ee3880f,0.44439742,0x3f800000,1,0x3b8a0c16,0.00421286654,0x3b8a0c16,0.00421286654,00000,0,0,000,00000,0,0,00,0x3b8a0c16,0.00421286654,0x3b8a0c16,0.00421286654,0x00000000,0,0,0
l2,0.0625,0,min-error,metric_min,exp1,0,1,1,0.444393426,0.44439742,0.444393426,0.44439742,3.9935112e-06,117,raw-and-scaled,5,1,fp5_e1m3,fp5_e2m2,3,2,4,99450,117,exp2,213483520,213487616,213487616,53371904,0.444393426,0.44439742,-4096,160111616,0.00025331974,0x3ee3880f,0.44439742,0x3f800000,1,0x3f4eb560,0.807455063,0x3f4eb560,0.807455063,00110,0,6,110,01010,2,2,10,0x3d6b5600,0.0574550629,0x3d6b5600,0.0574550629,0x00000000,0,0,0
l2,0.0625,0,min-error,metric_min,exp1,0,1,1,0.444393426,0.44439742,0.444393426,0.44439742,3.9935112e-06,118,raw-and-scaled,5,1,fp5_e1m3,fp5_e2m2,3,2,4,99450,118,exp2,213483520,213487616,213487616,53371904,0.444393426,0.44439742,-4096,160111616,0.00025331974,0x3ee3880f,0.44439742,0x3f800000,1,0xbdc11d4e,-0.0942941755,0xbdc11d4e,-0.0942941755,10000,0,0,000,10001,0,1,01,0xbdc11d4e,-0.0942941755,0xbd023a9c,-0.0317941755,0xcb011000,-8458240,-2114560,-0.504353404
l2,0.0625,0,min-error,metric_min,exp1,0,1,1,0.444393426,0.44439742,0.444393426,0.44439742,3.9935112e-06,119,raw-and-scaled,5,1,fp5_e1m3,fp5_e2m2,3,2,4,99450,119,exp2,213483520,213487616,213487616,53371904,0.444393426,0.44439742,-4096,160111616,0.00025331974,0x3ee3880f,0.44439742,0x3f800000,1,0xbf1d8a8f,-0.615395486,0xbf1d8a8f,-0.615395486,10100,0,4,100,11000,2,0,00,0xbdec5478,-0.115395486,0xbdec5478,-0.115395486,0x00000000,0,0,0
l2,0.0625,0,min-error,metric_min,exp1,0,1,1,0.444393426,0.44439742,0.444393426,0.44439742,3.9935112e-06,120,raw-and-scaled,5,1,fp5_e1m3,fp5_e2m2,3,2,4,99450,120,exp2,213483520,213487616,213487616,53371904,0.444393426,0.44439742,-4096,160111616,0.00025331974,0x3ee3880f,0.44439742,0x3f800000,1,0x3e19f1ee,0.150336951,0x3e19f1ee,0.150336951,00001,0,1,001,00010,0,2,10,0x3ccf8f70,0.025336951,0x3ccf8f70,0.025336951,0x00000000,0,0,0
l2,0.0625,0,min-error,metric_min,exp1,0,1,1,0.444393426,0.44439742,0.444393426,0.44439742,3.9935112e-06,121,raw-and-scaled,5,1,fp5_e1m3,fp5_e2m2,3,2,4,99450,121,exp2,213483520,213487616,213487616,53371904,0.444393426,0.44439742,-4096,160111616,0.00025331974,0x3ee3880f,0.44439742,0x3f800000,1,0x3e7141a9,0.235602036,0x3e7141a9,0.235602036,00001,0,1,001,00011,0,3,11,0x3de28352,0.110602036,0x3d4506a4,0.0481020361,0xcb228000,-10649600,-2662400,-0.634816289
l2,0.0625,0,min-error,metric_min,exp1,0,1,1,0.444393426,0.44439742,0.444393426,0.44439742,3.9935112e-06,122,raw-and-scaled,5,1,fp5_e1m3,fp5_e2m2,3,2,4,99450,122,exp2,213483520,213487616,213487616,53371904,0.444393426,0.44439742,-4096,160111616,0.00025331974,0x3ee3880f,0.44439742,0x3f800000,1,0x3c5a228c,0.0133139007,0x3c5a228c,0.0133139007,00000,0,0,000,00000,0,0,00,0x3c5a228c,0.0133139007,0x3c5a228c,0.0133139007,0x00000000,0,0,0
l2,0.0625,0,min-error,metric_min,exp1,0,1,1,0.444393426,0.44439742,0.444393426,0.44439742,3.9935112e-06,123,raw-and-scaled,5,1,fp5_e1m3,fp5_e2m2,3,2,4,99450,123,exp2,213483520,213487616,213487616,53371904,0.444393426,0.44439742,-4096,160111616,0.00025331974,0x3ee3880f,0.44439742,0x3f800000,1,0x3c6b0d42,0.0143464226,0x3c6b0d42,0.0143464226,00000,0,0,000,00000,0,0,00,0x3c6b0d42,0.0143464226,0x3c6b0d42,0.0143464226,0x00000000,0,0,0
l2,0.0625,0,min-error,metric_min,exp1,0,1,1,0.444393426,0.44439742,0.444393426,0.44439742,3.9935112e-06,124,raw-and-scaled,5,1,fp5_e1m3,fp5_e2m2,3,2,4,99450,124,exp2,213483520,213487616,213487616,53371904,0.444393426,0.44439742,-4096,160111616,0.00025331974,0x3ee3880f,0.44439742,0x3f800000,1,0x3d4dfcf0,0.0502900481,0x3d4dfcf0,0.0502900481,00000,0,0,000,00000,0,0,00,0x3d4dfcf0,0.0502900481,0x3d4dfcf0,0.0502900481,0x00000000,0,0,0
l2,0.0625,0,min-error,metric_min,exp1,0,1,1,0.444393426,0.44439742,0.444393426,0.44439742,3.9935112e-06,125,raw-and-scaled,5,1,fp5_e1m3,fp5_e2m2,3,2,4,99450,125,exp2,213483520,213487616,213487616,53371904,0.444393426,0.44439742,-4096,160111616,0.00025331974,0x3ee3880f,0.44439742,0x3f800000,1,0x3cd10112,0.0255132057,0x3cd10112,0.0255132057,00000,0,0,000,00000,0,0,00,0x3cd10112,0.0255132057,0x3cd10112,0.0255132057,0x00000000,0,0,0
l2,0.0625,0,min-error,metric_min,exp1,0,1,1,0.444393426,0.44439742,0.444393426,0.44439742,3.9935112e-06,126,raw-and-scaled,5,1,fp5_e1m3,fp5_e2m2,3,2,4,99450,126,exp2,213483520,213487616,213487616,53371904,0.444393426,0.44439742,-4096,160111616,0.00025331974,0x3ee3880f,0.44439742,0x3f800000,1,0xbf5805de,-0.843839526,0xbf5805de,-0.843839526,10110,0,6,110,11010,2,2,10,0xbdc02ef0,-0.0938395262,0xbdc02ef0,-0.0938395262,0x00000000,0,0,0
l2,0.0625,0,min-error,metric_min,exp1,0,1,1,0.444393426,0.44439742,0.444393426,0.44439742,3.9935112e-06,127,raw-and-scaled,5,1,fp5_e1m3,fp5_e2m2,3,2,4,99450,127,exp2,213483520,213487616,213487616,53371904,0.444393426,0.44439742,-4096,160111616,0.00025331974,0x3ee3880f,0.44439742,0x3f800000,1,0x3bf4a7aa,0.00746627618,0x3bf4a7aa,0.00746627618,00000,0,0,000,00000,0,0,00,0x3bf4a7aa,0.00746627618,0x3bf4a7aa,0.00746627618,0x00000000,0,0,0
l2,0.0625,0,min-error,metric_min,exp1,0,1,1,0.966382027,0.966406822,0.966382027,0.966406822,2.47955322e-05,0,raw-and-scaled,4,1,fp4_e1m2,fp4_e2m1,2,1,4,30824,0,exp2,108756992,108765184,108765184,27191296,0.966382027,0.966406822,-8192,81565696,0.000396728516,0x3f776670,0.966406822,0x3f800000,1,0xbb007f80,-0.00196072459,0xbb007f80,-0.00196072459,1000,0,0,00,1000,0,0,0,0xbb007f80,-0.00196072459,0xbb007f80,-0.00196072459,0x00000000,0,0,0
l2,0.0625,0,min-error,metric_min,exp1,0,1,1,0.966382027,0.966406822,0.966382027,0.966406822,2.47955322e-05,1,raw-and-scaled,4,1,fp4_e1m2,fp4_e2m1,2,1,4,30824,1,exp2,108756992,108765184,108765184,27191296,0.966382027,0.966406822,-8192,81565696,0.000396728516,0x3f776670,0.966406822,0x3f800000,1,0x3d980800,0.0742340088,0x3d980800,0.0742340088,0000,0,0,00,0000,0,0,0,0x3d980800,0.0742340088,0x3d980800,0.0742340088,0x00000000,0,0,0
l2,0.0625,0,min-error,metric_min,exp1,0,1,1,0.966382027,0.966406822,0.966382027,0.966406822,2.47955322e-05,2,raw-and-scaled,4,1,fp4_e1m2,fp4_e2m1,2,1,4,30824,2,exp2,108756992,108765184,108765184,27191296,0.966382027,0.966406822,-8192,81565696,0.000396728516,0x3f776670,0.966406822,0x3f800000,1,0x3f827f80,1.01951599,0x3f827f80,1.01951599,0100,1,0,00,0110,3,0,0,0x3c9fe000,0.0195159912,0x3c9fe000,0.0195159912,0x00000000,0,0,0
l2,0.0625,0,min-error,metric_min,exp1,0,1,1,0.966382027,0.966406822,0.966382027,0.966406822,2.47955322e-05,3,raw-and-scaled,4,1,fp4_e1m2,fp4_e2m1,2,1,4,30824,3,exp2,108756992,108765184,108765184,27191296,0.966382027,0.966406822,-8192,81565696,0.000396728516,0x3f776670,0.966406822,0x3f800000,1,0x3e1c0400,0.152359009,0x3e1c0400,0.152359009,0000,0,0,00,0001,0,1,1,0x3e1c0400,0.152359009,0x3ce02000,0.0273590088,0xcab80000,-6029312,-1507328,-0.359436035
l2,0.0625,0,min-error,metric_min,exp1,0,1,1,0.966382027,0.966406822,0.966382027,0.966406822,2.47955322e-05,4,raw-and-scaled,4,1,fp4_e1m2,fp4_e2m1,2,1,4,30824,4,exp2,108756992,108765184,108765184,27191296,0.966382027,0.966406822,-8192,81565696,0.000396728516,0x3f776670,0.966406822,0x3f800000,1,0xbd240400,-0.0400428772,0xbd240400,-0.0400428772,1000,0,0,00,1000,0,0,0,0xbd240400,-0.0400428772,0xbd240400,-0.0400428772,0x00000000,0,0,0
l2,0.0625,0,min-error,metric_min,exp1,0,1,1,0.966382027,0.966406822,0.966382027,0.966406822,2.47955322e-05,5,raw-and-scaled,4,1,fp4_e1m2,fp4_e2m1,2,1,4,30824,5,exp2,108756992,108765184,108765184,27191296,0.966382027,0.966406822,-8192,81565696,0.000396728516,0x3f776670,0.966406822,0x3f800000,1,0xbc0b0100,-0.00848412514,0xbc0b0100,-0.00848412514,1000,0,0,00,1000,0,0,0,0xbc0b0100,-0.00848412514,0xbc0b0100,-0.00848412514,0x00000000,0,0,0
l2,0.0625,0,min-error,metric_min,exp1,0,1,1,0.966382027,0.966406822,0.966382027,0.966406822,2.47955322e-05,6,raw-and-scaled,4,1,fp4_e1m2,fp4_e2m1,2,1,4,30824,6,exp2,108756992,108765184,108765184,27191296,0.966382027,0.966406822,-8192,81565696,0.000396728516,0x3f776670,0.966406822,0x3f800000,1,0xbbe7f800,-0.00707912445,0xbbe7f800,-0.00707912445,1000,0,0,00,1000,0,0,0,0xbbe7f800,-0.00707912445,0xbbe7f800,-0.00707912445,0x00000000,0,0,0
l2,0.0625,0,min-error,metric_min,exp1,0,1,1,0.966382027,0.966406822,0.966382027,0.966406822,2.47955322e-05,7,raw-and-scaled,4,1,fp4_e1m2,fp4_e2m1,2,1,4,30824,7,exp2,108756992,108765184,108765184,27191296,0.966382027,0.966406822,-8192,81565696,0.000396728516,0x3f776670,0.966406822,0x3f800000,1,0xbf077f80,-0.529289246,0xbf077f80,-0.529289246,1010,0,2,10,1100,2,0,0,0xbceff000,-0.0292892456,0xbceff000,-0.0292892456,0x00000000,0,0,0
l2,0.0625,0,min-error,metric_min,exp1,0,1,1,0.966382027,0.966406822,0.966382027,0.966406822,2.47955322e-05,8,raw-and-scaled,4,1,fp4_e1m2,fp4_e2m1,2,1,4,30824,8,exp2,108756992,108765184,108765184,27191296,0.966382027,0.966406822,-8192,81565696,0.000396728516,0x3f776670,0.966406822,0x3f800000,1,0xbca1fe00,-0.019774437,0xbca1fe00,-0.019774437,1000,0,0,00,1000,0,0,0,0xbca1fe00,-0.019774437,0xbca1fe00,-0.019774437,0x00000000,0,0,0
l2,0.0625,0,min-error,metric_min,exp1,0,1,1,0.966382027,0.966406822,0.966382027,0.966406822,2.47955322e-05,9,raw-and-scaled,4,1,fp4_e1m2,fp4_e2m1,2,1,4,30824,9,exp2,108756992,108765184,108765184,27191296,0.966382027,0.966406822,-8192,81565696,0.000396728516,0x3f776670,0.966406822,0x3f800000,1,0xbb4c0400,-0.00311303139,0xbb4c0400,-0.00311303139,1000,0,0,00,1000,0,0,0,0xbb4c0400,-0.00311303139,0xbb4c0400,-0.00311303139,0x00000000,0,0,0
l2,0.0625,0,min-error,metric_min,exp1,0,1,1,0.966382027,0.966406822,0.966382027,0.966406822,2.47955322e-05,10,raw-and-scaled,4,1,fp4_e1m2,fp4_e2m1,2,1,4,30824,10,exp2,108756992,108765184,108765184,27191296,0.966382027,0.966406822,-8192,81565696,0.000396728516,0x3f776670,0.966406822,0x3f800000,1,0xbda80800,-0.0820465088,0xbda80800,-0.0820465088,1000,0,0,00,1000,0,0,0,0xbda80800,-0.0820465088,0xbda80800,-0.0820465088,0x00000000,0,0,0
l2,0.0625,0,min-error,metric_min,exp1,0,1,1,0.966382027,0.966406822,0.966382027,0.966406822,2.47955322e-05,11,raw-and-scaled,4,1,fp4_e1m2,fp4_e2m1,2,1,4,30824,11,exp2,108756992,108765184,108765184,27191296,0.966382027,0.966406822,-8192,81565696,0.000396728516,0x3f776670,0.966406822,0x3f800000,1,0x3c8b7f80,0.0170285702,0x3c8b7f80,0.0170285702,0000,0,0,00,0000,0,0,0,0x3c8b7f80,0.0170285702,0x3c8b7f80,0.0170285702,0x00000000,0,0,0
l2,0.0625,0,min-error,metric_min,exp1,0,1,1,0.966382027,0.966406822,0.966382027,0.966406822,2.47955322e-05,12,raw-and-scaled,4,1,fp4_e1m2,fp4_e2m1,2,1,4,30824,12,exp2,108756992,108765184,108765184,27191296,0.966382027,0.966406822,-8192,81565696,0.000396728516,0x3f776670,0.966406822,0x3f800000,1,0x3b064040,0.00204850733,0x3b064040,0.00204850733,0000,0,0,00,0000,0,0,0,0x3b064040,0.00204850733,0x3b064040,0.00204850733,0x00000000,0,0,0
l2,0.0625,0,min-error,metric_min,exp1,0,1,1,0.966382027,0.966406822,0.966382027,0.966406822,2.47955322e-05,13,raw-and-scaled,4,1,fp4_e1m2,fp4_e2m1,2,1,4,30824,13,exp2,108756992,108765184,108765184,27191296,0.966382027,0.966406822,-8192,81565696,0.000396728516,0x3f776670,0.966406822,0x3f800000,1,0x3f0d8080,0.552742004,0x3f0d8080,0.552742004,0010,0,2,10,0100,2,0,0,0x3d580800,0.0527420044,0x3d580800,0.0527420044,0x00000000,0,0,0
l2,0.0625,0,min-error,metric_min,exp1,0,1,1,0.966382027,0.966406822,0.966382027,0.966406822,2.47955322e-05,14,raw-and-scaled,4,1,fp4_e1m2,fp4_e2m1,2,1,4,30824,14,exp2,108756992,108765184,108765184,27191296,0.966382027,0.966406822,-8192,81565696,0.000396728516,0x3f776670,0.966406822,0x3f800000,1,0xbd073fc0,-0.0330197811,0xbd073fc0,-0.0330197811,1000,0,0,00,1000,0,0,0,0xbd073fc0,-0.0330197811,0xbd073fc0,-0.0330197811,0x00000000,0,0,0
l2,0.0625,0,min-error,metric_min,exp1,0,1,1,0.966382027,0.966406822,0.966382027,0.966406822,2.47955322e-05,15,raw-and-scaled,4,1,fp4_e1m2,fp4_e2m1,2,1,4,30824,15,exp2,108756992,108765184,108765184,27191296,0.966382027,0.966406822,-8192,81565696,0.000396728516,0x3f776670,0.966406822,0x3f800000,1,0x3df80800,0.121109009,0x3df80800,0.121109009,0000,0,0,00,0000,0,0,0,0x3df80800,0.121109009,0x3df80800,0.121109009,0x00000000,0,0,0
l2,0.0625,0,min-error,metric_min,exp1,0,1,1,0.966382027,0.966406822,0.966382027,0.966406822,2.47955322e-05,16,raw-and-scaled,4,1,fp4_e1m2,fp4_e2m1,2,1,4,30824,16,exp2,108756992,108765184,108765184,27191296,0.966382027,0.966406822,-8192,81565696,0.000396728516,0x3f776670,0.966406822,0x3f800000,1,0x3c080800,0.0083026886,0x3c080800,0.0083026886,0000,0,0,00,0000,0,0,0,0x3c080800,0.0083026886,0x3c080800,0.0083026886,0x00000000,0,0,0
l2,0.0625,0,min-error,metric_min,exp1,0,1,1,0.966382027,0.966406822,0.966382027,0.966406822,2.47955322e-05,17,raw-and-scaled,4,1,fp4_e1m2,fp4_e2m1,2,1,4,30824,17,exp2,108756992,108765184,108765184,27191296,0.966382027,0.966406822,-8192,81565696,0.000396728516,0x3f776670,0.966406822,0x3f800000,1,0x3d8c0400,0.0683670044,0x3d8c0400,0.0683670044,0000,0,0,00,0000,0,0,0,0x3d8c0400,0.0683670044,0x3d8c0400,0.0683670044,0x00000000,0,0,0
l2,0.0625,0,min-error,metric_min,exp1,0,1,1,0.966382027,0.966406822,0.966382027,0.966406822,2.47955322e-05,18,raw-and-scaled,4,1,fp4_e1m2,fp4_e2m1,2,1,4,30824,18,exp2,108756992,108765184,108765184,27191296,0.966382027,0.966406822,-8192,81565696,0.000396728516,0x3f776670,0.966406822,0x3f800000,1,0xbb4a0200,-0.0030823946,0xbb4a0200,-0.0030823946,1000,0,0,00,1000,0,0,0,0xbb4a0200,-0.0030823946,0xbb4a0200,-0.0030823946,0x00000000,0,0,0
l2,0.0625,0,min-error,metric_min,exp1,0,1,1,0.966382027,0.966406822,0.966382027,0.966406822,2.47955322e-05,19,raw-and-scaled,4,1,fp4_e1m2,fp4_e2m1,2,1,4,30824,19,exp2,108756992,108765184,108765184,27191296,0.966382027,0.966406822,-8192,81565696,0.000396728516,0x3f776670,0.966406822,0x3f800000,1,0x3d938080,0.072022438,0x3d938080,0.072022438,0000,0,0,00,0000,0,0,0,0x3d938080,0.072022438,0x3d938080,0.072022438,0x00000000,0,0,0
l2,0.0625,0,min-error,metric_min,exp1,0,1,1,0.966382027,0.966406822,0.966382027,0.966406822,2.47955322e-05,20,raw-and-scaled,4,1,fp4_e1m2,fp4_e2m1,2,1,4,30824,20,exp2,108756992,108765184,108765184,27191296,0.966382027,0.966406822,-8192,81565696,0.000396728516,0x3f776670,0.966406822,0x3f800000,1,0x3e147f80,0.145017624,0x3e147f80,0.145017624,0000,0,0,00,0001,0,1,1,0x3e147f80,0.145017624,0x3ca3fc00,0.0200176239,0xcaa8e000,-5533696,-1383424,-0.330070496
l2,0.0625,0,min-error,metric_min,exp1,0,1,1,0.966382027,0.966406822,0.966382027,0.966406822,2.47955322e-05,21,raw-and-scaled,4,1,fp4_e1m2,fp4_e2m1,2,1,4,30824,21,exp2,108756992,108765184,108765184,27191296,0.966382027,0.966406822,-8192,81565696,0.000396728516,0x3f776670,0.966406822,0x3f800000,1,0x3cac0400,0.0209980011,0x3cac0400,0.0209980011,0000,0,0,00,0000,0,0,0,0x3cac0400,0.0209980011,0x3cac0400,0.0209980011,0x00000000,0,0,0
l2,0.0625,0,min-error,metric_min,exp1,0,1,1,0.966382027,0.966406822,0.966382027,0.966406822,2.47955322e-05,22,raw-and-scaled,4,1,fp4_e1m2,fp4_e2m1,2,1,4,30824,22,exp2,108756992,108765184,108765184,27191296,0.966382027,0.966406822,-8192,81565696,0.000396728516,0x3f776670,0.966406822,0x3f800000,1,0x3e0b4040,0.135987282,0x3e0b4040,0.135987282,0000,0,0,00,0001,0,1,1,0x3e0b4040,0.135987282,0x3c340400,0.0109872818,0xca968000,-4931584,-1232896,-0.293949127
l2,0.0625,0,min-error,metric_min,exp1,0,1,1,0.966382027,0.966406822,0.966382027,0.966406822,2.47955322e-05,23,raw-and-scaled,4,1,fp4_e1m2,fp4_e2m1,2,1,4,30824,23,exp2,108756992,108765184,108765184,27191296,0.966382027,0.966406822,-8192,81565696,0.000396728516,0x3f776670,0.966406822,0x3f800000,1,0xbeaeff00,-0.341789246,0xbeaeff00,-0.341789246,1001,0,1,01,1010,1,0,0,0xbdbbfc00,-0.0917892456,0xbdbbfc00,-0.0917892456,0x00000000,0,0,0
l2,0.0625,0,min-error,metric_min,exp1,0,1,1,0.966382027,0.966406822,0.966382027,0.966406822,2.47955322e-05,24,raw-and-scaled,4,1,fp4_e1m2,fp4_e2m1,2,1,4,30824,24,exp2,108756992,108765184,108765184,27191296,0.966382027,0.966406822,-8192,81565696,0.000396728516,0x3f776670,0.966406822,0x3f800000,1,0x3c61fe00,0.0137934685,0x3c61fe00,0.0137934685,0000,0,0,00,0000,0,0,0,0x3c61fe00,0.0137934685,0x3c61fe00,0.0137934685,0x00000000,0,0,0
l2,0.0625,0,min-error,metric_min,exp1,0,1,1,0.966382027,0.966406822,0.966382027,0.966406822,2.47955322e-05,25,raw-and-scaled,4,1,fp4_e1m2,fp4_e2m1,2,1,4,30824,25,exp2,108756992,108765184,108765184,27191296,0.966382027,0.966406822,-8192,81565696,0.000396728516,0x3f776670,0.966406822,0x3f800000,1,0x3a8cc040,0.00107384473,0x3a8cc040,0.00107384473,0000,0,0,00,0000,0,0,0,0x3a8cc040,0.00107384473,0x3a8cc040,0.00107384473,0x00000000,0,0,0
l2,0.0625,0,min-error,metric_min,exp1,0,1,1,0.966382027,0.966406822,0.966382027,0.966406822,2.47955322e-05,26,raw-and-scaled,4,1,fp4_e1m2,fp4_e2m1,2,1,4,30824,26,exp2,108756992,108765184,108765184,27191296,0.966382027,0.966406822,-8192,81565696,0.000396728516,0x3f776670,0.966406822,0x3f800000,1,0x3b0d3fc0,0.00215528905,0x3b0d3fc0,0.00215528905,0000,0,0,00,0000,0,0,0,0x3b0d3fc0,0.00215528905,0x3b0d3fc0,0.00215528905,0x00000000,0,0,0
l2,0.0625,0,min-error,metric_min,exp1,0,1,1,0.966382027,0.966406822,0.966382027,0.966406822,2.47955322e-05,27,raw-and-scaled,4,1,fp4_e1m2,fp4_e2m1,2,1,4,30824,27,exp2,108756992,108765184,108765184,27191296,0.966382027,0.966406822,-8192,81565696,0.000396728516,0x3f776670,0.966406822,0x3f800000,1,0xbc1b8080,-0.00949108601,0xbc1b8080,-0.00949108601,1000,0,0,00,1000,0,0,0,0xbc1b8080,-0.00949108601,0xbc1b8080,-0.00949108601,0x00000000,0,0,0
l2,0.0625,0,min-error,metric_min,exp1,0,1,1,0.966382027,0.966406822,0.966382027,0.966406822,2.47955322e-05,28,raw-and-scaled,4,1,fp4_e1m2,fp4_e2m1,2,1,4,30824,28,exp2,108756992,108765184,108765184,27191296,0.966382027,0.966406822,-8192,81565696,0.000396728516,0x3f776670,0.966406822,0x3f800000,1,0x3ae3fc00,0.00173938274,0x3ae3fc00,0.00173938274,0000,0,0,00,0000,0,0,0,0x3ae3fc00,0.00173938274,0x3ae3fc00,0.00173938274,0x00000000,0,0,0
l2,0.0625,0,min-error,metric_min,exp1,0,1,1,0.966382027,0.966406822,0.966382027,0.966406822,2.47955322e-05,29,raw-and-scaled,4,1,fp4_e1m2,fp4_e2m1,2,1,4,30824,29,exp2,108756992,108765184,108765184,27191296,0.966382027,0.966406822,-8192,81565696,0.000396728516,0x3f776670,0.966406822,0x3f800000,1,0x3cebfc00,0.0288066864,0x3cebfc00,0.0288066864,0000,0,0,00,0000,0,0,0,0x3cebfc00,0.0288066864,0x3cebfc00,0.0288066864,0x00000000,0,0,0
l2,0.0625,0,min-error,metric_min,exp1,0,1,1,0.966382027,0.966406822,0.966382027,0.966406822,2.47955322e-05,30,raw-and-scaled,4,1,fp4_e1m2,fp4_e2m1,2,1,4,30824,30,exp2,108756992,108765184,108765184,27191296,0.966382027,0.966406822,-8192,81565696,0.000396728516,0x3f776670,0.966406822,0x3f800000,1,0xbd9e8080,-0.0773935318,0xbd9e8080,-0.0773935318,1000,0,0,00,1000,0,0,0,0xbd9e8080,-0.0773935318,0xbd9e8080,-0.0773935318,0x00000000,0,0,0
l2,0.0625,0,min-error,metric_min,exp1,0,1,1,0.966382027,0.966406822,0.966382027,0.966406822,2.47955322e-05,31,raw-and-scaled,4,1,fp4_e1m2,fp4_e2m1,2,1,4,30824,31,exp2,108756992,108765184,108765184,27191296,0.966382027,0.966406822,-8192,81565696,0.000396728516,0x3f776670,0.966406822,0x3f800000,1,0xbc9f8080,-0.0194704533,0xbc9f8080,-0.0194704533,1000,0,0,00,1000,0,0,0,0xbc9f8080,-0.0194704533,0xbc9f8080,-0.0194704533,0x00000000,0,0,0
l2,0.0625,0,min-error,metric_min,exp1,0,1,1,0.966382027,0.966406822,0.966382027,0.966406822,2.47955322e-05,32,raw-and-scaled,4,1,fp4_e1m2,fp4_e2m1,2,1,4,30824,32,exp2,108756992,108765184,108765184,27191296,0.966382027,0.966406822,-8192,81565696,0.000396728516,0x3f776670,0.966406822,0x3f800000,1,0x3b040400,0.00201439857,0x3b040400,0.00201439857,0000,0,0,00,0000,0,0,0,0x3b040400,0.00201439857,0x3b040400,0.00201439857,0x00000000,0,0,0
l2,0.0625,0,min-error,metric_min,exp1,0,1,1,0.966382027,0.966406822,0.966382027,0.966406822,2.47955322e-05,33,raw-and-scaled,4,1,fp4_e1m2,fp4_e2m1,2,1,4,30824,33,exp2,108756992,108765184,108765184,27191296,0.966382027,0.966406822,-8192,81565696,0.000396728516,0x3f776670,0.966406822,0x3f800000,1,0xbb0bfc00,-0.00213599205,0xbb0bfc00,-0.00213599205,1000,0,0,00,1000,0,0,0,0xbb0bfc00,-0.00213599205,0xbb0bfc00,-0.00213599205,0x00000000,0,0,0
l2,0.0625,0,min-error,metric_min,exp1,0,1,1,0.966382027,0.966406822,0.966382027,0.966406822,2.47955322e-05,34,raw-and-scaled,4,1,fp4_e1m2,fp4_e2m1,2,1,4,30824,34,exp2,108756992,108765184,108765184,27191296,0.966382027,0.966406822,-8192,81565696,0.000396728516,0x3f776670,0.966406822,0x3f800000,1,0x3cc50100,0.0240483284,0x3cc50100,0.0240483284,0000,0,0,00,0000,0,0,0,0x3cc50100,0.0240483284,0x3cc50100,0.0240483284,0x00000000,0,0,0
l2,0.0625,0,min-error,metric_min,exp1,0,1,1,0.966382027,0.966406822,0.966382027,0.966406822,2.47955322e-05,35,raw-and-scaled,4,1,fp4_e1m2,fp4_e2m1,2,1,4,30824,35,exp2,108756992,108765184,108765184,27191296,0.966382027,0.966406822,-8192,81565696,0.000396728516,0x3f776670,0.966406822,0x3f800000,1,0x3c470100,0.0121462345,0x3c470100,0.0121462345,0000,0,0,00,0000,0,0,0,0x3c470100,0.0121462345,0x3c470100,0.0121462345,0x00000000,0,0,0
l2,0.0625,0,min-error,metric_min,exp1,0,1,1,0.966382027,0.966406822,0.966382027,0.966406822,2.47955322e-05,36,raw-and-scaled,4,1,fp4_e1m2,fp4_e2m1,2,1,4,30824,36,exp2,108756992,108765184,108765184,27191296,0.966382027,0.966406822,-8192,81565696,0.000396728516,0x3f776670,0.966406822,0x3f800000,1,0x3d247f80,0.040160656,0x3d247f80,0.040160656,0000,0,0,00,0000,0,0,0,0x3d247f80,0.040160656,0x3d247f80,0.040160656,0x00000000,0,0,0
l2,0.0625,0,min-error,metric_min,exp1,0,1,1,0.966382027,0.966406822,0.966382027,0.966406822,2.47955322e-05,37,raw-and-scaled,4,1,fp4_e1m2,fp4_e2m1,2,1,4,30824,37,exp2,108756992,108765184,108765184,27191296,0.966382027,0.966406822,-8192,81565696,0.000396728516,0x3f776670,0.966406822,0x3f800000,1,0x3b4aff00,0.00309747458,0x3b4aff00,0.00309747458,0000,0,0,00,0000,0,0,0,0x3b4aff00,0.00309747458,0x3b4aff00,0.00309747458,0x00000000,0,0,0
l2,0.0625,0,min-error,metric_min,exp1,0,1,1,0.966382027,0.966406822,0.966382027,0.966406822,2.47955322e-05,38,raw-and-scaled,4,1,fp4_e1m2,fp4_e2m1,2,1,4,30824,38,exp2,108756992,108765184,108765184,27191296,0.966382027,0.966406822,-8192,81565696,0.000396728516,0x3f776670,0.966406822,0x3f800000,1,0xbd134040,-0.0359499454,0xbd134040,-0.0359499454,1000,0,0,00,1000,0,0,0,0xbd134040,-0.0359499454,0xbd134040,-0.0359499454,0x00000000,0,0,0
l2,0.0625,0,min-error,metric_min,exp1,0,1,1,0.966382027,0.966406822,0.966382027,0.966406822,2.47955322e-05,39,raw-and-scaled,4,1,fp4_e1m2,fp4_e2m1,2,1,4,30824,39,exp2,108756992,108765184,108765184,27191296,0.966382027,0.966406822,-8192,81565696,0.000396728516,0x3f776670,0.966406822,0x3f800000,1,0xbf277f80,-0.654289246,0xbf277f80,-0.654289246,1010,0,2,10,1100,2,0,0,0xbe1dfe00,-0.154289246,0xbe1dfe00,-0.154289246,0x00000000,0,0,0
l2,0.0625,0,min-error,metric_min,exp1,0,1,1,0.966382027,0.966406822,0.966382027,0.966406822,2.47955322e-05,40,raw-and-scaled,4,1,fp4_e1m2,fp4_e2m1,2,1,4,30824,40,exp2,108756992,108765184,108765184,27191296,0.966382027,0.966406822,-8192,81565696,0.000396728516,0x3f776670,0.966406822,0x3f800000,1,0xbda88080,-0.0822763443,0xbda88080,-0.0822763443,1000,0,0,00,1000,0,0,0,0xbda88080,-0.0822763443,0xbda88080,-0.0822763443,0x00000000,0,0,0
l2,0.0625,0,min-error,metric_min,exp1,0,1,1,0.966382027,0.966406822,0.966382027,0.966406822,2.47955322e-05,41,raw-and-scaled,4,1,fp4_e1m2,fp4_e2m1,2,1,4,30824,41,exp2,108756992,108765184,108765184,27191296,0.966382027,0.966406822,-8192,81565696,0.000396728516,0x3f776670,0.966406822,0x3f800000,1,0x3da97f80,0.0827627182,0x3da97f80,0.0827627182,0000,0,0,00,0000,0,0,0,0x3da97f80,0.0827627182,0x3da97f80,0.0827627182,0x00000000,0,0,0
l2,0.0625,0,min-error,metric_min,exp1,0,1,1,0.966382027,0.966406822,0.966382027,0.966406822,2.47955322e-05,42,raw-and-scaled,4,1,fp4_e1m2,fp4_e2m1,2,1,4,30824,42,exp2,108756992,108765184,108765184,27191296,0.966382027,0.966406822,-8192,81565696,0.000396728516,0x3f776670,0.966406822,0x3f800000,1,0x3f153fc0,0.583003998,0x3f153fc0,0.583003998,0010,0,2,10,0100,2,0,0,0x3da9fe00,0.0830039978,0x3da9fe00,0.0830039978,0x00000000,0,0,0
l2,0.0625,0,min-error,metric_min,exp1,0,1,1,0.966382027,0.966406822,0.966382027,0.966406822,2.47955322e-05,43,raw-and-scaled,4,1,fp4_e1m2,fp4_e2m1,2,1,4,30824,43,exp2,108756992,108765184,108765184,27191296,0.966382027,0.966406822,-8192,81565696,0.000396728516,0x3f776670,0.966406822,0x3f800000,1,0x3e5c0400,0.214859009,0x3e5c0400,0.214859009,0000,0,0,00,0001,0,1,1,0x3e5c0400,0.214859009,0x3db80800,0.0898590088,0xcb1c0000,-10223616,-2555904,-0.609436035
l2,0.0625,0,min-error,metric_min,exp1,0,1,1,0.966382027,0.966406822,0.966382027,0.966406822,2.47955322e-05,44,raw-and-scaled,4,1,fp4_e1m2,fp4_e2m1,2,1,4,30824,44,exp2,108756992,108765184,108765184,27191296,0.966382027,0.966406822,-8192,81565696,0.000396728516,0x3f776670,0.966406822,0x3f800000,1,0xbe2c8080,-0.168458939,0xbe2c8080,-0.168458939,1000,0,0,00,1001,0,1,1,0xbe2c8080,-0.168458939,0xbd320200,-0.0434589386,0xcad90000,-7110656,-1777664,-0.423835754
l2,0.0625,0,min-error,metric_min,exp1,0,1,1,0.966382027,0.966406822,0.966382027,0.966406822,2.47955322e-05,45,raw-and-scaled,4,1,fp4_e1m2,fp4_e2m1,2,1,4,30824,45,exp2,108756992,108765184,108765184,27191296,0.966382027,0.966406822,-8192,81565696,0.000396728516,0x3f776670,0.966406822,0x3f800000,1,0x3eb60200,0.355484009,0x3eb60200,0.355484009,0001,0,1,01,0010,1,0,0,0x3dd80800,0.105484009,0x3dd80800,0.105484009,0x00000000,0,0,0
l2,0.0625,0,min-error,metric_min,exp1,0,1,1,0.966382027,0.966406822,0.966382027,0.966406822,2.47955322e-05,46,raw-and-scaled,4,1,fp4_e1m2,fp4_e2m1,2,1,4,30824,46,exp2,108756992,108765184,108765184,27191296,0.966382027,0.966406822,-8192,81565696,0.000396728516,0x3f776670,0.966406822,0x3f800000,1,0x3c2e8080,0.010650754,0x3c2e8080,0.010650754,0000,0,0,00,0000,0,0,0,0x3c2e8080,0.010650754,0x3c2e8080,0.010650754,0x00000000,0,0,0
l2,0.0625,0,min-error,metric_min,exp1,0,1,1,0.966382027,0.966406822,0.966382027,0.966406822,2.47955322e-05,47,raw-and-scaled,4,1,fp4_e1m2,fp4_e2m1,2,1,4,30824,47,exp2,108756992,108765184,108765184,27191296,0.966382027,0.966406822,-8192,81565696,0.000396728516,0x3f776670,0.966406822,0x3f800000,1,0x3bfc0400,0.00769090652,0x3bfc0400,0.00769090652,0000,0,0,00,0000,0,0,0,0x3bfc0400,0.00769090652,0x3bfc0400,0.00769090652,0x00000000,0,0,0
l2,0.0625,0,min-error,metric_min,exp1,0,1,1,0.966382027,0.966406822,0.966382027,0.966406822,2.47955322e-05,48,raw-and-scaled,4,1,fp4_e1m2,fp4_e2m1,2,1,4,30824,48,exp2,108756992,108765184,108765184,27191296,0.966382027,0.966406822,-8192,81565696,0.000396728516,0x3f776670,0.966406822,0x3f800000,1,0x3fb07f80,1.37889099,0x3fb07f80,1.37889099,0101,1,1,01,0110,3,0,0,0x3e03fc00,0.128890991,0x3ec1fe00,0.378890991,0x4c01f000,34062336,34062336,2.03112793
l2,0.0625,0,min-error,metric_min,exp1,0,1,1,0.966382027,0.966406822,0.966382027,0.966406822,2.47955322e-05,49,raw-and-scaled,4,1,fp4_e1m2,fp4_e2m1,2,1,4,30824,49,exp2,108756992,108765184,108765184,27191296,0.966382027,0.966406822,-8192,81565696,0.000396728516,0x3f776670,0.966406822,0x3f800000,1,0x3b45fe00,0.00302112103,0x3b45fe00,0.00302112103,0000,0,0,00,0000,0,0,0,0x3b45fe00,0.00302112103,0x3b45fe00,0.00302112103,0x00000000,0,0,0
l2,0.0625,0,min-error,metric_min,exp1,0,1,1,0.966382027,0.966406822,0.966382027,0.966406822,2.47955322e-05,50,raw-and-scaled,4,1,fp4_e1m2,fp4_e2m1,2,1,4,30824,50,exp2,108756992,108765184,108765184,27191296,0.966382027,0.966406822,-8192,81565696,0.000396728516,0x3f776670,0.966406822,0x3f800000,1,0x3b280800,0.0025639534,0x3b280800,0.0025639534,0000,0,0,00,0000,0,0,0,0x3b280800,0.0025639534,0x3b280800,0.0025639534,0x00000000,0,0,0
l2,0.0625,0,min-error,metric_min,exp1,0,1,1,0.966382027,0.966406822,0.966382027,0.966406822,2.47955322e-05,51,raw-and-scaled,4,1,fp4_e1m2,fp4_e2m1,2,1,4,30824,51,exp2,108756992,108765184,108765184,27191296,0.966382027,0.966406822,-8192,81565696,0.000396728516,0x3f776670,0.966406822,0x3f800000,1,0x3c337f80,0.0109556913,0x3c337f80,0.0109556913,0000,0,0,00,0000,0,0,0,0x3c337f80,0.0109556913,0x3c337f80,0.0109556913,0x00000000,0,0,0
l2,0.0625,0,min-error,metric_min,exp1,0,1,1,0.966382027,0.966406822,0.966382027,0.966406822,2.47955322e-05,52,raw-and-scaled,4,1,fp4_e1m2,fp4_e2m1,2,1,4,30824,52,exp2,108756992,108765184,108765184,27191296,0.966382027,0.966406822,-8192,81565696,0.000396728516,0x3f776670,0.966406822,0x3f800000,1,0x3b240400,0.00250267982,0x3b240400,0.00250267982,0000,0,0,00,0000,0,0,0,0x3b240400,0.00250267982,0x3b240400,0.00250267982,0x00000000,0,0,0
l2,0.0625,0,min-error,metric_min,exp1,0,1,1,0.966382027,0.966406822,0.966382027,0.966406822,2.47955322e-05,53,raw-and-scaled,4,1,fp4_e1m2,fp4_e2m1,2,1,4,30824,53,exp2,108756992,108765184,108765184,27191296,0.966382027,0.966406822,-8192,81565696,0.000396728516,0x3f776670,0.966406822,0x3f800000,1,0x3fd80800,1.68774414,0x3fd80800,1.68774414,0110,1,2,10,0111,3,1,1,0x3e404000,0.187744141,0x3e404000,0.187744141,0x00000000,0,0,0
l2,0.0625,0,min-error,metric_min,exp1,0,1,1,0.966382027,0.966406822,0.966382027,0.966406822,2.47955322e-05,54,raw-and-scaled,4,1,fp4_e1m2,fp4_e2m1,2,1,4,30824,54,exp2,108756992,108765184,108765184,27191296,0.966382027,0.966406822,-8192,81565696,0.000396728516,0x3f776670,0.966406822,0x3f800000,1,0xbe340400,-0.175796509,0xbe340400,-0.175796509,1000,0,0,00,1001,0,1,1,0xbe340400,-0.175796509,0xbd501000,-0.0507965088,0xcae80000,-7602176,-1900544,-0.453186035
l2,0.0625,0,min-error,metric_min,exp1,0,1,1,0.966382027,0.966406822,0.966382027,0.966406822,2.47955322e-05,55,raw-and-scaled,4,1,fp4_e1m2,fp4_e2m1,2,1,4,30824,55,exp2,108756992,108765184,108765184,27191296,0.966382027,0.966406822,-8192,81565696,0.000396728516,0x3f776670,0.966406822,0x3f800000,1,0xbf6eff00,-0.933578491,0xbf6eff00,-0.933578491,1011,0,3,11,1101,2,1,1,0xbe3bfc00,-0.183578491,0xbe3bfc00,-0.183578491,0x00000000,0,0,0
l2,0.0625,0,min-error,metric_min,exp1,0,1,1,0.966382027,0.966406822,0.966382027,0.966406822,2.47955322e-05,56,raw-and-scaled,4,1,fp4_e1m2,fp4_e2m1,2,1,4,30824,56,exp2,108756992,108765184,108765184,27191296,0.966382027,0.966406822,-8192,81565696,0.000396728516,0x3f776670,0.966406822,0x3f800000,1,0xbff0ff00,-1.88278198,0xbff0ff00,-1.88278198,1111,1,3,11,1111,3,1,1,0xbe07f800,-0.132781982,0xbec3fc00,-0.382781982,0x4c03f000,34586624,34586624,2.06225586
l2,0.0625,0,min-error,metric_min,exp1,0,1,1,0.966382027,0.966406822,0.966382027,0.966406822,2.47955322e-05,57,raw-and-scaled,4,1,fp4_e1m2,fp4_e2m1,2,1,4,30824,57,exp2,108756992,108765184,108765184,27191296,0.966382027,0.966406822,-8192,81565696,0.000396728516,0x3f776670,0.966406822,0x3f800000,1,0x3d17f800,0.0371017456,0x3d17f800,0.0371017456,0000,0,0,00,0000,0,0,0,0x3d17f800,0.0371017456,0x3d17f800,0.0371017456,0x00000000,0,0,0
l2,0.0625,0,min-error,metric_min,exp1,0,1,1,0.966382027,0.966406822,0.966382027,0.966406822,2.47955322e-05,58,raw-and-scaled,4,1,fp4_e1m2,fp4_e2m1,2,1,4,30824,58,exp2,108756992,108765184,108765184,27191296,0.966382027,0.966406822,-8192,81565696,0.000396728516,0x3f776670,0.966406822,0x3f800000,1,0x3aa80800,0.0012819767,0x3aa80800,0.0012819767,0000,0,0,00,0000,0,0,0,0x3aa80800,0.0012819767,0x3aa80800,0.0012819767,0x00000000,0,0,0
l2,0.0625,0,min-error,metric_min,exp1,0,1,1,0.966382027,0.966406822,0.966382027,0.966406822,2.47955322e-05,59,raw-and-scaled,4,1,fp4_e1m2,fp4_e2m1,2,1,4,30824,59,exp2,108756992,108765184,108765184,27191296,0.966382027,0.966406822,-8192,81565696,0.000396728516,0x3f776670,0.966406822,0x3f800000,1,0x3d1dbfc0,0.0385129452,0x3d1dbfc0,0.0385129452,0000,0,0,00,0000,0,0,0,0x3d1dbfc0,0.0385129452,0x3d1dbfc0,0.0385129452,0x00000000,0,0,0
l2,0.0625,0,min-error,metric_min,exp1,0,1,1,0.966382027,0.966406822,0.966382027,0.966406822,2.47955322e-05,60,raw-and-scaled,4,1,fp4_e1m2,fp4_e2m1,2,1,4,30824,60,exp2,108756992,108765184,108765184,27191296,0.966382027,0.966406822,-8192,81565696,0.000396728516,0x3f776670,0.966406822,0x3f800000,1,0x3bf1fe00,0.00738501549,0x3bf1fe00,0.00738501549,0000,0,0,00,0000,0,0,0,0x3bf1fe00,0.00738501549,0x3bf1fe00,0.00738501549,0x00000000,0,0,0
l2,0.0625,0,min-error,metric_min,exp1,0,1,1,0.966382027,0.966406822,0.966382027,0.966406822,2.47955322e-05,61,raw-and-scaled,4,1,fp4_e1m2,fp4_e2m1,2,1,4,30824,61,exp2,108756992,108765184,108765184,27191296,0.966382027,0.966406822,-8192,81565696,0.000396728516,0x3f776670,0.966406822,0x3f800000,1,0xbb57f800,-0.0032954216,0xbb57f800,-0.0032954216,1000,0,0,00,1000,0,0,0,0xbb57f800,-0.0032954216,0xbb57f800,-0.0032954216,0x00000000,0,0,0
l2,0.0625,0,min-error,metric_min,exp1,0,1,1,0.966382027,0.966406822,0.966382027,0.966406822,2.47955322e-05,62,raw-and-scaled,4,1,fp4_e1m2,fp4_e2m1,2,1,4,30824,62,exp2,108756992,108765184,108765184,27191296,0.966382027,0.966406822,-8192,81565696,0.000396728516,0x3f776670,0.966406822,0x3f800000,1,0x3e67f800,0.226531982,0x3e67f800,0.226531982,0000,0,0,00,0001,0,1,1,0x3e67f800,0.226531982,0x3dcff000,0.101531982,0xcb27f000,-11005952,-2751488,-0.65612793
l2,0.0625,0,min-error,metric_min,exp1,0,1,1,0.966382027,0.966406822,0.966382027,0.966406822,2.47955322e-05,63,raw-and-scaled,4,1,fp4_e1m2,fp4_e2m1,2,1,4,30824,63,exp2,108756992,108765184,108765184,27191296,0.966382027,0.966406822,-8192,81565696,0.000396728516,0x3f776670,0.966406822,0x3f800000,1,0x3c7bfc00,0.0153799057,0x3c7bfc00,0.0153799057,0000,0,0,00,0000,0,0,0,0x3c7bfc00,0.0153799057,0x3c7bfc00,0.0153799057,0x00000000,0,0,0
l2,0.0625,0,min-error,metric_min,exp1,0,1,1,0.966382027,0.966406822,0.966382027,0.966406822,2.47955322e-05,64,raw-and-scaled,4,1,fp4_e1m2,fp4_e2m1,2,1,4,30824,64,exp2,108756992,108765184,108765184,27191296,0.966382027,0.966406822,-8192,81565696,0.000396728516,0x3f776670,0.966406822,0x3f800000,1,0xbfa04040,-1.25196075,0xbfa04040,-1.25196075,1101,1,1,01,1110,3,0,0,0xbb008000,-0.00196075439,0xbe810100,-0.251960754,0x4b820000,17039360,17039360,1.01568604
l2,0.0625,0,min-error,metric_min,exp1,0,1,1,0.966382027,0.966406822,0.966382027,0.966406822,2.47955322e-05,65,raw-and-scaled,4,1,fp4_e1m2,fp4_e2m1,2,1,4,30824,65,exp2,108756992,108765184,108765184,27191296,0.966382027,0.966406822,-8192,81565696,0.000396728516,0x3f776670,0.966406822,0x3f800000,1,0xbd97f800,-0.0742034912,0xbd97f800,-0.0742034912,1000,0,0,00,1000,0,0,0,0xbd97f800,-0.0742034912,0xbd97f800,-0.0742034912,0x00000000,0,0,0
l2,0.0625,0,min-error,metric_min,exp1,0,1,1,0.966382027,0.966406822,0.966382027,0.966406822,2.47955322e-05,66,raw-and-scaled,4,1,fp4_e1m2,fp4_e2m1,2,1,4,30824,66,exp2,108756992,108765184,108765184,27191296,0.966382027,0.966406822,-8192,81565696,0.000396728516,0x3f776670,0.966406822,0x3f800000,1,0x3f940400,1.15637207,0x3f940400,1.15637207,0100,1,0,00,0110,3,0,0,0x3e202000,0.15637207,0x3e202000,0.15637207,0x00000000,0,0,0
l2,0.0625,0,min-error,metric_min,exp1,0,1,1,0.966382027,0.966406822,0.966382027,0.966406822,2.47955322e-05,67,raw-and-scaled,4,1,fp4_e1m2,fp4_e2m1,2,1,4,30824,67,exp2,108756992,108765184,108765184,27191296,0.966382027,0.966406822,-8192,81565696,0.000396728516,0x3f776670,0.966406822,0x3f800000,1,0x3f21c040,0.631839752,0x3f21c040,0.631839752,0010,0,2,10,0100,2,0,0,0x3e070100,0.131839752,0x3e070100,0.131839752,0x00000000,0,0,0
l2,0.0625,0,min-error,metric_min,exp1,0,1,1,0.966382027,0.966406822,0.966382027,0.966406822,2.47955322e-05,68,raw-and-scaled,4,1,fp4_e1m2,fp4_e2m1,2,1,4,30824,68,exp2,108756992,108765184,108765184,27191296,0.966382027,0.966406822,-8192,81565696,0.000396728516,0x3f776670,0.966406822,0x3f800000,1,0x3cc7f800,0.0244102478,0x3cc7f800,0.0244102478,0000,0,0,00,0000,0,0,0,0x3cc7f800,0.0244102478,0x3cc7f800,0.0244102478,0x00000000,0,0,0
l2,0.0625,0,min-error,metric_min,exp1,0,1,1,0.966382027,0.966406822,0.966382027,0.966406822,2.47955322e-05,69,raw-and-scaled,4,1,fp4_e1m2,fp4_e2m1,2,1,4,30824,69,exp2,108756992,108765184,108765184,27191296,0.966382027,0.966406822,-8192,81565696,0.000396728516,0x3f776670,0.966406822,0x3f800000,1,0xbc0aff00,-0.0084836483,0xbc0aff00,-0.0084836483,1000,0,0,00,1000,0,0,0,0xbc0aff00,-0.0084836483,0xbc0aff00,-0.0084836483,0x00000000,0,0,0
l2,0.0625,0,min-error,metric_min,exp1,0,1,1,0.966382027,0.966406822,0.966382027,0.966406822,2.47955322e-05,70,raw-and-scaled,4,1,fp4_e1m2,fp4_e2m1,2,1,4,30824,70,exp2,108756992,108765184,108765184,27191296,0.966382027,0.966406822,-8192,81565696,0.000396728516,0x3f776670,0.966406822,0x3f800000,1,0xbce7f800,-0.0283164978,0xbce7f800,-0.0283164978,1000,0,0,00,1000,0,0,0,0xbce7f800,-0.0283164978,0xbce7f800,-0.0283164978,0x00000000,0,0,0
l2,0.0625,0,min-error,metric_min,exp1,0,1,1,0.966382027,0.966406822,0.966382027,0.966406822,2.47955322e-05,71,raw-and-scaled,4,1,fp4_e1m2,fp4_e2m1,2,1,4,30824,71,exp2,108756992,108765184,108765184,27191296,0.966382027,0.966406822,-8192,81565696,0.000396728516,0x3f776670,0.966406822,0x3f800000,1,0x3fc78080,1.55860901,0x3fc78080,1.55860901,0110,1,2,10,0111,3,1,1,0x3d701000,0.0586090088,0x3d701000,0.0586090088,0x00000000,0,0,0
l2,0.0625,0,min-error,metric_min,exp1,0,1,1,0.966382027,0.966406822,0.966382027,0.966406822,2.47955322e-05,72,raw-and-scaled,4,1,fp4_e1m2,fp4_e2m1,2,1,4,30824,72,exp2,108756992,108765184,108765184,27191296,0.966382027,0.966406822,-8192,81565696,0.000396728516,0x3f776670,0.966406822,0x3f800000,1,0xbb487f80,-0.0030593574,0xbb487f80,-0.0030593574,1000,0,0,00,1000,0,0,0,0xbb487f80,-0.0030593574,0xbb487f80,-0.0030593574,0x00000000,0,0,0
l2,0.0625,0,min-error,metric_min,exp1,0,1,1,0.966382027,0.966406822,0.966382027,0.966406822,2.47955322e-05,73,raw-and-scaled,4,1,fp4_e1m2,fp4_e2m1,2,1,4,30824,73,exp2,108756992,108765184,108765184,27191296,0.966382027,0.966406822,-8192,81565696,0.000396728516,0x3f776670,0.966406822,0x3f800000,1,0x3b25fe00,0.00253283978,0x3b25fe00,0.00253283978,0000,0,0,00,0000,0,0,0,0x3b25fe00,0.00253283978,0x3b25fe00,0.00253283978,0x00000000,0,0,0
l2,0.0625,0,min-error,metric_min,exp1,0,1,1,0.966382027,0.966406822,0.966382027,0.966406822,2.47955322e-05,74,raw-and-scaled,4,1,fp4_e1m2,fp4_e2m1,2,1,4,30824,74,exp2,108756992,108765184,108765184,27191296,0.966382027,0.966406822,-8192,81565696,0.000396728516,0x3f776670,0.966406822,0x3f800000,1,0xbf150100,-0.582046509,0xbf150100,-0.582046509,1010,0,2,10,1100,2,0,0,0xbda80800,-0.0820465088,0xbda80800,-0.0820465088,0x00000000,0,0,0
l2,0.0625,0,min-error,metric_min,exp1,0,1,1,0.966382027,0.966406822,0.966382027,0.966406822,2.47955322e-05,75,raw-and-scaled,4,1,fp4_e1m2,fp4_e2m1,2,1,4,30824,75,exp2,108756992,108765184,108765184,27191296,0.966382027,0.966406822,-8192,81565696,0.000396728516,0x3f776670,0.966406822,0x3f800000,1,0xbbadfe00,-0.00530982018,0xbbadfe00,-0.00530982018,1000,0,0,00,1000,0,0,0,0xbbadfe00,-0.00530982018,0xbbadfe00,-0.00530982018,0x00000000,0,0,0
l2,0.0625,0,min-error,metric_min,exp1,0,1,1,0.966382027,0.966406822,0.966382027,0.966406822,2.47955322e-05,76,raw-and-scaled,4,1,fp4_e1m2,fp4_e2m1,2,1,4,30824,76,exp2,108756992,108765184,108765184,27191296,0.966382027,0.966406822,-8192,81565696,0.000396728516,0x3f776670,0.966406822,0x3f800000,1,0xbb63fc00,-0.00347876549,0xbb63fc00,-0.00347876549,1000,0,0,00,1000,0,0,0,0xbb63fc00,-0.00347876549,0xbb63fc00,-0.00347876549,0x00000000,0,0,0
l2,0.0625,0,min-error,metric_min,exp1,0,1,1,0.966382027,0.966406822,0.966382027,0.966406822,2.47955322e-05,77,raw-and-scaled,4,1,fp4_e1m2,fp4_e2m1,2,1,4,30824,77,exp2,108756992,108765184,108765184,27191296,0.966382027,0.966406822,-8192,81565696,0.000396728516,0x3f776670,0.966406822,0x3f800000,1,0x3ca6bfc0,0.0203551054,0x3ca6bfc0,0.0203551054,0000,0,0,00,0000,0,0,0,0x3ca6bfc0,0.0203551054,0x3ca6bfc0,0.0203551054,0x00000000,0,0,0
l2,0.0625,0,min-error,metric_min,exp1,0,1,1,0.966382027,0.966406822,0.966382027,0.966406822,2.47955322e-05,78,raw-and-scaled,4,1,fp4_e1m2,fp4_e2m1,2,1,4,30824,78,exp2,108756992,108765184,108765184,27191296,0.966382027,0.966406822,-8192,81565696,0.000396728516,0x3f776670,0.966406822,0x3f800000,1,0xbc1cff00,-0.00958228111,0xbc1cff00,-0.00958228111,1000,0,0,00,1000,0,0,0,0xbc1cff00,-0.00958228111,0xbc1cff00,-0.00958228111,0x00000000,0,0,0
l2,0.0625,0,min-error,metric_min,exp1,0,1,1,0.966382027,0.966406822,0.966382027,0.966406822,2.47955322e-05,79,raw-and-scaled,4,1,fp4_e1m2,fp4_e2m1,2,1,4,30824,79,exp2,108756992,108765184,108765184,27191296,0.966382027,0.966406822,-8192,81565696,0.000396728516,0x3f776670,0.966406822,0x3f800000,1,0xbba7c040,-0.00511935353,0xbba7c040,-0.00511935353,1000,0,0,00,1000,0,0,0,0xbba7c040,-0.00511935353,0xbba7c040,-0.00511935353,0x00000000,0,0,0
l2,0.0625,0,min-error,metric_min,exp1,0,1,1,0.966382027,0.966406822,0.966382027,0.966406822,2.47955322e-05,80,raw-and-scaled,4,1,fp4_e1m2,fp4_e2m1,2,1,4,30824,80,exp2,108756992,108765184,108765184,27191296,0.966382027,0.966406822,-8192,81565696,0.000396728516,0x3f776670,0.966406822,0x3f800000,1,0x3d508080,0.0509037971,0x3d508080,0.0509037971,0000,0,0,00,0000,0,0,0,0x3d508080,0.0509037971,0x3d508080,0.0509037971,0x00000000,0,0,0
l2,0.0625,0,min-error,metric_min,exp1,0,1,1,0.966382027,0.966406822,0.966382027,0.966406822,2.47955322e-05,81,raw-and-scaled,4,1,fp4_e1m2,fp4_e2m1,2,1,4,30824,81,exp2,108756992,108765184,108765184,27191296,0.966382027,0.966406822,-8192,81565696,0.000396728516,0x3f776670,0.966406822,0x3f800000,1,0xbc17f800,-0.0092754364,0xbc17f800,-0.0092754364,1000,0,0,00,1000,0,0,0,0xbc17f800,-0.0092754364,0xbc17f800,-0.0092754364,0x00000000,0,0,0
l2,0.0625,0,min-error,metric_min,exp1,0,1,1,0.966382027,0.966406822,0.966382027,0.966406822,2.47955322e-05,82,raw-and-scaled,4,1,fp4_e1m2,fp4_e2m1,2,1,4,30824,82,exp2,108756992,108765184,108765184,27191296,0.966382027,0.966406822,-8192,81565696,0.000396728516,0x3f776670,0.966406822,0x3f800000,1,0xbb294040,-0.00258256495,0xbb294040,-0.00258256495,1000,0,0,00,1000,0,0,0,0xbb294040,-0.00258256495,0xbb294040,-0.00258256495,0x00000000,0,0,0
l2,0.0625,0,min-error,metric_min,exp1,0,1,1,0.966382027,0.966406822,0.966382027,0.966406822,2.47955322e-05,83,raw-and-scaled,4,1,fp4_e1m2,fp4_e2m1,2,1,4,30824,83,exp2,108756992,108765184,108765184,27191296,0.966382027,0.966406822,-8192,81565696,0.000396728516,0x3f776670,0.966406822,0x3f800000,1,0x3a9c0400,0.00119030476,0x3a9c0400,0.00119030476,0000,0,0,00,0000,0,0,0,0x3a9c0400,0.00119030476,0x3a9c0400,0.00119030476,0x00000000,0,0,0
l2,0.0625,0,min-error,metric_min,exp1,0,1,1,0.966382027,0.966406822,0.966382027,0.966406822,2.47955322e-05,84,raw-and-scaled,4,1,fp4_e1m2,fp4_e2m1,2,1,4,30824,84,exp2,108756992,108765184,108765184,27191296,0.966382027,0.966406822,-8192,81565696,0.000396728516,0x3f776670,0.966406822,0x3f800000,1,0x3fc7f800,1.56225586,0x3fc7f800,1.56225586,0110,1,2,10,0111,3,1,1,0x3d7f0000,0.0622558594,0x3d7f0000,0.0622558594,0x00000000,0,0,0
l2,0.0625,0,min-error,metric_min,exp1,0,1,1,0.966382027,0.966406822,0.966382027,0.966406822,2.47955322e-05,85,raw-and-scaled,4,1,fp4_e1m2,fp4_e2m1,2,1,4,30824,85,exp2,108756992,108765184,108765184,27191296,0.966382027,0.966406822,-8192,81565696,0.000396728516,0x3f776670,0.966406822,0x3f800000,1,0xbb2aff00,-0.00260919333,0xbb2aff00,-0.00260919333,1000,0,0,00,1000,0,0,0,0xbb2aff00,-0.00260919333,0xbb2aff00,-0.00260919333,0x00000000,0,0,0
l2,0.0625,0,min-error,metric_min,exp1,0,1,1,0.966382027,0.966406822,0.966382027,0.966406822,2.47955322e-05,86,raw-and-scaled,4,1,fp4_e1m2,fp4_e2m1,2,1,4,30824,86,exp2,108756992,108765184,108765184,27191296,0.966382027,0.966406822,-8192,81565696,0.000396728516,0x3f776670,0.966406822,0x3f800000,1,0x3ed67f80,0.418941498,0x3ed67f80,0.418941498,0001,0,1,01,0011,1,1,1,0x3e2cff00,0.168941498,0x3d33fc00,0.0439414978,0xcad9e000,-7139328,-1784832,-0.425765991
l2,0.0625,0,min-error,metric_min,exp1,0,1,1,0.966382027,0.966406822,0.966382027,0.966406822,2.47955322e-05,87,raw-and-scaled,4,1,fp4_e1m2,fp4_e2m1,2,1,4,30824,87,exp2,108756992,108765184,108765184,27191296,0.966382027,0.966406822,-8192,81565696,0.000396728516,0x3f776670,0.966406822,0x3f800000,1,0x3ed78080,0.420902252,0x3ed78080,0.420902252,0001,0,1,01,0011,1,1,1,0x3e2f0100,0.170902252,0x3d3c0400,0.0459022522,0xcade0000,-7274496,-1818624,-0.433609009
l2,0.0625,0,min-error,metric_min,exp1,0,1,1,0.966382027,0.966406822,0.966382027,0.966406822,2.47955322e-05,88,raw-and-scaled,4,1,fp4_e1m2,fp4_e2m1,2,1,4,30824,88,exp2,108756992,108765184,108765184,27191296,0.966382027,0.966406822,-8192,81565696,0.000396728516,0x3f776670,0.966406822,0x3f800000,1,0xbf440400,-0.765686035,0xbf440400,-0.765686035,1011,0,3,11,1101,2,1,1,0xbc808000,-0.0156860352,0xbc808000,-0.0156860352,0x00000000,0,0,0
l2,0.0625,0,min-error,metric_min,exp1,0,1,1,0.966382027,0.966406822,0.966382027,0.966406822,2.47955322e-05,89,raw-and-scaled,4,1,fp4_e1m2,fp4_e2m1,2,1,4,30824,89,exp2,108756992,108765184,108765184,27191296,0.966382027,0.966406822,-8192,81565696,0.000396728516,0x3f776670,0.966406822,0x3f800000,1,0x3fe60200,1.79693604,0x3fe60200,1.79693604,0111,1,3,11,0111,3,1,1,0x3d404000,0.0469360352,0x3e980800,0.296936035,0x4bb00000,23068672,23068672,1.37548828
l2,0.0625,0,min-error,metric_min,exp1,0,1,1,0.966382027,0.966406822,0.966382027,0.966406822,2.47955322e-05,90,raw-and-scaled,4,1,fp4_e1m2,fp4_e2m1,2,1,4,30824,90,exp2,108756992,108765184,108765184,27191296,0.966382027,0.966406822,-8192,81565696,0.000396728516,0x3f776670,0.966406822,0x3f800000,1,0xbe69fe00,-0.228507996,0xbe69fe00,-0.228507996,1000,0,0,00,1001,0,1,1,0xbe69fe00,-0.228507996,0xbdd3fc00,-0.103507996,0xcb29f000,-11137024,-2784256,-0.664031982
l2,0.0625,0,min-error,metric_min,exp1,0,1,1,0.966382027,0.966406822,0.966382027,0.966406822,2.47955322e-05,91,raw-and-scaled,4,1,fp4_e1m2,fp4_e2m1,2,1,4,30824,91,exp2,108756992,108765184,108765184,27191296,0.966382027,0.966406822,-8192,81565696,0.000396728516,0x3f776670,0.966406822,0x3f800000,1,0x3f5bfc00,0.859313965,0x3f5bfc00,0.859313965,0011,0,3,11,0101,2,1,1,0x3ddfe000,0.109313965,0x3ddfe000,0.109313965,0x00000000,0,0,0
l2,0.0625,0,min-error,metric_min,exp1,0,1,1,0.966382027,0.966406822,0.966382027,0.966406822,2.47955322e-05,92,raw-and-scaled,4,1,fp4_e1m2,fp4_e2m1,2,1,4,30824,92,exp2,108756992,108765184,108765184,27191296,0.966382027,0.966406822,-8192,81565696,0.000396728516,0x3f776670,0.966406822,0x3f800000,1,0xbd63fc00,-0.0556602478,0xbd63fc00,-0.0556602478,1000,0,0,00,1000,0,0,0,0xbd63fc00,-0.0556602478,0xbd63fc00,-0.0556602478,0x00000000,0,0,0
l2,0.0625,0,min-error,metric_min,exp1,0,1,1,0.966382027,0.966406822,0.966382027,0.966406822,2.47955322e-05,93,raw-and-scaled,4,1,fp4_e1m2,fp4_e2m1,2,1,4,30824,93,exp2,108756992,108765184,108765184,27191296,0.966382027,0.966406822,-8192,81565696,0.000396728516,0x3f776670,0.966406822,0x3f800000,1,0xbaf5fe00,-0.00187677145,0xbaf5fe00,-0.00187677145,1000,0,0,00,1000,0,0,0,0xbaf5fe00,-0.00187677145,0xbaf5fe00,-0.00187677145,0x00000000,0,0,0
l2,0.0625,0,min-error,metric_min,exp1,0,1,1,0.966382027,0.966406822,0.966382027,0.966406822,2.47955322e-05,94,raw-and-scaled,4,1,fp4_e1m2,fp4_e2m1,2,1,4,30824,94,exp2,108756992,108765184,108765184,27191296,0.966382027,0.966406822,-8192,81565696,0.000396728516,0x3f776670,0.966406822,0x3f800000,1,0x3bbd0100,0.00576794147,0x3bbd0100,0.00576794147,0000,0,0,00,0000,0,0,0,0x3bbd0100,0.00576794147,0x3bbd0100,0.00576794147,0x00000000,0,0,0
l2,0.0625,0,min-error,metric_min,exp1,0,1,1,0.966382027,0.966406822,0.966382027,0.966406822,2.47955322e-05,95,raw-and-scaled,4,1,fp4_e1m2,fp4_e2m1,2,1,4,30824,95,exp2,108756992,108765184,108765184,27191296,0.966382027,0.966406822,-8192,81565696,0.000396728516,0x3f776670,0.966406822,0x3f800000,1,0x3b5f7f80,0.00341030955,0x3b5f7f80,0.00341030955,0000,0,0,00,0000,0,0,0,0x3b5f7f80,0.00341030955,0x3b5f7f80,0.00341030955,0x00000000,0,0,0
l2,0.0625,0,min-error,metric_min,exp1,0,1,1,0.966382027,0.966406822,0.966382027,0.966406822,2.47955322e-05,96,raw-and-scaled,4,1,fp4_e1m2,fp4_e2m1,2,1,4,30824,96,exp2,108756992,108765184,108765184,27191296,0.966382027,0.966406822,-8192,81565696,0.000396728516,0x3f776670,0.966406822,0x3f800000,1,0xbac0ff00,-0.00147244334,0xbac0ff00,-0.00147244334,1000,0,0,00,1000,0,0,0,0xbac0ff00,-0.00147244334,0xbac0ff00,-0.00147244334,0x00000000,0,0,0
l2,0.0625,0,min-error,metric_min,exp1,0,1,1,0.966382027,0.966406822,0.966382027,0.966406822,2.47955322e-05,97,raw-and-scaled,4,1,fp4_e1m2,fp4_e2m1,2,1,4,30824,97,exp2,108756992,108765184,108765184,27191296,0.966382027,0.966406822,-8192,81565696,0.000396728516,0x3f776670,0.966406822,0x3f800000,1,0xbc430100,-0.0119020939,0xbc430100,-0.0119020939,1000,0,0,00,1000,0,0,0,0xbc430100,-0.0119020939,0xbc430100,-0.0119020939,0x00000000,0,0,0
l2,0.0625,0,min-error,metric_min,exp1,0,1,1,0.966382027,0.966406822,0.966382027,0.966406822,2.47955322e-05,98,raw-and-scaled,4,1,fp4_e1m2,fp4_e2m1,2,1,4,30824,98,exp2,108756992,108765184,108765184,27191296,0.966382027,0.966406822,-8192,81565696,0.000396728516,0x3f776670,0.966406822,0x3f800000,1,0x3b93fc00,0.00451612473,0x3b93fc00,0.00451612473,0000,0,0,00,0000,0,0,0,0x3b93fc00,0.00451612473,0x3b93fc00,0.00451612473,0x00000000,0,0,0
l2,0.0625,0,min-error,metric_min,exp1,0,1,1,0.966382027,0.966406822,0.966382027,0.966406822,2.47955322e-05,99,raw-and-scaled,4,1,fp4_e1m2,fp4_e2m1,2,1,4,30824,99,exp2,108756992,108765184,108765184,27191296,0.966382027,0.966406822,-8192,81565696,0.000396728516,0x3f776670,0.966406822,0x3f800000,1,0x3c46ff00,0.0121457577,0x3c46ff00,0.0121457577,0000,0,0,00,0000,0,0,0,0x3c46ff00,0.0121457577,0x3c46ff00,0.0121457577,0x00000000,0,0,0
l2,0.0625,0,min-error,metric_min,exp1,0,1,1,0.966382027,0.966406822,0.966382027,0.966406822,2.47955322e-05,100,raw-and-scaled,4,1,fp4_e1m2,fp4_e2m1,2,1,4,30824,100,exp2,108756992,108765184,108765184,27191296,0.966382027,0.966406822,-8192,81565696,0.000396728516,0x3f776670,0.966406822,0x3f800000,1,0x3a920200,0.00111395121,0x3a920200,0.00111395121,0000,0,0,00,0000,0,0,0,0x3a920200,0.00111395121,0x3a920200,0.00111395121,0x00000000,0,0,0
l2,0.0625,0,min-error,metric_min,exp1,0,1,1,0.966382027,0.966406822,0.966382027,0.966406822,2.47955322e-05,101,raw-and-scaled,4,1,fp4_e1m2,fp4_e2m1,2,1,4,30824,101,exp2,108756992,108765184,108765184,27191296,0.966382027,0.966406822,-8192,81565696,0.000396728516,0x3f776670,0.966406822,0x3f800000,1,0xbdd80800,-0.105484009,0xbdd80800,-0.105484009,1000,0,0,00,1000,0,0,0,0xbdd80800,-0.105484009,0xbdd80800,-0.105484009,0x00000000,0,0,0
l2,0.0625,0,min-error,metric_min,exp1,0,1,1,0.966382027,0.966406822,0.966382027,0.966406822,2.47955322e-05,102,raw-and-scaled,4,1,fp4_e1m2,fp4_e2m1,2,1,4,30824,102,exp2,108756992,108765184,108765184,27191296,0.966382027,0.966406822,-8192,81565696,0.000396728516,0x3f776670,0.966406822,0x3f800000,1,0xbe9a0200,-0.300796509,0xbe9a0200,-0.300796509,1001,0,1,01,1010,1,0,0,0xbd501000,-0.0507965088,0xbd501000,-0.0507965088,0x00000000,0,0,0
l2,0.0625,0,min-error,metric_min,exp1,0,1,1,0.966382027,0.966406822,0.966382027,0.966406822,2.47955322e-05,103,raw-and-scaled,4,1,fp4_e1m2,fp4_e2m1,2,1,4,30824,103,exp2,108756992,108765184,108765184,27191296,0.966382027,0.966406822,-8192,81565696,0.000396728516,0x3f776670,0.966406822,0x3f800000,1,0x3db3c040,0.0877690315,0x3db3c040,0.0877690315,0000,0,0,00,0000,0,0,0,0x3db3c040,0.0877690315,0x3db3c040,0.0877690315,0x00000000,0,0,0
l2,0.0625,0,min-error,metric_min,exp1,0,1,1,0.966382027,0.966406822,0.966382027,0.966406822,2.47955322e-05,104,raw-and-scaled,4,1,fp4_e1m2,fp4_e2m1,2,1,4,30824,104,exp2,108756992,108765184,108765184,27191296,0.966382027,0.966406822,-8192,81565696,0.000396728516,0x3f776670,0.966406822,0x3f800000,1,0xbb21fe00,-0.00247180462,0xbb21fe00,-0.00247180462,1000,0,0,00,1000,0,0,0,0xbb21fe00,-0.00247180462,0xbb21fe00,-0.00247180462,0x00000000,0,0,0
l2,0.0625,0,min-error,metric_min,exp1,0,1,1,0.966382027,0.966406822,0.966382027,0.966406822,2.47955322e-05,105,raw-and-scaled,4,1,fp4_e1m2,fp4_e2m1,2,1,4,30824,105,exp2,108756992,108765184,108765184,27191296,0.966382027,0.966406822,-8192,81565696,0.000396728516,0x3f776670,0.966406822,0x3f800000,1,0x3ad30100,0.00160983205,0x3ad30100,0.00160983205,0000,0,0,00,0000,0,0,0,0x3ad30100,0.00160983205,0x3ad30100,0.00160983205,0x00000000,0,0,0
l2,0.0625,0,min-error,metric_min,exp1,0,1,1,0.966382027,0.966406822,0.966382027,0.966406822,2.47955322e-05,106,raw-and-scaled,4,1,fp4_e1m2,fp4_e2m1,2,1,4,30824,106,exp2,108756992,108765184,108765184,27191296,0.966382027,0.966406822,-8192,81565696,0.000396728516,0x3f776670,0.966406822,0x3f800000,1,0xbe354040,-0.177002907,0xbe354040,-0.177002907,1000,0,0,00,1001,0,1,1,0xbe354040,-0.177002907,0xbd550100,-0.0520029068,0xcaea8000,-7684096,-1921024,-0.458011657
l2,0.0625,0,min-error,metric_min,exp1,0,1,1,0.966382027,0.966406822,0.966382027,0.966406822,2.47955322e-05,107,raw-and-scaled,4,1,fp4_e1m2,fp4_e2m1,2,1,4,30824,107,exp2,108756992,108765184,108765184,27191296,0.966382027,0.966406822,-8192,81565696,0.000396728516,0x3f776670,0.966406822,0x3f800000,1,0xbb380800,-0.00280809402,0xbb380800,-0.00280809402,1000,0,0,00,1000,0,0,0,0xbb380800,-0.00280809402,0xbb380800,-0.00280809402,0x00000000,0,0,0
l2,0.0625,0,min-error,metric_min,exp1,0,1,1,0.966382027,0.966406822,0.966382027,0.966406822,2.47955322e-05,108,raw-and-scaled,4,1,fp4_e1m2,fp4_e2m1,2,1,4,30824,108,exp2,108756992,108765184,108765184,27191296,0.966382027,0.966406822,-8192,81565696,0.000396728516,0x3f776670,0.966406822,0x3f800000,1,0xbdc7f800,-0.0976409912,0xbdc7f800,-0.0976409912,1000,0,0,00,1000,0,0,0,0xbdc7f800,-0.0976409912,0xbdc7f800,-0.0976409912,0x00000000,0,0,0
l2,0.0625,0,min-error,metric_min,exp1,0,1,1,0.966382027,0.966406822,0.966382027,0.966406822,2.47955322e-05,109,raw-and-scaled,4,1,fp4_e1m2,fp4_e2m1,2,1,4,30824,109,exp2,108756992,108765184,108765184,27191296,0.966382027,0.966406822,-8192,81565696,0.000396728516,0x3f776670,0.966406822,0x3f800000,1,0xbcd7f800,-0.0263633728,0xbcd7f800,-0.0263633728,1000,0,0,00,1000,0,0,0,0xbcd7f800,-0.0263633728,0xbcd7f800,-0.0263633728,0x00000000,0,0,0
l2,0.0625,0,min-error,metric_min,exp1,0,1,1,0.966382027,0.966406822,0.966382027,0.966406822,2.47955322e-05,110,raw-and-scaled,4,1,fp4_e1m2,fp4_e2m1,2,1,4,30824,110,exp2,108756992,108765184,108765184,27191296,0.966382027,0.966406822,-8192,81565696,0.000396728516,0x3f776670,0.966406822,0x3f800000,1,0xbdee8080,-0.116456032,0xbdee8080,-0.116456032,1000,0,0,00,1000,0,0,0,0xbdee8080,-0.116456032,0xbdee8080,-0.116456032,0x00000000,0,0,0
l2,0.0625,0,min-error,metric_min,exp1,0,1,1,0.966382027,0.966406822,0.966382027,0.966406822,2.47955322e-05,111,raw-and-scaled,4,1,fp4_e1m2,fp4_e2m1,2,1,4,30824,111,exp2,108756992,108765184,108765184,27191296,0.966382027,0.966406822,-8192,81565696,0.000396728516,0x3f776670,0.966406822,0x3f800000,1,0xbef7f800,-0.484313965,0xbef7f800,-0.484313965,1001,0,1,01,1011,1,1,1,0xbe6ff000,-0.234313965,0xbddfe000,-0.109313965,0xcb2ff000,-11530240,-2882560,-0.687255859
l2,0.0625,0,min-error,metric_min,exp1,0,1,1,0.966382027,0.966406822,0.966382027,0.966406822,2.47955322e-05,112,raw-and-scaled,4,1,fp4_e1m2,fp4_e2m1,2,1,4,30824,112,exp2,108756992,108765184,108765184,27191296,0.966382027,0.966406822,-8192,81565696,0.000396728516,0x3f776670,0.966406822,0x3f800000,1,0x3e707f80,0.234861374,0x3e707f80,0.234861374,0000,0,0,00,0001,0,1,1,0x3e707f80,0.234861374,0x3de0ff00,0.109861374,0xcb307000,-11563008,-2890752,-0.689445496
l2,0.0625,0,min-error,metric_min,exp1,0,1,1,0.966382027,0.966406822,0.966382027,0.966406822,2.47955322e-05,113,raw-and-scaled,4,1,fp4_e1m2,fp4_e2m1,2,1,4,30824,113,exp2,108756992,108765184,108765184,27191296,0.966382027,0.966406822,-8192,81565696,0.000396728516,0x3f776670,0.966406822,0x3f800000,1,0x3b718080,0.00368502736,0x3b718080,0.00368502736,0000,0,0,00,0000,0,0,0,0x3b718080,0.00368502736,0x3b718080,0.00368502736,0x00000000,0,0,0
l2,0.0625,0,min-error,metric_min,exp1,0,1,1,0.966382027,0.966406822,0.966382027,0.966406822,2.47955322e-05,114,raw-and-scaled,4,1,fp4_e1m2,fp4_e2m1,2,1,4,30824,114,exp2,108756992,108765184,108765184,27191296,0.966382027,0.966406822,-8192,81565696,0.000396728516,0x3f776670,0.966406822,0x3f800000,1,0xbdb93fc0,-0.0904536247,0xbdb93fc0,-0.0904536247,1000,0,0,00,1000,0,0,0,0xbdb93fc0,-0.0904536247,0xbdb93fc0,-0.0904536247,0x00000000,0,0,0
l2,0.0625,0,min-error,metric_min,exp1,0,1,1,0.966382027,0.966406822,0.966382027,0.966406822,2.47955322e-05,115,raw-and-scaled,4,1,fp4_e1m2,fp4_e2m1,2,1,4,30824,115,exp2,108756992,108765184,108765184,27191296,0.966382027,0.966406822,-8192,81565696,0.000396728516,0x3f776670,0.966406822,0x3f800000,1,0x3f39c040,0.725589752,0x3f39c040,0.725589752,0010,0,2,10,0100,2,0,0,0x3e670100,0.225589752,0x3e670100,0.225589752,0x00000000,0,0,0
l2,0.0625,0,min-error,metric_min,exp1,0,1,1,0.966382027,0.966406822,0.966382027,0.966406822,2.47955322e-05,116,raw-and-scaled,4,1,fp4_e1m2,fp4_e2m1,2,1,4,30824,116,exp2,108756992,108765184,108765184,27191296,0.966382027,0.966406822,-8192,81565696,0.000396728516,0x3f776670,0.966406822,0x3f800000,1,0x3cf48080,0.0298464298,0x3cf48080,0.0298464298,0000,0,0,00,0000,0,0,0,0x3cf48080,0.0298464298,0x3cf48080,0.0298464298,0x00000000,0,0,0
l2,0.0625,0,min-error,metric_min,exp1,0,1,1,0.966382027,0.966406822,0.966382027,0.966406822,2.47955322e-05,117,raw-and-scaled,4,1,fp4_e1m2,fp4_e2m1,2,1,4,30824,117,exp2,108756992,108765184,108765184,27191296,0.966382027,0.966406822,-8192,81565696,0.000396728516,0x3f776670,0.966406822,0x3f800000,1,0xbd3abfc0,-0.0455930233,0xbd3abfc0,-0.0455930233,1000,0,0,00,1000,0,0,0,0xbd3abfc0,-0.0455930233,0xbd3abfc0,-0.0455930233,0x00000000,0,0,0
l2,0.0625,0,min-error,metric_min,exp1,0,1,1,0.966382027,0.966406822,0.966382027,0.966406822,2.47955322e-05,118,raw-and-scaled,4,1,fp4_e1m2,fp4_e2m1,2,1,4,30824,118,exp2,108756992,108765184,108765184,27191296,0.966382027,0.966406822,-8192,81565696,0.000396728516,0x3f776670,0.966406822,0x3f800000,1,0xbbed0100,-0.00723278522,0xbbed0100,-0.00723278522,1000,0,0,00,1000,0,0,0,0xbbed0100,-0.00723278522,0xbbed0100,-0.00723278522,0x00000000,0,0,0
l2,0.0625,0,min-error,metric_min,exp1,0,1,1,0.966382027,0.966406822,0.966382027,0.966406822,2.47955322e-05,119,raw-and-scaled,4,1,fp4_e1m2,fp4_e2m1,2,1,4,30824,119,exp2,108756992,108765184,108765184,27191296,0.966382027,0.966406822,-8192,81565696,0.000396728516,0x3f776670,0.966406822,0x3f800000,1,0x3bddfe00,0.00677466393,0x3bddfe00,0.00677466393,0000,0,0,00,0000,0,0,0,0x3bddfe00,0.00677466393,0x3bddfe00,0.00677466393,0x00000000,0,0,0
l2,0.0625,0,min-error,metric_min,exp1,0,1,1,0.966382027,0.966406822,0.966382027,0.966406822,2.47955322e-05,120,raw-and-scaled,4,1,fp4_e1m2,fp4_e2m1,2,1,4,30824,120,exp2,108756992,108765184,108765184,27191296,0.966382027,0.966406822,-8192,81565696,0.000396728516,0x3f776670,0.966406822,0x3f800000,1,0xbfc40400,-1.53137207,0xbfc40400,-1.53137207,1110,1,2,10,1111,3,1,1,0xbd008000,-0.0313720703,0xbd008000,-0.0313720703,0x00000000,0,0,0
l2,0.0625,0,min-error,metric_min,exp1,0,1,1,0.966382027,0.966406822,0.966382027,0.966406822,2.47955322e-05,121,raw-and-scaled,4,1,fp4_e1m2,fp4_e2m1,2,1,4,30824,121,exp2,108756992,108765184,108765184,27191296,0.966382027,0.966406822,-8192,81565696,0.000396728516,0x3f776670,0.966406822,0x3f800000,1,0x3d17f800,0.0371017456,0x3d17f800,0.0371017456,0000,0,0,00,0000,0,0,0,0x3d17f800,0.0371017456,0x3d17f800,0.0371017456,0x00000000,0,0,0
l2,0.0625,0,min-error,metric_min,exp1,0,1,1,0.966382027,0.966406822,0.966382027,0.966406822,2.47955322e-05,122,raw-and-scaled,4,1,fp4_e1m2,fp4_e2m1,2,1,4,30824,122,exp2,108756992,108765184,108765184,27191296,0.966382027,0.966406822,-8192,81565696,0.000396728516,0x3f776670,0.966406822,0x3f800000,1,0xbaa80800,-0.0012819767,0xbaa80800,-0.0012819767,1000,0,0,00,1000,0,0,0,0xbaa80800,-0.0012819767,0xbaa80800,-0.0012819767,0x00000000,0,0,0
l2,0.0625,0,min-error,metric_min,exp1,0,1,1,0.966382027,0.966406822,0.966382027,0.966406822,2.47955322e-05,123,raw-and-scaled,4,1,fp4_e1m2,fp4_e2m1,2,1,4,30824,123,exp2,108756992,108765184,108765184,27191296,0.966382027,0.966406822,-8192,81565696,0.000396728516,0x3f776670,0.966406822,0x3f800000,1,0x3cb80800,0.0224647522,0x3cb80800,0.0224647522,0000,0,0,00,0000,0,0,0,0x3cb80800,0.0224647522,0x3cb80800,0.0224647522,0x00000000,0,0,0
l2,0.0625,0,min-error,metric_min,exp1,0,1,1,0.966382027,0.966406822,0.966382027,0.966406822,2.47955322e-05,124,raw-and-scaled,4,1,fp4_e1m2,fp4_e2m1,2,1,4,30824,124,exp2,108756992,108765184,108765184,27191296,0.966382027,0.966406822,-8192,81565696,0.000396728516,0x3f776670,0.966406822,0x3f800000,1,0xbae3fc00,-0.00173938274,0xbae3fc00,-0.00173938274,1000,0,0,00,1000,0,0,0,0xbae3fc00,-0.00173938274,0xbae3fc00,-0.00173938274,0x00000000,0,0,0
l2,0.0625,0,min-error,metric_min,exp1,0,1,1,0.966382027,0.966406822,0.966382027,0.966406822,2.47955322e-05,125,raw-and-scaled,4,1,fp4_e1m2,fp4_e2m1,2,1,4,30824,125,exp2,108756992,108765184,108765184,27191296,0.966382027,0.966406822,-8192,81565696,0.000396728516,0x3f776670,0.966406822,0x3f800000,1,0x3d6bfc00,0.0576133728,0x3d6bfc00,0.0576133728,0000,0,0,00,0000,0,0,0,0x3d6bfc00,0.0576133728,0x3d6bfc00,0.0576133728,0x00000000,0,0,0
l2,0.0625,0,min-error,metric_min,exp1,0,1,1,0.966382027,0.966406822,0.966382027,0.966406822,2.47955322e-05,126,raw-and-scaled,4,1,fp4_e1m2,fp4_e2m1,2,1,4,30824,126,exp2,108756992,108765184,108765184,27191296,0.966382027,0.966406822,-8192,81565696,0.000396728516,0x3f776670,0.966406822,0x3f800000,1,0xbde7f800,-0.113265991,0xbde7f800,-0.113265991,1000,0,0,00,1000,0,0,0,0xbde7f800,-0.113265991,0xbde7f800,-0.113265991,0x00000000,0,0,0
l2,0.0625,0,min-error,metric_min,exp1,0,1,1,0.966382027,0.966406822,0.966382027,0.966406822,2.47955322e-05,127,raw-and-scaled,4,1,fp4_e1m2,fp4_e2m1,2,1,4,30824,127,exp2,108756992,108765184,108765184,27191296,0.966382027,0.966406822,-8192,81565696,0.000396728516,0x3f776670,0.966406822,0x3f800000,1,0x3f7dfe00,0.992156982,0x3f7dfe00,0.992156982,0011,0,3,11,0101,2,1,1,0x3e77f800,0.242156982,0x3e77f800,0.242156982,0x00000000,0,0,0
l2,0.0625,0,min-error,metric_min,exp2,0,1,1,1.00162053,1.00161636,1.00161636,1.00162053,4.17232513e-06,0,raw-and-scaled,4,1,fp4_e1m2,fp4_e2m1,2,1,4,35322,0,exp1,134905856,134901760,134901760,33725440,1.00162053,1.00161636,4096,101180416,-6.42538071e-05,0x3f80351a,1.00162053,0x3f800000,1,0xbd5308b2,-0.0515219644,0xbd5308b2,-0.0515219644,1000,0,0,00,1000,0,0,0,0xbd5308b2,-0.0515219644,0xbd5308b2,-0.0515219644,0x00000000,0,0,0
l2,0.0625,0,min-error,metric_min,exp2,0,1,1,1.00162053,1.00161636,1.00161636,1.00162053,4.17232513e-06,1,raw-and-scaled,4,1,fp4_e1m2,fp4_e2m1,2,1,4,35322,1,exp1,134905856,134901760,134901760,33725440,1.00162053,1.00161636,4096,101180416,-6.42538071e-05,0x3f80351a,1.00162053,0x3f800000,1,0x3d618857,0.0550616644,0x3d618857,0.0550616644,0000,0,0,00,0000,0,0,0,0x3d618857,0.0550616644,0x3d618857,0.0550616644,0x00000000,0,0,0
l2,0.0625,0,min-error,metric_min,exp2,0,1,1,1.00162053,1.00161636,1.00161636,1.00162053,4.17232513e-06,2,raw-and-scaled,4,1,fp4_e1m2,fp4_e2m1,2,1,4,35322,2,exp1,134905856,134901760,134901760,33725440,1.00162053,1.00161636,4096,101180416,-6.42538071e-05,0x3f80351a,1.00162053,0x3f800000,1,0xbe7f1b86,-0.249128431,0xbe7f1b86,-0.249128431,1000,0,0,00,1001,0,1,1,0xbe7f1b86,-0.249128431,0xbdfe370c,-0.124128431,0xcb3f1000,-12521472,-3130368,-0.746513724
l2,0.0625,0,min-error,metric_min,exp2,0,1,1,1.00162053,1.00161636,1.00161636,1.00162053,4.17232513e-06,3,raw-and-scaled,4,1,fp4_e1m2,fp4_e2m1,2,1,4,35322,3,exp1,134905856,134901760,134901760,33725440,1.00162053,1.00161636,4096,101180416,-6.42538071e-05,0x3f80351a,1.00162053,0x3f800000,1,0x3c75fca4,0.0150138475,0x3c75fca4,0.0150138475,0000,0,0,00,0000,0,0,0,0x3c75fca4,0.0150138475,0x3c75fca4,0.0150138475,0x00000000,0,0,0
l2,0.0625,0,min-error,metric_min,exp2,0,1,1,1.00162053,1.00161636,1.00161636,1.00162053,4.17232513e-06,4,raw-and-scaled,4,1,fp4_e1m2,fp4_e2m1,2,1,4,35322,4,exp1,134905856,134901760,134901760,33725440,1.00162053,1.00161636,4096,101180416,-6.42538071e-05,0x3f80351a,1.00162053,0x3f800000,1,0xbfc689dc,-1.55108213,0xbfc689dc,-1.55108213,1110,1,2,10,1111,3,1,1,0xbd513b80,-0.0510821342,0xbd513b80,-0.0510821342,0x00000000,0,0,0
l2,0.0625,0,min-error,metric_min,exp2,0,1,1,1.00162053,1.00161636,1.00161636,1.00162053,4.17232513e-06,5,raw-and-scaled,4,1,fp4_e1m2,fp4_e2m1,2,1,4,35322,5,exp1,134905856,134901760,134901760,33725440,1.00162053,1.00161636,4096,101180416,-6.42538071e-05,0x3f80351a,1.00162053,0x3f800000,1,0x3c84affa,0.0161971934,0x3c84affa,0.0161971934,0000,0,0,00,0000,0,0,0,0x3c84affa,0.0161971934,0x3c84affa,0.0161971934,0x00000000,0,0,0
l2,0.0625,0,min-error,metric_min,exp2,0,1,1,1.00162053,1.00161636,1.00161636,1.00162053,4.17232513e-06,6,raw-and-scaled,4,1,fp4_e1m2,fp4_e2m1,2,1,4,35322,6,exp1,134905856,134901760,134901760,33725440,1.00162053,1.00161636,4096,101180416,-6.42538071e-05,0x3f80351a,1.00162053,0x3f800000,1,0xbfcd5204,-1.60406542,0xbfcd5204,-1.60406542,1110,1,2,10,1111,3,1,1,0xbdd52040,-0.104065418,0xbdd52040,-0.104065418,0x00000000,0,0,0
l2,0.0625,0,min-error,metric_min,exp2,0,1,1,1.00162053,1.00161636,1.00161636,1.00162053,4.17232513e-06,7,raw-and-scaled,4,1,fp4_e1m2,fp4_e2m1,2,1,4,35322,7,exp1,134905856,134901760,134901760,33725440,1.00162053,1.00161636,4096,101180416,-6.42538071e-05,0x3f80351a,1.00162053,0x3f800000,1,0x3b98b502,0.00466024969,0x3b98b502,0.00466024969,0000,0,0,00,0000,0,0,0,0x3b98b502,0.00466024969,0x3b98b502,0.00466024969,0x00000000,0,0,0
l2,0.0625,0,min-error,metric_min,exp2,0,1,1,1.00162053,1.00161636,1.00161636,1.00162053,4.17232513e-06,8,raw-and-scaled,4,1,fp4_e1m2,fp4_e2m1,2,1,4,35322,8,exp1,134905856,134901760,134901760,33725440,1.00162053,1.00161636,4096,101180416,-6.42538071e-05,0x3f80351a,1.00162053,0x3f800000,1,0x3b0ee1a1,0.00218019658,0x3b0ee1a1,0.00218019658,0000,0,0,00,0000,0,0,0,0x3b0ee1a1,0.00218019658,0x3b0ee1a1,0.00218019658,0x00000000,0,0,0
l2,0.0625,0,min-error,metric_min,exp2,0,1,1,1.00162053,1.00161636,1.00161636,1.00162053,4.17232513e-06,9,raw-and-scaled,4,1,fp4_e1m2,fp4_e2m1,2,1,4,35322,9,exp1,134905856,134901760,134901760,33725440,1.00162053,1.00161636,4096,101180416,-6.42538071e-05,0x3f80351a,1.00162053,0x3f800000,1,0xbaf7e3be,-0.0018912477,0xbaf7e3be,-0.0018912477,1000,0,0,00,1000,0,0,0,0xbaf7e3be,-0.0018912477,0xbaf7e3be,-0.0018912477,0x00000000,0,0,0
l2,0.0625,0,min-error,metric_min,exp2,0,1,1,1.00162053,1.00161636,1.00161636,1.00162053,4.17232513e-06,10,raw-and-scaled,4,1,fp4_e1m2,fp4_e2m1,2,1,4,35322,10,exp1,134905856,134901760,134901760,33725440,1.00162053,1.00161636,4096,101180416,-6.42538071e-05,0x3f80351a,1.00162053,0x3f800000,1,0xbc250770,-0.010072574,0xbc250770,-0.010072574,1000,0,0,00,1000,0,0,0,0xbc250770,-0.010072574,0xbc250770,-0.010072574,0x00000000,0,0,0
l2,0.0625,0,min-error,metric_min,exp2,0,1,1,1.00162053,1.00161636,1.00161636,1.00162053,4.17232513e-06,11,raw-and-scaled,4,1,fp4_e1m2,fp4_e2m1,2,1,4,35322,11,exp1,134905856,134901760,134901760,33725440,1.00162053,1.00161636,4096,101180416,-6.42538071e-05,0x3f80351a,1.00162053,0x3f800000,1,0xbec8022a,-0.39064151,0xbec8022a,-0.39064151,1001,0,1,01,1011,1,1,1,0xbe100454,-0.14064151,0xbc8022a0,-0.0156415105,0xcaa00000,-5242880,-1310720,-0.312566042
l2,0.0625,0,min-error,metric_min,exp2,0,1,1,1.00162053,1.00161636,1.00161636,1.00162053,4.17232513e-06,12,raw-and-scaled,4,1,fp4_e1m2,fp4_e2m1,2,1,4,35322,12,exp1,134905856,134901760,134901760,33725440,1.00162053,1.00161636,4096,101180416,-6.42538071e-05,0x3f80351a,1.00162053,0x3f800000,1,0x3d41de4c,0.0473311394,0x3d41de4c,0.0473311394,0000,0,0,00,0000,0,0,0,0x3d41de4c,0.0473311394,0x3d41de4c,0.0473311394,0x00000000,0,0,0
l2,0.0625,0,min-error,metric_min,exp2,0,1,1,1.00162053,1.00161636,1.00161636,1.00162053,4.17232513e-06,13,raw-and-scaled,4,1,fp4_e1m2,fp4_e2m1,2,1,4,35322,13,exp1,134905856,134901760,134901760,33725440,1.00162053,1.00161636,4096,101180416,-6.42538071e-05,0x3f80351a,1.00162053,0x3f800000,1,0xbab00646,-0.0013429604,0xbab00646,-0.0013429604,1000,0,0,00,1000,0,0,0,0xbab00646,-0.0013429604,0xbab00646,-0.0013429604,0x00000000,0,0,0
l2,0.0625,0,min-error,metric_min,exp2,0,1,1,1.00162053,1.00161636,1.00161636,1.00162053,4.17232513e-06,14,raw-and-scaled,4,1,fp4_e1m2,fp4_e2m1,2,1,4,35322,14,exp1,134905856,134901760,134901760,33725440,1.00162053,1.00161636,4096,101180416,-6.42538071e-05,0x3f80351a,1.00162053,0x3f800000,1,0xbaaf22ec,-0.0013361848,0xbaaf22ec,-0.0013361848,1000,0,0,00,1000,0,0,0,0xbaaf22ec,-0.0013361848,0xbaaf22ec,-0.0013361848,0x00000000,0,0,0
l2,0.0625,0,min-error,metric_min,exp2,0,1,1,1.00162053,1.00161636,1.00161636,1.00162053,4.17232513e-06,15,raw-and-scaled,4,1,fp4_e1m2,fp4_e2m1,2,1,4,35322,15,exp1,134905856,134901760,134901760,33725440,1.00162053,1.00161636,4096,101180416,-6.42538071e-05,0x3f80351a,1.00162053,0x3f800000,1,0xbe486b84,-0.19572264,0xbe486b84,-0.19572264,1000,0,0,00,1001,0,1,1,0xbe486b84,-0.19572264,0xbd90d708,-0.0707226396,0xcb086000,-8937472,-2234368,-0.532890558
l2,0.0625,0,min-error,metric_min,exp2,0,1,1,1.00162053,1.00161636,1.00161636,1.00162053,4.17232513e-06,16,raw-and-scaled,4,1,fp4_e1m2,fp4_e2m1,2,1,4,35322,16,exp1,134905856,134901760,134901760,33725440,1.00162053,1.00161636,4096,101180416,-6.42538071e-05,0x3f80351a,1.00162053,0x3f800000,1,0x3ca246a9,0.019809084,0x3ca246a9,0.019809084,0000,0,0,00,0000,0,0,0,0x3ca246a9,0.019809084,0x3ca246a9,0.019809084,0x00000000,0,0,0
l2,0.0625,0,min-error,metric_min,exp2,0,1,1,1.00162053,1.00161636,1.00161636,1.00162053,4.17232513e-06,17,raw-and-scaled,4,1,fp4_e1m2,fp4_e2m1,2,1,4,35322,17,exp1,134905856,134901760,134901760,33725440,1.00162053,1.00161636,4096,101180416,-6.42538071e-05,0x3f80351a,1.00162053,0x3f800000,1,0x3b0372e2,0.00200574892,0x3b0372e2,0.00200574892,0000,0,0,00,0000,0,0,0,0x3b0372e2,0.00200574892,0x3b0372e2,0.00200574892,0x00000000,0,0,0
l2,0.0625,0,min-error,metric_min,exp2,0,1,1,1.00162053,1.00161636,1.00161636,1.00162053,4.17232513e-06,18,raw-and-scaled,4,1,fp4_e1m2,fp4_e2m1,2,1,4,35322,18,exp1,134905856,134901760,134901760,33725440,1.00162053,1.00161636,4096,101180416,-6.42538071e-05,0x3f80351a,1.00162053,0x3f800000,1,0xbfc9ae86,-1.57563853,0xbfc9ae86,-1.57563853,1110,1,2,10,1111,3,1,1,0xbd9ae860,-0.0756385326,0xbd9ae860,-0.0756385326,0x00000000,0,0,0
l2,0.0625,0,min-error,metric_min,exp2,0,1,1,1.00162053,1.00161636,1.00161636,1.00162053,4.17232513e-06,19,raw-and-scaled,4,1,fp4_e1m2,fp4_e2m1,2,1,4,35322,19,exp1,134905856,134901760,134901760,33725440,1.00162053,1.00161636,4096,101180416,-6.42538071e-05,0x3f80351a,1.00162053,0x3f800000,1,0x3dac5e44,0.0841641724,0x3dac5e44,0.0841641724,0000,0,0,00,0000,0,0,0,0x3dac5e44,0.0841641724,0x3dac5e44,0.0841641724,0x00000000,0,0,0
l2,0.0625,0,min-error,metric_min,exp2,0,1,1,1.00162053,1.00161636,1.00161636,1.00162053,4.17232513e-06,20,raw-and-scaled,4,1,fp4_e1m2,fp4_e2m1,2,1,4,35322,20,exp1,134905856,134901760,134901760,33725440,1.00162053,1.00161636,4096,101180416,-6.42538071e-05,0x3f80351a,1.00162053,0x3f800000,1,0xbbb77d97,-0.00559968827,0xbbb77d97,-0.00559968827,1000,0,0,00,1000,0,0,0,0xbbb77d97,-0.00559968827,0xbbb77d97,-0.00559968827,0x00000000,0,0,0
l2,0.0625,0,min-error,metric_min,exp2,0,1,1,1.00162053,1.00161636,1.00161636,1.00162053,4.17232513e-06,21,raw-and-scaled,4,1,fp4_e1m2,fp4_e2m1,2,1,4,35322,21,exp1,134905856,134901760,134901760,33725440,1.00162053,1.00161636,4096,101180416,-6.42538071e-05,0x3f80351a,1.00162053,0x3f800000,1,0x3be4567f,0.00696831895,0x3be4567f,0.00696831895,0000,0,0,00,0000,0,0,0,0x3be4567f,0.00696831895,0x3be4567f,0.00696831895,0x00000000,0,0,0
l2,0.0625,0,min-error,metric_min,exp2,0,1,1,1.00162053,1.00161636,1.00161636,1.00162053,4.17232513e-06,22,raw-and-scaled,4,1,fp4_e1m2,fp4_e2m1,2,1,4,35322,22,exp1,134905856,134901760,134901760,33725440,1.00162053,1.00161636,4096,101180416,-6.42538071e-05,0x3f80351a,1.00162053,0x3f800000,1,0xbd8482d7,-0.0647026822,0xbd8482d7,-0.0647026822,1000,0,0,00,1000,0,0,0,0xbd8482d7,-0.0647026822,0xbd8482d7,-0.0647026822,0x00000000,0,0,0
l2,0.0625,0,min-error,metric_min,exp2,0,1,1,1.00162053,1.00161636,1.00161636,1.00162053,4.17232513e-06,23,raw-and-scaled,4,1,fp4_e1m2,fp4_e2m1,2,1,4,35322,23,exp1,134905856,134901760,134901760,33725440,1.00162053,1.00161636,4096,101180416,-6.42538071e-05,0x3f80351a,1.00162053,0x3f800000,1,0x3d814f59,0.0631396249,0x3d814f59,0.0631396249,0000,0,0,00,0000,0,0,0,0x3d814f59,0.0631396249,0x3d814f59,0.0631396249,0x00000000,0,0,0
l2,0.0625,0,min-error,metric_min,exp2,0,1,1,1.00162053,1.00161636,1.00161636,1.00162053,4.17232513e-06,24,raw-and-scaled,4,1,fp4_e1m2,fp4_e2m1,2,1,4,35322,24,exp1,134905856,134901760,134901760,33725440,1.00162053,1.00161636,4096,101180416,-6.42538071e-05,0x3f80351a,1.00162053,0x3f800000,1,0x3e173bc9,0.147689,0x3e173bc9,0.147689,0000,0,0,00,0001,0,1,1,0x3e173bc9,0.147689,0x3cb9de48,0.0226889998,0xcaae6000,-5713920,-1428480,-0.340755999
l2,0.0625,0,min-error,metric_min,exp2,0,1,1,1.00162053,1.00161636,1.00161636,1.00162053,4.17232513e-06,25,raw-and-scaled,4,1,fp4_e1m2,fp4_e2m1,2,1,4,35322,25,exp1,134905856,134901760,134901760,33725440,1.00162053,1.00161636,4096,101180416,-6.42538071e-05,0x3f80351a,1.00162053,0x3f800000,1,0x3e087048,0.133240819,0x3e087048,0.133240819,0000,0,0,00,0001,0,1,1,0x3e087048,0.133240819,0x3c070480,0.00824081898,0xca90e000,-4747264,-1186816,-0.282963276
l2,0.0625,0,min-error,metric_min,exp2,0,1,1,1.00162053,1.00161636,1.00161636,1.00162053,4.17232513e-06,26,raw-and-scaled,4,1,fp4_e1m2,fp4_e2m1,2,1,4,35322,26,exp1,134905856,134901760,134901760,33725440,1.00162053,1.00161636,4096,101180416,-6.42538071e-05,0x3f80351a,1.00162053,0x3f800000,1,0x3c790efe,0.0152013283,0x3c790efe,0.0152013283,0000,0,0,00,0000,0,0,0,0x3c790efe,0.0152013283,0x3c790efe,0.0152013283,0x00000000,0,0,0
l2,0.0625,0,min-error,metric_min,exp2,0,1,1,1.00162053,1.00161636,1.00161636,1.00162053,4.17232513e-06,27,raw-and-scaled,4,1,fp4_e1m2,fp4_e2m1,2,1,4,35322,27,exp1,134905856,134901760,134901760,33725440,1.00162053,1.00161636,4096,101180416,-6.42538071e-05,0x3f80351a,1.00162053,0x3f800000,1,0x3cc1bd2a,0.0236497708,0x3cc1bd2a,0.0236497708,0000,0,0,00,0000,0,0,0,0x3cc1bd2a,0.0236497708,0x3cc1bd2a,0.0236497708,0x00000000,0,0,0
l2,0.0625,0,min-error,metric_min,exp2,0,1,1,1.00162053,1.00161636,1.00161636,1.00162053,4.17232513e-06,28,raw-and-scaled,4,1,fp4_e1m2,fp4_e2m1,2,1,4,35322,28,exp1,134905856,134901760,134901760,33725440,1.00162053,1.00161636,4096,101180416,-6.42538071e-05,0x3f80351a,1.00162053,0x3f800000,1,0xbb0c1ddf,-0.00213801092,0xbb0c1ddf,-0.00213801092,1000,0,0,00,1000,0,0,0,0xbb0c1ddf,-0.00213801092,0xbb0c1ddf,-0.00213801092,0x00000000,0,0,0
l2,0.0625,0,min-error,metric_min,exp2,0,1,1,1.00162053,1.00161636,1.00161636,1.00162053,4.17232513e-06,29,raw-and-scaled,4,1,fp4_e1m2,fp4_e2m1,2,1,4,35322,29,exp1,134905856,134901760,134901760,33725440,1.00162053,1.00161636,4096,101180416,-6.42538071e-05,0x3f80351a,1.00162053,0x3f800000,1,0x3d9bdb9e,0.0761024803,0x3d9bdb9e,0.0761024803,0000,0,0,00,0000,0,0,0,0x3d9bdb9e,0.0761024803,0x3d9bdb9e,0.0761024803,0x00000000,0,0,0
l2,0.0625,0,min-error,metric_min,exp2,0,1,1,1.00162053,1.00161636,1.00161636,1.00162053,4.17232513e-06,30,raw-and-scaled,4,1,fp4_e1m2,fp4_e2m1,2,1,4,35322,30,exp1,134905856,134901760,134901760,33725440,1.00162053,1.00161636,4096,101180416,-6.42538071e-05,0x3f80351a,1.00162053,0x3f800000,1,0xbc23fc64,-0.0100089051,0xbc23fc64,-0.0100089051,1000,0,0,00,1000,0,0,0,0xbc23fc64,-0.0100089051,0xbc23fc64,-0.0100089051,0x00000000,0,0,0
l2,0.0625,0,min-error,metric_min,exp2,0,1,1,1.00162053,1.00161636,1.00161636,1.00162053,4.17232513e-06,31,raw-and-scaled,4,1,fp4_e1m2,fp4_e2m1,2,1,4,35322,31,exp1,134905856,134901760,134901760,33725440,1.00162053,1.00161636,4096,101180416,-6.42538071e-05,0x3f80351a,1.00162053,0x3f800000,1,0xbdbc9f65,-0.0921008959,0xbdbc9f65,-0.0921008959,1000,0,0,00,1000,0,0,0,0xbdbc9f65,-0.0921008959,0xbdbc9f65,-0.0921008959,0x00000000,0,0,0
l2,0.0625,0,min-error,metric_min,exp2,0,1,1,1.00162053,1.00161636,1.00161636,1.00162053,4.17232513e-06,32,raw-and-scaled,4,1,fp4_e1m2,fp4_e2m1,2,1,4,35322,32,exp1,134905856,134901760,134901760,33725440,1.00162053,1.00161636,4096,101180416,-6.42538071e-05,0x3f80351a,1.00162053,0x3f800000,1,0x3f0be5e5,0.546476662,0x3f0be5e5,0.546476662,0010,0,2,10,0100,2,0,0,0x3d3e5e50,0.0464766622,0x3d3e5e50,0.0464766622,0x00000000,0,0,0
l2,0.0625,0,min-error,metric_min,exp2,0,1,1,1.00162053,1.00161636,1.00161636,1.00162053,4.17232513e-06,33,raw-and-scaled,4,1,fp4_e1m2,fp4_e2m1,2,1,4,35322,33,exp1,134905856,134901760,134901760,33725440,1.00162053,1.00161636,4096,101180416,-6.42538071e-05,0x3f80351a,1.00162053,0x3f800000,1,0x3e96089a,0.293034375,0x3e96089a,0.293034375,0001,0,1,01,0010,1,0,0,0x3d3044d0,0.0430343747,0x3d3044d0,0.0430343747,0x00000000,0,0,0
l2,0.0625,0,min-error,metric_min,exp2,0,1,1,1.00162053,1.00161636,1.00161636,1.00162053,4.17232513e-06,34,raw-and-scaled,4,1,fp4_e1m2,fp4_e2m1,2,1,4,35322,34,exp1,134905856,134901760,134901760,33725440,1.00162053,1.00161636,4096,101180416,-6.42538071e-05,0x3f80351a,1.00162053,0x3f800000,1,0xbd806609,-0.0626946166,0xbd806609,-0.0626946166,1000,0,0,00,1000,0,0,0,0xbd806609,-0.0626946166,0xbd806609,-0.0626946166,0x00000000,0,0,0
l2,0.0625,0,min-error,metric_min,exp2,0,1,1,1.00162053,1.00161636,1.00161636,1.00162053,4.17232513e-06,35,raw-and-scaled,4,1,fp4_e1m2,fp4_e2m1,2,1,4,35322,35,exp1,134905856,134901760,134901760,33725440,1.00162053,1.00161636,4096,101180416,-6.42538071e-05,0x3f80351a,1.00162053,0x3f800000,1,0xbec28e36,-0.379991233,0xbec28e36,-0.379991233,1001,0,1,01,1011,1,1,1,0xbe051c6c,-0.129991233,0xbba38d80,-0.00499123335,0xca8a2000,-4526080,-1131520,-0.269964933
l2,0.0625,0,min-error,metric_min,exp2,0,1,1,1.00162053,1.00161636,1.00161636,1.00162053,4.17232513e-06,36,raw-and-scaled,4,1,fp4_e1m2,fp4_e2m1,2,1,4,35322,36,exp1,134905856,134901760,134901760,33725440,1.00162053,1.00161636,4096,101180416,-6.42538071e-05,0x3f80351a,1.00162053,0x3f800000,1,0x3adb1e02,0.0016717317,0x3adb1e02,0.0016717317,0000,0,0,00,0000,0,0,0,0x3adb1e02,0.0016717317,0x3adb1e02,0.0016717317,0x00000000,0,0,0
l2,0.0625,0,min-error,metric_min,exp2,0,1,1,1.00162053,1.00161636,1.00161636,1.00162053,4.17232513e-06,37,raw-and-scaled,4,1,fp4_e1m2,fp4_e2m1,2,1,4,35322,37,exp1,134905856,134901760,134901760,33725440,1.00162053,1.00161636,4096,101180416,-6.42538071e-05,0x3f80351a,1.00162053,0x3f800000,1,0xbf9712e4,-1.180264,0xbf9712e4,-1.180264,1100,1,0,00,1110,3,0,0,0xbe389720,-0.180263996,0xbe389720,-0.180263996,0x00000000,0,0,0
l2,0.0625,0,min-error,metric_min,exp2,0,1,1,1.00162053,1.00161636,1.00161636,1.00162053,4.17232513e-06,38,raw-and-scaled,4,1,fp4_e1m2,fp4_e2m1,2,1,4,35322,38,exp1,134905856,134901760,134901760,33725440,1.00162053,1.00161636,4096,101180416,-6.42538071e-05,0x3f80351a,1.00162053,0x3f800000,1,0x3fc2b757,1.52122009,0x3fc2b757,1.52122009,0110,1,2,10,0111,3,1,1,0x3cadd5c0,0.021220088,0x3cadd5c0,0.021220088,0x00000000,0,0,0
l2,0.0625,0,min-error,metric_min,exp2,0,1,1,1.00162053,1.00161636,1.00161636,1.00162053,4.17232513e-06,39,raw-and-scaled,4,1,fp4_e1m2,fp4_e2m1,2,1,4,35322,39,exp1,134905856,134901760,134901760,33725440,1.00162053,1.00161636,4096,101180416,-6.42538071e-05,0x3f80351a,1.00162053,0x3f800000,1,0xbab87396,-0.00140725332,0xbab87396,-0.00140725332,1000,0,0,00,1000,0,0,0,0xbab87396,-0.00140725332,0xbab87396,-0.00140725332,0x00000000,0,0,0
l2,0.0625,0,min-error,metric_min,exp2,0,1,1,1.00162053,1.00161636,1.00161636,1.00162053,4.17232513e-06,40,raw-and-scaled,4,1,fp4_e1m2,fp4_e2m1,2,1,4,35322,40,exp1,134905856,134901760,134901760,33725440,1.00162053,1.00161636,4096,101180416,-6.42538071e-05,0x3f80351a,1.00162053,0x3f800000,1,0xbc29904d,-0.0103493454,0xbc29904d,-0.0103493454,1000,0,0,00,1000,0,0,0,0xbc29904d,-0.0103493454,0xbc29904d,-0.0103493454,0x00000000,0,0,0
l2,0.0625,0,min-error,metric_min,exp2,0,1,1,1.00162053,1.00161636,1.00161636,1.00162053,4.17232513e-06,41,raw-and-scaled,4,1,fp4_e1m2,fp4_e2m1,2,1,4,35322,41,exp1,134905856,134901760,134901760,33725440,1.00162053,1.00161636,4096,101180416,-6.42538071e-05,0x3f80351a,1.00162053,0x3f800000,1,0xbef822aa,-0.484639466,0xbef822aa,-0.484639466,1001,0,1,01,1011,1,1,1,0xbe704554,-0.234639466,0xbde08aa8,-0.109639466,0xcb304000,-11550720,-2887680,-0.688557863
l2,0.0625,0,min-error,metric_min,exp2,0,1,1,1.00162053,1.00161636,1.00161636,1.00162053,4.17232513e-06,42,raw-and-scaled,4,1,fp4_e1m2,fp4_e2m1,2,1,4,35322,42,exp1,134905856,134901760,134901760,33725440,1.00162053,1.00161636,4096,101180416,-6.42538071e-05,0x3f80351a,1.00162053,0x3f800000,1,0x3f476d53,0.779011905,0x3f476d53,0.779011905,0011,0,3,11,0101,2,1,1,0x3cedaa60,0.0290119052,0x3cedaa60,0.0290119052,0x00000000,0,0,0
l2,0.0625,0,min-error,metric_min,exp2,0,1,1,1.00162053,1.00161636,1.00161636,1.00162053,4.17232513e-06,43,raw-and-scaled,4,1,fp4_e1m2,fp4_e2m1,2,1,4,35322,43,exp1,134905856,134901760,134901760,33725440,1.00162053,1.00161636,4096,101180416,-6.42538071e-05,0x3f80351a,1.00162053,0x3f800000,1,0xbcc1cb52,-0.023656521,0xbcc1cb52,-0.023656521,1000,0,0,00,1000,0,0,0,0xbcc1cb52,-0.023656521,0xbcc1cb52,-0.023656521,0x00000000,0,0,0
l2,0.0625,0,min-error,metric_min,exp2,0,1,1,1.00162053,1.00161636,1.00161636,1.00162053,4.17232513e-06,44,raw-and-scaled,4,1,fp4_e1m2,fp4_e2m1,2,1,4,35322,44,exp1,134905856,134901760,134901760,33725440,1.00162053,1.00161636,4096,101180416,-6.42538071e-05,0x3f80351a,1.00162053,0x3f800000,1,0x3ea52192,0.322521746,0x3ea52192,0.322521746,0001,0,1,01,0010,1,0,0,0x3d948648,0.0725217462,0x3d948648,0.0725217462,0x00000000,0,0,0
l2,0.0625,0,min-error,metric_min,exp2,0,1,1,1.00162053,1.00161636,1.00161636,1.00162053,4.17232513e-06,45,raw-and-scaled,4,1,fp4_e1m2,fp4_e2m1,2,1,4,35322,45,exp1,134905856,134901760,134901760,33725440,1.00162053,1.00161636,4096,101180416,-6.42538071e-05,0x3f80351a,1.00162053,0x3f800000,1,0x3d62d404,0.0553779751,0x3d62d404,0.0553779751,0000,0,0,00,0000,0,0,0,0x3d62d404,0.0553779751,0x3d62d404,0.0553779751,0x00000000,0,0,0
l2,0.0625,0,min-error,metric_min,exp2,0,1,1,1.00162053,1.00161636,1.00161636,1.00162053,4.17232513e-06,46,raw-and-scaled,4,1,fp4_e1m2,fp4_e2m1,2,1,4,35322,46,exp1,134905856,134901760,134901760,33725440,1.00162053,1.00161636,4096,101180416,-6.42538071e-05,0x3f80351a,1.00162053,0x3f800000,1,0x3bb16fe6,0.00541495066,0x3bb16fe6,0.00541495066,0000,0,0,00,0000,0,0,0,0x3bb16fe6,0.00541495066,0x3bb16fe6,0.00541495066,0x00000000,0,0,0
l2,0.0625,0,min-error,metric_min,exp2,0,1,1,1.00162053,1.00161636,1.00161636,1.00162053,4.17232513e-06,47,raw-and-scaled,4,1,fp4_e1m2,fp4_e2m1,2,1,4,35322,47,exp1,134905856,134901760,134901760,33725440,1.00162053,1.00161636,4096,101180416,-6.42538071e-05,0x3f80351a,1.00162053,0x3f800000,1,0x3b0b48dc,0.00212531444,0x3b0b48dc,0.00212531444,0000,0,0,00,0000,0,0,0,0x3b0b48dc,0.00212531444,0x3b0b48dc,0.00212531444,0x00000000,0,0,0
l2,0.0625,0,min-error,metric_min,exp2,0,1,1,1.00162053,1.00161636,1.00161636,1.00162053,4.17232513e-06,48,raw-and-scaled,4,1,fp4_e1m2,fp4_e2m1,2,1,4,35322,48,exp1,134905856,134901760,134901760,33725440,1.00162053,1.00161636,4096,101180416,-6.42538071e-05,0x3f80351a,1.00162053,0x3f800000,1,0xbf413dd0,-0.754849434,0xbf413dd0,-0.754849434,1011,0,3,11,1101,2,1,1,0xbb9ee800,-0.0048494339,0xbb9ee800,-0.0048494339,0x00000000,0,0,0
l2,0.0625,0,min-error,metric_min,exp2,0,1,1,1.00162053,1.00161636,1.00161636,1.00162053,4.17232513e-06,49,raw-and-scaled,4,1,fp4_e1m2,fp4_e2m1,2,1,4,35322,49,exp1,134905856,134901760,134901760,33725440,1.00162053,1.00161636,4096,101180416,-6.42538071e-05,0x3f80351a,1.00162053,0x3f800000,1,0x3d91871d,0.0710584894,0x3d91871d,0.0710584894,0000,0,0,00,0000,0,0,0,0x3d91871d,0.0710584894,0x3d91871d,0.0710584894,0x00000000,0,0,0
l2,0.0625,0,min-error,metric_min,exp2,0,1,1,1.00162053,1.00161636,1.00161636,1.00162053,4.17232513e-06,50,raw-and-scaled,4,1,fp4_e1m2,fp4_e2m1,2,1,4,35322,50,exp1,134905856,134901760,134901760,33725440,1.00162053,1.00161636,4096,101180416,-6.42538071e-05,0x3f80351a,1.00162053,0x3f800000,1,0x3c8e134e,0.0173431896,0x3c8e134e,0.0173431896,0000,0,0,00,0000,0,0,0,0x3c8e134e,0.0173431896,0x3c8e134e,0.0173431896,0x00000000,0,0,0
l2,0.0625,0,min-error,metric_min,exp2,0,1,1,1.00162053,1.00161636,1.00161636,1.00162053,4.17232513e-06,51,raw-and-scaled,4,1,fp4_e1m2,fp4_e2m1,2,1,4,35322,51,exp1,134905856,134901760,134901760,33725440,1.00162053,1.00161636,4096,101180416,-6.42538071e-05,0x3f80351a,1.00162053,0x3f800000,1,0xbe2b2b60,-0.16715765,0xbe2b2b60,-0.16715765,1000,0,0,00,1001,0,1,1,0xbe2b2b60,-0.16715765,0xbd2cad80,-0.04215765,0xcad64000,-7020544,-1755136,-0.4186306
l2,0.0625,0,min-error,metric_min,exp2,0,1,1,1.00162053,1.00161636,1.00161636,1.00162053,4.17232513e-06,52,raw-and-scaled,4,1,fp4_e1m2,fp4_e2m1,2,1,4,35322,52,exp1,134905856,134901760,134901760,33725440,1.00162053,1.00161636,4096,101180416,-6.42538071e-05,0x3f80351a,1.00162053,0x3f800000,1,0xbccddc32,-0.0251294114,0xbccddc32,-0.0251294114,1000,0,0,00,1000,0,0,0,0xbccddc32,-0.0251294114,0xbccddc32,-0.0251294114,0x00000000,0,0,0
l2,0.0625,0,min-error,metric_min,exp2,0,1,1,1.00162053,1.00161636,1.00161636,1.00162053,4.17232513e-06,53,raw-and-scaled,4,1,fp4_e1m2,fp4_e2m1,2,1,4,35322,53,exp1,134905856,134901760,134901760,33725440,1.00162053,1.00161636,4096,101180416,-6.42538071e-05,0x3f80351a,1.00162053,0x3f800000,1,0x3ce3ab6b,0.0277916994,0x3ce3ab6b,0.0277916994,0000,0,0,00,0000,0,0,0,0x3ce3ab6b,0.0277916994,0x3ce3ab6b,0.0277916994,0x00000000,0,0,0
l2,0.0625,0,min-error,metric_min,exp2,0,1,1,1.00162053,1.00161636,1.00161636,1.00162053,4.17232513e-06,54,raw-and-scaled,4,1,fp4_e1m2,fp4_e2m1,2,1,4,35322,54,exp1,134905856,134901760,134901760,33725440,1.00162053,1.00161636,4096,101180416,-6.42538071e-05,0x3f80351a,1.00162053,0x3f800000,1,0x3bb15b57,0.00541249989,0x3bb15b57,0.00541249989,0000,0,0,00,0000,0,0,0,0x3bb15b57,0.00541249989,0x3bb15b57,0.00541249989,0x00000000,0,0,0
l2,0.0625,0,min-error,metric_min,exp2,0,1,1,1.00162053,1.00161636,1.00161636,1.00162053,4.17232513e-06,55,raw-and-scaled,4,1,fp4_e1m2,fp4_e2m1,2,1,4,35322,55,exp1,134905856,134901760,134901760,33725440,1.00162053,1.00161636,4096,101180416,-6.42538071e-05,0x3f80351a,1.00162053,0x3f800000,1,0xbdef435d,-0.116827704,0xbdef435d,-0.116827704,1000,0,0,00,1000,0,0,0,0xbdef435d,-0.116827704,0xbdef435d,-0.116827704,0x00000000,0,0,0
l2,0.0625,0,min-error,metric_min,exp2,0,1,1,1.00162053,1.00161636,1.00161636,1.00162053,4.17232513e-06,56,raw-and-scaled,4,1,fp4_e1m2,fp4_e2m1,2,1,4,35322,56,exp1,134905856,134901760,134901760,33725440,1.00162053,1.00161636,4096,101180416,-6.42538071e-05,0x3f80351a,1.00162053,0x3f800000,1,0xbd77a232,-0.0604574159,0xbd77a232,-0.0604574159,1000,0,0,00,1000,0,0,0,0xbd77a232,-0.0604574159,0xbd77a232,-0.0604574159,0x00000000,0,0,0
l2,0.0625,0,min-error,metric_min,exp2,0,1,1,1.00162053,1.00161636,1.00161636,1.00162053,4.17232513e-06,57,raw-and-scaled,4,1,fp4_e1m2,fp4_e2m1,2,1,4,35322,57,exp1,134905856,134901760,134901760,33725440,1.00162053,1.00161636,4096,101180416,-6.42538071e-05,0x3f80351a,1.00162053,0x3f800000,1,0x3a91f6d4,0.00111361826,0x3a91f6d4,0.00111361826,0000,0,0,00,0000,0,0,0,0x3a91f6d4,0.00111361826,0x3a91f6d4,0.00111361826,0x00000000,0,0,0
l2,0.0625,0,min-error,metric_min,exp2,0,1,1,1.00162053,1.00161636,1.00161636,1.00162053,4.17232513e-06,58,raw-and-scaled,4,1,fp4_e1m2,fp4_e2m1,2,1,4,35322,58,exp1,134905856,134901760,134901760,33725440,1.00162053,1.00161636,4096,101180416,-6.42538071e-05,0x3f80351a,1.00162053,0x3f800000,1,0x3ae25f92,0.00172709138,0x3ae25f92,0.00172709138,0000,0,0,00,0000,0,0,0,0x3ae25f92,0.00172709138,0x3ae25f92,0.00172709138,0x00000000,0,0,0
l2,0.0625,0,min-error,metric_min,exp2,0,1,1,1.00162053,1.00161636,1.00161636,1.00162053,4.17232513e-06,59,raw-and-scaled,4,1,fp4_e1m2,fp4_e2m1,2,1,4,35322,59,exp1,134905856,134901760,134901760,33725440,1.00162053,1.00161636,4096,101180416,-6.42538071e-05,0x3f80351a,1.00162053,0x3f800000,1,0x3eabbddc,0.335432887,0x3eabbddc,0.335432887,0001,0,1,01,0010,1,0,0,0x3daef770,0.0854328871,0x3daef770,0.0854328871,0x00000000,0,0,0
l2,0.0625,0,min-error,metric_min,exp2,0,1,1,1.00162053,1.00161636,1.00161636,1.00162053,4.17232513e-06,60,raw-and-scaled,4,1,fp4_e1m2,fp4_e2m1,2,1,4,35322,60,exp1,134905856,134901760,134901760,33725440,1.00162053,1.00161636,4096,101180416,-6.42538071e-05,0x3f80351a,1.00162053,0x3f800000,1,0x3d7ac400,0.0612220764,0x3d7ac400,0.0612220764,0000,0,0,00,0000,0,0,0,0x3d7ac400,0.0612220764,0x3d7ac400,0.0612220764,0x00000000,0,0,0
l2,0.0625,0,min-error,metric_min,exp2,0,1,1,1.00162053,1.00161636,1.00161636,1.00162053,4.17232513e-06,61,raw-and-scaled,4,1,fp4_e1m2,fp4_e2m1,2,1,4,35322,61,exp1,134905856,134901760,134901760,33725440,1.00162053,1.00161636,4096,101180416,-6.42538071e-05,0x3f80351a,1.00162053,0x3f800000,1,0x3f90a95c,1.13016844,0x3f90a95c,1.13016844,0100,1,0,00,0110,3,0,0,0x3e054ae0,0.130168438,0x3e054ae0,0.130168438,0x00000000,0,0,0
l2,0.0625,0,min-error,metric_min,exp2,0,1,1,1.00162053,1.00161636,1.00161636,1.00162053,4.17232513e-06,62,raw-and-scaled,4,1,fp4_e1m2,fp4_e2m1,2,1,4,35322,62,exp1,134905856,134901760,134901760,33725440,1.00162053,1.00161636,4096,101180416,-6.42538071e-05,0x3f80351a,1.00162053,0x3f800000,1,0x3edc45d3,0.430220217,0x3edc45d3,0.430220217,0001,0,1,01,0011,1,1,1,0x3e388ba6,0.180220217,0x3d622e98,0.0552202165,0xcaf10000,-7897088,-1974272,-0.470880866
l2,0.0625,0,min-error,metric_min,exp2,0,1,1,1.00162053,1.00161636,1.00161636,1.00162053,4.17232513e-06,63,raw-and-scaled,4,1,fp4_e1m2,fp4_e2m1,2,1,4,35322,63,exp1,134905856,134901760,134901760,33725440,1.00162053,1.00161636,4096,101180416,-6.42538071e-05,0x3f80351a,1.00162053,0x3f800000,1,0xbb23d022,-0.0024995883,0xbb23d022,-0.0024995883,1000,0,0,00,1000,0,0,0,0xbb23d022,-0.0024995883,0xbb23d022,-0.0024995883,0x00000000,0,0,0
l2,0.0625,0,min-error,metric_min,exp2,0,1,1,1.00162053,1.00161636,1.00161636,1.00162053,4.17232513e-06,64,raw-and-scaled,4,1,fp4_e1m2,fp4_e2m1,2,1,4,35322,64,exp1,134905856,134901760,134901760,33725440,1.00162053,1.00161636,4096,101180416,-6.42538071e-05,0x3f80351a,1.00162053,0x3f800000,1,0xbf66b8df,-0.901258409,0xbf66b8df,-0.901258409,1011,0,3,11,1101,2,1,1,0xbe1ae37c,-0.151258409,0xbe1ae37c,-0.151258409,0x00000000,0,0,0
l2,0.0625,0,min-error,metric_min,exp2,0,1,1,1.00162053,1.00161636,1.00161636,1.00162053,4.17232513e-06,65,raw-and-scaled,4,1,fp4_e1m2,fp4_e2m1,2,1,4,35322,65,exp1,134905856,134901760,134901760,33725440,1.00162053,1.00161636,4096,101180416,-6.42538071e-05,0x3f80351a,1.00162053,0x3f800000,1,0x3d33800e,0.0438232943,0x3d33800e,0.0438232943,0000,0,0,00,0000,0,0,0,0x3d33800e,0.0438232943,0x3d33800e,0.0438232943,0x00000000,0,0,0
l2,0.0625,0,min-error,metric_min,exp2,0,1,1,1.00162053,1.00161636,1.00161636,1.00162053,4.17232513e-06,66,raw-and-scaled,4,1,fp4_e1m2,fp4_e2m1,2,1,4,35322,66,exp1,134905856,134901760,134901760,33725440,1.00162053,1.00161636,4096,101180416,-6.42538071e-05,0x3f80351a,1.00162053,0x3f800000,1,0xbc35e058,-0.011100851,0xbc35e058,-0.011100851,1000,0,0,00,1000,0,0,0,0xbc35e058,-0.011100851,0xbc35e058,-0.011100851,0x00000000,0,0,0
l2,0.0625,0,min-error,metric_min,exp2,0,1,1,1.00162053,1.00161636,1.00161636,1.00162053,4.17232513e-06,67,raw-and-scaled,4,1,fp4_e1m2,fp4_e2m1,2,1,4,35322,67,exp1,134905856,134901760,134901760,33725440,1.00162053,1.00161636,4096,101180416,-6.42538071e-05,0x3f80351a,1.00162053,0x3f800000,1,0x3bf0e0c6,0.00735101383,0x3bf0e0c6,0.00735101383,0000,0,0,00,0000,0,0,0,0x3bf0e0c6,0.00735101383,0x3bf0e0c6,0.00735101383,0x00000000,0,0,0
l2,0.0625,0,min-error,metric_min,exp2,0,1,1,1.00162053,1.00161636,1.00161636,1.00162053,4.17232513e-06,68,raw-and-scaled,4,1,fp4_e1m2,fp4_e2m1,2,1,4,35322,68,exp1,134905856,134901760,134901760,33725440,1.00162053,1.00161636,4096,101180416,-6.42538071e-05,0x3f80351a,1.00162053,0x3f800000,1,0xbb6df44a,-0.00363089377,0xbb6df44a,-0.00363089377,1000,0,0,00,1000,0,0,0,0xbb6df44a,-0.00363089377,0xbb6df44a,-0.00363089377,0x00000000,0,0,0
l2,0.0625,0,min-error,metric_min,exp2,0,1,1,1.00162053,1.00161636,1.00161636,1.00162053,4.17232513e-06,69,raw-and-scaled,4,1,fp4_e1m2,fp4_e2m1,2,1,4,35322,69,exp1,134905856,134901760,134901760,33725440,1.00162053,1.00161636,4096,101180416,-6.42538071e-05,0x3f80351a,1.00162053,0x3f800000,1,0xbff48b41,-1.91049969,0xbff48b41,-1.91049969,1111,1,3,11,1111,3,1,1,0xbe245a08,-0.160499692,0xbed22d04,-0.410499692,0x4c122000,38305792,38305792,2.28399754
l2,0.0625,0,min-error,metric_min,exp2,0,1,1,1.00162053,1.00161636,1.00161636,1.00162053,4.17232513e-06,70,raw-and-scaled,4,1,fp4_e1m2,fp4_e2m1,2,1,4,35322,70,exp1,134905856,134901760,134901760,33725440,1.00162053,1.00161636,4096,101180416,-6.42538071e-05,0x3f80351a,1.00162053,0x3f800000,1,0xbe027cac,-0.12742871,0xbe027cac,-0.12742871,1000,0,0,00,1001,0,1,1,0xbe027cac,-0.12742871,0xbb1f2b00,-0.00242871046,0xca84e000,-4354048,-1088512,-0.259714842
l2,0.0625,0,min-error,metric_min,exp2,0,1,1,1.00162053,1.00161636,1.00161636,1.00162053,4.17232513e-06,71,raw-and-scaled,4,1,fp4_e1m2,fp4_e2m1,2,1,4,35322,71,exp1,134905856,134901760,134901760,33725440,1.00162053,1.00161636,4096,101180416,-6.42538071e-05,0x3f80351a,1.00162053,0x3f800000,1,0xbbcbdb9c,-0.00622124784,0xbbcbdb9c,-0.00622124784,1000,0,0,00,1000,0,0,0,0xbbcbdb9c,-0.00622124784,0xbbcbdb9c,-0.00622124784,0x00000000,0,0,0
l2,0.0625,0,min-error,metric_min,exp2,0,1,1,1.00162053,1.00161636,1.00161636,1.00162053,4.17232513e-06,72,raw-and-scaled,4,1,fp4_e1m2,fp4_e2m1,2,1,4,35322,72,exp1,134905856,134901760,134901760,33725440,1.00162053,1.00161636,4096,101180416,-6.42538071e-05,0x3f80351a,1.00162053,0x3f800000,1,0xbba133cc,-0.00491950475,0xbba133cc,-0.00491950475,1000,0,0,00,1000,0,0,0,0xbba133cc,-0.00491950475,0xbba133cc,-0.00491950475,0x00000000,0,0,0
l2,0.0625,0,min-error,metric_min,exp2,0,1,1,1.00162053,1.00161636,1.00161636,1.00162053,4.17232513e-06,73,raw-and-scaled,4,1,fp4_e1m2,fp4_e2m1,2,1,4,35322,73,exp1,134905856,134901760,134901760,33725440,1.00162053,1.00161636,4096,101180416,-6.42538071e-05,0x3f80351a,1.00162053,0x3f800000,1,0x3f8aae43,1.08344305,0x3f8aae43,1.08344305,0100,1,0,00,0110,3,0,0,0x3daae430,0.0834430456,0x3daae430,0.0834430456,0x00000000,0,0,0
l2,0.0625,0,min-error,metric_min,exp2,0,1,1,1.00162053,1.00161636,1.00161636,1.00162053,4.17232513e-06,74,raw-and-scaled,4,1,fp4_e1m2,fp4_e2m1,2,1,4,35322,74,exp1,134905856,134901760,134901760,33725440,1.00162053,1.00161636,4096,101180416,-6.42538071e-05,0x3f80351a,1.00162053,0x3f800000,1,0xbd88b760,-0.0667560101,0xbd88b760,-0.0667560101,1000,0,0,00,1000,0,0,0,0xbd88b760,-0.0667560101,0xbd88b760,-0.0667560101,0x00000000,0,0,0
l2,0.0625,0,min-error,metric_min,exp2,0,1,1,1.00162053,1.00161636,1.00161636,1.00162053,4.17232513e-06,75,raw-and-scaled,4,1,fp4_e1m2,fp4_e2m1,2,1,4,35322,75,exp1,134905856,134901760,134901760,33725440,1.00162053,1.00161636,4096,101180416,-6.42538071e-05,0x3f80351a,1.00162053,0x3f800000,1,0xbefdda4c,-0.495806098,0xbefdda4c,-0.495806098,1001,0,1,01,1011,1,1,1,0xbe7bb498,-0.245806098,0xbdf76930,-0.120806098,0xcb3bb000,-12300288,-3075072,-0.733224392
l2,0.0625,0,min-error,metric_min,exp2,0,1,1,1.00162053,1.00161636,1.00161636,1.00162053,4.17232513e-06,76,raw-and-scaled,4,1,fp4_e1m2,fp4_e2m1,2,1,4,35322,76,exp1,134905856,134901760,134901760,33725440,1.00162053,1.00161636,4096,101180416,-6.42538071e-05,0x3f80351a,1.00162053,0x3f800000,1,0xbd46d135,-0.0485393591,0xbd46d135,-0.0485393591,1000,0,0,00,1000,0,0,0,0xbd46d135,-0.0485393591,0xbd46d135,-0.0485393591,0x00000000,0,0,0
l2,0.0625,0,min-error,metric_min,exp2,0,1,1,1.00162053,1.00161636,1.00161636,1.00162053,4.17232513e-06,77,raw-and-scaled,4,1,fp4_e1m2,fp4_e2m1,2,1,4,35322,77,exp1,134905856,134901760,134901760,33725440,1.00162053,1.00161636,4096,101180416,-6.42538071e-05,0x3f80351a,1.00162053,0x3f800000,1,0xbd444a82,-0.0479226187,0xbd444a82,-0.0479226187,1000,0,0,00,1000,0,0,0,0xbd444a82,-0.0479226187,0xbd444a82,-0.0479226187,0x00000000,0,0,0
l2,0.0625,0,min-error,metric_min,exp2,0,1,1,1.00162053,1.00161636,1.00161636,1.00162053,4.17232513e-06,78,raw-and-scaled,4,1,fp4_e1m2,fp4_e2m1,2,1,4,35322,78,exp1,134905856,134901760,134901760,33725440,1.00162053,1.00161636,4096,101180416,-6.42538071e-05,0x3f80351a,1.00162053,0x3f800000,1,0x3fe4529c,1.78377104,0x3fe4529c,1.78377104,0111,1,3,11,0111,3,1,1,0x3d0a5380,0.0337710381,0x3e914a70,0.283771038,0x4ba28000,21299200,21299200,1.2701683
l2,0.0625,0,min-error,metric_min,exp2,0,1,1,1.00162053,1.00161636,1.00161636,1.00162053,4.17232513e-06,79,raw-and-scaled,4,1,fp4_e1m2,fp4_e2m1,2,1,4,35322,79,exp1,134905856,134901760,134901760,33725440,1.00162053,1.00161636,4096,101180416,-6.42538071e-05,0x3f80351a,1.00162053,0x3f800000,1,0xbb5008c6,-0.00317435106,0xbb5008c6,-0.00317435106,1000,0,0,00,1000,0,0,0,0xbb5008c6,-0.00317435106,0xbb5008c6,-0.00317435106,0x00000000,0,0,0
l2,0.0625,0,min-error,metric_min,exp2,0,1,1,1.00162053,1.00161636,1.00161636,1.00162053,4.17232513e-06,80,raw-and-scaled,4,1,fp4_e1m2,fp4_e2m1,2,1,4,35322,80,exp1,134905856,134901760,134901760,33725440,1.00162053,1.00161636,4096,101180416,-6.42538071e-05,0x3f80351a,1.00162053,0x3f800000,1,0x3f61f93d,0.882709324,0x3f61f93d,0.882709324,0011,0,3,11,0101,2,1,1,0x3e07e4f4,0.132709324,0x3e07e4f4,0.132709324,0x00000000,0,0,0
l2,0.0625,0,min-error,metric_min,exp2,0,1,1,1.00162053,1.00161636,1.00161636,1.00162053,4.17232513e-06,81,raw-and-scaled,4,1,fp4_e1m2,fp4_e2m1,2,1,4,35322,81,exp1,134905856,134901760,134901760,33725440,1.00162053,1.00161636,4096,101180416,-6.42538071e-05,0x3f80351a,1.00162053,0x3f800000,1,0x3f0ac744,0.542103052,0x3f0ac744,0.542103052,0010,0,2,10,0100,2,0,0,0x3d2c7440,0.0421030521,0x3d2c7440,0.0421030521,0x00000000,0,0,0
l2,0.0625,0,min-error,metric_min,exp2,0,1,1,1.00162053,1.00161636,1.00161636,1.00162053,4.17232513e-06,82,raw-and-scaled,4,1,fp4_e1m2,fp4_e2m1,2,1,4,35322,82,exp1,134905856,134901760,134901760,33725440,1.00162053,1.00161636,4096,101180416,-6.42538071e-05,0x3f80351a,1.00162053,0x3f800000,1,0xbfb6f41c,-1.42932463,0xbfb6f41c,-1.42932463,1101,1,1,01,1110,3,0,0,0xbe37a0e0,-0.179324627,0xbedbd070,-0.429324627,0x4c1bd000,40845312,40845312,2.43459702
l2,0.0625,0,min-error,metric_min,exp2,0,1,1,1.00162053,1.00161636,1.00161636,1.00162053,4.17232513e-06,83,raw-and-scaled,4,1,fp4_e1m2,fp4_e2m1,2,1,4,35322,83,exp1,134905856,134901760,134901760,33725440,1.00162053,1.00161636,4096,101180416,-6.42538071e-05,0x3f80351a,1.00162053,0x3f800000,1,0x3e0d3dc2,0.1379309,0x3e0d3dc2,0.1379309,0000,0,0,00,0001,0,1,1,0x3e0d3dc2,0.1379309,0x3c53dc20,0.0129308999,0xca9a6000,-5058560,-1264640,-0.301723599
l2,0.0625,0,min-error,metric_min,exp2,0,1,1,1.00162053,1.00161636,1.00161636,1.00162053,4.17232513e-06,84,raw-and-scaled,4,1,fp4_e1m2,fp4_e2m1,2,1,4,35322,84,exp1,134905856,134901760,134901760,33725440,1.00162053,1.00161636,4096,101180416,-6.42538071e-05,0x3f80351a,1.00162053,0x3f800000,1,0x3ae359d6,0.00173454988,0x3ae359d6,0.00173454988,0000,0,0,00,0000,0,0,0,0x3ae359d6,0.00173454988,0x3ae359d6,0.00173454988,0x00000000,0,0,0
l2,0.0625,0,min-error,metric_min,exp2,0,1,1,1.00162053,1.00161636,1.00161636,1.00162053,4.17232513e-06,85,raw-and-scaled,4,1,fp4_e1m2,fp4_e2m1,2,1,4,35322,85,exp1,134905856,134901760,134901760,33725440,1.00162053,1.00161636,4096,101180416,-6.42538071e-05,0x3f80351a,1.00162053,0x3f800000,1,0x3da09e46,0.0784268826,0x3da09e46,0.0784268826,0000,0,0,00,0000,0,0,0,0x3da09e46,0.0784268826,0x3da09e46,0.0784268826,0x00000000,0,0,0
l2,0.0625,0,min-error,metric_min,exp2,0,1,1,1.00162053,1.00161636,1.00161636,1.00162053,4.17232513e-06,86,raw-and-scaled,4,1,fp4_e1m2,fp4_e2m1,2,1,4,35322,86,exp1,134905856,134901760,134901760,33725440,1.00162053,1.00161636,4096,101180416,-6.42538071e-05,0x3f80351a,1.00162053,0x3f800000,1,0xbba3275a,-0.00497905631,0xbba3275a,-0.00497905631,1000,0,0,00,1000,0,0,0,0xbba3275a,-0.00497905631,0xbba3275a,-0.00497905631,0x00000000,0,0,0
l2,0.0625,0,min-error,metric_min,exp2,0,1,1,1.00162053,1.00161636,1.00161636,1.00162053,4.17232513e-06,87,raw-and-scaled,4,1,fp4_e1m2,fp4_e2m1,2,1,4,35322,87,exp1,134905856,134901760,134901760,33725440,1.00162053,1.00161636,4096,101180416,-6.42538071e-05,0x3f80351a,1.00162053,0x3f800000,1,0xbf01ec94,-0.507516146,0xbf01ec94,-0.507516146,1010,0,2,10,1100,2,0,0,0xbbf64a00,-0.00751614571,0xbbf64a00,-0.00751614571,0x00000000,0,0,0
l2,0.0625,0,min-error,metric_min,exp2,0,1,1,1.00162053,1.00161636,1.00161636,1.00162053,4.17232513e-06,88,raw-and-scaled,4,1,fp4_e1m2,fp4_e2m1,2,1,4,35322,88,exp1,134905856,134901760,134901760,33725440,1.00162053,1.00161636,4096,101180416,-6.42538071e-05,0x3f80351a,1.00162053,0x3f800000,1,0xbcf9dee3,-0.0305017885,0xbcf9dee3,-0.0305017885,1000,0,0,00,1000,0,0,0,0xbcf9dee3,-0.0305017885,0xbcf9dee3,-0.0305017885,0x00000000,0,0,0
l2,0.0625,0,min-error,metric_min,exp2,0,1,1,1.00162053,1.00161636,1.00161636,1.00162053,4.17232513e-06,89,raw-and-scaled,4,1,fp4_e1m2,fp4_e2m1,2,1,4,35322,89,exp1,134905856,134901760,134901760,33725440,1.00162053,1.00161636,4096,101180416,-6.42538071e-05,0x3f80351a,1.00162053,0x3f800000,1,0xbf733774,-0.950064898,0xbf733774,-0.950064898,1011,0,3,11,1101,2,1,1,0xbe4cddd0,-0.200064898,0xbe4cddd0,-0.200064898,0x00000000,0,0,0
l2,0.0625,0,min-error,metric_min,exp2,0,1,1,1.00162053,1.00161636,1.00161636,1.00162053,4.17232513e-06,90,raw-and-scaled,4,1,fp4_e1m2,fp4_e2m1,2,1,4,35322,90,exp1,134905856,134901760,134901760,33725440,1.00162053,1.00161636,4096,101180416,-6.42538071e-05,0x3f80351a,1.00162053,0x3f800000,1,0xbe9ecf42,-0.310175002,0xbe9ecf42,-0.310175002,1001,0,1,01,1010,1,0,0,0xbd767a10,-0.0601750016,0xbd767a10,-0.0601750016,0x00000000,0,0,0
l2,0.0625,0,min-error,metric_min,exp2,0,1,1,1.00162053,1.00161636,1.00161636,1.00162053,4.17232513e-06,91,raw-and-scaled,4,1,fp4_e1m2,fp4_e2m1,2,1,4,35322,91,exp1,134905856,134901760,134901760,33725440,1.00162053,1.00161636,4096,101180416,-6.42538071e-05,0x3f80351a,1.00162053,0x3f800000,1,0xbf40742c,-0.751772642,0xbf40742c,-0.751772642,1011,0,3,11,1101,2,1,1,0xbae85800,-0.00177264214,0xbae85800,-0.00177264214,0x00000000,0,0,0
l2,0.0625,0,min-error,metric_min,exp2,0,1,1,1.00162053,1.00161636,1.00161636,1.00162053,4.17232513e-06,92,raw-and-scaled,4,1,fp4_e1m2,fp4_e2m1,2,1,4,35322,92,exp1,134905856,134901760,134901760,33725440,1.00162053,1.00161636,4096,101180416,-6.42538071e-05,0x3f80351a,1.00162053,0x3f800000,1,0x3c359528,0.0110829249,0x3c359528,0.0110829249,0000,0,0,00,0000,0,0,0,0x3c359528,0.0110829249,0x3c359528,0.0110829249,0x00000000,0,0,0
l2,0.0625,0,min-error,metric_min,exp2,0,1,1,1.00162053,1.00161636,1.00161636,1.00162053,4.17232513e-06,93,raw-and-scaled,4,1,fp4_e1m2,fp4_e2m1,2,1,4,35322,93,exp1,134905856,134901760,134901760,33725440,1.00162053,1.00161636,4096,101180416,-6.42538071e-05,0x3f80351a,1.00162053,0x3f800000,1,0x3b26bc91,0.00254419842,0x3b26bc91,0.00254419842,0000,0,0,00,0000,0,0,0,0x3b26bc91,0.00254419842,0x3b26bc91,0.00254419842,0x00000000,0,0,0
l2,0.0625,0,min-error,metric_min,exp2,0,1,1,1.00162053,1.00161636,1.00161636,1.00162053,4.17232513e-06,94,raw-and-scaled,4,1,fp4_e1m2,fp4_e2m1,2,1,4,35322,94,exp1,134905856,134901760,134901760,33725440,1.00162053,1.00161636,4096,101180416,-6.42538071e-05,0x3f80351a,1.00162053,0x3f800000,1,0xbc40efaa,-0.0117758904,0xbc40efaa,-0.0117758904,1000,0,0,00,1000,0,0,0,0xbc40efaa,-0.0117758904,0xbc40efaa,-0.0117758904,0x00000000,0,0,0
l2,0.0625,0,min-error,metric_min,exp2,0,1,1,1.00162053,1.00161636,1.00161636,1.00162053,4.17232513e-06,95,raw-and-scaled,4,1,fp4_e1m2,fp4_e2m1,2,1,4,35322,95,exp1,134905856,134901760,134901760,33725440,1.00162053,1.00161636,4096,101180416,-6.42538071e-05,0x3f80351a,1.00162053,0x3f800000,1,0xbdef0971,-0.116717227,0xbdef0971,-0.116717227,1000,0,0,00,1000,0,0,0,0xbdef0971,-0.116717227,0xbdef0971,-0.116717227,0x00000000,0,0,0
l2,0.0625,0,min-error,metric_min,exp2,0,1,1,1.00162053,1.00161636,1.00161636,1.00162053,4.17232513e-06,96,raw-and-scaled,4,1,fp4_e1m2,fp4_e2m1,2,1,4,35322,96,exp1,134905856,134901760,134901760,33725440,1.00162053,1.00161636,4096,101180416,-6.42538071e-05,0x3f80351a,1.00162053,0x3f800000,1,0x3c26e98c,0.0101875179,0x3c26e98c,0.0101875179,0000,0,0,00,0000,0,0,0,0x3c26e98c,0.0101875179,0x3c26e98c,0.0101875179,0x00000000,0,0,0
l2,0.0625,0,min-error,metric_min,exp2,0,1,1,1.00162053,1.00161636,1.00161636,1.00162053,4.17232513e-06,97,raw-and-scaled,4,1,fp4_e1m2,fp4_e2m1,2,1,4,35322,97,exp1,134905856,134901760,134901760,33725440,1.00162053,1.00161636,4096,101180416,-6.42538071e-05,0x3f80351a,1.00162053,0x3f800000,1,0xbed5e2b8,-0.417745352,0xbed5e2b8,-0.417745352,1001,0,1,01,1011,1,1,1,0xbe2bc570,-0.167745352,0xbd2f15c0,-0.0427453518,0xcad78000,-7061504,-1765376,-0.420981407
l2,0.0625,0,min-error,metric_min,exp2,0,1,1,1.00162053,1.00161636,1.00161636,1.00162053,4.17232513e-06,98,raw-and-scaled,4,1,fp4_e1m2,fp4_e2m1,2,1,4,35322,98,exp1,134905856,134901760,134901760,33725440,1.00162053,1.00161636,4096,101180416,-6.42538071e-05,0x3f80351a,1.00162053,0x3f800000,1,0x3e0e1bb1,0.138777509,0x3e0e1bb1,0.138777509,0000,0,0,00,0001,0,1,1,0x3e0e1bb1,0.138777509,0x3c61bb10,0.0137775093,0xca9c2000,-5115904,-1278976,-0.305110037
l2,0.0625,0,min-error,metric_min,exp2,0,1,1,1.00162053,1.00161636,1.00161636,1.00162053,4.17232513e-06,99,raw-and-scaled,4,1,fp4_e1m2,fp4_e2m1,2,1,4,35322,99,exp1,134905856,134901760,134901760,33725440,1.00162053,1.00161636,4096,101180416,-6.42538071e-05,0x3f80351a,1.00162053,0x3f800000,1,0xbcef204c,-0.029190205,0xbcef204c,-0.029190205,1000,0,0,00,1000,0,0,0,0xbcef204c,-0.029190205,0xbcef204c,-0.029190205,0x00000000,0,0,0
l2,0.0625,0,min-error,metric_min,exp2,0,1,1,1.00162053,1.00161636,1.00161636,1.00162053,4.17232513e-06,100,raw-and-scaled,4,1,fp4_e1m2,fp4_e2m1,2,1,4,35322,100,exp1,134905856,134901760,134901760,33725440,1.00162053,1.00161636,4096,101180416,-6.42538071e-05,0x3f80351a,1.00162053,0x3f800000,1,0x3ce79f72,0.0282742716,0x3ce79f72,0.0282742716,0000,0,0,00,0000,0,0,0,0x3ce79f72,0.0282742716,0x3ce79f72,0.0282742716,0x00000000,0,0,0
l2,0.0625,0,min-error,metric_min,exp2,0,1,1,1.00162053,1.00161636,1.00161636,1.00162053,4.17232513e-06,101,raw-and-scaled,4,1,fp4_e1m2,fp4_e2m1,2,1,4,35322,101,exp1,134905856,134901760,134901760,33725440,1.00162053,1.00161636,4096,101180416,-6.42538071e-05,0x3f80351a,1.00162053,0x3f800000,1,0x3e8080b9,0.250982076,0x3e8080b9,0.250982076,0001,0,1,01,0010,1,0,0,0x3a80b900,0.00098207593,0x3a80b900,0.00098207593,0x00000000,0,0,0
l2,0.0625,0,min-error,metric_min,exp2,0,1,1,1.00162053,1.00161636,1.00161636,1.00162053,4.17232513e-06,102,raw-and-scaled,4,1,fp4_e1m2,fp4_e2m1,2,1,4,35322,102,exp1,134905856,134901760,134901760,33725440,1.00162053,1.00161636,4096,101180416,-6.42538071e-05,0x3f80351a,1.00162053,0x3f800000,1,0x3ae79238,0.0017667478,0x3ae79238,0.0017667478,0000,0,0,00,0000,0,0,0,0x3ae79238,0.0017667478,0x3ae79238,0.0017667478,0x00000000,0,0,0
l2,0.0625,0,min-error,metric_min,exp2,0,1,1,1.00162053,1.00161636,1.00161636,1.00162053,4.17232513e-06,103,raw-and-scaled,4,1,fp4_e1m2,fp4_e2m1,2,1,4,35322,103,exp1,134905856,134901760,134901760,33725440,1.00162053,1.00161636,4096,101180416,-6.42538071e-05,0x3f80351a,1.00162053,0x3f800000,1,0xbb0a285a,-0.00210811803,0xbb0a285a,-0.00210811803,1000,0,0,00,1000,0,0,0,0xbb0a285a,-0.00210811803,0xbb0a285a,-0.00210811803,0x00000000,0,0,0
l2,0.0625,0,min-error,metric_min,exp2,0,1,1,1.00162053,1.00161636,1.00161636,1.00162053,4.17232513e-06,104,raw-and-scaled,4,1,fp4_e1m2,fp4_e2m1,2,1,4,35322,104,exp1,134905856,134901760,134901760,33725440,1.00162053,1.00161636,4096,101180416,-6.42538071e-05,0x3f80351a,1.00162053,0x3f800000,1,0xbc215806,-0.00984764658,0xbc215806,-0.00984764658,1000,0,0,00,1000,0,0,0,0xbc215806,-0.00984764658,0xbc215806,-0.00984764658,0x00000000,0,0,0
l2,0.0625,0,min-error,metric_min,exp2,0,1,1,1.00162053,1.00161636,1.00161636,1.00162053,4.17232513e-06,105,raw-and-scaled,4,1,fp4_e1m2,fp4_e2m1,2,1,4,35322,105,exp1,134905856,134901760,134901760,33725440,1.00162053,1.00161636,4096,101180416,-6.42538071e-05,0x3f80351a,1.00162053,0x3f800000,1,0x3d74c854,0.0597613603,0x3d74c854,0.0597613603,0000,0,0,00,0000,0,0,0,0x3d74c854,0.0597613603,0x3d74c854,0.0597613603,0x00000000,0,0,0
l2,0.0625,0,min-error,metric_min,exp2,0,1,1,1.00162053,1.00161636,1.00161636,1.00162053,4.17232513e-06,106,raw-and-scaled,4,1,fp4_e1m2,fp4_e2m1,2,1,4,35322,106,exp1,134905856,134901760,134901760,33725440,1.00162053,1.00161636,4096,101180416,-6.42538071e-05,0x3f80351a,1.00162053,0x3f800000,1,0xbb732cbe,-0.00371055258,0xbb732cbe,-0.00371055258,1000,0,0,00,1000,0,0,0,0xbb732cbe,-0.00371055258,0xbb732cbe,-0.00371055258,0x00000000,0,0,0
l2,0.0625,0,min-error,metric_min,exp2,0,1,1,1.00162053,1.00161636,1.00161636,1.00162053,4.17232513e-06,107,raw-and-scaled,4,1,fp4_e1m2,fp4_e2m1,2,1,4,35322,107,exp1,134905856,134901760,134901760,33725440,1.00162053,1.00161636,4096,101180416,-6.42538071e-05,0x3f80351a,1.00162053,0x3f800000,1,0x3ad9694c,0.0016587167,0x3ad9694c,0.0016587167,0000,0,0,00,0000,0,0,0,0x3ad9694c,0.0016587167,0x3ad9694c,0.0016587167,0x00000000,0,0,0
l2,0.0625,0,min-error,metric_min,exp2,0,1,1,1.00162053,1.00161636,1.00161636,1.00162053,4.17232513e-06,108,raw-and-scaled,4,1,fp4_e1m2,fp4_e2m1,2,1,4,35322,108,exp1,134905856,134901760,134901760,33725440,1.00162053,1.00161636,4096,101180416,-6.42538071e-05,0x3f80351a,1.00162053,0x3f800000,1,0xbe2fad0e,-0.171558589,0xbe2fad0e,-0.171558589,1000,0,0,00,1001,0,1,1,0xbe2fad0e,-0.171558589,0xbd3eb438,-0.0465585887,0xcadf4000,-7315456,-1828864,-0.436234355
l2,0.0625,0,min-error,metric_min,exp2,0,1,1,1.00162053,1.00161636,1.00161636,1.00162053,4.17232513e-06,109,raw-and-scaled,4,1,fp4_e1m2,fp4_e2m1,2,1,4,35322,109,exp1,134905856,134901760,134901760,33725440,1.00162053,1.00161636,4096,101180416,-6.42538071e-05,0x3f80351a,1.00162053,0x3f800000,1,0x3c0a7008,0.00844956189,0x3c0a7008,0.00844956189,0000,0,0,00,0000,0,0,0,0x3c0a7008,0.00844956189,0x3c0a7008,0.00844956189,0x00000000,0,0,0
l2,0.0625,0,min-error,metric_min,exp2,0,1,1,1.00162053,1.00161636,1.00161636,1.00162053,4.17232513e-06,110,raw-and-scaled,4,1,fp4_e1m2,fp4_e2m1,2,1,4,35322,110,exp1,134905856,134901760,134901760,33725440,1.00162053,1.00161636,4096,101180416,-6.42538071e-05,0x3f80351a,1.00162053,0x3f800000,1,0x3b36072a,0.00277752662,0x3b36072a,0.00277752662,0000,0,0,00,0000,0,0,0,0x3b36072a,0.00277752662,0x3b36072a,0.00277752662,0x00000000,0,0,0
l2,0.0625,0,min-error,metric_min,exp2,0,1,1,1.00162053,1.00161636,1.00161636,1.00162053,4.17232513e-06,111,raw-and-scaled,4,1,fp4_e1m2,fp4_e2m1,2,1,4,35322,111,exp1,134905856,134901760,134901760,33725440,1.00162053,1.00161636,4096,101180416,-6.42538071e-05,0x3f80351a,1.00162053,0x3f800000,1,0xbd06da45,-0.0329230018,0xbd06da45,-0.0329230018,1000,0,0,00,1000,0,0,0,0xbd06da45,-0.0329230018,0xbd06da45,-0.0329230018,0x00000000,0,0,0
l2,0.0625,0,min-error,metric_min,exp2,0,1,1,1.00162053,1.00161636,1.00161636,1.00162053,4.17232513e-06,112,raw-and-scaled,4,1,fp4_e1m2,fp4_e2m1,2,1,4,35322,112,exp1,134905856,134901760,134901760,33725440,1.00162053,1.00161636,4096,101180416,-6.42538071e-05,0x3f80351a,1.00162053,0x3f800000,1,0x3e79aa15,0.243812874,0x3e79aa15,0.243812874,0000,0,0,00,0001,0,1,1,0x3e79aa15,0.243812874,0x3df3542a,0.118812874,0xcb39a000,-12165120,-3041280,-0.725251496
l2,0.0625,0,min-error,metric_min,exp2,0,1,1,1.00162053,1.00161636,1.00161636,1.00162053,4.17232513e-06,113,raw-and-scaled,4,1,fp4_e1m2,fp4_e2m1,2,1,4,35322,113,exp1,134905856,134901760,134901760,33725440,1.00162053,1.00161636,4096,101180416,-6.42538071e-05,0x3f80351a,1.00162053,0x3f800000,1,0xbea4e3f6,-0.322051704,0xbea4e3f6,-0.322051704,1001,0,1,01,1010,1,0,0,0xbd938fd8,-0.0720517039,0xbd938fd8,-0.0720517039,0x00000000,0,0,0
l2,0.0625,0,min-error,metric_min,exp2,0,1,1,1.00162053,1.00161636,1.00161636,1.00162053,4.17232513e-06,114,raw-and-scaled,4,1,fp4_e1m2,fp4_e2m1,2,1,4,35322,114,exp1,134905856,134901760,134901760,33725440,1.00162053,1.00161636,4096,101180416,-6.42538071e-05,0x3f80351a,1.00162053,0x3f800000,1,0x3bb56eea,0.00553690363,0x3bb56eea,0.00553690363,0000,0,0,00,0000,0,0,0,0x3bb56eea,0.00553690363,0x3bb56eea,0.00553690363,0x00000000,0,0,0
l2,0.0625,0,min-error,metric_min,exp2,0,1,1,1.00162053,1.00161636,1.00161636,1.00162053,4.17232513e-06,115,raw-and-scaled,4,1,fp4_e1m2,fp4_e2m1,2,1,4,35322,115,exp1,134905856,134901760,134901760,33725440,1.00162053,1.00161636,4096,101180416,-6.42538071e-05,0x3f80351a,1.00162053,0x3f800000,1,0x3e329ed6,0.174434036,0x3e329ed6,0.174434036,0000,0,0,00,0001,0,1,1,0x3e329ed6,0.174434036,0x3d4a7b58,0.049434036,0xcae52000,-7507968,-1876992,-0.447736144
l2,0.0625,0,min-error,metric_min,exp2,0,1,1,1.00162053,1.00161636,1.00161636,1.00162053,4.17232513e-06,116,raw-and-scaled,4,1,fp4_e1m2,fp4_e2m1,2,1,4,35322,116,exp1,134905856,134901760,134901760,33725440,1.00162053,1.00161636,4096,101180416,-6.42538071e-05,0x3f80351a,1.00162053,0x3f800000,1,0x3f2997cd,0.662472546,0x3f2997cd,0.662472546,0010,0,2,10,0100,2,0,0,0x3e265f34,0.162472546,0x3e265f34,0.162472546,0x00000000,0,0,0
l2,0.0625,0,min-error,metric_min,exp2,0,1,1,1.00162053,1.00161636,1.00161636,1.00162053,4.17232513e-06,117,raw-and-scaled,4,1,fp4_e1m2,fp4_e2m1,2,1,4,35322,117,exp1,134905856,134901760,134901760,33725440,1.00162053,1.00161636,4096,101180416,-6.42538071e-05,0x3f80351a,1.00162053,0x3f800000,1,0x3a8b4210,0.00106245466,0x3a8b4210,0.00106245466,0000,0,0,00,0000,0,0,0,0x3a8b4210,0.00106245466,0x3a8b4210,0.00106245466,0x00000000,0,0,0
l2,0.0625,0,min-error,metric_min,exp2,0,1,1,1.00162053,1.00161636,1.00161636,1.00162053,4.17232513e-06,118,raw-and-scaled,4,1,fp4_e1m2,fp4_e2m1,2,1,4,35322,118,exp1,134905856,134901760,134901760,33725440,1.00162053,1.00161636,4096,101180416,-6.42538071e-05,0x3f80351a,1.00162053,0x3f800000,1,0x3f412ac4,0.754558802,0x3f412ac4,0.754558802,0011,0,3,11,0101,2,1,1,0x3b956200,0.00455880165,0x3b956200,0.00455880165,0x00000000,0,0,0
l2,0.0625,0,min-error,metric_min,exp2,0,1,1,1.00162053,1.00161636,1.00161636,1.00162053,4.17232513e-06,119,raw-and-scaled,4,1,fp4_e1m2,fp4_e2m1,2,1,4,35322,119,exp1,134905856,134901760,134901760,33725440,1.00162053,1.00161636,4096,101180416,-6.42538071e-05,0x3f80351a,1.00162053,0x3f800000,1,0x3fc14764,1.50999117,0x3fc14764,1.50999117,0110,1,2,10,0111,3,1,1,0x3c23b200,0.00999116898,0x3c23b200,0.00999116898,0x00000000,0,0,0
l2,0.0625,0,min-error,metric_min,exp2,0,1,1,1.00162053,1.00161636,1.00161636,1.00162053,4.17232513e-06,120,raw-and-scaled,4,1,fp4_e1m2,fp4_e2m1,2,1,4,35322,120,exp1,134905856,134901760,134901760,33725440,1.00162053,1.00161636,4096,101180416,-6.42538071e-05,0x3f80351a,1.00162053,0x3f800000,1,0xbe198812,-0.14993313,0xbe198812,-0.14993313,1000,0,0,00,1001,0,1,1,0xbe198812,-0.14993313,0xbccc4090,-0.0249331295,0xcab30000,-5865472,-1466368,-0.349732518
l2,0.0625,0,min-error,metric_min,exp2,0,1,1,1.00162053,1.00161636,1.00161636,1.00162053,4.17232513e-06,121,raw-and-scaled,4,1,fp4_e1m2,fp4_e2m1,2,1,4,35322,121,exp1,134905856,134901760,134901760,33725440,1.00162053,1.00161636,4096,101180416,-6.42538071e-05,0x3f80351a,1.00162053,0x3f800000,1,0xbba07294,-0.00489647128,0xbba07294,-0.00489647128,1000,0,0,00,1000,0,0,0,0xbba07294,-0.00489647128,0xbba07294,-0.00489647128,0x00000000,0,0,0
l2,0.0625,0,min-error,metric_min,exp2,0,1,1,1.00162053,1.00161636,1.00161636,1.00162053,4.17232513e-06,122,raw-and-scaled,4,1,fp4_e1m2,fp4_e2m1,2,1,4,35322,122,exp1,134905856,134901760,134901760,33725440,1.00162053,1.00161636,4096,101180416,-6.42538071e-05,0x3f80351a,1.00162053,0x3f800000,1,0xbc8bc3ca,-0.0170611329,0xbc8bc3ca,-0.0170611329,1000,0,0,00,1000,0,0,0,0xbc8bc3ca,-0.0170611329,0xbc8bc3ca,-0.0170611329,0x00000000,0,0,0
l2,0.0625,0,min-error,metric_min,exp2,0,1,1,1.00162053,1.00161636,1.00161636,1.00162053,4.17232513e-06,123,raw-and-scaled,4,1,fp4_e1m2,fp4_e2m1,2,1,4,35322,123,exp1,134905856,134901760,134901760,33725440,1.00162053,1.00161636,4096,101180416,-6.42538071e-05,0x3f80351a,1.00162053,0x3f800000,1,0xbf1a4d26,-0.602739692,0xbf1a4d26,-0.602739692,1010,0,2,10,1100,2,0,0,0xbdd26930,-0.102739692,0xbdd26930,-0.102739692,0x00000000,0,0,0
l2,0.0625,0,min-error,metric_min,exp2,0,1,1,1.00162053,1.00161636,1.00161636,1.00162053,4.17232513e-06,124,raw-and-scaled,4,1,fp4_e1m2,fp4_e2m1,2,1,4,35322,124,exp1,134905856,134901760,134901760,33725440,1.00162053,1.00161636,4096,101180416,-6.42538071e-05,0x3f80351a,1.00162053,0x3f800000,1,0xbfb0dfaa,-1.38182569,0xbfb0dfaa,-1.38182569,1101,1,1,01,1110,3,0,0,0xbe06fd50,-0.131825686,0xbec37ea8,-0.381825686,0x4c037000,34455552,34455552,2.05460548
l2,0.0625,0,min-error,metric_min,exp2,0,1,1,1.00162053,1.00161636,1.00161636,1.00162053,4.17232513e-06,125,raw-and-scaled,4,1,fp4_e1m2,fp4_e2m1,2,1,4,35322,125,exp1,134905856,134901760,134901760,33725440,1.00162053,1.00161636,4096,101180416,-6.42538071e-05,0x3f80351a,1.00162053,0x3f800000,1,0x3dc6ebdb,0.0971295461,0x3dc6ebdb,0.0971295461,0000,0,0,00,0000,0,0,0,0x3dc6ebdb,0.0971295461,0x3dc6ebdb,0.0971295461,0x00000000,0,0,0
l2,0.0625,0,min-error,metric_min,exp2,0,1,1,1.00162053,1.00161636,1.00161636,1.00162053,4.17232513e-06,126,raw-and-scaled,4,1,fp4_e1m2,fp4_e2m1,2,1,4,35322,126,exp1,134905856,134901760,134901760,33725440,1.00162053,1.00161636,4096,101180416,-6.42538071e-05,0x3f80351a,1.00162053,0x3f800000,1,0xbcbc09aa,-0.0229538269,0xbcbc09aa,-0.0229538269,1000,0,0,00,1000,0,0,0,0xbcbc09aa,-0.0229538269,0xbcbc09aa,-0.0229538269,0x00000000,0,0,0
l2,0.0625,0,min-error,metric_min,exp2,0,1,1,1.00162053,1.00161636,1.00161636,1.00162053,4.17232513e-06,127,raw-and-scaled,4,1,fp4_e1m2,fp4_e2m1,2,1,4,35322,127,exp1,134905856,134901760,134901760,33725440,1.00162053,1.00161636,4096,101180416,-6.42538071e-05,0x3f80351a,1.00162053,0x3f800000,1,0xbd45cc6f,-0.0482906662,0xbd45cc6f,-0.0482906662,1000,0,0,00,1000,0,0,0,0xbd45cc6f,-0.0482906662,0xbd45cc6f,-0.0482906662,0x00000000,0,0,0
l2,0.0625,0,min-error,metric_min,exp2,0,1,1,1.39241934,1.39241576,1.39241576,1.39241934,3.57627869e-06,0,raw-and-scaled,4,1,fp4_e1m2,fp4_e2m1,2,1,4,83252,0,exp1,163053568,163033088,163033088,40758272,1.39241934,1.39241576,20480,122295296,-5.7220459e-05,0x3fb23acc,1.39241934,0x3f800000,1,0x3c040400,0.0080575943,0x3c040400,0.0080575943,0000,0,0,00,0000,0,0,0,0x3c040400,0.0080575943,0x3c040400,0.0080575943,0x00000000,0,0,0
l2,0.0625,0,min-error,metric_min,exp2,0,1,1,1.39241934,1.39241576,1.39241576,1.39241934,3.57627869e-06,1,raw-and-scaled,4,1,fp4_e1m2,fp4_e2m1,2,1,4,83252,1,exp1,163053568,163033088,163033088,40758272,1.39241934,1.39241576,20480,122295296,-5.7220459e-05,0x3fb23acc,1.39241934,0x3f800000,1,0xbe00bfc0,-0.125731468,0xbe00bfc0,-0.125731468,1000,0,0,00,1001,0,1,1,0xbe00bfc0,-0.125731468,0xba3fc000,-0.000731468201,0xca816000,-4239360,-1059840,-0.252925873
l2,0.0625,0,min-error,metric_min,exp2,0,1,1,1.39241934,1.39241576,1.39241576,1.39241934,3.57627869e-06,2,raw-and-scaled,4,1,fp4_e1m2,fp4_e2m1,2,1,4,83252,2,exp1,163053568,163033088,163033088,40758272,1.39241934,1.39241576,20480,122295296,-5.7220459e-05,0x3fb23acc,1.39241934,0x3f800000,1,0x3e0a0200,0.134773254,0x3e0a0200,0.134773254,0000,0,0,00,0001,0,1,1,0x3e0a0200,0.134773254,0x3c202000,0.00977325439,0xca940000,-4849664,-1212416,-0.289093018
l2,0.0625,0,min-error,metric_min,exp2,0,1,1,1.39241934,1.39241576,1.39241576,1.39241934,3.57627869e-06,3,raw-and-scaled,4,1,fp4_e1m2,fp4_e2m1,2,1,4,83252,3,exp1,163053568,163033088,163033088,40758272,1.39241934,1.39241576,20480,122295296,-5.7220459e-05,0x3fb23acc,1.39241934,0x3f800000,1,0xbe037f80,-0.128416061,0xbe037f80,-0.128416061,1000,0,0,00,1001,0,1,1,0xbe037f80,-0.128416061,0xbb5fe000,-0.0034160614,0xca86e000,-4419584,-1104896,-0.263664246
l2,0.0625,0,min-error,metric_min,exp2,0,1,1,1.39241934,1.39241576,1.39241576,1.39241934,3.57627869e-06,4,raw-and-scaled,4,1,fp4_e1m2,fp4_e2m1,2,1,4,83252,4,exp1,163053568,163033088,163033088,40758272,1.39241934,1.39241576,20480,122295296,-5.7220459e-05,0x3fb23acc,1.39241934,0x3f800000,1,0x3e480800,0.195343018,0x3e480800,0.195343018,0000,0,0,00,0001,0,1,1,0x3e480800,0.195343018,0x3d901000,0.0703430176,0xcb080000,-8912896,-2228224,-0.53137207
l2,0.0625,0,min-error,metric_min,exp2,0,1,1,1.39241934,1.39241576,1.39241576,1.39241934,3.57627869e-06,5,raw-and-scaled,4,1,fp4_e1m2,fp4_e2m1,2,1,4,83252,5,exp1,163053568,163033088,163033088,40758272,1.39241934,1.39241576,20480,122295296,-5.7220459e-05,0x3fb23acc,1.39241934,0x3f800000,1,0x3f960200,1.17193604,0x3f960200,1.17193604,0100,1,0,00,0110,3,0,0,0x3e301000,0.171936035,0x3e301000,0.171936035,0x00000000,0,0,0
l2,0.0625,0,min-error,metric_min,exp2,0,1,1,1.39241934,1.39241576,1.39241576,1.39241934,3.57627869e-06,6,raw-and-scaled,4,1,fp4_e1m2,fp4_e2m1,2,1,4,83252,6,exp1,163053568,163033088,163033088,40758272,1.39241934,1.39241576,20480,122295296,-5.7220459e-05,0x3fb23acc,1.39241934,0x3f800000,1,0xbb867f80,-0.00410455465,0xbb867f80,-0.00410455465,1000,0,0,00,1000,0,0,0,0xbb867f80,-0.00410455465,0xbb867f80,-0.00410455465,0x00000000,0,0,0
l2,0.0625,0,min-error,metric_min,exp2,0,1,1,1.39241934,1.39241576,1.39241576,1.39241934,3.57627869e-06,7,raw-and-scaled,4,1,fp4_e1m2,fp4_e2m1,2,1,4,83252,7,exp1,163053568,163033088,163033088,40758272,1.39241934,1.39241576,20480,122295296,-5.7220459e-05,0x3fb23acc,1.39241934,0x3f800000,1,0xbf0f0100,-0.558609009,0xbf0f0100,-0.558609009,1010,0,2,10,1100,2,0,0,0xbd701000,-0.0586090088,0xbd701000,-0.0586090088,0x00000000,0,0,0
l2,0.0625,0,min-error,metric_min,exp2,0,1,1,1.39241934,1.39241576,1.39241576,1.39241934,3.57627869e-06,8,raw-and-scaled,4,1,fp4_e1m2,fp4_e2m1,2,1,4,83252,8,exp1,163053568,163033088,163033088,40758272,1.39241934,1.39241576,20480,122295296,-5.7220459e-05,0x3fb23acc,1.39241934,0x3f800000,1,0xbfa1fe00,-1.26556396,0xbfa1fe00,-1.26556396,1101,1,1,01,1110,3,0,0,0xbc7f0000,-0.0155639648,0xbe87f800,-0.265563965,0x4b8fe000,18857984,18857984,1.12451172
l2,0.0625,0,min-error,metric_min,exp2,0,1,1,1.39241934,1.39241576,1.39241576,1.39241934,3.57627869e-06,9,raw-and-scaled,4,1,fp4_e1m2,fp4_e2m1,2,1,4,83252,9,exp1,163053568,163033088,163033088,40758272,1.39241934,1.39241576,20480,122295296,-5.7220459e-05,0x3fb23acc,1.39241934,0x3f800000,1,0x3d4bfc00,0.0498008728,0x3d4bfc00,0.0498008728,0000,0,0,00,0000,0,0,0,0x3d4bfc00,0.0498008728,0x3d4bfc00,0.0498008728,0x00000000,0,0,0
l2,0.0625,0,min-error,metric_min,exp2,0,1,1,1.39241934,1.39241576,1.39241576,1.39241934,3.57627869e-06,10,raw-and-scaled,4,1,fp4_e1m2,fp4_e2m1,2,1,4,83252,10,exp1,163053568,163033088,163033088,40758272,1.39241934,1.39241576,20480,122295296,-5.7220459e-05,0x3fb23acc,1.39241934,0x3f800000,1,0xbc14ff00,-0.00909399986,0xbc14ff00,-0.00909399986,1000,0,0,00,1000,0,0,0,0xbc14ff00,-0.00909399986,0xbc14ff00,-0.00909399986,0x00000000,0,0,0
l2,0.0625,0,min-error,metric_min,exp2,0,1,1,1.39241934,1.39241576,1.39241576,1.39241934,3.57627869e-06,11,raw-and-scaled,4,1,fp4_e1m2,fp4_e2m1,2,1,4,83252,11,exp1,163053568,163033088,163033088,40758272,1.39241934,1.39241576,20480,122295296,-5.7220459e-05,0x3fb23acc,1.39241934,0x3f800000,1,0x3e05bfc0,0.130614281,0x3e05bfc0,0.130614281,0000,0,0,00,0001,0,1,1,0x3e05bfc0,0.130614281,0x3bb7f800,0.0056142807,0xca8b6000,-4567040,-1141760,-0.272457123
l2,0.0625,0,min-error,metric_min,exp2,0,1,1,1.39241934,1.39241576,1.39241576,1.39241934,3.57627869e-06,12,raw-and-scaled,4,1,fp4_e1m2,fp4_e2m1,2,1,4,83252,12,exp1,163053568,163033088,163033088,40758272,1.39241934,1.39241576,20480,122295296,-5.7220459e-05,0x3fb23acc,1.39241934,0x3f800000,1,0x3b990100,0.00466930866,0x3b990100,0.00466930866,0000,0,0,00,0000,0,0,0,0x3b990100,0.00466930866,0x3b990100,0.00466930866,0x00000000,0,0,0
l2,0.0625,0,min-error,metric_min,exp2,0,1,1,1.39241934,1.39241576,1.39241576,1.39241934,3.57627869e-06,13,raw-and-scaled,4,1,fp4_e1m2,fp4_e2m1,2,1,4,83252,13,exp1,163053568,163033088,163033088,40758272,1.39241934,1.39241576,20480,122295296,-5.7220459e-05,0x3fb23acc,1.39241934,0x3f800000,1,0xbb8d7f80,-0.0043181777,0xbb8d7f80,-0.0043181777,1000,0,0,00,1000,0,0,0,0xbb8d7f80,-0.0043181777,0xbb8d7f80,-0.0043181777,0x00000000,0,0,0
l2,0.0625,0,min-error,metric_min,exp2,0,1,1,1.39241934,1.39241576,1.39241576,1.39241934,3.57627869e-06,14,raw-and-scaled,4,1,fp4_e1m2,fp4_e2m1,2,1,4,83252,14,exp1,163053568,163033088,163033088,40758272,1.39241934,1.39241576,20480,122295296,-5.7220459e-05,0x3fb23acc,1.39241934,0x3f800000,1,0x3eba0200,0.363296509,0x3eba0200,0.363296509,0001,0,1,01,0010,1,0,0,0x3de80800,0.113296509,0x3de80800,0.113296509,0x00000000,0,0,0
l2,0.0625,0,min-error,metric_min,exp2,0,1,1,1.39241934,1.39241576,1.39241576,1.39241934,3.57627869e-06,15,raw-and-scaled,4,1,fp4_e1m2,fp4_e2m1,2,1,4,83252,15,exp1,163053568,163033088,163033088,40758272,1.39241934,1.39241576,20480,122295296,-5.7220459e-05,0x3fb23acc,1.39241934,0x3f800000,1,0xba9f0100,-0.00121310353,0xba9f0100,-0.00121310353,1000,0,0,00,1000,0,0,0,0xba9f0100,-0.00121310353,0xba9f0100,-0.00121310353,0x00000000,0,0,0
l2,0.0625,0,min-error,metric_min,exp2,0,1,1,1.39241934,1.39241576,1.39241576,1.39241934,3.57627869e-06,16,raw-and-scaled,4,1,fp4_e1m2,fp4_e2m1,2,1,4,83252,16,exp1,163053568,163033088,163033088,40758272,1.39241934,1.39241576,20480,122295296,-5.7220459e-05,0x3fb23acc,1.39241934,0x3f800000,1,0xba840400,-0.00100719929,0xba840400,-0.00100719929,1000,0,0,00,1000,0,0,0,0xba840400,-0.00100719929,0xba840400,-0.00100719929,0x00000000,0,0,0
l2,0.0625,0,min-error,metric_min,exp2,0,1,1,1.39241934,1.39241576,1.39241576,1.39241934,3.57627869e-06,17,raw-and-scaled,4,1,fp4_e1m2,fp4_e2m1,2,1,4,83252,17,exp1,163053568,163033088,163033088,40758272,1.39241934,1.39241576,20480,122295296,-5.7220459e-05,0x3fb23acc,1.39241934,0x3f800000,1,0xbb97f800,-0.0046377182,0xbb97f800,-0.0046377182,1000,0,0,00,1000,0,0,0,0xbb97f800,-0.0046377182,0xbb97f800,-0.0046377182,0x00000000,0,0,0
l2,0.0625,0,min-error,metric_min,exp2,0,1,1,1.39241934,1.39241576,1.39241576,1.39241934,3.57627869e-06,18,raw-and-scaled,4,1,fp4_e1m2,fp4_e2m1,2,1,4,83252,18,exp1,163053568,163033088,163033088,40758272,1.39241934,1.39241576,20480,122295296,-5.7220459e-05,0x3fb23acc,1.39241934,0x3f800000,1,0xbba80800,-0.0051279068,0xbba80800,-0.0051279068,1000,0,0,00,1000,0,0,0,0xbba80800,-0.0051279068,0xbba80800,-0.0051279068,0x00000000,0,0,0
l2,0.0625,0,min-error,metric_min,exp2,0,1,1,1.39241934,1.39241576,1.39241576,1.39241934,3.57627869e-06,19,raw-and-scaled,4,1,fp4_e1m2,fp4_e2m1,2,1,4,83252,19,exp1,163053568,163033088,163033088,40758272,1.39241934,1.39241576,20480,122295296,-5.7220459e-05,0x3fb23acc,1.39241934,0x3f800000,1,0x3c937f80,0.0180051327,0x3c937f80,0.0180051327,0000,0,0,00,0000,0,0,0,0x3c937f80,0.0180051327,0x3c937f80,0.0180051327,0x00000000,0,0,0
l2,0.0625,0,min-error,metric_min,exp2,0,1,1,1.39241934,1.39241576,1.39241576,1.39241934,3.57627869e-06,20,raw-and-scaled,4,1,fp4_e1m2,fp4_e2m1,2,1,4,83252,20,exp1,163053568,163033088,163033088,40758272,1.39241934,1.39241576,20480,122295296,-5.7220459e-05,0x3fb23acc,1.39241934,0x3f800000,1,0xbd520200,-0.0512714386,0xbd520200,-0.0512714386,1000,0,0,00,1000,0,0,0,0xbd520200,-0.0512714386,0xbd520200,-0.0512714386,0x00000000,0,0,0
l2,0.0625,0,min-error,metric_min,exp2,0,1,1,1.39241934,1.39241576,1.39241576,1.39241934,3.57627869e-06,21,raw-and-scaled,4,1,fp4_e1m2,fp4_e2m1,2,1,4,83252,21,exp1,163053568,163033088,163033088,40758272,1.39241934,1.39241576,20480,122295296,-5.7220459e-05,0x3fb23acc,1.39241934,0x3f800000,1,0x3f2b0100,0.667984009,0x3f2b0100,0.667984009,0010,0,2,10,0100,2,0,0,0x3e2c0400,0.167984009,0x3e2c0400,0.167984009,0x00000000,0,0,0
l2,0.0625,0,min-error,metric_min,exp2,0,1,1,1.39241934,1.39241576,1.39241576,1.39241934,3.57627869e-06,22,raw-and-scaled,4,1,fp4_e1m2,fp4_e2m1,2,1,4,83252,22,exp1,163053568,163033088,163033088,40758272,1.39241934,1.39241576,20480,122295296,-5.7220459e-05,0x3fb23acc,1.39241934,0x3f800000,1,0xbcd9fe00,-0.0266103745,0xbcd9fe00,-0.0266103745,1000,0,0,00,1000,0,0,0,0xbcd9fe00,-0.0266103745,0xbcd9fe00,-0.0266103745,0x00000000,0,0,0
l2,0.0625,0,min-error,metric_min,exp2,0,1,1,1.39241934,1.39241576,1.39241576,1.39241934,3.57627869e-06,23,raw-and-scaled,4,1,fp4_e1m2,fp4_e2m1,2,1,4,83252,23,exp1,163053568,163033088,163033088,40758272,1.39241934,1.39241576,20480,122295296,-5.7220459e-05,0x3fb23acc,1.39241934,0x3f800000,1,0x3ebc0400,0.367218018,0x3ebc0400,0.367218018,0001,0,1,01,0010,1,0,0,0x3df01000,0.117218018,0x3df01000,0.117218018,0x00000000,0,0,0
l2,0.0625,0,min-error,metric_min,exp2,0,1,1,1.39241934,1.39241576,1.39241576,1.39241934,3.57627869e-06,24,raw-and-scaled,4,1,fp4_e1m2,fp4_e2m1,2,1,4,83252,24,exp1,163053568,163033088,163033088,40758272,1.39241934,1.39241576,20480,122295296,-5.7220459e-05,0x3fb23acc,1.39241934,0x3f800000,1,0xba8c4040,-0.00107003003,0xba8c4040,-0.00107003003,1000,0,0,00,1000,0,0,0,0xba8c4040,-0.00107003003,0xba8c4040,-0.00107003003,0x00000000,0,0,0
l2,0.0625,0,min-error,metric_min,exp2,0,1,1,1.39241934,1.39241576,1.39241576,1.39241934,3.57627869e-06,25,raw-and-scaled,4,1,fp4_e1m2,fp4_e2m1,2,1,4,83252,25,exp1,163053568,163033088,163033088,40758272,1.39241934,1.39241576,20480,122295296,-5.7220459e-05,0x3fb23acc,1.39241934,0x3f800000,1,0xbcb30100,-0.0218510628,0xbcb30100,-0.0218510628,1000,0,0,00,1000,0,0,0,0xbcb30100,-0.0218510628,0xbcb30100,-0.0218510628,0x00000000,0,0,0
l2,0.0625,0,min-error,metric_min,exp2,0,1,1,1.39241934,1.39241576,1.39241576,1.39241934,3.57627869e-06,26,raw-and-scaled,4,1,fp4_e1m2,fp4_e2m1,2,1,4,83252,26,exp1,163053568,163033088,163033088,40758272,1.39241934,1.39241576,20480,122295296,-5.7220459e-05,0x3fb23acc,1.39241934,0x3f800000,1,0xbe350100,-0.176761627,0xbe350100,-0.176761627,1000,0,0,00,1001,0,1,1,0xbe350100,-0.176761627,0xbd540400,-0.0517616272,0xcaea0000,-7667712,-1916928,-0.457046509
l2,0.0625,0,min-error,metric_min,exp2,0,1,1,1.39241934,1.39241576,1.39241576,1.39241934,3.57627869e-06,27,raw-and-scaled,4,1,fp4_e1m2,fp4_e2m1,2,1,4,83252,27,exp1,163053568,163033088,163033088,40758272,1.39241934,1.39241576,20480,122295296,-5.7220459e-05,0x3fb23acc,1.39241934,0x3f800000,1,0x3c5bfc00,0.0134267807,0x3c5bfc00,0.0134267807,0000,0,0,00,0000,0,0,0,0x3c5bfc00,0.0134267807,0x3c5bfc00,0.0134267807,0x00000000,0,0,0
l2,0.0625,0,min-error,metric_min,exp2,0,1,1,1.39241934,1.39241576,1.39241576,1.39241934,3.57627869e-06,28,raw-and-scaled,4,1,fp4_e1m2,fp4_e2m1,2,1,4,83252,28,exp1,163053568,163033088,163033088,40758272,1.39241934,1.39241576,20480,122295296,-5.7220459e-05,0x3fb23acc,1.39241934,0x3f800000,1,0xbe9c7f80,-0.305660248,0xbe9c7f80,-0.305660248,1001,0,1,01,1010,1,0,0,0xbd63fc00,-0.0556602478,0xbd63fc00,-0.0556602478,0x00000000,0,0,0
l2,0.0625,0,min-error,metric_min,exp2,0,1,1,1.39241934,1.39241576,1.39241576,1.39241934,3.57627869e-06,29,raw-and-scaled,4,1,fp4_e1m2,fp4_e2m1,2,1,4,83252,29,exp1,163053568,163033088,163033088,40758272,1.39241934,1.39241576,20480,122295296,-5.7220459e-05,0x3fb23acc,1.39241934,0x3f800000,1,0xbd8ec040,-0.0697026253,0xbd8ec040,-0.0697026253,1000,0,0,00,1000,0,0,0,0xbd8ec040,-0.0697026253,0xbd8ec040,-0.0697026253,0x00000000,0,0,0
l2,0.0625,0,min-error,metric_min,exp2,0,1,1,1.39241934,1.39241576,1.39241576,1.39241934,3.57627869e-06,30,raw-and-scaled,4,1,fp4_e1m2,fp4_e2m1,2,1,4,83252,30,exp1,163053568,163033088,163033088,40758272,1.39241934,1.39241576,20480,122295296,-5.7220459e-05,0x3fb23acc,1.39241934,0x3f800000,1,0xbef3fc00,-0.476531982,0xbef3fc00,-0.476531982,1001,0,1,01,1011,1,1,1,0xbe67f800,-0.226531982,0xbdcff000,-0.101531982,0xcb27f000,-11005952,-2751488,-0.65612793
l2,0.0625,0,min-error,metric_min,exp2,0,1,1,1.39241934,1.39241576,1.39241576,1.39241934,3.57627869e-06,31,raw-and-scaled,4,1,fp4_e1m2,fp4_e2m1,2,1,4,83252,31,exp1,163053568,163033088,163033088,40758272,1.39241934,1.39241576,20480,122295296,-5.7220459e-05,0x3fb23acc,1.39241934,0x3f800000,1,0xbd3f0100,-0.046631813,0xbd3f0100,-0.046631813,1000,0,0,00,1000,0,0,0,0xbd3f0100,-0.046631813,0xbd3f0100,-0.046631813,0x00000000,0,0,0
l2,0.0625,0,min-error,metric_min,exp2,0,1,1,1.39241934,1.39241576,1.39241576,1.39241934,3.57627869e-06,32,raw-and-scaled,4,1,fp4_e1m2,fp4_e2m1,2,1,4,83252,32,exp1,163053568,163033088,163033088,40758272,1.39241934,1.39241576,20480,122295296,-5.7220459e-05,0x3fb23acc,1.39241934,0x3f800000,1,0x3ba07f80,0.00489801168,0x3ba07f80,0.00489801168,0000,0,0,00,0000,0,0,0,0x3ba07f80,0.00489801168,0x3ba07f80,0.00489801168,0x00000000,0,0,0
l2,0.0625,0,min-error,metric_min,exp2,0,1,1,1.39241934,1.39241576,1.39241576,1.39241934,3.57627869e-06,33,raw-and-scaled,4,1,fp4_e1m2,fp4_e2m1,2,1,4,83252,33,exp1,163053568,163033088,163033088,40758272,1.39241934,1.39241576,20480,122295296,-5.7220459e-05,0x3fb23acc,1.39241934,0x3f800000,1,0xbd90bfc0,-0.0706782341,0xbd90bfc0,-0.0706782341,1000,0,0,00,1000,0,0,0,0xbd90bfc0,-0.0706782341,0xbd90bfc0,-0.0706782341,0x00000000,0,0,0
l2,0.0625,0,min-error,metric_min,exp2,0,1,1,1.39241934,1.39241576,1.39241576,1.39241934,3.57627869e-06,34,raw-and-scaled,4,1,fp4_e1m2,fp4_e2m1,2,1,4,83252,34,exp1,163053568,163033088,163033088,40758272,1.39241934,1.39241576,20480,122295296,-5.7220459e-05,0x3fb23acc,1.39241934,0x3f800000,1,0xba8a0200,-0.00105291605,0xba8a0200,-0.00105291605,1000,0,0,00,1000,0,0,0,0xba8a0200,-0.00105291605,0xba8a0200,-0.00105291605,0x00000000,0,0,0
l2,0.0625,0,min-error,metric_min,exp2,0,1,1,1.39241934,1.39241576,1.39241576,1.39241934,3.57627869e-06,35,raw-and-scaled,4,1,fp4_e1m2,fp4_e2m1,2,1,4,83252,35,exp1,163053568,163033088,163033088,40758272,1.39241934,1.39241576,20480,122295296,-5.7220459e-05,0x3fb23acc,1.39241934,0x3f800000,1,0xbb238080,-0.00249484181,0xbb238080,-0.00249484181,1000,0,0,00,1000,0,0,0,0xbb238080,-0.00249484181,0xbb238080,-0.00249484181,0x00000000,0,0,0
l2,0.0625,0,min-error,metric_min,exp2,0,1,1,1.39241934,1.39241576,1.39241576,1.39241934,3.57627869e-06,36,raw-and-scaled,4,1,fp4_e1m2,fp4_e2m1,2,1,4,83252,36,exp1,163053568,163033088,163033088,40758272,1.39241934,1.39241576,20480,122295296,-5.7220459e-05,0x3fb23acc,1.39241934,0x3f800000,1,0x3ba48080,0.00502020121,0x3ba48080,0.00502020121,0000,0,0,00,0000,0,0,0,0x3ba48080,0.00502020121,0x3ba48080,0.00502020121,0x00000000,0,0,0
l2,0.0625,0,min-error,metric_min,exp2,0,1,1,1.39241934,1.39241576,1.39241576,1.39241934,3.57627869e-06,37,raw-and-scaled,4,1,fp4_e1m2,fp4_e2m1,2,1,4,83252,37,exp1,163053568,163033088,163033088,40758272,1.39241934,1.39241576,20480,122295296,-5.7220459e-05,0x3fb23acc,1.39241934,0x3f800000,1,0xbccb0100,-0.0247807503,0xbccb0100,-0.0247807503,1000,0,0,00,1000,0,0,0,0xbccb0100,-0.0247807503,0xbccb0100,-0.0247807503,0x00000000,0,0,0
l2,0.0625,0,min-error,metric_min,exp2,0,1,1,1.39241934,1.39241576,1.39241576,1.39241934,3.57627869e-06,38,raw-and-scaled,4,1,fp4_e1m2,fp4_e2m1,2,1,4,83252,38,exp1,163053568,163033088,163033088,40758272,1.39241934,1.39241576,20480,122295296,-5.7220459e-05,0x3fb23acc,1.39241934,0x3f800000,1,0xbecd0100,-0.400398254,0xbecd0100,-0.400398254,1001,0,1,01,1011,1,1,1,0xbe1a0200,-0.150398254,0xbcd01000,-0.0253982544,0xcab40000,-5898240,-1474560,-0.351593018
l2,0.0625,0,min-error,metric_min,exp2,0,1,1,1.39241934,1.39241576,1.39241576,1.39241934,3.57627869e-06,39,raw-and-scaled,4,1,fp4_e1m2,fp4_e2m1,2,1,4,83252,39,exp1,163053568,163033088,163033088,40758272,1.39241934,1.39241576,20480,122295296,-5.7220459e-05,0x3fb23acc,1.39241934,0x3f800000,1,0xbcceff00,-0.0252680779,0xbcceff00,-0.0252680779,1000,0,0,00,1000,0,0,0,0xbcceff00,-0.0252680779,0xbcceff00,-0.0252680779,0x00000000,0,0,0
l2,0.0625,0,min-error,metric_min,exp2,0,1,1,1.39241934,1.39241576,1.39241576,1.39241934,3.57627869e-06,40,raw-and-scaled,4,1,fp4_e1m2,fp4_e2m1,2,1,4,83252,40,exp1,163053568,163033088,163033088,40758272,1.39241934,1.39241576,20480,122295296,-5.7220459e-05,0x3fb23acc,1.39241934,0x3f800000,1,0xbf880800,-1.06274414,0xbf880800,-1.06274414,1100,1,0,00,1110,3,0,0,0xbd808000,-0.0627441406,0xbd808000,-0.0627441406,0x00000000,0,0,0
l2,0.0625,0,min-error,metric_min,exp2,0,1,1,1.39241934,1.39241576,1.39241576,1.39241934,3.57627869e-06,41,raw-and-scaled,4,1,fp4_e1m2,fp4_e2m1,2,1,4,83252,41,exp1,163053568,163033088,163033088,40758272,1.39241934,1.39241576,20480,122295296,-5.7220459e-05,0x3fb23acc,1.39241934,0x3f800000,1,0x3e298080,0.165529251,0x3e298080,0.165529251,0000,0,0,00,0001,0,1,1,0x3e298080,0.165529251,0x3d260200,0.0405292511,0xcad30000,-6914048,-1728512,-0.412117004
l2,0.0625,0,min-error,metric_min,exp2,0,1,1,1.39241934,1.39241576,1.39241576,1.39241934,3.57627869e-06,42,raw-and-scaled,4,1,fp4_e1m2,fp4_e2m1,2,1,4,83252,42,exp1,163053568,163033088,163033088,40758272,1.39241934,1.39241576,20480,122295296,-5.7220459e-05,0x3fb23acc,1.39241934,0x3f800000,1,0xbcd50100,-0.0260014534,0xbcd50100,-0.0260014534,1000,0,0,00,1000,0,0,0,0xbcd50100,-0.0260014534,0xbcd50100,-0.0260014534,0x00000000,0,0,0
l2,0.0625,0,min-error,metric_min,exp2,0,1,1,1.39241934,1.39241576,1.39241576,1.39241934,3.57627869e-06,43,raw-and-scaled,4,1,fp4_e1m2,fp4_e2m1,2,1,4,83252,43,exp1,163053568,163033088,163033088,40758272,1.39241934,1.39241576,20480,122295296,-5.7220459e-05,0x3fb23acc,1.39241934,0x3f800000,1,0xbb570100,-0.00328069925,0xbb570100,-0.00328069925,1000,0,0,00,1000,0,0,0,0xbb570100,-0.00328069925,0xbb570100,-0.00328069925,0x00000000,0,0,0
l2,0.0625,0,min-error,metric_min,exp2,0,1,1,1.39241934,1.39241576,1.39241576,1.39241934,3.57627869e-06,44,raw-and-scaled,4,1,fp4_e1m2,fp4_e2m1,2,1,4,83252,44,exp1,163053568,163033088,163033088,40758272,1.39241934,1.39241576,20480,122295296,-5.7220459e-05,0x3fb23acc,1.39241934,0x3f800000,1,0x3f163fc0,0.586910248,0x3f163fc0,0.586910248,0010,0,2,10,0100,2,0,0,0x3db1fe00,0.0869102478,0x3db1fe00,0.0869102478,0x00000000,0,0,0
l2,0.0625,0,min-error,metric_min,exp2,0,1,1,1.39241934,1.39241576,1.39241576,1.39241934,3.57627869e-06,45,raw-and-scaled,4,1,fp4_e1m2,fp4_e2m1,2,1,4,83252,45,exp1,163053568,163033088,163033088,40758272,1.39241934,1.39241576,20480,122295296,-5.7220459e-05,0x3fb23acc,1.39241934,0x3f800000,1,0xbedb0100,-0.427742004,0xbedb0100,-0.427742004,1001,0,1,01,1011,1,1,1,0xbe360200,-0.177742004,0xbd580800,-0.0527420044,0xcaec0000,-7733248,-1933312,-0.460968018
l2,0.0625,0,min-error,metric_min,exp2,0,1,1,1.39241934,1.39241576,1.39241576,1.39241934,3.57627869e-06,46,raw-and-scaled,4,1,fp4_e1m2,fp4_e2m1,2,1,4,83252,46,exp1,163053568,163033088,163033088,40758272,1.39241934,1.39241576,20480,122295296,-5.7220459e-05,0x3fb23acc,1.39241934,0x3f800000,1,0xbb173fc0,-0.00230787694,0xbb173fc0,-0.00230787694,1000,0,0,00,1000,0,0,0,0xbb173fc0,-0.00230787694,0xbb173fc0,-0.00230787694,0x00000000,0,0,0
l2,0.0625,0,min-error,metric_min,exp2,0,1,1,1.39241934,1.39241576,1.39241576,1.39241934,3.57627869e-06,47,raw-and-scaled,4,1,fp4_e1m2,fp4_e2m1,2,1,4,83252,47,exp1,163053568,163033088,163033088,40758272,1.39241934,1.39241576,20480,122295296,-5.7220459e-05,0x3fb23acc,1.39241934,0x3f800000,1,0x3c17c040,0.00926214457,0x3c17c040,0.00926214457,0000,0,0,00,0000,0,0,0,0x3c17c040,0.00926214457,0x3c17c040,0.00926214457,0x00000000,0,0,0
l2,0.0625,0,min-error,metric_min,exp2,0,1,1,1.39241934,1.39241576,1.39241576,1.39241934,3.57627869e-06,48,raw-and-scaled,4,1,fp4_e1m2,fp4_e2m1,2,1,4,83252,48,exp1,163053568,163033088,163033088,40758272,1.39241934,1.39241576,20480,122295296,-5.7220459e-05,0x3fb23acc,1.39241934,0x3f800000,1,0xbb840400,-0.00402879715,0xbb840400,-0.00402879715,1000,0,0,00,1000,0,0,0,0xbb840400,-0.00402879715,0xbb840400,-0.00402879715,0x00000000,0,0,0
l2,0.0625,0,min-error,metric_min,exp2,0,1,1,1.39241934,1.39241576,1.39241576,1.39241934,3.57627869e-06,49,raw-and-scaled,4,1,fp4_e1m2,fp4_e2m1,2,1,4,83252,49,exp1,163053568,163033088,163033088,40758272,1.39241934,1.39241576,20480,122295296,-5.7220459e-05,0x3fb23acc,1.39241934,0x3f800000,1,0x3d62ff00,0.0554189682,0x3d62ff00,0.0554189682,0000,0,0,00,0000,0,0,0,0x3d62ff00,0.0554189682,0x3d62ff00,0.0554189682,0x00000000,0,0,0
l2,0.0625,0,min-error,metric_min,exp2,0,1,1,1.39241934,1.39241576,1.39241576,1.39241934,3.57627869e-06,50,raw-and-scaled,4,1,fp4_e1m2,fp4_e2m1,2,1,4,83252,50,exp1,163053568,163033088,163033088,40758272,1.39241934,1.39241576,20480,122295296,-5.7220459e-05,0x3fb23acc,1.39241934,0x3f800000,1,0x3dca0200,0.0986366272,0x3dca0200,0.0986366272,0000,0,0,00,0000,0,0,0,0x3dca0200,0.0986366272,0x3dca0200,0.0986366272,0x00000000,0,0,0
l2,0.0625,0,min-error,metric_min,exp2,0,1,1,1.39241934,1.39241576,1.39241576,1.39241934,3.57627869e-06,51,raw-and-scaled,4,1,fp4_e1m2,fp4_e2m1,2,1,4,83252,51,exp1,163053568,163033088,163033088,40758272,1.39241934,1.39241576,20480,122295296,-5.7220459e-05,0x3fb23acc,1.39241934,0x3f800000,1,0xbfe6ff00,-1.80465698,0xbfe6ff00,-1.80465698,1111,1,3,11,1111,3,1,1,0xbd5fe000,-0.0546569824,0xbe9bfc00,-0.304656982,0x4bb7e000,24100864,24100864,1.43725586
l2,0.0625,0,min-error,metric_min,exp2,0,1,1,1.39241934,1.39241576,1.39241576,1.39241934,3.57627869e-06,52,raw-and-scaled,4,1,fp4_e1m2,fp4_e2m1,2,1,4,83252,52,exp1,163053568,163033088,163033088,40758272,1.39241934,1.39241576,20480,122295296,-5.7220459e-05,0x3fb23acc,1.39241934,0x3f800000,1,0xbd1a3fc0,-0.037658453,0xbd1a3fc0,-0.037658453,1000,0,0,00,1000,0,0,0,0xbd1a3fc0,-0.037658453,0xbd1a3fc0,-0.037658453,0x00000000,0,0,0
l2,0.0625,0,min-error,metric_min,exp2,0,1,1,1.39241934,1.39241576,1.39241576,1.39241934,3.57627869e-06,53,raw-and-scaled,4,1,fp4_e1m2,fp4_e2m1,2,1,4,83252,53,exp1,163053568,163033088,163033088,40758272,1.39241934,1.39241576,20480,122295296,-5.7220459e-05,0x3fb23acc,1.39241934,0x3f800000,1,0xba9abfc0,-0.00118064135,0xba9abfc0,-0.00118064135,1000,0,0,00,1000,0,0,0,0xba9abfc0,-0.00118064135,0xba9abfc0,-0.00118064135,0x00000000,0,0,0
l2,0.0625,0,min-error,metric_min,exp2,0,1,1,1.39241934,1.39241576,1.39241576,1.39241934,3.57627869e-06,54,raw-and-scaled,4,1,fp4_e1m2,fp4_e2m1,2,1,4,83252,54,exp1,163053568,163033088,163033088,40758272,1.39241934,1.39241576,20480,122295296,-5.7220459e-05,0x3fb23acc,1.39241934,0x3f800000,1,0xbb680800,-0.0035405159,0xbb680800,-0.0035405159,1000,0,0,00,1000,0,0,0,0xbb680800,-0.0035405159,0xbb680800,-0.0035405159,0x00000000,0,0,0
l2,0.0625,0,min-error,metric_min,exp2,0,1,1,1.39241934,1.39241576,1.39241576,1.39241934,3.57627869e-06,55,raw-and-scaled,4,1,fp4_e1m2,fp4_e2m1,2,1,4,83252,55,exp1,163053568,163033088,163033088,40758272,1.39241934,1.39241576,20480,122295296,-5.7220459e-05,0x3fb23acc,1.39241934,0x3f800000,1,0x3e780800,0.242218018,0x3e780800,0.242218018,0000,0,0,00,0001,0,1,1,0x3e780800,0.242218018,0x3df01000,0.117218018,0xcb380000,-12058624,-3014656,-0.71887207
l2,0.0625,0,min-error,metric_min,exp2,0,1,1,1.39241934,1.39241576,1.39241576,1.39241934,3.57627869e-06,56,raw-and-scaled,4,1,fp4_e1m2,fp4_e2m1,2,1,4,83252,56,exp1,163053568,163033088,163033088,40758272,1.39241934,1.39241576,20480,122295296,-5.7220459e-05,0x3fb23acc,1.39241934,0x3f800000,1,0xbc70ff00,-0.0147092342,0xbc70ff00,-0.0147092342,1000,0,0,00,1000,0,0,0,0xbc70ff00,-0.0147092342,0xbc70ff00,-0.0147092342,0x00000000,0,0,0
l2,0.0625,0,min-error,metric_min,exp2,0,1,1,1.39241934,1.39241576,1.39241576,1.39241934,3.57627869e-06,57,raw-and-scaled,4,1,fp4_e1m2,fp4_e2m1,2,1,4,83252,57,exp1,163053568,163033088,163033088,40758272,1.39241934,1.39241576,20480,122295296,-5.7220459e-05,0x3fb23acc,1.39241934,0x3f800000,1,0xbc980800,-0.0185585022,0xbc980800,-0.0185585022,1000,0,0,00,1000,0,0,0,0xbc980800,-0.0185585022,0xbc980800,-0.0185585022,0x00000000,0,0,0
l2,0.0625,0,min-error,metric_min,exp2,0,1,1,1.39241934,1.39241576,1.39241576,1.39241934,3.57627869e-06,58,raw-and-scaled,4,1,fp4_e1m2,fp4_e2m1,2,1,4,83252,58,exp1,163053568,163033088,163033088,40758272,1.39241934,1.39241576,20480,122295296,-5.7220459e-05,0x3fb23acc,1.39241934,0x3f800000,1,0xbf1d3fc0,-0.614253998,0xbf1d3fc0,-0.614253998,1010,0,2,10,1100,2,0,0,0xbde9fe00,-0.114253998,0xbde9fe00,-0.114253998,0x00000000,0,0,0
l2,0.0625,0,min-error,metric_min,exp2,0,1,1,1.39241934,1.39241576,1.39241576,1.39241934,3.57627869e-06,59,raw-and-scaled,4,1,fp4_e1m2,fp4_e2m1,2,1,4,83252,59,exp1,163053568,163033088,163033088,40758272,1.39241934,1.39241576,20480,122295296,-5.7220459e-05,0x3fb23acc,1.39241934,0x3f800000,1,0xbaee0200,-0.0018158555,0xbaee0200,-0.0018158555,1000,0,0,00,1000,0,0,0,0xbaee0200,-0.0018158555,0xbaee0200,-0.0018158555,0x00000000,0,0,0
l2,0.0625,0,min-error,metric_min,exp2,0,1,1,1.39241934,1.39241576,1.39241576,1.39241934,3.57627869e-06,60,raw-and-scaled,4,1,fp4_e1m2,fp4_e2m1,2,1,4,83252,60,exp1,163053568,163033088,163033088,40758272,1.39241934,1.39241576,20480,122295296,-5.7220459e-05,0x3fb23acc,1.39241934,0x3f800000,1,0xbef8ff00,-0.486320496,0xbef8ff00,-0.486320496,1001,0,1,01,1011,1,1,1,0xbe71fe00,-0.236320496,0xbde3fc00,-0.111320496,0xcb31f000,-11661312,-2915328,-0.695281982
l2,0.0625,0,min-error,metric_min,exp2,0,1,1,1.39241934,1.39241576,1.39241576,1.39241934,3.57627869e-06,61,raw-and-scaled,4,1,fp4_e1m2,fp4_e2m1,2,1,4,83252,61,exp1,163053568,163033088,163033088,40758272,1.39241934,1.39241576,20480,122295296,-5.7220459e-05,0x3fb23acc,1.39241934,0x3f800000,1,0xbef5fe00,-0.480453491,0xbef5fe00,-0.480453491,1001,0,1,01,1011,1,1,1,0xbe6bfc00,-0.230453491,0xbdd7f800,-0.105453491,0xcb2bf000,-11268096,-2817024,-0.671813965
l2,0.0625,0,min-error,metric_min,exp2,0,1,1,1.39241934,1.39241576,1.39241576,1.39241934,3.57627869e-06,62,raw-and-scaled,4,1,fp4_e1m2,fp4_e2m1,2,1,4,83252,62,exp1,163053568,163033088,163033088,40758272,1.39241934,1.39241576,20480,122295296,-5.7220459e-05,0x3fb23acc,1.39241934,0x3f800000,1,0x3c1f3fc0,0.00971978903,0x3c1f3fc0,0.00971978903,0000,0,0,00,0000,0,0,0,0x3c1f3fc0,0.00971978903,0x3c1f3fc0,0.00971978903,0x00000000,0,0,0
l2,0.0625,0,min-error,metric_min,exp2,0,1,1,1.39241934,1.39241576,1.39241576,1.39241934,3.57627869e-06,63,raw-and-scaled,4,1,fp4_e1m2,fp4_e2m1,2,1,4,83252,63,exp1,163053568,163033088,163033088,40758272,1.39241934,1.39241576,20480,122295296,-5.7220459e-05,0x3fb23acc,1.39241934,0x3f800000,1,0x3ff80800,1.93774414,0x3ff80800,1.93774414,0111,1,3,11,0111,3,1,1,0x3e404000,0.187744141,0x3ee02000,0.437744141,0x4c202000,41975808,41975808,2.50195312
l2,0.0625,0,min-error,metric_min,exp2,0,1,1,1.39241934,1.39241576,1.39241576,1.39241934,3.57627869e-06,64,raw-and-scaled,4,1,fp4_e1m2,fp4_e2m1,2,1,4,83252,64,exp1,163053568,163033088,163033088,40758272,1.39241934,1.39241576,20480,122295296,-5.7220459e-05,0x3fb23acc,1.39241934,0x3f800000,1,0x3f810100,1.00784302,0x3f810100,1.00784302,0100,1,0,00,0110,3,0,0,0x3c008000,0.00784301758,0x3c008000,0.00784301758,0x00000000,0,0,0
l2,0.0625,0,min-error,metric_min,exp2,0,1,1,1.39241934,1.39241576,1.39241576,1.39241934,3.57627869e-06,65,raw-and-scaled,4,1,fp4_e1m2,fp4_e2m1,2,1,4,83252,65,exp1,163053568,163033088,163033088,40758272,1.39241934,1.39241576,20480,122295296,-5.7220459e-05,0x3fb23acc,1.39241934,0x3f800000,1,0x3e85fe00,0.261703491,0x3e85fe00,0.261703491,0001,0,1,01,0010,1,0,0,0x3c3fc000,0.0117034912,0x3c3fc000,0.0117034912,0x00000000,0,0,0
l2,0.0625,0,min-error,metric_min,exp2,0,1,1,1.39241934,1.39241576,1.39241576,1.39241934,3.57627869e-06,66,raw-and-scaled,4,1,fp4_e1m2,fp4_e2m1,2,1,4,83252,66,exp1,163053568,163033088,163033088,40758272,1.39241934,1.39241576,20480,122295296,-5.7220459e-05,0x3fb23acc,1.39241934,0x3f800000,1,0xbe850100,-0.259773254,0xbe850100,-0.259773254,1001,0,1,01,1010,1,0,0,0xbc202000,-0.00977325439,0xbc202000,-0.00977325439,0x00000000,0,0,0
l2,0.0625,0,min-error,metric_min,exp2,0,1,1,1.39241934,1.39241576,1.39241576,1.39241934,3.57627869e-06,67,raw-and-scaled,4,1,fp4_e1m2,fp4_e2m1,2,1,4,83252,67,exp1,163053568,163033088,163033088,40758272,1.39241934,1.39241576,20480,122295296,-5.7220459e-05,0x3fb23acc,1.39241934,0x3f800000,1,0x3d070100,0.032959938,0x3d070100,0.032959938,0000,0,0,00,0000,0,0,0,0x3d070100,0.032959938,0x3d070100,0.032959938,0x00000000,0,0,0
l2,0.0625,0,min-error,metric_min,exp2,0,1,1,1.39241934,1.39241576,1.39241576,1.39241934,3.57627869e-06,68,raw-and-scaled,4,1,fp4_e1m2,fp4_e2m1,2,1,4,83252,68,exp1,163053568,163033088,163033088,40758272,1.39241934,1.39241576,20480,122295296,-5.7220459e-05,0x3fb23acc,1.39241934,0x3f800000,1,0x3c890100,0.0167241096,0x3c890100,0.0167241096,0000,0,0,00,0000,0,0,0,0x3c890100,0.0167241096,0x3c890100,0.0167241096,0x00000000,0,0,0
l2,0.0625,0,min-error,metric_min,exp2,0,1,1,1.39241934,1.39241576,1.39241576,1.39241934,3.57627869e-06,69,raw-and-scaled,4,1,fp4_e1m2,fp4_e2m1,2,1,4,83252,69,exp1,163053568,163033088,163033088,40758272,1.39241934,1.39241576,20480,122295296,-5.7220459e-05,0x3fb23acc,1.39241934,0x3f800000,1,0xbca2c040,-0.0198670626,0xbca2c040,-0.0198670626,1000,0,0,00,1000,0,0,0,0xbca2c040,-0.0198670626,0xbca2c040,-0.0198670626,0x00000000,0,0,0
l2,0.0625,0,min-error,metric_min,exp2,0,1,1,1.39241934,1.39241576,1.39241576,1.39241934,3.57627869e-06,70,raw-and-scaled,4,1,fp4_e1m2,fp4_e2m1,2,1,4,83252,70,exp1,163053568,163033088,163033088,40758272,1.39241934,1.39241576,20480,122295296,-5.7220459e-05,0x3fb23acc,1.39241934,0x3f800000,1,0xbc1a0200,-0.0093998909,0xbc1a0200,-0.0093998909,1000,0,0,00,1000,0,0,0,0xbc1a0200,-0.0093998909,0xbc1a0200,-0.0093998909,0x00000000,0,0,0
l2,0.0625,0,min-error,metric_min,exp2,0,1,1,1.39241934,1.39241576,1.39241576,1.39241934,3.57627869e-06,71,raw-and-scaled,4,1,fp4_e1m2,fp4_e2m1,2,1,4,83252,71,exp1,163053568,163033088,163033088,40758272,1.39241934,1.39241576,20480,122295296,-5.7220459e-05,0x3fb23acc,1.39241934,0x3f800000,1,0x3b3bfc00,0.00286841393,0x3b3bfc00,0.00286841393,0000,0,0,00,0000,0,0,0,0x3b3bfc00,0.00286841393,0x3b3bfc00,0.00286841393,0x00000000,0,0,0
l2,0.0625,0,min-error,metric_min,exp2,0,1,1,1.39241934,1.39241576,1.39241576,1.39241934,3.57627869e-06,72,raw-and-scaled,4,1,fp4_e1m2,fp4_e2m1,2,1,4,83252,72,exp1,163053568,163033088,163033088,40758272,1.39241934,1.39241576,20480,122295296,-5.7220459e-05,0x3fb23acc,1.39241934,0x3f800000,1,0x3c488080,0.012237668,0x3c488080,0.012237668,0000,0,0,00,0000,0,0,0,0x3c488080,0.012237668,0x3c488080,0.012237668,0x00000000,0,0,0
l2,0.0625,0,min-error,metric_min,exp2,0,1,1,1.39241934,1.39241576,1.39241576,1.39241934,3.57627869e-06,73,raw-and-scaled,4,1,fp4_e1m2,fp4_e2m1,2,1,4,83252,73,exp1,163053568,163033088,163033088,40758272,1.39241934,1.39241576,20480,122295296,-5.7220459e-05,0x3fb23acc,1.39241934,0x3f800000,1,0x3ecc0400,0.398468018,0x3ecc0400,0.398468018,0001,0,1,01,0011,1,1,1,0x3e180800,0.148468018,0x3cc04000,0.0234680176,0xcab00000,-5767168,-1441792,-0.34387207
l2,0.0625,0,min-error,metric_min,exp2,0,1,1,1.39241934,1.39241576,1.39241576,1.39241934,3.57627869e-06,74,raw-and-scaled,4,1,fp4_e1m2,fp4_e2m1,2,1,4,83252,74,exp1,163053568,163033088,163033088,40758272,1.39241934,1.39241576,20480,122295296,-5.7220459e-05,0x3fb23acc,1.39241934,0x3f800000,1,0x3b280800,0.0025639534,0x3b280800,0.0025639534,0000,0,0,00,0000,0,0,0,0x3b280800,0.0025639534,0x3b280800,0.0025639534,0x00000000,0,0,0
l2,0.0625,0,min-error,metric_min,exp2,0,1,1,1.39241934,1.39241576,1.39241576,1.39241934,3.57627869e-06,75,raw-and-scaled,4,1,fp4_e1m2,fp4_e2m1,2,1,4,83252,75,exp1,163053568,163033088,163033088,40758272,1.39241934,1.39241576,20480,122295296,-5.7220459e-05,0x3fb23acc,1.39241934,0x3f800000,1,0x3e4b7f80,0.198728561,0x3e4b7f80,0.198728561,0000,0,0,00,0001,0,1,1,0x3e4b7f80,0.198728561,0x3d96ff00,0.0737285614,0xcb0b7000,-9138176,-2284544,-0.544914246
l2,0.0625,0,min-error,metric_min,exp2,0,1,1,1.39241934,1.39241576,1.39241576,1.39241934,3.57627869e-06,76,raw-and-scaled,4,1,fp4_e1m2,fp4_e2m1,2,1,4,83252,76,exp1,163053568,163033088,163033088,40758272,1.39241934,1.39241576,20480,122295296,-5.7220459e-05,0x3fb23acc,1.39241934,0x3f800000,1,0x3d31fe00,0.0434551239,0x3d31fe00,0.0434551239,0000,0,0,00,0000,0,0,0,0x3d31fe00,0.0434551239,0x3d31fe00,0.0434551239,0x00000000,0,0,0
l2,0.0625,0,min-error,metric_min,exp2,0,1,1,1.39241934,1.39241576,1.39241576,1.39241934,3.57627869e-06,77,raw-and-scaled,4,1,fp4_e1m2,fp4_e2m1,2,1,4,83252,77,exp1,163053568,163033088,163033088,40758272,1.39241934,1.39241576,20480,122295296,-5.7220459e-05,0x3fb23acc,1.39241934,0x3f800000,1,0xbc1b0100,-0.00946068764,0xbc1b0100,-0.00946068764,1000,0,0,00,1000,0,0,0,0xbc1b0100,-0.00946068764,0xbc1b0100,-0.00946068764,0x00000000,0,0,0
l2,0.0625,0,min-error,metric_min,exp2,0,1,1,1.39241934,1.39241576,1.39241576,1.39241934,3.57627869e-06,78,raw-and-scaled,4,1,fp4_e1m2,fp4_e2m1,2,1,4,83252,78,exp1,163053568,163033088,163033088,40758272,1.39241934,1.39241576,20480,122295296,-5.7220459e-05,0x3fb23acc,1.39241934,0x3f800000,1,0xbb273fc0,-0.00255201757,0xbb273fc0,-0.00255201757,1000,0,0,00,1000,0,0,0,0xbb273fc0,-0.00255201757,0xbb273fc0,-0.00255201757,0x00000000,0,0,0
l2,0.0625,0,min-error,metric_min,exp2,0,1,1,1.39241934,1.39241576,1.39241576,1.39241934,3.57627869e-06,79,raw-and-scaled,4,1,fp4_e1m2,fp4_e2m1,2,1,4,83252,79,exp1,163053568,163033088,163033088,40758272,1.39241934,1.39241576,20480,122295296,-5.7220459e-05,0x3fb23acc,1.39241934,0x3f800000,1,0x3c4f8080,0.0126649141,0x3c4f8080,0.0126649141,0000,0,0,00,0000,0,0,0,0x3c4f8080,0.0126649141,0x3c4f8080,0.0126649141,0x00000000,0,0,0
l2,0.0625,0,min-error,metric_min,exp2,0,1,1,1.39241934,1.39241576,1.39241576,1.39241934,3.57627869e-06,80,raw-and-scaled,4,1,fp4_e1m2,fp4_e2m1,2,1,4,83252,80,exp1,163053568,163033088,163033088,40758272,1.39241934,1.39241576,20480,122295296,-5.7220459e-05,0x3fb23acc,1.39241934,0x3f800000,1,0xbc83fc00,-0.0161113739,0xbc83fc00,-0.0161113739,1000,0,0,00,1000,0,0,0,0xbc83fc00,-0.0161113739,0xbc83fc00,-0.0161113739,0x00000000,0,0,0
l2,0.0625,0,min-error,metric_min,exp2,0,1,1,1.39241934,1.39241576,1.39241576,1.39241934,3.57627869e-06,81,raw-and-scaled,4,1,fp4_e1m2,fp4_e2m1,2,1,4,83252,81,exp1,163053568,163033088,163033088,40758272,1.39241934,1.39241576,20480,122295296,-5.7220459e-05,0x3fb23acc,1.39241934,0x3f800000,1,0xbe517f80,-0.204587936,0xbe517f80,-0.204587936,1000,0,0,00,1001,0,1,1,0xbe517f80,-0.204587936,0xbda2ff00,-0.0795879364,0xcb117000,-9531392,-2382848,-0.568351746
l2,0.0625,0,min-error,metric_min,exp2,0,1,1,1.39241934,1.39241576,1.39241576,1.39241934,3.57627869e-06,82,raw-and-scaled,4,1,fp4_e1m2,fp4_e2m1,2,1,4,83252,82,exp1,163053568,163033088,163033088,40758272,1.39241934,1.39241576,20480,122295296,-5.7220459e-05,0x3fb23acc,1.39241934,0x3f800000,1,0xbf293fc0,-0.661128998,0xbf293fc0,-0.661128998,1010,0,2,10,1100,2,0,0,0xbe24ff00,-0.161128998,0xbe24ff00,-0.161128998,0x00000000,0,0,0
l2,0.0625,0,min-error,metric_min,exp2,0,1,1,1.39241934,1.39241576,1.39241576,1.39241934,3.57627869e-06,83,raw-and-scaled,4,1,fp4_e1m2,fp4_e2m1,2,1,4,83252,83,exp1,163053568,163033088,163033088,40758272,1.39241934,1.39241576,20480,122295296,-5.7220459e-05,0x3fb23acc,1.39241934,0x3f800000,1,0x3f9c0400,1.21887207,0x3f9c0400,1.21887207,0100,1,0,00,0110,3,0,0,0x3e602000,0.21887207,0x3e602000,0.21887207,0x00000000,0,0,0
l2,0.0625,0,min-error,metric_min,exp2,0,1,1,1.39241934,1.39241576,1.39241576,1.39241934,3.57627869e-06,84,raw-and-scaled,4,1,fp4_e1m2,fp4_e2m1,2,1,4,83252,84,exp1,163053568,163033088,163033088,40758272,1.39241934,1.39241576,20480,122295296,-5.7220459e-05,0x3fb23acc,1.39241934,0x3f800000,1,0x3ca8ff00,0.020629406,0x3ca8ff00,0.020629406,0000,0,0,00,0000,0,0,0,0x3ca8ff00,0.020629406,0x3ca8ff00,0.020629406,0x00000000,0,0,0
l2,0.0625,0,min-error,metric_min,exp2,0,1,1,1.39241934,1.39241576,1.39241576,1.39241934,3.57627869e-06,85,raw-and-scaled,4,1,fp4_e1m2,fp4_e2m1,2,1,4,83252,85,exp1,163053568,163033088,163033088,40758272,1.39241934,1.39241576,20480,122295296,-5.7220459e-05,0x3fb23acc,1.39241934,0x3f800000,1,0x3faac040,1.333992,0x3faac040,1.333992,0101,1,1,01,0110,3,0,0,0x3dac0400,0.0839920044,0x3eab0100,0.333992004,0x4bd60000,28049408,28049408,1.67193604
l2,0.0625,0,min-error,metric_min,exp2,0,1,1,1.39241934,1.39241576,1.39241576,1.39241934,3.57627869e-06,86,raw-and-scaled,4,1,fp4_e1m2,fp4_e2m1,2,1,4,83252,86,exp1,163053568,163033088,163033088,40758272,1.39241934,1.39241576,20480,122295296,-5.7220459e-05,0x3fb23acc,1.39241934,0x3f800000,1,0x3be7f800,0.00707912445,0x3be7f800,0.00707912445,0000,0,0,00,0000,0,0,0,0x3be7f800,0.00707912445,0x3be7f800,0.00707912445,0x00000000,0,0,0
l2,0.0625,0,min-error,metric_min,exp2,0,1,1,1.39241934,1.39241576,1.39241576,1.39241934,3.57627869e-06,87,raw-and-scaled,4,1,fp4_e1m2,fp4_e2m1,2,1,4,83252,87,exp1,163053568,163033088,163033088,40758272,1.39241934,1.39241576,20480,122295296,-5.7220459e-05,0x3fb23acc,1.39241934,0x3f800000,1,0x3cbbfc00,0.0229473114,0x3cbbfc00,0.0229473114,0000,0,0,00,0000,0,0,0,0x3cbbfc00,0.0229473114,0x3cbbfc00,0.0229473114,0x00000000,0,0,0
l2,0.0625,0,min-error,metric_min,exp2,0,1,1,1.39241934,1.39241576,1.39241576,1.39241934,3.57627869e-06,88,raw-and-scaled,4,1,fp4_e1m2,fp4_e2m1,2,1,4,83252,88,exp1,163053568,163033088,163033088,40758272,1.39241934,1.39241576,20480,122295296,-5.7220459e-05,0x3fb23acc,1.39241934,0x3f800000,1,0x3e080800,0.132843018,0x3e080800,0.132843018,0000,0,0,00,0001,0,1,1,0x3e080800,0.132843018,0x3c008000,0.00784301758,0xca900000,-4718592,-1179648,-0.28137207
l2,0.0625,0,min-error,metric_min,exp2,0,1,1,1.39241934,1.39241576,1.39241576,1.39241934,3.57627869e-06,89,raw-and-scaled,4,1,fp4_e1m2,fp4_e2m1,2,1,4,83252,89,exp1,163053568,163033088,163033088,40758272,1.39241934,1.39241576,20480,122295296,-5.7220459e-05,0x3fb23acc,1.39241934,0x3f800000,1,0xbae60200,-0.00175482035,0xbae60200,-0.00175482035,1000,0,0,00,1000,0,0,0,0xbae60200,-0.00175482035,0xbae60200,-0.00175482035,0x00000000,0,0,0
l2,0.0625,0,min-error,metric_min,exp2,0,1,1,1.39241934,1.39241576,1.39241576,1.39241934,3.57627869e-06,90,raw-and-scaled,4,1,fp4_e1m2,fp4_e2m1,2,1,4,83252,90,exp1,163053568,163033088,163033088,40758272,1.39241934,1.39241576,20480,122295296,-5.7220459e-05,0x3fb23acc,1.39241934,0x3f800000,1,0xbda7f800,-0.0820159912,0xbda7f800,-0.0820159912,1000,0,0,00,1000,0,0,0,0xbda7f800,-0.0820159912,0xbda7f800,-0.0820159912,0x00000000,0,0,0
l2,0.0625,0,min-error,metric_min,exp2,0,1,1,1.39241934,1.39241576,1.39241576,1.39241934,3.57627869e-06,91,raw-and-scaled,4,1,fp4_e1m2,fp4_e2m1,2,1,4,83252,91,exp1,163053568,163033088,163033088,40758272,1.39241934,1.39241576,20480,122295296,-5.7220459e-05,0x3fb23acc,1.39241934,0x3f800000,1,0x3ab80800,0.00140404701,0x3ab80800,0.00140404701,0000,0,0,00,0000,0,0,0,0x3ab80800,0.00140404701,0x3ab80800,0.00140404701,0x00000000,0,0,0
l2,0.0625,0,min-error,metric_min,exp2,0,1,1,1.39241934,1.39241576,1.39241576,1.39241934,3.57627869e-06,92,raw-and-scaled,4,1,fp4_e1m2,fp4_e2m1,2,1,4,83252,92,exp1,163053568,163033088,163033088,40758272,1.39241934,1.39241576,20480,122295296,-5.7220459e-05,0x3fb23acc,1.39241934,0x3f800000,1,0xbd390100,-0.0451669693,0xbd390100,-0.0451669693,1000,0,0,00,1000,0,0,0,0xbd390100,-0.0451669693,0xbd390100,-0.0451669693,0x00000000,0,0,0
l2,0.0625,0,min-error,metric_min,exp2,0,1,1,1.39241934,1.39241576,1.39241576,1.39241934,3.57627869e-06,93,raw-and-scaled,4,1,fp4_e1m2,fp4_e2m1,2,1,4,83252,93,exp1,163053568,163033088,163033088,40758272,1.39241934,1.39241576,20480,122295296,-5.7220459e-05,0x3fb23acc,1.39241934,0x3f800000,1,0xbd57f800,-0.0527267456,0xbd57f800,-0.0527267456,1000,0,0,00,1000,0,0,0,0xbd57f800,-0.0527267456,0xbd57f800,-0.0527267456,0x00000000,0,0,0
l2,0.0625,0,min-error,metric_min,exp2,0,1,1,1.39241934,1.39241576,1.39241576,1.39241934,3.57627869e-06,94,raw-and-scaled,4,1,fp4_e1m2,fp4_e2m1,2,1,4,83252,94,exp1,163053568,163033088,163033088,40758272,1.39241934,1.39241576,20480,122295296,-5.7220459e-05,0x3fb23acc,1.39241934,0x3f800000,1,0x3cde7f80,0.0271604061,0x3cde7f80,0.0271604061,0000,0,0,00,0000,0,0,0,0x3cde7f80,0.0271604061,0x3cde7f80,0.0271604061,0x00000000,0,0,0
l2,0.0625,0,min-error,metric_min,exp2,0,1,1,1.39241934,1.39241576,1.39241576,1.39241934,3.57627869e-06,95,raw-and-scaled,4,1,fp4_e1m2,fp4_e2m1,2,1,4,83252,95,exp1,163053568,163033088,163033088,40758272,1.39241934,1.39241576,20480,122295296,-5.7220459e-05,0x3fb23acc,1.39241934,0x3f800000,1,0x3eafc040,0.343263626,0x3eafc040,0.343263626,0001,0,1,01,0010,1,0,0,0x3dbf0100,0.0932636261,0x3dbf0100,0.0932636261,0x00000000,0,0,0
l2,0.0625,0,min-error,metric_min,exp2,0,1,1,1.39241934,1.39241576,1.39241576,1.39241934,3.57627869e-06,96,raw-and-scaled,4,1,fp4_e1m2,fp4_e2m1,2,1,4,83252,96,exp1,163053568,163033088,163033088,40758272,1.39241934,1.39241576,20480,122295296,-5.7220459e-05,0x3fb23acc,1.39241934,0x3f800000,1,0x3ec10100,0.376960754,0x3ec10100,0.376960754,0001,0,1,01,0011,1,1,1,0x3e020200,0.126960754,0x3b008000,0.00196075439,0xca840000,-4325376,-1081344,-0.257843018
l2,0.0625,0,min-error,metric_min,exp2,0,1,1,1.39241934,1.39241576,1.39241576,1.39241934,3.57627869e-06,97,raw-and-scaled,4,1,fp4_e1m2,fp4_e2m1,2,1,4,83252,97,exp1,163053568,163033088,163033088,40758272,1.39241934,1.39241576,20480,122295296,-5.7220459e-05,0x3fb23acc,1.39241934,0x3f800000,1,0xbde17f80,-0.110106468,0xbde17f80,-0.110106468,1000,0,0,00,1000,0,0,0,0xbde17f80,-0.110106468,0xbde17f80,-0.110106468,0x00000000,0,0,0
l2,0.0625,0,min-error,metric_min,exp2,0,1,1,1.39241934,1.39241576,1.39241576,1.39241934,3.57627869e-06,98,raw-and-scaled,4,1,fp4_e1m2,fp4_e2m1,2,1,4,83252,98,exp1,163053568,163033088,163033088,40758272,1.39241934,1.39241576,20480,122295296,-5.7220459e-05,0x3fb23acc,1.39241934,0x3f800000,1,0xbf313fc0,-0.692378998,0xbf313fc0,-0.692378998,1010,0,2,10,1100,2,0,0,0xbe44ff00,-0.192378998,0xbe44ff00,-0.192378998,0x00000000,0,0,0
l2,0.0625,0,min-error,metric_min,exp2,0,1,1,1.39241934,1.39241576,1.39241576,1.39241934,3.57627869e-06,99,raw-and-scaled,4,1,fp4_e1m2,fp4_e2m1,2,1,4,83252,99,exp1,163053568,163033088,163033088,40758272,1.39241934,1.39241576,20480,122295296,-5.7220459e-05,0x3fb23acc,1.39241934,0x3f800000,1,0xbb0dfe00,-0.00216662884,0xbb0dfe00,-0.00216662884,1000,0,0,00,1000,0,0,0,0xbb0dfe00,-0.00216662884,0xbb0dfe00,-0.00216662884,0x00000000,0,0,0
l2,0.0625,0,min-error,metric_min,exp2,0,1,1,1.39241934,1.39241576,1.39241576,1.39241934,3.57627869e-06,100,raw-and-scaled,4,1,fp4_e1m2,fp4_e2m1,2,1,4,83252,100,exp1,163053568,163033088,163033088,40758272,1.39241934,1.39241576,20480,122295296,-5.7220459e-05,0x3fb23acc,1.39241934,0x3f800000,1,0xbfc8ff00,-1.57028198,0xbfc8ff00,-1.57028198,1110,1,2,10,1111,3,1,1,0xbd8ff000,-0.0702819824,0xbd8ff000,-0.0702819824,0x00000000,0,0,0
l2,0.0625,0,min-error,metric_min,exp2,0,1,1,1.39241934,1.39241576,1.39241576,1.39241934,3.57627869e-06,101,raw-and-scaled,4,1,fp4_e1m2,fp4_e2m1,2,1,4,83252,101,exp1,163053568,163033088,163033088,40758272,1.39241934,1.39241576,20480,122295296,-5.7220459e-05,0x3fb23acc,1.39241934,0x3f800000,1,0x3b657f80,0.00350186229,0x3b657f80,0.00350186229,0000,0,0,00,0000,0,0,0,0x3b657f80,0.00350186229,0x3b657f80,0.00350186229,0x00000000,0,0,0
l2,0.0625,0,min-error,metric_min,exp2,0,1,1,1.39241934,1.39241576,1.39241576,1.39241934,3.57627869e-06,102,raw-and-scaled,4,1,fp4_e1m2,fp4_e2m1,2,1,4,83252,102,exp1,163053568,163033088,163033088,40758272,1.39241934,1.39241576,20480,122295296,-5.7220459e-05,0x3fb23acc,1.39241934,0x3f800000,1,0x3de80800,0.113296509,0x3de80800,0.113296509,0000,0,0,00,0000,0,0,0,0x3de80800,0.113296509,0x3de80800,0.113296509,0x00000000,0,0,0
l2,0.0625,0,min-error,metric_min,exp2,0,1,1,1.39241934,1.39241576,1.39241576,1.39241934,3.57627869e-06,103,raw-and-scaled,4,1,fp4_e1m2,fp4_e2m1,2,1,4,83252,103,exp1,163053568,163033088,163033088,40758272,1.39241934,1.39241576,20480,122295296,-5.7220459e-05,0x3fb23acc,1.39241934,0x3f800000,1,0xbb33bfc0,-0.00274275243,0xbb33bfc0,-0.00274275243,1000,0,0,00,1000,0,0,0,0xbb33bfc0,-0.00274275243,0xbb33bfc0,-0.00274275243,0x00000000,0,0,0
l2,0.0625,0,min-error,metric_min,exp2,0,1,1,1.39241934,1.39241576,1.39241576,1.39241934,3.57627869e-06,104,raw-and-scaled,4,1,fp4_e1m2,fp4_e2m1,2,1,4,83252,104,exp1,163053568,163033088,163033088,40758272,1.39241934,1.39241576,20480,122295296,-5.7220459e-05,0x3fb23acc,1.39241934,0x3f800000,1,0x3e343fc0,0.176024437,0x3e343fc0,0.176024437,0000,0,0,00,0001,0,1,1,0x3e343fc0,0.176024437,0x3d50ff00,0.051024437,0xcae86000,-7614464,-1903616,-0.454097748
l2,0.0625,0,min-error,metric_min,exp2,0,1,1,1.39241934,1.39241576,1.39241576,1.39241934,3.57627869e-06,105,raw-and-scaled,4,1,fp4_e1m2,fp4_e2m1,2,1,4,83252,105,exp1,163053568,163033088,163033088,40758272,1.39241934,1.39241576,20480,122295296,-5.7220459e-05,0x3fb23acc,1.39241934,0x3f800000,1,0xbf34c040,-0.706058502,0xbf34c040,-0.706058502,1010,0,2,10,1100,2,0,0,0xbe530100,-0.206058502,0xbe530100,-0.206058502,0x00000000,0,0,0
l2,0.0625,0,min-error,metric_min,exp2,0,1,1,1.39241934,1.39241576,1.39241576,1.39241934,3.57627869e-06,106,raw-and-scaled,4,1,fp4_e1m2,fp4_e2m1,2,1,4,83252,106,exp1,163053568,163033088,163033088,40758272,1.39241934,1.39241576,20480,122295296,-5.7220459e-05,0x3fb23acc,1.39241934,0x3f800000,1,0x3cb54040,0.0221253633,0x3cb54040,0.0221253633,0000,0,0,00,0000,0,0,0,0x3cb54040,0.0221253633,0x3cb54040,0.0221253633,0x00000000,0,0,0
l2,0.0625,0,min-error,metric_min,exp2,0,1,1,1.39241934,1.39241576,1.39241576,1.39241934,3.57627869e-06,107,raw-and-scaled,4,1,fp4_e1m2,fp4_e2m1,2,1,4,83252,107,exp1,163053568,163033088,163033088,40758272,1.39241934,1.39241576,20480,122295296,-5.7220459e-05,0x3fb23acc,1.39241934,0x3f800000,1,0x3fdbfc00,1.71862793,0x3fdbfc00,1.71862793,0110,1,2,10,0111,3,1,1,0x3e5fe000,0.21862793,0x3e5fe000,0.21862793,0x00000000,0,0,0
l2,0.0625,0,min-error,metric_min,exp2,0,1,1,1.39241934,1.39241576,1.39241576,1.39241934,3.57627869e-06,108,raw-and-scaled,4,1,fp4_e1m2,fp4_e2m1,2,1,4,83252,108,exp1,163053568,163033088,163033088,40758272,1.39241934,1.39241576,20480,122295296,-5.7220459e-05,0x3fb23acc,1.39241934,0x3f800000,1,0x3cc7f800,0.0244102478,0x3cc7f800,0.0244102478,0000,0,0,00,0000,0,0,0,0x3cc7f800,0.0244102478,0x3cc7f800,0.0244102478,0x00000000,0,0,0
l2,0.0625,0,min-error,metric_min,exp2,0,1,1,1.39241934,1.39241576,1.39241576,1.39241934,3.57627869e-06,109,raw-and-scaled,4,1,fp4_e1m2,fp4_e2m1,2,1,4,83252,109,exp1,163053568,163033088,163033088,40758272,1.39241934,1.39241576,20480,122295296,-5.7220459e-05,0x3fb23acc,1.39241934,0x3f800000,1,0x3f6bfc00,0.921813965,0x3f6bfc00,0.921813965,0011,0,3,11,0101,2,1,1,0x3e2ff000,0.171813965,0x3e2ff000,0.171813965,0x00000000,0,0,0
l2,0.0625,0,min-error,metric_min,exp2,0,1,1,1.39241934,1.39241576,1.39241576,1.39241934,3.57627869e-06,110,raw-and-scaled,4,1,fp4_e1m2,fp4_e2m1,2,1,4,83252,110,exp1,163053568,163033088,163033088,40758272,1.39241934,1.39241576,20480,122295296,-5.7220459e-05,0x3fb23acc,1.39241934,0x3f800000,1,0x3e6e8080,0.232912064,0x3e6e8080,0.232912064,0000,0,0,00,0001,0,1,1,0x3e6e8080,0.232912064,0x3ddd0100,0.107912064,0xcb2e8000,-11436032,-2859008,-0.681648254
l2,0.0625,0,min-error,metric_min,exp2,0,1,1,1.39241934,1.39241576,1.39241576,1.39241934,3.57627869e-06,111,raw-and-scaled,4,1,fp4_e1m2,fp4_e2m1,2,1,4,83252,111,exp1,163053568,163033088,163033088,40758272,1.39241934,1.39241576,20480,122295296,-5.7220459e-05,0x3fb23acc,1.39241934,0x3f800000,1,0xbebdfe00,-0.371078491,0xbebdfe00,-0.371078491,1001,0,1,01,1010,1,0,0,0xbdf7f800,-0.121078491,0xbdf7f800,-0.121078491,0x00000000,0,0,0
l2,0.0625,0,min-error,metric_min,exp2,0,1,1,1.39241934,1.39241576,1.39241576,1.39241934,3.57627869e-06,112,raw-and-scaled,4,1,fp4_e1m2,fp4_e2m1,2,1,4,83252,112,exp1,163053568,163033088,163033088,40758272,1.39241934,1.39241576,20480,122295296,-5.7220459e-05,0x3fb23acc,1.39241934,0x3f800000,1,0x3d83fc00,0.0644454956,0x3d83fc00,0.0644454956,0000,0,0,00,0000,0,0,0,0x3d83fc00,0.0644454956,0x3d83fc00,0.0644454956,0x00000000,0,0,0
l2,0.0625,0,min-error,metric_min,exp2,0,1,1,1.39241934,1.39241576,1.39241576,1.39241934,3.57627869e-06,113,raw-and-scaled,4,1,fp4_e1m2,fp4_e2m1,2,1,4,83252,113,exp1,163053568,163033088,163033088,40758272,1.39241934,1.39241576,20480,122295296,-5.7220459e-05,0x3fb23acc,1.39241934,0x3f800000,1,0x3e8c0400,0.273468018,0x3e8c0400,0.273468018,0001,0,1,01,0010,1,0,0,0x3cc04000,0.0234680176,0x3cc04000,0.0234680176,0x00000000,0,0,0
l2,0.0625,0,min-error,metric_min,exp2,0,1,1,1.39241934,1.39241576,1.39241576,1.39241934,3.57627869e-06,114,raw-and-scaled,4,1,fp4_e1m2,fp4_e2m1,2,1,4,83252,114,exp1,163053568,163033088,163033088,40758272,1.39241934,1.39241576,20480,122295296,-5.7220459e-05,0x3fb23acc,1.39241934,0x3f800000,1,0x3ce50100,0.0279545784,0x3ce50100,0.0279545784,0000,0,0,00,0000,0,0,0,0x3ce50100,0.0279545784,0x3ce50100,0.0279545784,0x00000000,0,0,0
l2,0.0625,0,min-error,metric_min,exp2,0,1,1,1.39241934,1.39241576,1.39241576,1.39241934,3.57627869e-06,115,raw-and-scaled,4,1,fp4_e1m2,fp4_e2m1,2,1,4,83252,115,exp1,163053568,163033088,163033088,40758272,1.39241934,1.39241576,20480,122295296,-5.7220459e-05,0x3fb23acc,1.39241934,0x3f800000,1,0xbe4e0200,-0.201179504,0xbe4e0200,-0.201179504,1000,0,0,00,1001,0,1,1,0xbe4e0200,-0.201179504,0xbd9c0400,-0.0761795044,0xcb0e0000,-9306112,-2326528,-0.554718018
l2,0.0625,0,min-error,metric_min,exp2,0,1,1,1.39241934,1.39241576,1.39241576,1.39241934,3.57627869e-06,116,raw-and-scaled,4,1,fp4_e1m2,fp4_e2m1,2,1,4,83252,116,exp1,163053568,163033088,163033088,40758272,1.39241934,1.39241576,20480,122295296,-5.7220459e-05,0x3fb23acc,1.39241934,0x3f800000,1,0xbf748080,-0.955085754,0xbf748080,-0.955085754,1011,0,3,11,1101,2,1,1,0xbe520200,-0.205085754,0xbe520200,-0.205085754,0x00000000,0,0,0
l2,0.0625,0,min-error,metric_min,exp2,0,1,1,1.39241934,1.39241576,1.39241576,1.39241934,3.57627869e-06,117,raw-and-scaled,4,1,fp4_e1m2,fp4_e2m1,2,1,4,83252,117,exp1,163053568,163033088,163033088,40758272,1.39241934,1.39241576,20480,122295296,-5.7220459e-05,0x3fb23acc,1.39241934,0x3f800000,1,0xbceaff00,-0.0286860466,0xbceaff00,-0.0286860466,1000,0,0,00,1000,0,0,0,0xbceaff00,-0.0286860466,0xbceaff00,-0.0286860466,0x00000000,0,0,0
l2,0.0625,0,min-error,metric_min,exp2,0,1,1,1.39241934,1.39241576,1.39241576,1.39241934,3.57627869e-06,118,raw-and-scaled,4,1,fp4_e1m2,fp4_e2m1,2,1,4,83252,118,exp1,163053568,163033088,163033088,40758272,1.39241934,1.39241576,20480,122295296,-5.7220459e-05,0x3fb23acc,1.39241934,0x3f800000,1,0xbc3b4040,-0.0114288926,0xbc3b4040,-0.0114288926,1000,0,0,00,1000,0,0,0,0xbc3b4040,-0.0114288926,0xbc3b4040,-0.0114288926,0x00000000,0,0,0
l2,0.0625,0,min-error,metric_min,exp2,0,1,1,1.39241934,1.39241576,1.39241576,1.39241934,3.57627869e-06,119,raw-and-scaled,4,1,fp4_e1m2,fp4_e2m1,2,1,4,83252,119,exp1,163053568,163033088,163033088,40758272,1.39241934,1.39241576,20480,122295296,-5.7220459e-05,0x3fb23acc,1.39241934,0x3f800000,1,0x3d778080,0.0604252815,0x3d778080,0.0604252815,0000,0,0,00,0000,0,0,0,0x3d778080,0.0604252815,0x3d778080,0.0604252815,0x00000000,0,0,0
l2,0.0625,0,min-error,metric_min,exp2,0,1,1,1.39241934,1.39241576,1.39241576,1.39241934,3.57627869e-06,120,raw-and-scaled,4,1,fp4_e1m2,fp4_e2m1,2,1,4,83252,120,exp1,163053568,163033088,163033088,40758272,1.39241934,1.39241576,20480,122295296,-5.7220459e-05,0x3fb23acc,1.39241934,0x3f800000,1,0x3cf88080,0.0303347111,0x3cf88080,0.0303347111,0000,0,0,00,0000,0,0,0,0x3cf88080,0.0303347111,0x3cf88080,0.0303347111,0x00000000,0,0,0
l2,0.0625,0,min-error,metric_min,exp2,0,1,1,1.39241934,1.39241576,1.39241576,1.39241934,3.57627869e-06,121,raw-and-scaled,4,1,fp4_e1m2,fp4_e2m1,2,1,4,83252,121,exp1,163053568,163033088,163033088,40758272,1.39241934,1.39241576,20480,122295296,-5.7220459e-05,0x3fb23acc,1.39241934,0x3f800000,1,0x3d980800,0.0742340088,0x3d980800,0.0742340088,0000,0,0,00,0000,0,0,0,0x3d980800,0.0742340088,0x3d980800,0.0742340088,0x00000000,0,0,0
l2,0.0625,0,min-error,metric_min,exp2,0,1,1,1.39241934,1.39241576,1.39241576,1.39241934,3.57627869e-06,122,raw-and-scaled,4,1,fp4_e1m2,fp4_e2m1,2,1,4,83252,122,exp1,163053568,163033088,163033088,40758272,1.39241934,1.39241576,20480,122295296,-5.7220459e-05,0x3fb23acc,1.39241934,0x3f800000,1,0xbb540400,-0.0032351017,0xbb540400,-0.0032351017,1000,0,0,00,1000,0,0,0,0xbb540400,-0.0032351017,0xbb540400,-0.0032351017,0x00000000,0,0,0
l2,0.0625,0,min-error,metric_min,exp2,0,1,1,1.39241934,1.39241576,1.39241576,1.39241934,3.57627869e-06,123,raw-and-scaled,4,1,fp4_e1m2,fp4_e2m1,2,1,4,83252,123,exp1,163053568,163033088,163033088,40758272,1.39241934,1.39241576,20480,122295296,-5.7220459e-05,0x3fb23acc,1.39241934,0x3f800000,1,0xbdf6ff00,-0.120603561,0xbdf6ff00,-0.120603561,1000,0,0,00,1000,0,0,0,0xbdf6ff00,-0.120603561,0xbdf6ff00,-0.120603561,0x00000000,0,0,0
l2,0.0625,0,min-error,metric_min,exp2,0,1,1,1.39241934,1.39241576,1.39241576,1.39241934,3.57627869e-06,124,raw-and-scaled,4,1,fp4_e1m2,fp4_e2m1,2,1,4,83252,124,exp1,163053568,163033088,163033088,40758272,1.39241934,1.39241576,20480,122295296,-5.7220459e-05,0x3fb23acc,1.39241934,0x3f800000,1,0xbb3e4040,-0.00290299952,0xbb3e4040,-0.00290299952,1000,0,0,00,1000,0,0,0,0xbb3e4040,-0.00290299952,0xbb3e4040,-0.00290299952,0x00000000,0,0,0
l2,0.0625,0,min-error,metric_min,exp2,0,1,1,1.39241934,1.39241576,1.39241576,1.39241934,3.57627869e-06,125,raw-and-scaled,4,1,fp4_e1m2,fp4_e2m1,2,1,4,83252,125,exp1,163053568,163033088,163033088,40758272,1.39241934,1.39241576,20480,122295296,-5.7220459e-05,0x3fb23acc,1.39241934,0x3f800000,1,0x3cbebfc0,0.0232847929,0x3cbebfc0,0.0232847929,0000,0,0,00,0000,0,0,0,0x3cbebfc0,0.0232847929,0x3cbebfc0,0.0232847929,0x00000000,0,0,0
l2,0.0625,0,min-error,metric_min,exp2,0,1,1,1.39241934,1.39241576,1.39241576,1.39241934,3.57627869e-06,126,raw-and-scaled,4,1,fp4_e1m2,fp4_e2m1,2,1,4,83252,126,exp1,163053568,163033088,163033088,40758272,1.39241934,1.39241576,20480,122295296,-5.7220459e-05,0x3fb23acc,1.39241934,0x3f800000,1,0x3f7d0100,0.988296509,0x3f7d0100,0.988296509,0011,0,3,11,0101,2,1,1,0x3e740400,0.238296509,0x3e740400,0.238296509,0x00000000,0,0,0
l2,0.0625,0,min-error,metric_min,exp2,0,1,1,1.39241934,1.39241576,1.39241576,1.39241934,3.57627869e-06,127,raw-and-scaled,4,1,fp4_e1m2,fp4_e2m1,2,1,4,83252,127,exp1,163053568,163033088,163033088,40758272,1.39241934,1.39241576,20480,122295296,-5.7220459e-05,0x3fb23acc,1.39241934,0x3f800000,1,0x3fbfc040,1.4980545,0x3fbfc040,1.4980545,0101,1,1,01,0110,3,0,0,0x3e7e0200,0.248054504,0x3eff0100,0.498054504,0x4c3f0000,50069504,50069504,2.98443604
