{
    "features.0": {
        "format_counts": {
            "fp6_e1m4": 50261,
            "fp8_e1m6": 58683983,
            "fp2_e1m0": 476,
            "fp7_e1m5": 36124,
            "fp5_e1m3": 28746,
            "fp4_e1m2": 301,
            "fp3_e1m1": 109
        }
    },
    "features.3": {
        "format_counts": {
            "fp2_e1m0": 140629,
            "fp3_e1m1": 746,
            "fp5_e1m3": 3486,
            "fp6_e1m4": 8399,
            "fp7_e1m5": 28896,
            "fp8_e1m6": 18041226,
            "fp4_e1m2": 1448,
            "fp5_e4m0": 163,
            "fp6_e5m0": 7
        }
    },
    "features.6": {
        "format_counts": {
            "fp2_e1m0": 98762,
            "fp4_e1m2": 1589,
            "fp5_e1m3": 3575,
            "fp6_e1m4": 9162,
            "fp7_e1m5": 32200,
            "fp8_e1m6": 12528956,
            "fp3_e1m1": 736,
            "fp5_e4m0": 20
        }
    },
    "features.8": {
        "format_counts": {
            "fp2_e1m0": 476987,
            "fp3_e1m1": 6414,
            "fp4_e1m2": 13927,
            "fp5_e1m3": 30777,
            "fp6_e1m4": 79302,
            "fp7_e1m5": 300028,
            "fp8_e1m6": 24442391,
            "fp5_e4m0": 174
        }
    },
    "features.10": {
        "format_counts": {
            "fp2_e1m0": 253302,
            "fp4_e1m2": 7557,
            "fp5_e1m3": 16974,
            "fp6_e1m4": 44105,
            "fp7_e1m5": 168237,
            "fp8_e1m6": 16406265,
            "fp3_e1m1": 3454,
            "fp5_e4m0": 105,
            "fp6_e5m0": 1
        }
    },
    "classifier.1": {
        "format_counts": {
            "fp2_e1m0": 3465,
            "fp7_e1m5": 5575,
            "fp8_e1m6": 3589162,
            "fp6_e1m4": 1144,
            "fp5_e1m3": 406,
            "fp3_e1m1": 77,
            "fp4_e1m2": 166,
            "fp5_e4m0": 5
        }
    },
    "classifier.4": {
        "format_counts": {
            "fp8_e1m6": 1600000
        }
    },
    "classifier.6": {
        "format_counts": {
            "fp8_e1m6": 1599118,
            "fp7_e1m5": 854,
            "fp6_e1m4": 23,
            "fp5_e1m3": 3,
            "fp2_e1m0": 2
        }
    },
    "accuracy": {
        "top1": 56.508,
        "top5": 79.096,
        "norm_l1": 0.0079050332474658,
        "norm_mse": 7.244905295609231e-05
    }
}