{
    "features.0": {
        "format_counts": {
            "fp6_e1m4": 50261,
            "fp8_e1m6": 58683977,
            "fp2_e1m0": 476,
            "fp7_e1m5": 36124,
            "fp5_e1m3": 28746,
            "fp4_e1m2": 301,
            "fp5_e4m0": 6,
            "fp3_e1m1": 109
        }
    },
    "features.3": {
        "format_counts": {
            "fp2_e1m0": 140629,
            "fp3_e1m1": 746,
            "fp5_e1m3": 3486,
            "fp6_e1m4": 8399,
            "fp7_e1m5": 28895,
            "fp8_e1m6": 18040470,
            "fp4_e1m2": 1448,
            "fp5_e4m0": 833,
            "fp6_e5m0": 94
        }
    },
    "features.6": {
        "format_counts": {
            "fp2_e1m0": 98763,
            "fp4_e1m2": 1588,
            "fp5_e1m3": 3577,
            "fp6_e1m4": 9162,
            "fp7_e1m5": 32169,
            "fp8_e1m6": 12528977,
            "fp3_e1m1": 734,
            "fp5_e4m0": 30
        }
    },
    "features.8": {
        "format_counts": {
            "fp2_e1m0": 476998,
            "fp3_e1m1": 6408,
            "fp4_e1m2": 13906,
            "fp5_e1m3": 30781,
            "fp6_e1m4": 79321,
            "fp7_e1m5": 300001,
            "fp8_e1m6": 24442365,
            "fp5_e4m0": 220
        }
    },
    "features.10": {
        "format_counts": {
            "fp2_e1m0": 253296,
            "fp4_e1m2": 7561,
            "fp5_e1m3": 16962,
            "fp6_e1m4": 44163,
            "fp7_e1m5": 168233,
            "fp8_e1m6": 16406194,
            "fp3_e1m1": 3469,
            "fp5_e4m0": 121,
            "fp6_e5m0": 1
        }
    },
    "classifier.1": {
        "format_counts": {
            "fp2_e1m0": 3462,
            "fp7_e1m5": 5569,
            "fp8_e1m6": 3589174,
            "fp6_e1m4": 1149,
            "fp5_e1m3": 401,
            "fp3_e1m1": 75,
            "fp4_e1m2": 165,
            "fp5_e4m0": 5
        }
    },
    "classifier.4": {
        "format_counts": {
            "fp8_e1m6": 1600000
        }
    },
    "classifier.6": {
        "format_counts": {
            "fp8_e1m6": 1599118,
            "fp7_e1m5": 854,
            "fp6_e1m4": 23,
            "fp5_e1m3": 3,
            "fp2_e1m0": 2
        }
    },
    "accuracy": {
        "top1": 56.508,
        "top5": 79.098,
        "norm_l1": 0.007905001987612759,
        "norm_mse": 7.245741989612716e-05
    }
}